dataset,method,representation,readout,n_qubits,latent_dim,spectral_radius,input_scale,profile_name,hybrid_name,n_runs,accuracy_mean,accuracy_std,balanced_accuracy_mean,balanced_accuracy_std,f1_mean,f1_std,roc_auc_mean,roc_auc_std,train_time_sec_mean,train_time_sec_std,stat_feature_total_time_sec_mean,stat_feature_total_time_sec_std,stat_test_zero_success_rate_mean,stat_test_zero_success_rate_std,stat_test_zero_mean_residual_mean,stat_test_zero_mean_residual_std,stat_test_zero_mean_nfev_mean,stat_test_zero_mean_nfev_std,stat_test_zero_mean_sigma_min_mean,stat_test_zero_mean_sigma_min_std,stat_test_hybrid_trigger_rate_mean,stat_test_hybrid_trigger_rate_std,stat_test_hybrid_accept_rate_mean,stat_test_hybrid_accept_rate_std,stat_test_hybrid_mean_residual_mean,stat_test_hybrid_mean_residual_std,stat_test_hybrid_mean_runtime_sec_per_sample_mean,stat_test_hybrid_mean_runtime_sec_per_sample_std,stat_test_forced_choose_mrbi_rate_mean,stat_test_forced_choose_mrbi_rate_std,stat_test_forced_zero_mean_residual_mean,stat_test_forced_zero_mean_residual_std,stat_test_forced_mrbi_mean_residual_mean,stat_test_forced_mrbi_mean_residual_std,stat_test_forced_final_mean_residual_mean,stat_test_forced_final_mean_residual_std,stat_test_forced_zero_mean_nfev_mean,stat_test_forced_zero_mean_nfev_std,stat_test_forced_mrbi_mean_nfev_mean,stat_test_forced_mrbi_mean_nfev_std,stat_test_forced_mean_sigma_min_zero_mean,stat_test_forced_mean_sigma_min_zero_std,stat_test_forced_mean_sigma_min_mrbi_mean,stat_test_forced_mean_sigma_min_mrbi_std
breast_cancer,pca_mlp,pca,mlp,4,16,2.0,1.1,full_balanced,standard,5,0.9708333333333332,0.01863389981249823,0.9708333333333334,0.018633899812498283,0.9709075119409466,0.01796627083419641,0.9892361111111111,0.010938877779182898,0.07298839999989752,0.016304179110449797,,0.0,,0.0,,0.0,,0.0,,0.0,,0.0,,0.0,,0.0,,0.0,,0.0,,0.0,,0.0,,0.0,,0.0,,0.0,,0.0,,0.0
breast_cancer,pca_logreg,pca,logreg,4,16,2.0,1.1,full_balanced,standard,5,0.9583333333333333,0.03608439182435158,0.9583333333333334,0.03608439182435168,0.9588399189463018,0.03522555084086777,0.9902777777777778,0.01181321238625277,0.0017800199998362133,0.00031642123339339933,,0.0,,0.0,,0.0,,0.0,,0.0,,0.0,,0.0,,0.0,,0.0,,0.0,,0.0,,0.0,,0.0,,0.0,,0.0,,0.0,,0.0
breast_cancer,pca_svm_rbf,pca,svm_rbf,4,16,2.0,1.1,full_balanced,standard,5,0.9583333333333333,0.020833333333333315,0.9583333333333334,0.02083333333333337,0.9591464245272576,0.019397620877109247,0.9902777777777778,0.004690713918786879,0.0015093400002797353,0.00021333080655046958,,0.0,,0.0,,0.0,,0.0,,0.0,,0.0,,0.0,,0.0,,0.0,,0.0,,0.0,,0.0,,0.0,,0.0,,0.0,,0.0,,0.0
breast_cancer,pca_qnn,pca,qnn,4,16,2.0,1.1,full_balanced,standard,5,0.9583333333333333,0.041666666666666644,0.9583333333333334,0.04166666666666671,0.9590099869735127,0.04070948035207302,0.9840277777777777,0.009774783514068918,45.030609719999866,1.0989727752351872,,0.0,,0.0,,0.0,,0.0,,0.0,,0.0,,0.0,,0.0,,0.0,,0.0,,0.0,,0.0,,0.0,,0.0,,0.0,,0.0,,0.0
breast_cancer,hybrid_aggressive_full_light_logreg,hybrid_aggressive_full_light,logreg,4,16,2.0,1.1,full_light,aggressive,5,0.9375,0.014731391274719766,0.9375,0.014731391274719726,0.9394121648659464,0.01359012687535119,0.9875,0.011542201485135196,0.0022988200003624115,0.0002512127324583206,14.917525119999947,1.3876760541199327,,0.0,,0.0,,0.0,,0.0,0.5791666666666667,0.12094104394749997,0.3583333333333333,0.12094104394749992,0.05023010598987114,0.03436998559750566,0.09182130041664677,0.015744429551565787,,0.0,,0.0,,0.0,,0.0,,0.0,,0.0,,0.0,,0.0
breast_cancer,hybrid_always_trigger_full_light_logreg,hybrid_always_trigger_full_light,logreg,4,16,2.0,1.1,full_light,always_trigger,5,0.9333333333333332,0.017430417219459936,0.9333333333333333,0.017430417219459884,0.9357922553636839,0.015305022211302675,0.9875,0.010588854640261727,0.002202820000150041,0.0002494000138700839,26.384212940000044,1.6907901101031952,,0.0,,0.0,,0.0,,0.0,1.0,0.0,0.6083333333333333,0.1656217242862649,0.050231609210780834,0.03437718098592029,0.16249838791668197,0.014564369697723189,,0.0,,0.0,,0.0,,0.0,,0.0,,0.0,,0.0,,0.0
breast_cancer,hybrid_qnn_lenient_full_light_logreg,hybrid_qnn_lenient_full_light,logreg,4,16,2.0,1.1,full_light,qnn_lenient,5,0.9333333333333332,0.017430417219459936,0.9333333333333333,0.017430417219459884,0.9357922553636839,0.015305022211302675,0.9875,0.010588854640261727,0.0023881000001665597,0.00020511256660750508,26.41742663999985,1.6449090197919765,,0.0,,0.0,,0.0,,0.0,1.0,0.0,0.6166666666666666,0.15562374497485915,0.05038141461766793,0.03426675023571,0.16322854666670875,0.014306269154666066,,0.0,,0.0,,0.0,,0.0,,0.0,,0.0,,0.0,,0.0
breast_cancer,forced_qnn_exploratory_logreg,forced_qnn_exploratory,logreg,4,16,2.0,1.1,qnn_exploratory,standard,5,0.9333333333333332,0.01743041721945994,0.9333333333333333,0.017430417219459846,0.9361255886970173,0.01592430507386107,0.9871527777777779,0.013255978589459082,0.002471160000095551,0.00032686078536169,57.53010684000033,6.0113064428647105,,0.0,,0.0,,0.0,,0.0,,0.0,,0.0,,0.0,,0.0,0.7124999999999999,0.17267804820918417,0.056316720850638304,0.031195125184881888,0.10622714440416056,0.032599224660112947,0.04801167765444311,0.024795288382597452,34.166666666666664,3.833899414724155,16.179166666666667,2.827452536687791,0.15547847953319446,0.037735218648258594,0.11159256703437533,0.020105148801063642
breast_cancer,forced_qnn_oriented_logreg,forced_qnn_oriented,logreg,4,16,2.0,1.1,qnn_oriented,standard,5,0.9333333333333332,0.01743041721945994,0.9333333333333333,0.017430417219459846,0.9361255886970173,0.01592430507386107,0.9871527777777777,0.012312932796178547,0.002321780000011131,0.00031785231933733894,49.40655928000003,5.44139289710676,,0.0,,0.0,,0.0,,0.0,,0.0,,0.0,,0.0,,0.0,0.7125,0.17763394789410172,0.056316720850638304,0.031195125184881888,0.10622414444506197,0.05054660638039444,0.047363578640741776,0.029496980815659726,34.166666666666664,3.833899414724155,17.5625,3.972589459519935,0.15547847953319446,0.037735218648258594,0.11168579209579532,0.029913563770175813
breast_cancer,hybrid_qnn_lenient_qnn_exploratory_logreg,hybrid_qnn_lenient_qnn_exploratory,logreg,4,16,2.0,1.1,qnn_exploratory,qnn_lenient,5,0.9333333333333332,0.017430417219459936,0.9333333333333333,0.017430417219459884,0.9357922553636839,0.015305022211302675,0.9868055555555557,0.013084335889872768,0.002444419999892489,0.0001382592743625229,57.9065296600002,5.642706828863241,,0.0,,0.0,,0.0,,0.0,1.0,0.0,0.6458333333333334,0.15934435979977454,0.04808545361935748,0.024888119364788387,0.36668858583332453,0.04538980639339642,,0.0,,0.0,,0.0,,0.0,,0.0,,0.0,,0.0,,0.0
breast_cancer,hybrid_always_trigger_qnn_oriented_logreg,hybrid_always_trigger_qnn_oriented,logreg,4,16,2.0,1.1,qnn_oriented,always_trigger,5,0.9333333333333332,0.017430417219459936,0.9333333333333333,0.017430417219459884,0.9357922553636839,0.015305022211302675,0.9857638888888889,0.012662904533896168,0.002647920000299564,0.0003298716368984329,49.816370440000036,4.775445915084216,,0.0,,0.0,,0.0,,0.0,1.0,0.0,0.6208333333333333,0.14160537889972025,0.04721494702607845,0.029788493565234688,0.3044345404166364,0.04514803477474085,,0.0,,0.0,,0.0,,0.0,,0.0,,0.0,,0.0,,0.0
breast_cancer,hybrid_qnn_lenient_qnn_oriented_logreg,hybrid_qnn_lenient_qnn_oriented,logreg,4,16,2.0,1.1,qnn_oriented,qnn_lenient,5,0.9333333333333332,0.017430417219459936,0.9333333333333333,0.017430417219459884,0.9357922553636839,0.015305022211302675,0.9857638888888889,0.012662904533896168,0.0025646799999321955,0.00018926077760030065,49.78839834000009,4.738586743113881,,0.0,,0.0,,0.0,,0.0,1.0,0.0,0.625,0.1358167167750552,0.04736411404559064,0.02967183109684226,0.30448609708336016,0.04489271482670002,,0.0,,0.0,,0.0,,0.0,,0.0,,0.0,,0.0,,0.0
breast_cancer,hybrid_standard_residual_only_logreg,hybrid_standard_residual_only,logreg,4,16,2.0,1.1,residual_only,standard,5,0.9333333333333333,0.02282177322938196,0.9333333333333333,0.022821773229381868,0.9362820512820514,0.020936725689019543,0.984375,0.017490834791328028,0.0022659599999315105,0.0003395138486866323,1.7952835200004302,0.4260935512145071,,0.0,,0.0,,0.0,,0.0,0.35416666666666663,0.10416666666666667,0.2375,0.09614983966011939,0.045428301487419234,0.023422501858062664,0.011091975416705206,0.0026944114680888917,,0.0,,0.0,,0.0,,0.0,,0.0,,0.0,,0.0,,0.0
breast_cancer,forced_full_light_logreg,forced_full_light,logreg,4,16,2.0,1.1,full_light,standard,5,0.9291666666666666,0.01141088661469098,0.9291666666666668,0.011410886614690918,0.9318806907378336,0.009503588057304954,0.9875,0.011542201485135184,0.002423919999876034,0.0001685295729219986,26.400090180000216,1.9704554112903652,,0.0,,0.0,,0.0,,0.0,,0.0,,0.0,,0.0,,0.0,0.6958333333333333,0.18899864050069545,0.056316720850638304,0.031195125184881888,0.10919916845392966,0.042249938657380054,0.05012315547121321,0.03427763467198222,34.166666666666664,3.833899414724155,18.05833333333333,4.506587577893302,0.15547847953319446,0.037735218648258594,0.1078023159030423,0.025473382607643764
breast_cancer,hybrid_always_trigger_qnn_exploratory_logreg,hybrid_always_trigger_qnn_exploratory,logreg,4,16,2.0,1.1,qnn_exploratory,always_trigger,5,0.9291666666666668,0.02375365468956538,0.9291666666666668,0.023753654689565404,0.9323089462199976,0.02014049405773439,0.9868055555555557,0.013084335889872768,0.00251135999978942,0.00025660553894126035,57.98043299999995,5.6669765559173255,,0.0,,0.0,,0.0,,0.0,1.0,0.0,0.6416666666666667,0.15961651091148296,0.04808545361935565,0.02488811936479008,0.36768066124999077,0.04751283154685824,,0.0,,0.0,,0.0,,0.0,,0.0,,0.0,,0.0,,0.0
breast_cancer,hybrid_aggressive_residual_only_logreg,hybrid_aggressive_residual_only,logreg,4,16,2.0,1.1,residual_only,aggressive,5,0.9291666666666666,0.01863389981249828,0.9291666666666668,0.018633899812498224,0.9320371533228677,0.016635552161697292,0.9850694444444444,0.015164908195779515,0.002362260000427341,0.0001995016741456992,3.713980359999732,0.4567338890615197,,0.0,,0.0,,0.0,,0.0,0.5791666666666667,0.12094104394749997,0.4166666666666667,0.13975424859373686,0.0454283014868221,0.023422501858170075,0.02340724083332475,0.004521254525506793,,0.0,,0.0,,0.0,,0.0,,0.0,,0.0,,0.0,,0.0
breast_cancer,forced_no_detector_logreg,forced_no_detector,logreg,4,16,2.0,1.1,no_detector,standard,5,0.925,0.023753654689565383,0.925,0.023753654689565366,0.9282205108458479,0.02139726430646023,0.9857638888888889,0.01733504988384248,0.0023213600004510226,0.000334803573969122,13.689423340000076,1.678327580094545,,0.0,,0.0,,0.0,,0.0,,0.0,,0.0,,0.0,,0.0,0.7000000000000001,0.16640604623096547,0.056316720850638304,0.031195125184881888,0.1084488676714607,0.039940714019185586,0.04977962937253085,0.034647087146760853,34.166666666666664,3.833899414724155,19.770833333333332,4.573853833354197,0.15547847953319446,0.037735218648258594,0.10694089206420729,0.029215329178920155
breast_cancer,hybrid_always_trigger_no_detector_logreg,hybrid_always_trigger_no_detector,logreg,4,16,2.0,1.1,no_detector,always_trigger,5,0.925,0.023753654689565383,0.925,0.023753654689565404,0.9278871775125145,0.020782578466773886,0.9854166666666668,0.01716907682649457,0.002371379999749479,0.00029549540928023313,13.68523773999973,1.6555515123563214,,0.0,,0.0,,0.0,,0.0,1.0,0.0,0.6083333333333333,0.12094104394749991,0.04990726268681269,0.0347754729875644,0.08467968458336088,0.012593869860447924,,0.0,,0.0,,0.0,,0.0,,0.0,,0.0,,0.0,,0.0
breast_cancer,hybrid_aggressive_qnn_exploratory_logreg,hybrid_aggressive_qnn_exploratory,logreg,4,16,2.0,1.1,qnn_exploratory,aggressive,5,0.925,0.023753654689565383,0.925,0.023753654689565397,0.9276289900575616,0.022506786872726416,0.9854166666666666,0.015164908195779519,0.0023973999999270744,0.0002359065178855914,30.801873780000097,3.2382221693631292,,0.0,,0.0,,0.0,,0.0,0.5791666666666667,0.12094104394749997,0.375,0.14508737788733458,0.04611883689780318,0.026983896871921938,0.1918554379166712,0.037301154600986874,,0.0,,0.0,,0.0,,0.0,,0.0,,0.0,,0.0,,0.0
breast_cancer,hybrid_qnn_lenient_no_detector_logreg,hybrid_qnn_lenient_no_detector,logreg,4,16,2.0,1.1,no_detector,qnn_lenient,5,0.925,0.023753654689565383,0.925,0.023753654689565404,0.9278871775125145,0.020782578466773886,0.9850694444444447,0.016948215085924666,0.0025123999999323134,0.00041514624519976183,13.683462060000238,1.6528349847932196,,0.0,,0.0,,0.0,,0.0,1.0,0.0,0.6125,0.12893123705638168,0.05034591321788275,0.03505659169036445,0.08457453666666102,0.012296018169731677,,0.0,,0.0,,0.0,,0.0,,0.0,,0.0,,0.0,,0.0
breast_cancer,hybrid_aggressive_no_detector_logreg,hybrid_aggressive_no_detector,logreg,4,16,2.0,1.1,no_detector,aggressive,5,0.925,0.023753654689565383,0.925,0.023753654689565404,0.9278871775125145,0.020782578466773886,0.9850694444444444,0.017941681503838614,0.002262559999917357,0.00018738641362334336,7.536281620000136,0.5489814998917218,,0.0,,0.0,,0.0,,0.0,0.5791666666666667,0.12094104394749997,0.35,0.09816015824491456,0.04990726268819817,0.0347754729871083,0.044775150416664175,0.00928664603770908,,0.0,,0.0,,0.0,,0.0,,0.0,,0.0,,0.0,,0.0
breast_cancer,hybrid_always_trigger_full_balanced_logreg,hybrid_always_trigger_full_balanced,logreg,4,16,2.0,1.1,full_balanced,always_trigger,5,0.925,0.023753654689565383,0.925,0.023753654689565404,0.9278871775125145,0.020782578466773886,0.9850694444444444,0.015987311712807355,0.0023080199999185426,0.0003070838352495196,35.687357679999856,3.901142004411124,,0.0,,0.0,,0.0,,0.0,1.0,0.0,0.6083333333333333,0.14006446928309677,0.049911305213956925,0.034783350216292974,0.2213769550000199,0.03161316448201928,,0.0,,0.0,,0.0,,0.0,,0.0,,0.0,,0.0,,0.0
breast_cancer,hybrid_qnn_lenient_full_balanced_logreg,hybrid_qnn_lenient_full_balanced,logreg,4,16,2.0,1.1,full_balanced,qnn_lenient,5,0.925,0.023753654689565383,0.925,0.023753654689565404,0.9278871775125145,0.020782578466773886,0.9850694444444444,0.015987311712807355,0.0022641000000248822,0.0003922766054071774,35.760995660000255,3.9167893703308483,,0.0,,0.0,,0.0,,0.0,1.0,0.0,0.6166666666666667,0.13388557510883023,0.05005962680797885,0.03466951354707736,0.22171795666666677,0.03244337913402947,,0.0,,0.0,,0.0,,0.0,,0.0,,0.0,,0.0,,0.0
breast_cancer,hybrid_aggressive_full_balanced_logreg,hybrid_aggressive_full_balanced,logreg,4,16,2.0,1.1,full_balanced,aggressive,5,0.925,0.023753654689565383,0.925,0.023753654689565404,0.9278871775125145,0.020782578466773886,0.9847222222222222,0.016760442202982145,0.0024591399999735588,0.0003008706244536268,19.704957019999778,1.5536322512474037,,0.0,,0.0,,0.0,,0.0,0.5791666666666667,0.12094104394749997,0.3625,0.1047898028329941,0.049912799179359736,0.03479118998025325,0.11826808583333086,0.024656952850746948,,0.0,,0.0,,0.0,,0.0,,0.0,,0.0,,0.0,,0.0
breast_cancer,hybrid_aggressive_qnn_oriented_logreg,hybrid_aggressive_qnn_oriented,logreg,4,16,2.0,1.1,qnn_oriented,aggressive,5,0.925,0.023753654689565383,0.925,0.023753654689565397,0.9276289900575616,0.022506786872726416,0.984375,0.014680151497645663,0.0026608999998188666,0.0006091685807870688,26.601620140000115,2.055119464480798,,0.0,,0.0,,0.0,,0.0,0.5791666666666667,0.12094104394749997,0.3541666666666667,0.11219093348196882,0.04748422511915719,0.0295733400668728,0.16169401416668167,0.03365422970892409,,0.0,,0.0,,0.0,,0.0,,0.0,,0.0,,0.0,,0.0
breast_cancer,hybrid_standard_qnn_oriented_logreg,hybrid_standard_qnn_oriented,logreg,4,16,2.0,1.1,qnn_oriented,standard,5,0.925,0.023753654689565383,0.925,0.02375365468956536,0.9274412639032701,0.02280284400281545,0.984375,0.01665219278928025,0.0024579999996831247,0.0003796512082202482,12.165034800000104,2.256380294760683,,0.0,,0.0,,0.0,,0.0,0.35416666666666663,0.10416666666666667,0.2125,0.07987620630283675,0.04749692591928728,0.02959641172695305,0.07726633916663464,0.01656973743936054,,0.0,,0.0,,0.0,,0.0,,0.0,,0.0,,0.0,,0.0
breast_cancer,hybrid_standard_full_light_logreg,hybrid_standard_full_light,logreg,4,16,2.0,1.1,full_light,standard,5,0.925,0.023753654689565383,0.925,0.02375365468956536,0.9274412639032701,0.02280284400281545,0.9840277777777778,0.01746496713883233,0.0023460000000000035,0.00037311744132317723,7.6125910999996,1.5102034740716217,,0.0,,0.0,,0.0,,0.0,0.35416666666666663,0.10416666666666667,0.2,0.06521864934374387,0.04999028590057557,0.03460252201678628,0.04653981624993785,0.007969605055645694,,0.0,,0.0,,0.0,,0.0,,0.0,,0.0,,0.0,,0.0
breast_cancer,hybrid_standard_qnn_exploratory_logreg,hybrid_standard_qnn_exploratory,logreg,4,16,2.0,1.1,qnn_exploratory,standard,5,0.925,0.023753654689565383,0.925,0.02375365468956536,0.9274412639032701,0.02280284400281545,0.9840277777777778,0.018430600037625304,0.002485040000101435,0.00024087139323318555,13.878311319999739,3.3416250017190627,,0.0,,0.0,,0.0,,0.0,0.35416666666666663,0.10416666666666667,0.2125,0.10561493213030479,0.046150156570281,0.026963083262428245,0.08653051166664057,0.028256179894072992,,0.0,,0.0,,0.0,,0.0,,0.0,,0.0,,0.0,,0.0
breast_cancer,implicit_zero_logreg,implicit_zero,logreg,4,16,2.0,1.1,full_balanced,standard,5,0.925,0.02795084971874737,0.925,0.02795084971874737,0.9264597328293019,0.028841119241193168,0.9840277777777778,0.01834864943141023,0.00280461999989825,0.0004378168872404706,0.04599591999980248,0.0033566001830214816,0.6875,0.11785113019775792,0.056316720850638304,0.031195125184881888,34.166666666666664,3.833899414724155,0.15547847953319446,0.037735218648258594,,0.0,,0.0,,0.0,,0.0,,0.0,,0.0,,0.0,,0.0,,0.0,,0.0,,0.0,,0.0
breast_cancer,forced_residual_only_logreg,forced_residual_only,logreg,4,16,2.0,1.1,residual_only,standard,5,0.9208333333333332,0.0174304172194599,0.9208333333333334,0.017430417219459926,0.9241976175085419,0.017379066187651178,0.9868055555555555,0.015015102993360872,0.0024108600000545266,0.00025096572075099466,6.8554609000000255,0.3024393919541179,,0.0,,0.0,,0.0,,0.0,,0.0,,0.0,,0.0,,0.0,0.7666666666666666,0.13453236909135785,0.056316720850638304,0.031195125184881888,0.1003368231110771,0.037038361132968135,0.04535643563258681,0.023396303204510666,34.166666666666664,3.833899414724155,11.425,1.5101364682629768,0.15547847953319446,0.037735218648258594,0.1190623915738201,0.021483129137629665
breast_cancer,hybrid_always_trigger_residual_only_logreg,hybrid_always_trigger_residual_only,logreg,4,16,2.0,1.1,residual_only,always_trigger,5,0.9208333333333334,0.022821773229381934,0.9208333333333334,0.022821773229381948,0.9238738880167452,0.021735192905597812,0.9857638888888889,0.014649321603978459,0.002531040000030771,0.00030254629081725347,6.862222620000011,0.3025963490014411,,0.0,,0.0,,0.0,,0.0,1.0,0.0,0.7083333333333334,0.12586506222494345,0.04542830148481669,0.023422501858805084,0.04358737833334582,0.0015271443002676619,,0.0,,0.0,,0.0,,0.0,,0.0,,0.0,,0.0,,0.0
breast_cancer,hybrid_qnn_lenient_residual_only_logreg,hybrid_qnn_lenient_residual_only,logreg,4,16,2.0,1.1,residual_only,qnn_lenient,5,0.9208333333333334,0.022821773229381934,0.9208333333333334,0.022821773229381948,0.9238738880167452,0.021735192905597812,0.9857638888888889,0.014649321603978459,0.002322139999796491,0.00019544695696873722,6.8486294600001205,0.3146925800679536,,0.0,,0.0,,0.0,,0.0,1.0,0.0,0.7083333333333334,0.12586506222494345,0.04542830148481669,0.023422501858805084,0.04348628999998899,0.0015574664892170074,,0.0,,0.0,,0.0,,0.0,,0.0,,0.0,,0.0,,0.0
breast_cancer,forced_full_balanced_logreg,forced_full_balanced,logreg,4,16,2.0,1.1,full_balanced,standard,5,0.9208333333333334,0.0174304172194599,0.9208333333333334,0.017430417219459933,0.9239756128866642,0.014515060853610826,0.984375,0.016606880616066796,0.0024577400001817296,0.0002470410655517079,35.802663540000324,3.841056763543178,,0.0,,0.0,,0.0,,0.0,,0.0,,0.0,,0.0,,0.0,0.6958333333333334,0.1721746125949532,0.056316720850638304,0.031195125184881888,0.10983284359444465,0.04283108037512144,0.0497828614026513,0.03464743133298319,34.166666666666664,3.833899414724155,19.4875,4.486055748712397,0.15547847953319446,0.037735218648258594,0.10616647819308647,0.029670017982234585
breast_cancer,hybrid_qnn_lenient_qnn_oriented_svm_rbf,hybrid_qnn_lenient_qnn_oriented,svm_rbf,4,16,2.0,1.1,qnn_oriented,qnn_lenient,5,0.9208333333333332,0.03726779962499651,0.9208333333333334,0.03726779962499647,0.9255658627087199,0.029537669758438814,0.9774305555555556,0.015864294168834257,0.001360859999931563,0.00012089370553732032,49.78839834000009,4.738586743113881,,0.0,,0.0,,0.0,,0.0,1.0,0.0,0.625,0.1358167167750552,0.04736411404559064,0.02967183109684226,0.30448609708336016,0.04489271482670002,,0.0,,0.0,,0.0,,0.0,,0.0,,0.0,,0.0,,0.0
breast_cancer,hybrid_standard_full_balanced_logreg,hybrid_standard_full_balanced,logreg,4,16,2.0,1.1,full_balanced,standard,5,0.9208333333333334,0.02716334335501103,0.9208333333333332,0.02716334335501104,0.9239579547595834,0.024872530597742415,0.984375,0.017662317664388708,0.0023990399999092916,0.0003255420146131309,9.127233499999784,1.2833520701377812,,0.0,,0.0,,0.0,,0.0,0.35416666666666663,0.10416666666666667,0.2125,0.04750730937913076,0.04981222769322197,0.03472549771585932,0.056828978749998774,0.008707550639407428,,0.0,,0.0,,0.0,,0.0,,0.0,,0.0,,0.0,,0.0
breast_cancer,hybrid_always_trigger_qnn_oriented_svm_rbf,hybrid_always_trigger_qnn_oriented,svm_rbf,4,16,2.0,1.1,qnn_oriented,always_trigger,5,0.9166666666666667,0.0465847495312456,0.9166666666666667,0.0465847495312456,0.9213907785336357,0.038873441785710644,0.9756944444444443,0.018083912027777486,0.0013160599998172985,0.0001443012750884859,49.816370440000036,4.775445915084216,,0.0,,0.0,,0.0,,0.0,1.0,0.0,0.6208333333333333,0.14160537889972025,0.04721494702607845,0.029788493565234688,0.3044345404166364,0.04514803477474085,,0.0,,0.0,,0.0,,0.0,,0.0,,0.0,,0.0,,0.0
breast_cancer,forced_qnn_oriented_svm_rbf,forced_qnn_oriented,svm_rbf,4,16,2.0,1.1,qnn_oriented,standard,5,0.9166666666666667,0.0465847495312456,0.9166666666666667,0.0465847495312456,0.9213907785336357,0.038873441785710644,0.975,0.018191926246430186,0.0014337400004023949,0.0002948457274001388,49.40655928000003,5.44139289710676,,0.0,,0.0,,0.0,,0.0,,0.0,,0.0,,0.0,,0.0,0.7125,0.17763394789410172,0.056316720850638304,0.031195125184881888,0.10622414444506197,0.05054660638039444,0.047363578640741776,0.029496980815659726,34.166666666666664,3.833899414724155,17.5625,3.972589459519935,0.15547847953319446,0.037735218648258594,0.11168579209579532,0.029913563770175813
breast_cancer,hybrid_standard_no_detector_logreg,hybrid_standard_no_detector,logreg,4,16,2.0,1.1,no_detector,standard,5,0.9166666666666667,0.03294039229342062,0.9166666666666666,0.032940392293420606,0.9193661180248895,0.03197691169658732,0.9840277777777778,0.018430600037625255,0.0023128600002110034,0.00029240984602580625,3.4864673799999766,0.6131349350259846,,0.0,,0.0,,0.0,,0.0,0.35416666666666663,0.10416666666666667,0.2041666666666667,0.051874581658286394,0.049809497419874435,0.0347162844813411,0.021049293750051372,0.0032764068547148626,,0.0,,0.0,,0.0,,0.0,,0.0,,0.0,,0.0,,0.0
breast_cancer,hybrid_qnn_lenient_no_detector_svm_rbf,hybrid_qnn_lenient_no_detector,svm_rbf,4,16,2.0,1.1,no_detector,qnn_lenient,5,0.9166666666666667,0.041666666666666685,0.9166666666666666,0.04166666666666664,0.921647495361781,0.03539765772672399,0.9732638888888889,0.017941681503838628,0.0014491200001430116,0.0002669219864195529,13.683462060000238,1.6528349847932196,,0.0,,0.0,,0.0,,0.0,1.0,0.0,0.6125,0.12893123705638168,0.05034591321788275,0.03505659169036445,0.08457453666666102,0.012296018169731677,,0.0,,0.0,,0.0,,0.0,,0.0,,0.0,,0.0,,0.0
breast_cancer,hybrid_always_trigger_no_detector_svm_rbf,hybrid_always_trigger_no_detector,svm_rbf,4,16,2.0,1.1,no_detector,always_trigger,5,0.9166666666666667,0.041666666666666685,0.9166666666666666,0.04166666666666664,0.921647495361781,0.03539765772672399,0.9725694444444445,0.018714601358627566,0.0014023399998222886,0.00021849345099693012,13.68523773999973,1.6555515123563214,,0.0,,0.0,,0.0,,0.0,1.0,0.0,0.6083333333333333,0.12094104394749991,0.04990726268681269,0.0347754729875644,0.08467968458336088,0.012593869860447924,,0.0,,0.0,,0.0,,0.0,,0.0,,0.0,,0.0,,0.0
breast_cancer,hybrid_always_trigger_residual_only_svm_rbf,hybrid_always_trigger_residual_only,svm_rbf,4,16,2.0,1.1,residual_only,always_trigger,5,0.9166666666666667,0.048858497498160715,0.9166666666666666,0.04885849749816074,0.9229387755102041,0.03941090574800819,0.9725694444444445,0.023208110993681964,0.0013167599998268997,0.00013871563716088005,6.862222620000011,0.3025963490014411,,0.0,,0.0,,0.0,,0.0,1.0,0.0,0.7083333333333334,0.12586506222494345,0.04542830148481669,0.023422501858805084,0.04358737833334582,0.0015271443002676619,,0.0,,0.0,,0.0,,0.0,,0.0,,0.0,,0.0,,0.0
breast_cancer,hybrid_qnn_lenient_residual_only_svm_rbf,hybrid_qnn_lenient_residual_only,svm_rbf,4,16,2.0,1.1,residual_only,qnn_lenient,5,0.9166666666666667,0.048858497498160715,0.9166666666666666,0.04885849749816074,0.9229387755102041,0.03941090574800819,0.9725694444444445,0.023208110993681964,0.0013427399997453903,9.359480768171892e-05,6.8486294600001205,0.3146925800679536,,0.0,,0.0,,0.0,,0.0,1.0,0.0,0.7083333333333334,0.12586506222494345,0.04542830148481669,0.023422501858805084,0.04348628999998899,0.0015574664892170074,,0.0,,0.0,,0.0,,0.0,,0.0,,0.0,,0.0,,0.0
breast_cancer,hybrid_always_trigger_full_balanced_svm_rbf,hybrid_always_trigger_full_balanced,svm_rbf,4,16,2.0,1.1,full_balanced,always_trigger,5,0.9166666666666667,0.041666666666666685,0.9166666666666666,0.04166666666666664,0.9206869464767038,0.037082113027909806,0.971875,0.01958037802759953,0.0013187600000264866,7.738761520003482e-05,35.687357679999856,3.901142004411124,,0.0,,0.0,,0.0,,0.0,1.0,0.0,0.6083333333333333,0.14006446928309677,0.049911305213956925,0.034783350216292974,0.2213769550000199,0.03161316448201928,,0.0,,0.0,,0.0,,0.0,,0.0,,0.0,,0.0,,0.0
breast_cancer,hybrid_qnn_lenient_full_balanced_svm_rbf,hybrid_qnn_lenient_full_balanced,svm_rbf,4,16,2.0,1.1,full_balanced,qnn_lenient,5,0.9166666666666667,0.041666666666666685,0.9166666666666666,0.04166666666666664,0.9206869464767038,0.037082113027909806,0.971875,0.01958037802759953,0.0013390799997523573,0.0001622379333397942,35.760995660000255,3.9167893703308483,,0.0,,0.0,,0.0,,0.0,1.0,0.0,0.6166666666666667,0.13388557510883023,0.05005962680797885,0.03466951354707736,0.22171795666666677,0.03244337913402947,,0.0,,0.0,,0.0,,0.0,,0.0,,0.0,,0.0,,0.0
breast_cancer,hybrid_qnn_lenient_qnn_exploratory_svm_rbf,hybrid_qnn_lenient_qnn_exploratory,svm_rbf,4,16,2.0,1.1,qnn_exploratory,qnn_lenient,5,0.9125,0.045165590393080816,0.9125,0.045165590393080865,0.9180272108843537,0.03535615711962715,0.9756944444444444,0.018000383119208055,0.0013253200003873645,0.00011028625053732005,57.9065296600002,5.642706828863241,,0.0,,0.0,,0.0,,0.0,1.0,0.0,0.6458333333333334,0.15934435979977454,0.04808545361935748,0.024888119364788387,0.36668858583332453,0.04538980639339642,,0.0,,0.0,,0.0,,0.0,,0.0,,0.0,,0.0,,0.0
breast_cancer,hybrid_aggressive_no_detector_svm_rbf,hybrid_aggressive_no_detector,svm_rbf,4,16,2.0,1.1,no_detector,aggressive,5,0.9125,0.04007371679514865,0.9125,0.040073716795148595,0.9172257266542981,0.034079525597097295,0.9725694444444445,0.016625020305380683,0.0013232000000243716,8.97636618228569e-05,7.536281620000136,0.5489814998917218,,0.0,,0.0,,0.0,,0.0,0.5791666666666667,0.12094104394749997,0.35,0.09816015824491456,0.04990726268819817,0.0347754729871083,0.044775150416664175,0.00928664603770908,,0.0,,0.0,,0.0,,0.0,,0.0,,0.0,,0.0,,0.0
breast_cancer,hybrid_always_trigger_full_light_svm_rbf,hybrid_always_trigger_full_light,svm_rbf,4,16,2.0,1.1,full_light,always_trigger,5,0.9125,0.05781015385629837,0.9125,0.05781015385629835,0.9168812732640225,0.05082713775975489,0.9722222222222221,0.024274533774495743,0.0013236800000527183,9.008283411710888e-05,26.384212940000044,1.6907901101031952,,0.0,,0.0,,0.0,,0.0,1.0,0.0,0.6083333333333333,0.1656217242862649,0.050231609210780834,0.03437718098592029,0.16249838791668197,0.014564369697723189,,0.0,,0.0,,0.0,,0.0,,0.0,,0.0,,0.0,,0.0
breast_cancer,hybrid_qnn_lenient_full_light_svm_rbf,hybrid_qnn_lenient_full_light,svm_rbf,4,16,2.0,1.1,full_light,qnn_lenient,5,0.9125,0.05781015385629837,0.9125,0.05781015385629835,0.9168812732640225,0.05082713775975489,0.9722222222222221,0.024274533774495743,0.0013140600000838276,0.00010043546704723138,26.41742663999985,1.6449090197919765,,0.0,,0.0,,0.0,,0.0,1.0,0.0,0.6166666666666666,0.15562374497485915,0.05038141461766793,0.03426675023571,0.16322854666670875,0.014306269154666066,,0.0,,0.0,,0.0,,0.0,,0.0,,0.0,,0.0,,0.0
breast_cancer,forced_no_detector_svm_rbf,forced_no_detector,svm_rbf,4,16,2.0,1.1,no_detector,standard,5,0.9125,0.03726779962499651,0.9125,0.037267799624996475,0.9174025974025974,0.030595486501881583,0.9715277777777779,0.017815241017174008,0.0014159600004404638,0.0003397428112492409,13.689423340000076,1.678327580094545,,0.0,,0.0,,0.0,,0.0,,0.0,,0.0,,0.0,,0.0,0.7000000000000001,0.16640604623096547,0.056316720850638304,0.031195125184881888,0.1084488676714607,0.039940714019185586,0.04977962937253085,0.034647087146760853,34.166666666666664,3.833899414724155,19.770833333333332,4.573853833354197,0.15547847953319446,0.037735218648258594,0.10694089206420729,0.029215329178920155
breast_cancer,forced_residual_only_svm_rbf,forced_residual_only,svm_rbf,4,16,2.0,1.1,residual_only,standard,5,0.9125,0.045165590393080816,0.9125,0.045165590393080865,0.9186938775510205,0.035355515761954864,0.9715277777777779,0.022986268462032743,0.0013092600002437393,0.00011948296128960465,6.8554609000000255,0.3024393919541179,,0.0,,0.0,,0.0,,0.0,,0.0,,0.0,,0.0,,0.0,0.7666666666666666,0.13453236909135785,0.056316720850638304,0.031195125184881888,0.1003368231110771,0.037038361132968135,0.04535643563258681,0.023396303204510666,34.166666666666664,3.833899414724155,11.425,1.5101364682629768,0.15547847953319446,0.037735218648258594,0.1190623915738201,0.021483129137629665
breast_cancer,hybrid_aggressive_residual_only_svm_rbf,hybrid_aggressive_residual_only,svm_rbf,4,16,2.0,1.1,residual_only,aggressive,5,0.9125,0.047507309379130745,0.9125,0.04750730937913077,0.9191836734693878,0.038406406518196726,0.9711805555555555,0.02356894723825721,0.001314179999735643,0.00010689907375170987,3.713980359999732,0.4567338890615197,,0.0,,0.0,,0.0,,0.0,0.5791666666666667,0.12094104394749997,0.4166666666666667,0.13975424859373686,0.0454283014868221,0.023422501858170075,0.02340724083332475,0.004521254525506793,,0.0,,0.0,,0.0,,0.0,,0.0,,0.0,,0.0,,0.0
breast_cancer,hybrid_always_trigger_qnn_exploratory_qnn,hybrid_always_trigger_qnn_exploratory,qnn,4,16,2.0,1.1,qnn_exploratory,always_trigger,5,0.9125,0.03726779962499651,0.9125,0.03726779962499651,0.9131694537346713,0.03608905205707054,0.967013888888889,0.020246360745990597,45.05492034000035,0.6260997897635967,57.98043299999995,5.6669765559173255,,0.0,,0.0,,0.0,,0.0,1.0,0.0,0.6416666666666667,0.15961651091148296,0.04808545361935565,0.02488811936479008,0.36768066124999077,0.04751283154685824,,0.0,,0.0,,0.0,,0.0,,0.0,,0.0,,0.0,,0.0
breast_cancer,hybrid_standard_residual_only_qnn,hybrid_standard_residual_only,qnn,4,16,2.0,1.1,residual_only,standard,5,0.9125,0.05392574627310327,0.9125,0.05392574627310329,0.9133214525403129,0.051377149639813935,0.9635416666666666,0.035979829472331075,44.23913452000015,0.6274237034072994,1.7952835200004302,0.4260935512145071,,0.0,,0.0,,0.0,,0.0,0.35416666666666663,0.10416666666666667,0.2375,0.09614983966011939,0.045428301487419234,0.023422501858062664,0.011091975416705206,0.0026944114680888917,,0.0,,0.0,,0.0,,0.0,,0.0,,0.0,,0.0,,0.0
breast_cancer,hybrid_standard_qnn_exploratory_qnn,hybrid_standard_qnn_exploratory,qnn,4,16,2.0,1.1,qnn_exploratory,standard,5,0.9125,0.030900827029565266,0.9125,0.03090082702956529,0.9123956271471799,0.0326635788894736,0.9614583333333334,0.023337621547092343,44.97109456000017,0.413365391394335,13.878311319999739,3.3416250017190627,,0.0,,0.0,,0.0,,0.0,0.35416666666666663,0.10416666666666667,0.2125,0.10561493213030479,0.046150156570281,0.026963083262428245,0.08653051166664057,0.028256179894072992,,0.0,,0.0,,0.0,,0.0,,0.0,,0.0,,0.0,,0.0
breast_cancer,implicit_zero_svm_rbf,implicit_zero,svm_rbf,4,16,2.0,1.1,full_balanced,standard,5,0.9083333333333332,0.034860834438919824,0.9083333333333334,0.03486083443891979,0.9129808286951144,0.02824143753893882,0.9715277777777779,0.019588073204956046,0.0018622800000912322,0.00018460811737383884,0.04599591999980248,0.0033566001830214816,0.6875,0.11785113019775792,0.056316720850638304,0.031195125184881888,34.166666666666664,3.833899414724155,0.15547847953319446,0.037735218648258594,,0.0,,0.0,,0.0,,0.0,,0.0,,0.0,,0.0,,0.0,,0.0,,0.0,,0.0,,0.0
breast_cancer,forced_full_balanced_svm_rbf,forced_full_balanced,svm_rbf,4,16,2.0,1.1,full_balanced,standard,5,0.9083333333333334,0.045643546458763826,0.9083333333333334,0.04564354645876383,0.9132275132275133,0.03859466979135523,0.9666666666666666,0.02459524781899499,0.0013155199998664102,9.45724959182117e-05,35.802663540000324,3.841056763543178,,0.0,,0.0,,0.0,,0.0,,0.0,,0.0,,0.0,,0.0,0.6958333333333334,0.1721746125949532,0.056316720850638304,0.031195125184881888,0.10983284359444465,0.04283108037512144,0.0497828614026513,0.03464743133298319,34.166666666666664,3.833899414724155,19.4875,4.486055748712397,0.15547847953319446,0.037735218648258594,0.10616647819308647,0.029670017982234585
breast_cancer,forced_qnn_exploratory_svm_rbf,forced_qnn_exploratory,svm_rbf,4,16,2.0,1.1,qnn_exploratory,standard,5,0.9083333333333332,0.05432668671002207,0.9083333333333332,0.05432668671002207,0.912636375304839,0.04707342390838104,0.9756944444444444,0.018698488913661424,0.0012899600002128863,0.00011389140888222009,57.53010684000033,6.0113064428647105,,0.0,,0.0,,0.0,,0.0,,0.0,,0.0,,0.0,,0.0,0.7124999999999999,0.17267804820918417,0.056316720850638304,0.031195125184881888,0.10622714440416056,0.032599224660112947,0.04801167765444311,0.024795288382597452,34.166666666666664,3.833899414724155,16.179166666666667,2.827452536687791,0.15547847953319446,0.037735218648258594,0.11159256703437533,0.020105148801063642
breast_cancer,hybrid_always_trigger_qnn_exploratory_svm_rbf,hybrid_always_trigger_qnn_exploratory,svm_rbf,4,16,2.0,1.1,qnn_exploratory,always_trigger,5,0.9083333333333332,0.05432668671002207,0.9083333333333332,0.05432668671002207,0.912636375304839,0.04707342390838104,0.9753472222222221,0.01855284723248959,0.001329899999745976,0.0001306907992627357,57.98043299999995,5.6669765559173255,,0.0,,0.0,,0.0,,0.0,1.0,0.0,0.6416666666666667,0.15961651091148296,0.04808545361935565,0.02488811936479008,0.36768066124999077,0.04751283154685824,,0.0,,0.0,,0.0,,0.0,,0.0,,0.0,,0.0,,0.0
breast_cancer,forced_full_light_svm_rbf,forced_full_light,svm_rbf,4,16,2.0,1.1,full_light,standard,5,0.9083333333333332,0.05432668671002207,0.9083333333333332,0.05432668671002207,0.912636375304839,0.04707342390838104,0.9708333333333334,0.023208110993681957,0.0013459200000852435,0.00014402453595615205,26.400090180000216,1.9704554112903652,,0.0,,0.0,,0.0,,0.0,,0.0,,0.0,,0.0,,0.0,0.6958333333333333,0.18899864050069545,0.056316720850638304,0.031195125184881888,0.10919916845392966,0.042249938657380054,0.05012315547121321,0.03427763467198222,34.166666666666664,3.833899414724155,18.05833333333333,4.506587577893302,0.15547847953319446,0.037735218648258594,0.1078023159030423,0.025473382607643764
breast_cancer,hybrid_aggressive_full_balanced_svm_rbf,hybrid_aggressive_full_balanced,svm_rbf,4,16,2.0,1.1,full_balanced,aggressive,5,0.9041666666666668,0.05628856702544291,0.9041666666666666,0.05628856702544288,0.9087180079579001,0.04969679338848526,0.9715277777777777,0.017857487320310773,0.0012970599996378952,0.00011180694508317115,19.704957019999778,1.5536322512474037,,0.0,,0.0,,0.0,,0.0,0.5791666666666667,0.12094104394749997,0.3625,0.1047898028329941,0.049912799179359736,0.03479118998025325,0.11826808583333086,0.024656952850746948,,0.0,,0.0,,0.0,,0.0,,0.0,,0.0,,0.0,,0.0
breast_cancer,hybrid_aggressive_full_light_svm_rbf,hybrid_aggressive_full_light,svm_rbf,4,16,2.0,1.1,full_light,aggressive,5,0.9041666666666668,0.05628856702544291,0.9041666666666666,0.05628856702544288,0.9087180079579001,0.04969679338848526,0.9701388888888889,0.021939664124200165,0.0012992199997825082,0.0001063310255559696,14.917525119999947,1.3876760541199327,,0.0,,0.0,,0.0,,0.0,0.5791666666666667,0.12094104394749997,0.3583333333333333,0.12094104394749992,0.05023010598987114,0.03436998559750566,0.09182130041664677,0.015744429551565787,,0.0,,0.0,,0.0,,0.0,,0.0,,0.0,,0.0,,0.0
breast_cancer,hybrid_aggressive_qnn_exploratory_svm_rbf,hybrid_aggressive_qnn_exploratory,svm_rbf,4,16,2.0,1.1,qnn_exploratory,aggressive,5,0.9,0.05187458165828638,0.9,0.05187458165828639,0.9044731099987166,0.04489599100266353,0.9739583333333333,0.018938736310131418,0.0013071400000171708,0.00014478676746446445,30.801873780000097,3.2382221693631292,,0.0,,0.0,,0.0,,0.0,0.5791666666666667,0.12094104394749997,0.375,0.14508737788733458,0.04611883689780318,0.026983896871921938,0.1918554379166712,0.037301154600986874,,0.0,,0.0,,0.0,,0.0,,0.0,,0.0,,0.0,,0.0
breast_cancer,hybrid_aggressive_qnn_oriented_svm_rbf,hybrid_aggressive_qnn_oriented,svm_rbf,4,16,2.0,1.1,qnn_oriented,aggressive,5,0.9,0.05187458165828638,0.9,0.05187458165828639,0.9044731099987166,0.04489599100266353,0.9739583333333333,0.018042195912175808,0.0014226799997231864,0.0003360011185495997,26.601620140000115,2.055119464480798,,0.0,,0.0,,0.0,,0.0,0.5791666666666667,0.12094104394749997,0.3541666666666667,0.11219093348196882,0.04748422511915719,0.0295733400668728,0.16169401416668167,0.03365422970892409,,0.0,,0.0,,0.0,,0.0,,0.0,,0.0,,0.0,,0.0
breast_cancer,hybrid_standard_qnn_oriented_svm_rbf,hybrid_standard_qnn_oriented,svm_rbf,4,16,2.0,1.1,qnn_oriented,standard,5,0.9,0.04269562819149832,0.9,0.04269562819149832,0.9050642479213907,0.03607430311447617,0.9729166666666668,0.018843004932243248,0.0013085000000728543,0.00011734016797527019,12.165034800000104,2.256380294760683,,0.0,,0.0,,0.0,,0.0,0.35416666666666663,0.10416666666666667,0.2125,0.07987620630283675,0.04749692591928728,0.02959641172695305,0.07726633916663464,0.01656973743936054,,0.0,,0.0,,0.0,,0.0,,0.0,,0.0,,0.0,,0.0
breast_cancer,hybrid_standard_residual_only_svm_rbf,hybrid_standard_residual_only,svm_rbf,4,16,2.0,1.1,residual_only,standard,5,0.9,0.04269562819149832,0.9,0.042695628191498365,0.9061224489795918,0.034149388838125565,0.9715277777777777,0.020416843820093147,0.001311300000270421,0.00011394248526659666,1.7952835200004302,0.4260935512145071,,0.0,,0.0,,0.0,,0.0,0.35416666666666663,0.10416666666666667,0.2375,0.09614983966011939,0.045428301487419234,0.023422501858062664,0.011091975416705206,0.0026944114680888917,,0.0,,0.0,,0.0,,0.0,,0.0,,0.0,,0.0,,0.0
breast_cancer,forced_residual_only_qnn,forced_residual_only,qnn,4,16,2.0,1.1,residual_only,standard,5,0.9,0.03726779962499651,0.9,0.037267799624996475,0.9045215880256311,0.03074945006743185,0.9638888888888889,0.028405451857276377,44.687300800000095,0.6317489568338996,6.8554609000000255,0.3024393919541179,,0.0,,0.0,,0.0,,0.0,,0.0,,0.0,,0.0,,0.0,0.7666666666666666,0.13453236909135785,0.056316720850638304,0.031195125184881888,0.1003368231110771,0.037038361132968135,0.04535643563258681,0.023396303204510666,34.166666666666664,3.833899414724155,11.425,1.5101364682629768,0.15547847953319446,0.037735218648258594,0.1190623915738201,0.021483129137629665
breast_cancer,hybrid_aggressive_qnn_exploratory_qnn,hybrid_aggressive_qnn_exploratory,qnn,4,16,2.0,1.1,qnn_exploratory,aggressive,5,0.9,0.04007371679514865,0.9,0.04007371679514862,0.8995179662984528,0.04184573812159591,0.9621527777777776,0.023721911183883275,44.287728440000095,0.8473500077690731,30.801873780000097,3.2382221693631292,,0.0,,0.0,,0.0,,0.0,0.5791666666666667,0.12094104394749997,0.375,0.14508737788733458,0.04611883689780318,0.026983896871921938,0.1918554379166712,0.037301154600986874,,0.0,,0.0,,0.0,,0.0,,0.0,,0.0,,0.0,,0.0
breast_cancer,hybrid_qnn_lenient_qnn_exploratory_qnn,hybrid_qnn_lenient_qnn_exploratory,qnn,4,16,2.0,1.1,qnn_exploratory,qnn_lenient,5,0.9,0.057810153856298375,0.9,0.05781015385629838,0.9009522591645354,0.054044846560049466,0.9527777777777777,0.038536192053624414,44.73382422000009,0.5785825535351086,57.9065296600002,5.642706828863241,,0.0,,0.0,,0.0,,0.0,1.0,0.0,0.6458333333333334,0.15934435979977454,0.04808545361935748,0.024888119364788387,0.36668858583332453,0.04538980639339642,,0.0,,0.0,,0.0,,0.0,,0.0,,0.0,,0.0,,0.0
breast_cancer,hybrid_always_trigger_no_detector_qnn,hybrid_always_trigger_no_detector,qnn,4,16,2.0,1.1,no_detector,always_trigger,5,0.9,0.03726779962499652,0.8999999999999998,0.03726779962499653,0.9012543315198419,0.034887277502416915,0.9486111111111111,0.04488107463441025,44.59517454000015,0.5463023352103682,13.68523773999973,1.6555515123563214,,0.0,,0.0,,0.0,,0.0,1.0,0.0,0.6083333333333333,0.12094104394749991,0.04990726268681269,0.0347754729875644,0.08467968458336088,0.012593869860447924,,0.0,,0.0,,0.0,,0.0,,0.0,,0.0,,0.0,,0.0
breast_cancer,hybrid_standard_full_light_svm_rbf,hybrid_standard_full_light,svm_rbf,4,16,2.0,1.1,full_light,standard,5,0.8958333333333333,0.048858497498160715,0.8958333333333334,0.04885849749816073,0.9007180079579001,0.04200156464056782,0.9690972222222222,0.024068787257810254,0.0014048999999658918,0.00020037167951656798,7.6125910999996,1.5102034740716217,,0.0,,0.0,,0.0,,0.0,0.35416666666666663,0.10416666666666667,0.2,0.06521864934374387,0.04999028590057557,0.03460252201678628,0.04653981624993785,0.007969605055645694,,0.0,,0.0,,0.0,,0.0,,0.0,,0.0,,0.0,,0.0
breast_cancer,hybrid_qnn_lenient_qnn_oriented_qnn,hybrid_qnn_lenient_qnn_oriented,qnn,4,16,2.0,1.1,qnn_oriented,qnn_lenient,5,0.8958333333333333,0.048858497498160715,0.8958333333333334,0.04885849749816074,0.8958314485831336,0.04699341551980482,0.9541666666666668,0.04076350439909531,45.41754157999985,1.0634295882033744,49.78839834000009,4.738586743113881,,0.0,,0.0,,0.0,,0.0,1.0,0.0,0.625,0.1358167167750552,0.04736411404559064,0.02967183109684226,0.30448609708336016,0.04489271482670002,,0.0,,0.0,,0.0,,0.0,,0.0,,0.0,,0.0,,0.0
breast_cancer,hybrid_standard_qnn_exploratory_svm_rbf,hybrid_standard_qnn_exploratory,svm_rbf,4,16,2.0,1.1,qnn_exploratory,standard,5,0.8958333333333334,0.05103103630798288,0.8958333333333333,0.05103103630798288,0.9007316134000771,0.044402574419770593,0.9715277777777779,0.020194188921660184,0.001301080000166621,0.00014512565926891492,13.878311319999739,3.3416250017190627,,0.0,,0.0,,0.0,,0.0,0.35416666666666663,0.10416666666666667,0.2125,0.10561493213030479,0.046150156570281,0.026963083262428245,0.08653051166664057,0.028256179894072992,,0.0,,0.0,,0.0,,0.0,,0.0,,0.0,,0.0,,0.0
breast_cancer,hybrid_standard_full_balanced_svm_rbf,hybrid_standard_full_balanced,svm_rbf,4,16,2.0,1.1,full_balanced,standard,5,0.8916666666666666,0.047507309379130745,0.8916666666666666,0.04750730937913074,0.896309844692594,0.04060536327406756,0.9708333333333332,0.019885862587883833,0.0013175799995678971,0.0001163228566656564,9.127233499999784,1.2833520701377812,,0.0,,0.0,,0.0,,0.0,0.35416666666666663,0.10416666666666667,0.2125,0.04750730937913076,0.04981222769322197,0.03472549771585932,0.056828978749998774,0.008707550639407428,,0.0,,0.0,,0.0,,0.0,,0.0,,0.0,,0.0,,0.0
breast_cancer,hybrid_standard_no_detector_svm_rbf,hybrid_standard_no_detector,svm_rbf,4,16,2.0,1.1,no_detector,standard,5,0.8916666666666666,0.047507309379130745,0.8916666666666666,0.04750730937913074,0.896309844692594,0.04060536327406756,0.970486111111111,0.020357707290900296,0.0013633199998366763,0.00015268196353777794,3.4864673799999766,0.6131349350259846,,0.0,,0.0,,0.0,,0.0,0.35416666666666663,0.10416666666666667,0.2041666666666667,0.051874581658286394,0.049809497419874435,0.0347162844813411,0.021049293750051372,0.0032764068547148626,,0.0,,0.0,,0.0,,0.0,,0.0,,0.0,,0.0,,0.0
breast_cancer,hybrid_aggressive_residual_only_qnn,hybrid_aggressive_residual_only,qnn,4,16,2.0,1.1,residual_only,aggressive,5,0.8916666666666666,0.05590169943749473,0.8916666666666666,0.05590169943749477,0.8968755967322235,0.050303370702146105,0.9649305555555555,0.030329816391558934,44.59813663999985,0.5305965223767887,3.713980359999732,0.4567338890615197,,0.0,,0.0,,0.0,,0.0,0.5791666666666667,0.12094104394749997,0.4166666666666667,0.13975424859373686,0.0454283014868221,0.023422501858170075,0.02340724083332475,0.004521254525506793,,0.0,,0.0,,0.0,,0.0,,0.0,,0.0,,0.0,,0.0
breast_cancer,hybrid_always_trigger_residual_only_qnn,hybrid_always_trigger_residual_only,qnn,4,16,2.0,1.1,residual_only,always_trigger,5,0.8916666666666666,0.022821773229381937,0.8916666666666666,0.0228217732293819,0.8963604158644591,0.01854115567524011,0.9635416666666666,0.029462782549439438,44.38407618000038,0.6856565702619641,6.862222620000011,0.3025963490014411,,0.0,,0.0,,0.0,,0.0,1.0,0.0,0.7083333333333334,0.12586506222494345,0.04542830148481669,0.023422501858805084,0.04358737833334582,0.0015271443002676619,,0.0,,0.0,,0.0,,0.0,,0.0,,0.0,,0.0,,0.0
breast_cancer,hybrid_qnn_lenient_residual_only_qnn,hybrid_qnn_lenient_residual_only,qnn,4,16,2.0,1.1,residual_only,qnn_lenient,5,0.8916666666666666,0.022821773229381937,0.8916666666666666,0.0228217732293819,0.8963604158644591,0.01854115567524011,0.9635416666666666,0.029462782549439438,44.72493696000011,0.4975390633094014,6.8486294600001205,0.3146925800679536,,0.0,,0.0,,0.0,,0.0,1.0,0.0,0.7083333333333334,0.12586506222494345,0.04542830148481669,0.023422501858805084,0.04348628999998899,0.0015574664892170074,,0.0,,0.0,,0.0,,0.0,,0.0,,0.0,,0.0,,0.0
breast_cancer,forced_full_balanced_qnn,forced_full_balanced,qnn,4,16,2.0,1.1,full_balanced,standard,5,0.8916666666666666,0.059657587763651466,0.8916666666666666,0.0596575877636515,0.8913438455863382,0.06149658168322348,0.953125,0.030270131552365756,44.1252190000002,0.4073270085316547,35.802663540000324,3.841056763543178,,0.0,,0.0,,0.0,,0.0,,0.0,,0.0,,0.0,,0.0,0.6958333333333334,0.1721746125949532,0.056316720850638304,0.031195125184881888,0.10983284359444465,0.04283108037512144,0.0497828614026513,0.03464743133298319,34.166666666666664,3.833899414724155,19.4875,4.486055748712397,0.15547847953319446,0.037735218648258594,0.10616647819308647,0.029670017982234585
breast_cancer,hybrid_aggressive_full_light_qnn,hybrid_aggressive_full_light,qnn,4,16,2.0,1.1,full_light,aggressive,5,0.8875,0.04061164310337066,0.8875,0.040611643103370704,0.8871404682274248,0.04149360037581504,0.9638888888888889,0.015352563173218136,44.8121708399997,0.6562383600855892,14.917525119999947,1.3876760541199327,,0.0,,0.0,,0.0,,0.0,0.5791666666666667,0.12094104394749997,0.3583333333333333,0.12094104394749992,0.05023010598987114,0.03436998559750566,0.09182130041664677,0.015744429551565787,,0.0,,0.0,,0.0,,0.0,,0.0,,0.0,,0.0,,0.0
breast_cancer,hybrid_always_trigger_qnn_oriented_qnn,hybrid_always_trigger_qnn_oriented,qnn,4,16,2.0,1.1,qnn_oriented,always_trigger,5,0.8875,0.06686169389950503,0.8875,0.0668616938995051,0.8925661424606846,0.053951014458686615,0.9614583333333334,0.02584998903037239,44.47914391999966,0.47761810303726976,49.816370440000036,4.775445915084216,,0.0,,0.0,,0.0,,0.0,1.0,0.0,0.6208333333333333,0.14160537889972025,0.04721494702607845,0.029788493565234688,0.3044345404166364,0.04514803477474085,,0.0,,0.0,,0.0,,0.0,,0.0,,0.0,,0.0,,0.0
breast_cancer,forced_full_light_qnn,forced_full_light,qnn,4,16,2.0,1.1,full_light,standard,5,0.8875,0.03159531435021481,0.8875,0.031595314350214766,0.889614349176659,0.031766369951073355,0.9545138888888888,0.031041938539699304,44.62352182000032,0.5819429589884388,26.400090180000216,1.9704554112903652,,0.0,,0.0,,0.0,,0.0,,0.0,,0.0,,0.0,,0.0,0.6958333333333333,0.18899864050069545,0.056316720850638304,0.031195125184881888,0.10919916845392966,0.042249938657380054,0.05012315547121321,0.03427763467198222,34.166666666666664,3.833899414724155,18.05833333333333,4.506587577893302,0.15547847953319446,0.037735218648258594,0.1078023159030423,0.025473382607643764
breast_cancer,hybrid_aggressive_full_balanced_qnn,hybrid_aggressive_full_balanced,qnn,4,16,2.0,1.1,full_balanced,aggressive,5,0.8875,0.04320091948609941,0.8875,0.04320091948609942,0.8885403977193714,0.03883656597906681,0.9524305555555556,0.04494818154185719,44.60215958000019,1.0701363120962053,19.704957019999778,1.5536322512474037,,0.0,,0.0,,0.0,,0.0,0.5791666666666667,0.12094104394749997,0.3625,0.1047898028329941,0.049912799179359736,0.03479118998025325,0.11826808583333086,0.024656952850746948,,0.0,,0.0,,0.0,,0.0,,0.0,,0.0,,0.0,,0.0
breast_cancer,hybrid_aggressive_no_detector_qnn,hybrid_aggressive_no_detector,qnn,4,16,2.0,1.1,no_detector,aggressive,5,0.8875,0.04320091948609941,0.8875,0.04320091948609942,0.8908178776930283,0.03609475816431546,0.9388888888888889,0.06913341807403107,44.678884220000285,0.6345877256942761,7.536281620000136,0.5489814998917218,,0.0,,0.0,,0.0,,0.0,0.5791666666666667,0.12094104394749997,0.35,0.09816015824491456,0.04990726268819817,0.0347754729871083,0.044775150416664175,0.00928664603770908,,0.0,,0.0,,0.0,,0.0,,0.0,,0.0,,0.0,,0.0
breast_cancer,hybrid_always_trigger_full_balanced_qnn,hybrid_always_trigger_full_balanced,qnn,4,16,2.0,1.1,full_balanced,always_trigger,5,0.8833333333333334,0.061801654059130545,0.8833333333333334,0.06180165405913051,0.8773715415019762,0.06923008554430436,0.9552083333333334,0.037203042322163496,44.4202706600003,0.4323913716149617,35.687357679999856,3.901142004411124,,0.0,,0.0,,0.0,,0.0,1.0,0.0,0.6083333333333333,0.14006446928309677,0.049911305213956925,0.034783350216292974,0.2213769550000199,0.03161316448201928,,0.0,,0.0,,0.0,,0.0,,0.0,,0.0,,0.0,,0.0
breast_cancer,implicit_zero_qnn,implicit_zero,qnn,4,16,2.0,1.1,full_balanced,standard,5,0.8833333333333334,0.06002025121203308,0.8833333333333334,0.06002025121203304,0.8844877861958607,0.054254588896385965,0.9534722222222222,0.045128871751755756,44.58619897999999,0.9050189888128396,0.04599591999980248,0.0033566001830214816,0.6875,0.11785113019775792,0.056316720850638304,0.031195125184881888,34.166666666666664,3.833899414724155,0.15547847953319446,0.037735218648258594,,0.0,,0.0,,0.0,,0.0,,0.0,,0.0,,0.0,,0.0,,0.0,,0.0,,0.0,,0.0
breast_cancer,hybrid_qnn_lenient_full_balanced_qnn,hybrid_qnn_lenient_full_balanced,qnn,4,16,2.0,1.1,full_balanced,qnn_lenient,5,0.8833333333333334,0.061801654059130545,0.8833333333333334,0.06180165405913051,0.8784584980237155,0.06911945659230254,0.953125,0.037477488098824445,45.94257868000002,2.1237780621456848,35.760995660000255,3.9167893703308483,,0.0,,0.0,,0.0,,0.0,1.0,0.0,0.6166666666666667,0.13388557510883023,0.05005962680797885,0.03466951354707736,0.22171795666666677,0.03244337913402947,,0.0,,0.0,,0.0,,0.0,,0.0,,0.0,,0.0,,0.0
breast_cancer,forced_no_detector_qnn,forced_no_detector,qnn,4,16,2.0,1.1,no_detector,standard,5,0.8833333333333334,0.06521864934374386,0.8833333333333332,0.0652186493437439,0.8857931388594718,0.06423102548887481,0.9434027777777777,0.037449329192182364,44.350088799999824,0.8720620846739084,13.689423340000076,1.678327580094545,,0.0,,0.0,,0.0,,0.0,,0.0,,0.0,,0.0,,0.0,0.7000000000000001,0.16640604623096547,0.056316720850638304,0.031195125184881888,0.1084488676714607,0.039940714019185586,0.04977962937253085,0.034647087146760853,34.166666666666664,3.833899414724155,19.770833333333332,4.573853833354197,0.15547847953319446,0.037735218648258594,0.10694089206420729,0.029215329178920155
breast_cancer,hybrid_qnn_lenient_no_detector_qnn,hybrid_qnn_lenient_no_detector,qnn,4,16,2.0,1.1,no_detector,qnn_lenient,5,0.8833333333333334,0.06002025121203308,0.8833333333333332,0.06002025121203303,0.8865203691951413,0.05404834167769385,0.9427083333333333,0.0531998383543214,44.93436736000031,0.5369421985303177,13.683462060000238,1.6528349847932196,,0.0,,0.0,,0.0,,0.0,1.0,0.0,0.6125,0.12893123705638168,0.05034591321788275,0.03505659169036445,0.08457453666666102,0.012296018169731677,,0.0,,0.0,,0.0,,0.0,,0.0,,0.0,,0.0,,0.0
breast_cancer,hybrid_always_trigger_full_light_qnn,hybrid_always_trigger_full_light,qnn,4,16,2.0,1.1,full_light,always_trigger,5,0.875,0.05511981898051233,0.875,0.05511981898051226,0.8716288836617819,0.0634756290540758,0.9538194444444443,0.026260653334984726,44.256037920000196,0.3973549603072931,26.384212940000044,1.6907901101031952,,0.0,,0.0,,0.0,,0.0,1.0,0.0,0.6083333333333333,0.1656217242862649,0.050231609210780834,0.03437718098592029,0.16249838791668197,0.014564369697723189,,0.0,,0.0,,0.0,,0.0,,0.0,,0.0,,0.0,,0.0
breast_cancer,hybrid_qnn_lenient_full_light_qnn,hybrid_qnn_lenient_full_light,qnn,4,16,2.0,1.1,full_light,qnn_lenient,5,0.875,0.05511981898051233,0.875,0.05511981898051226,0.8716288836617819,0.0634756290540758,0.9538194444444443,0.026260653334984726,44.40406364000014,0.35957616815455445,26.41742663999985,1.6449090197919765,,0.0,,0.0,,0.0,,0.0,1.0,0.0,0.6166666666666666,0.15562374497485915,0.05038141461766793,0.03426675023571,0.16322854666670875,0.014306269154666066,,0.0,,0.0,,0.0,,0.0,,0.0,,0.0,,0.0,,0.0
breast_cancer,hybrid_standard_no_detector_qnn,hybrid_standard_no_detector,qnn,4,16,2.0,1.1,no_detector,standard,5,0.875,0.032940392293420606,0.875,0.03294039229342066,0.8756122931442081,0.03373929808861487,0.935763888888889,0.06988790697177204,44.68897821999972,0.8992649162579619,3.4864673799999766,0.6131349350259846,,0.0,,0.0,,0.0,,0.0,0.35416666666666663,0.10416666666666667,0.2041666666666667,0.051874581658286394,0.049809497419874435,0.0347162844813411,0.021049293750051372,0.0032764068547148626,,0.0,,0.0,,0.0,,0.0,,0.0,,0.0,,0.0,,0.0
breast_cancer,hybrid_standard_full_balanced_qnn,hybrid_standard_full_balanced,qnn,4,16,2.0,1.1,full_balanced,standard,5,0.875,0.032940392293420606,0.875,0.03294039229342066,0.8756122931442081,0.03373929808861487,0.9347222222222223,0.06945095455596396,44.75019391999956,1.017511001786006,9.127233499999784,1.2833520701377812,,0.0,,0.0,,0.0,,0.0,0.35416666666666663,0.10416666666666667,0.2125,0.04750730937913076,0.04981222769322197,0.03472549771585932,0.056828978749998774,0.008707550639407428,,0.0,,0.0,,0.0,,0.0,,0.0,,0.0,,0.0,,0.0
breast_cancer,forced_qnn_oriented_qnn,forced_qnn_oriented,qnn,4,16,2.0,1.1,qnn_oriented,standard,5,0.8708333333333333,0.059657587763651466,0.8708333333333333,0.05965758776365149,0.8731818331197212,0.05438560783645886,0.9510416666666666,0.03137993819040009,45.49610293999963,1.3958296151697127,49.40655928000003,5.44139289710676,,0.0,,0.0,,0.0,,0.0,,0.0,,0.0,,0.0,,0.0,0.7125,0.17763394789410172,0.056316720850638304,0.031195125184881888,0.10622414444506197,0.05054660638039444,0.047363578640741776,0.029496980815659726,34.166666666666664,3.833899414724155,17.5625,3.972589459519935,0.15547847953319446,0.037735218648258594,0.11168579209579532,0.029913563770175813
breast_cancer,hybrid_standard_full_light_qnn,hybrid_standard_full_light,qnn,4,16,2.0,1.1,full_light,standard,5,0.8708333333333332,0.04516559039308084,0.8708333333333333,0.04516559039308082,0.8736351915561642,0.044343695423201906,0.9472222222222222,0.04116816962880937,44.85090599999959,0.616172185165209,7.6125910999996,1.5102034740716217,,0.0,,0.0,,0.0,,0.0,0.35416666666666663,0.10416666666666667,0.2,0.06521864934374387,0.04999028590057557,0.03460252201678628,0.04653981624993785,0.007969605055645694,,0.0,,0.0,,0.0,,0.0,,0.0,,0.0,,0.0,,0.0
breast_cancer,hybrid_aggressive_qnn_oriented_qnn,hybrid_aggressive_qnn_oriented,qnn,4,16,2.0,1.1,qnn_oriented,aggressive,5,0.8708333333333333,0.04007371679514864,0.8708333333333332,0.040073716795148616,0.8725745857535594,0.03784379232743383,0.9618055555555556,0.017317653943802084,44.074605160000054,0.5170076767820991,26.601620140000115,2.055119464480798,,0.0,,0.0,,0.0,,0.0,0.5791666666666667,0.12094104394749997,0.3541666666666667,0.11219093348196882,0.04748422511915719,0.0295733400668728,0.16169401416668167,0.03365422970892409,,0.0,,0.0,,0.0,,0.0,,0.0,,0.0,,0.0,,0.0
breast_cancer,forced_qnn_exploratory_qnn,forced_qnn_exploratory,qnn,4,16,2.0,1.1,qnn_exploratory,standard,5,0.8708333333333333,0.07126096406869613,0.8708333333333332,0.0712609640686961,0.8719833865090901,0.06736109851982881,0.9270833333333334,0.06125791237631023,45.12265270000012,0.5561198662082972,57.53010684000033,6.0113064428647105,,0.0,,0.0,,0.0,,0.0,,0.0,,0.0,,0.0,,0.0,0.7124999999999999,0.17267804820918417,0.056316720850638304,0.031195125184881888,0.10622714440416056,0.032599224660112947,0.04801167765444311,0.024795288382597452,34.166666666666664,3.833899414724155,16.179166666666667,2.827452536687791,0.15547847953319446,0.037735218648258594,0.11159256703437533,0.020105148801063642
breast_cancer,hybrid_standard_qnn_oriented_qnn,hybrid_standard_qnn_oriented,qnn,4,16,2.0,1.1,qnn_oriented,standard,5,0.8666666666666668,0.01863389981249823,0.8666666666666666,0.01863389981249828,0.8677491638795984,0.016685744088028805,0.9493055555555555,0.025468223362350335,44.69704663999971,0.6831249338441285,12.165034800000104,2.256380294760683,,0.0,,0.0,,0.0,,0.0,0.35416666666666663,0.10416666666666667,0.2125,0.07987620630283675,0.04749692591928728,0.02959641172695305,0.07726633916663464,0.01656973743936054,,0.0,,0.0,,0.0,,0.0,,0.0,,0.0,,0.0,,0.0
digits_1_vs_7,forced_full_light_logreg,forced_full_light,logreg,4,16,2.0,1.1,full_light,standard,5,1.0,0.0,1.0,0.0,1.0,0.0,1.0,0.0,0.0022616200018092058,0.00040332435589973513,28.075406200000725,2.3073392622666566,,0.0,,0.0,,0.0,,0.0,,0.0,,0.0,,0.0,,0.0,0.7583333333333333,0.1957668326805585,0.05694765512039485,0.03145200705714592,0.09815428651664732,0.04739378713185648,0.04739641836172103,0.028998059522481065,35.28333333333334,3.041295639471222,17.408333333333335,4.518543006631427,0.1389133657203585,0.01739186388064104,0.10736019853517502,0.03402598431364071
digits_1_vs_7,forced_qnn_exploratory_logreg,forced_qnn_exploratory,logreg,4,16,2.0,1.1,qnn_exploratory,standard,5,1.0,0.0,1.0,0.0,1.0,0.0,1.0,0.0,0.0022686600015731527,0.00035664595750682843,60.49522685999837,8.782030805692067,,0.0,,0.0,,0.0,,0.0,,0.0,,0.0,,0.0,,0.0,0.7625000000000001,0.11180339887498947,0.05694765512039485,0.03145200705714592,0.09274072691594687,0.020038817788552998,0.04838263933745936,0.028091628468891117,35.28333333333334,3.041295639471222,15.741666666666665,2.9528117485241463,0.1389133657203585,0.01739186388064104,0.10347844837075382,0.024201682973110657
digits_1_vs_7,forced_qnn_oriented_logreg,forced_qnn_oriented,logreg,4,16,2.0,1.1,qnn_oriented,standard,5,1.0,0.0,1.0,0.0,1.0,0.0,1.0,0.0,0.0022997199979727157,0.0004556656705960564,51.92619990000094,7.508946465613228,,0.0,,0.0,,0.0,,0.0,,0.0,,0.0,,0.0,,0.0,0.7625,0.1462790806795163,0.05694765512039485,0.03145200705714592,0.09799735884663562,0.0348869763861512,0.04796817568859658,0.02861167652685023,35.28333333333334,3.041295639471222,15.945833333333331,3.0251262599912896,0.1389133657203585,0.01739186388064104,0.10508344328849761,0.028957263017615625
digits_1_vs_7,forced_residual_only_logreg,forced_residual_only,logreg,4,16,2.0,1.1,residual_only,standard,5,1.0,0.0,1.0,0.0,1.0,0.0,1.0,0.0,0.002111499999591615,0.0003199890391715226,6.985248939998565,0.5963361198461751,,0.0,,0.0,,0.0,,0.0,,0.0,,0.0,,0.0,,0.0,0.7916666666666666,0.10311973892303818,0.05694765512039485,0.03145200705714592,0.08606444429631764,0.027561717078060495,0.046573517890039544,0.028951263267313,35.28333333333334,3.041295639471222,11.029166666666669,1.979309205393527,0.1389133657203585,0.01739186388064104,0.11099067091174394,0.027450021901461518
digits_1_vs_7,hybrid_aggressive_full_light_logreg,hybrid_aggressive_full_light,logreg,4,16,2.0,1.1,full_light,aggressive,5,1.0,0.0,1.0,0.0,1.0,0.0,1.0,0.0,0.0021439800009829925,0.0003878521819253395,16.7007907399995,2.303414717231831,,0.0,,0.0,,0.0,,0.0,0.65,0.064885047926656,0.4458333333333334,0.06686169389950505,0.047133373004519905,0.02947273844140019,0.11098063083330392,0.008029032433721111,,0.0,,0.0,,0.0,,0.0,,0.0,,0.0,,0.0,,0.0
digits_1_vs_7,hybrid_aggressive_qnn_exploratory_logreg,hybrid_aggressive_qnn_exploratory,logreg,4,16,2.0,1.1,qnn_exploratory,aggressive,5,1.0,0.0,1.0,0.0,1.0,0.0,1.0,0.0,0.00247283999924548,0.0004412301169848437,33.419067619999986,4.969496814414743,,0.0,,0.0,,0.0,,0.0,0.65,0.064885047926656,0.4333333333333334,0.06488504792665598,0.04879071783998906,0.02778025833170919,0.2225366325001839,0.021865766057986624,,0.0,,0.0,,0.0,,0.0,,0.0,,0.0,,0.0,,0.0
digits_1_vs_7,hybrid_aggressive_qnn_oriented_logreg,hybrid_aggressive_qnn_oriented,logreg,4,16,2.0,1.1,qnn_oriented,aggressive,5,1.0,0.0,1.0,0.0,1.0,0.0,1.0,0.0,0.002346019999822602,0.00030190259356239124,29.43655332000053,4.857918435061982,,0.0,,0.0,,0.0,,0.0,0.65,0.064885047926656,0.4541666666666667,0.09009061796016524,0.04805706355357311,0.028653319705789937,0.19938110875009446,0.025687020552984666,,0.0,,0.0,,0.0,,0.0,,0.0,,0.0,,0.0,,0.0
digits_1_vs_7,hybrid_aggressive_residual_only_logreg,hybrid_aggressive_residual_only,logreg,4,16,2.0,1.1,residual_only,aggressive,5,1.0,0.0,1.0,0.0,1.0,0.0,1.0,0.0,0.0021553199985646643,0.00031137194240849386,3.932651899999473,0.4580021533519176,,0.0,,0.0,,0.0,,0.0,0.65,0.064885047926656,0.4916666666666666,0.07003223464154838,0.046650681478177934,0.028968651571701247,0.026492821250061145,0.0018544751394672637,,0.0,,0.0,,0.0,,0.0,,0.0,,0.0,,0.0,,0.0
digits_1_vs_7,hybrid_always_trigger_full_light_logreg,hybrid_always_trigger_full_light,logreg,4,16,2.0,1.1,full_light,always_trigger,5,1.0,0.0,1.0,0.0,1.0,0.0,1.0,0.0,0.0022127200005343183,0.0004307723723825613,28.279354559999774,2.0492733156369765,,0.0,,0.0,,0.0,,0.0,1.0,0.0,0.6749999999999999,0.14021932225386533,0.047499113235242404,0.029053505261702934,0.17731409125014277,0.013336280189511987,,0.0,,0.0,,0.0,,0.0,,0.0,,0.0,,0.0,,0.0
digits_1_vs_7,hybrid_always_trigger_qnn_exploratory_logreg,hybrid_always_trigger_qnn_exploratory,logreg,4,16,2.0,1.1,qnn_exploratory,always_trigger,5,1.0,0.0,1.0,0.0,1.0,0.0,1.0,0.0,0.0022941800008993594,0.00034634150233161403,60.35072472000029,8.473629663007618,,0.0,,0.0,,0.0,,0.0,1.0,0.0,0.6541666666666666,0.10269797953221865,0.04849193166593067,0.02810747153001623,0.384794109166584,0.053911270404436995,,0.0,,0.0,,0.0,,0.0,,0.0,,0.0,,0.0,,0.0
digits_1_vs_7,hybrid_always_trigger_qnn_oriented_logreg,hybrid_always_trigger_qnn_oriented,logreg,4,16,2.0,1.1,qnn_oriented,always_trigger,5,1.0,0.0,1.0,0.0,1.0,0.0,1.0,0.0,0.0021966400017845444,0.0004331048637184771,52.68368623999995,7.356960432161252,,0.0,,0.0,,0.0,,0.0,1.0,0.0,0.6791666666666666,0.11180339887498948,0.04806750785742074,0.028646734343015103,0.3356430800001969,0.03411257375467695,,0.0,,0.0,,0.0,,0.0,,0.0,,0.0,,0.0,,0.0
digits_1_vs_7,hybrid_always_trigger_residual_only_logreg,hybrid_always_trigger_residual_only,logreg,4,16,2.0,1.1,residual_only,always_trigger,5,1.0,0.0,1.0,0.0,1.0,0.0,1.0,0.0,0.002098740001383703,0.0001899213581050175,7.058213799999794,0.49031450950857963,,0.0,,0.0,,0.0,,0.0,1.0,0.0,0.7374999999999999,0.07739239842086129,0.04665068147705639,0.028968651572218816,0.04609544499990079,0.0036510341446202785,,0.0,,0.0,,0.0,,0.0,,0.0,,0.0,,0.0,,0.0
digits_1_vs_7,hybrid_qnn_lenient_full_light_logreg,hybrid_qnn_lenient_full_light,logreg,4,16,2.0,1.1,full_light,qnn_lenient,5,1.0,0.0,1.0,0.0,1.0,0.0,1.0,0.0,0.0020458200000575744,0.00030806543254624714,28.211612560000503,2.059496785732661,,0.0,,0.0,,0.0,,0.0,1.0,0.0,0.6791666666666666,0.14021932225386533,0.04749911323524431,0.02905350526170179,0.17644989666647842,0.013608796822227678,,0.0,,0.0,,0.0,,0.0,,0.0,,0.0,,0.0,,0.0
digits_1_vs_7,hybrid_qnn_lenient_qnn_exploratory_logreg,hybrid_qnn_lenient_qnn_exploratory,logreg,4,16,2.0,1.1,qnn_exploratory,qnn_lenient,5,1.0,0.0,1.0,0.0,1.0,0.0,1.0,0.0,0.0021401000005425884,0.00045218075456677484,60.15991066000133,8.529301321366562,,0.0,,0.0,,0.0,,0.0,1.0,0.0,0.6541666666666666,0.10269797953221865,0.04849193166593067,0.02810747153001623,0.3831318766663572,0.0536501716730074,,0.0,,0.0,,0.0,,0.0,,0.0,,0.0,,0.0,,0.0
digits_1_vs_7,hybrid_qnn_lenient_qnn_oriented_logreg,hybrid_qnn_lenient_qnn_oriented,logreg,4,16,2.0,1.1,qnn_oriented,qnn_lenient,5,1.0,0.0,1.0,0.0,1.0,0.0,1.0,0.0,0.002349780002259649,0.0004444434701083952,52.80926773999963,7.5349928829315855,,0.0,,0.0,,0.0,,0.0,1.0,0.0,0.6833333333333333,0.1154324598099589,0.048436146025170386,0.029259749339926044,0.33755570833321447,0.03592469315157602,,0.0,,0.0,,0.0,,0.0,,0.0,,0.0,,0.0,,0.0
digits_1_vs_7,hybrid_standard_full_light_logreg,hybrid_standard_full_light,logreg,4,16,2.0,1.1,full_light,standard,5,1.0,0.0,1.0,0.0,1.0,0.0,1.0,0.0,0.002277340000728145,0.0007494431585209965,8.228880460002983,2.630766494940685,,0.0,,0.0,,0.0,,0.0,0.3791666666666667,0.07569125885243728,0.2416666666666667,0.07878196000495433,0.04750092694332696,0.029038098528899936,0.05334815499988205,0.013988100381590431,,0.0,,0.0,,0.0,,0.0,,0.0,,0.0,,0.0,,0.0
digits_1_vs_7,hybrid_standard_qnn_exploratory_logreg,hybrid_standard_qnn_exploratory,logreg,4,16,2.0,1.1,qnn_exploratory,standard,5,1.0,0.0,1.0,0.0,1.0,0.0,1.0,0.0,0.0023815600012312642,0.00027555499154584696,14.373274520000269,5.535700429598853,,0.0,,0.0,,0.0,,0.0,0.3791666666666667,0.07569125885243728,0.225,0.07711148134717394,0.04881630795997334,0.027768632507845142,0.08982404000013655,0.02341748021386588,,0.0,,0.0,,0.0,,0.0,,0.0,,0.0,,0.0,,0.0
digits_1_vs_7,hybrid_standard_qnn_oriented_logreg,hybrid_standard_qnn_oriented,logreg,4,16,2.0,1.1,qnn_oriented,standard,5,1.0,0.0,1.0,0.0,1.0,0.0,1.0,0.0,0.0022509400005219504,0.000386033088317886,12.696581600002537,4.871593996765855,,0.0,,0.0,,0.0,,0.0,0.3791666666666667,0.07569125885243728,0.22916666666666666,0.08715208609729955,0.048396599230411945,0.02826987168357045,0.08309077333315144,0.024372518631564387,,0.0,,0.0,,0.0,,0.0,,0.0,,0.0,,0.0,,0.0
digits_1_vs_7,hybrid_standard_residual_only_logreg,hybrid_standard_residual_only,logreg,4,16,2.0,1.1,residual_only,standard,5,1.0,0.0,1.0,0.0,1.0,0.0,1.0,0.0,0.002022239996585995,0.0003634212062762851,1.829425839999749,0.6289510679918937,,0.0,,0.0,,0.0,,0.0,0.3791666666666667,0.07569125885243728,0.2791666666666667,0.09838099127597996,0.046650681478730686,0.02896865157172141,0.01178638208311895,0.0035251056693154327,,0.0,,0.0,,0.0,,0.0,,0.0,,0.0,,0.0,,0.0
digits_1_vs_7,implicit_zero_logreg,implicit_zero,logreg,4,16,2.0,1.1,full_balanced,standard,5,1.0,0.0,1.0,0.0,1.0,0.0,1.0,0.0,0.0024181600034353322,0.0002932292406583855,0.04963510000088718,0.0021685015343431953,0.65,0.07850601533923653,0.05694765512039485,0.03145200705714592,35.28333333333334,3.041295639471222,0.1389133657203585,0.01739186388064104,,0.0,,0.0,,0.0,,0.0,,0.0,,0.0,,0.0,,0.0,,0.0,,0.0,,0.0,,0.0
digits_1_vs_7,pca_logreg,pca,logreg,4,16,2.0,1.1,full_balanced,standard,5,1.0,0.0,1.0,0.0,1.0,0.0,1.0,0.0,0.001592880001408048,0.00021275905659697299,,0.0,,0.0,,0.0,,0.0,,0.0,,0.0,,0.0,,0.0,,0.0,,0.0,,0.0,,0.0,,0.0,,0.0,,0.0,,0.0,,0.0
digits_1_vs_7,pca_mlp,pca,mlp,4,16,2.0,1.1,full_balanced,standard,5,1.0,0.0,1.0,0.0,1.0,0.0,1.0,0.0,0.0444078000029549,0.003618737180097894,,0.0,,0.0,,0.0,,0.0,,0.0,,0.0,,0.0,,0.0,,0.0,,0.0,,0.0,,0.0,,0.0,,0.0,,0.0,,0.0,,0.0
digits_1_vs_7,pca_qnn,pca,qnn,4,16,2.0,1.1,full_balanced,standard,5,1.0,0.0,1.0,0.0,1.0,0.0,1.0,0.0,44.650171359998055,0.8975586776826319,,0.0,,0.0,,0.0,,0.0,,0.0,,0.0,,0.0,,0.0,,0.0,,0.0,,0.0,,0.0,,0.0,,0.0,,0.0,,0.0,,0.0
digits_1_vs_7,forced_full_balanced_logreg,forced_full_balanced,logreg,4,16,2.0,1.1,full_balanced,standard,5,0.9958333333333332,0.009316949906249141,0.9958333333333333,0.009316949906249091,0.9957446808510639,0.009515182882977842,1.0,0.0,0.0022224600004847163,0.00027569546381525244,38.1258783799989,4.566417497314835,,0.0,,0.0,,0.0,,0.0,,0.0,,0.0,,0.0,,0.0,0.75,0.14358384116760647,0.05694765512039485,0.03145200705714592,0.10719906294192143,0.05178759656600659,0.050519368105936505,0.03371613167678479,35.28333333333334,3.041295639471222,17.916666666666664,3.6667554440010193,0.1389133657203585,0.01739186388064104,0.10135010330976783,0.03295600758461465
digits_1_vs_7,forced_no_detector_logreg,forced_no_detector,logreg,4,16,2.0,1.1,no_detector,standard,5,0.9958333333333332,0.009316949906249141,0.9958333333333333,0.009316949906249091,0.9957446808510639,0.009515182882977842,1.0,0.0,0.002171620000444818,0.0002715887853053195,14.640908479999052,1.6243456741775755,,0.0,,0.0,,0.0,,0.0,,0.0,,0.0,,0.0,,0.0,0.7458333333333333,0.14006446928309677,0.05694765512039485,0.03145200705714592,0.10383926537096391,0.041975665875743674,0.050116654414661045,0.03406691805796941,35.28333333333334,3.041295639471222,18.029166666666665,3.7739857909112473,0.1389133657203585,0.01739186388064104,0.10241498564920422,0.031232480147769675
digits_1_vs_7,hybrid_aggressive_full_balanced_logreg,hybrid_aggressive_full_balanced,logreg,4,16,2.0,1.1,full_balanced,aggressive,5,0.9958333333333332,0.009316949906249141,0.9958333333333333,0.009316949906249091,0.9957446808510639,0.009515182882977842,1.0,0.0,0.002177720000327099,0.00023841683588823304,22.107802520001133,2.9250380428083522,,0.0,,0.0,,0.0,,0.0,0.65,0.064885047926656,0.4416666666666666,0.08254838648399562,0.05065269364660886,0.03374515279382138,0.15255800500017355,0.021582863397708225,,0.0,,0.0,,0.0,,0.0,,0.0,,0.0,,0.0,,0.0
digits_1_vs_7,hybrid_aggressive_no_detector_logreg,hybrid_aggressive_no_detector,logreg,4,16,2.0,1.1,no_detector,aggressive,5,0.9958333333333332,0.009316949906249141,0.9958333333333333,0.009316949906249091,0.9957446808510639,0.009515182882977842,1.0,0.0,0.0025208600010955705,0.0002535953324828804,8.479218859999673,1.1129562143807432,,0.0,,0.0,,0.0,,0.0,0.65,0.064885047926656,0.45,0.06846531968814579,0.05021070517226225,0.03410756726259802,0.05733600000003207,0.007942686585910044,,0.0,,0.0,,0.0,,0.0,,0.0,,0.0,,0.0,,0.0
digits_1_vs_7,hybrid_always_trigger_full_balanced_logreg,hybrid_always_trigger_full_balanced,logreg,4,16,2.0,1.1,full_balanced,always_trigger,5,0.9958333333333332,0.009316949906249141,0.9958333333333333,0.009316949906249091,0.9957446808510639,0.009515182882977842,1.0,0.0,0.002113080001436174,0.0001258882113853106,38.12792286000185,4.335863649013364,,0.0,,0.0,,0.0,,0.0,1.0,0.0,0.6583333333333333,0.10163592431375389,0.050652321000063914,0.033746180963704596,0.24229977083332416,0.025531879440079862,,0.0,,0.0,,0.0,,0.0,,0.0,,0.0,,0.0,,0.0
digits_1_vs_7,hybrid_always_trigger_no_detector_logreg,hybrid_always_trigger_no_detector,logreg,4,16,2.0,1.1,no_detector,always_trigger,5,0.9958333333333332,0.009316949906249141,0.9958333333333333,0.009316949906249091,0.9957446808510639,0.009515182882977842,1.0,0.0,0.002182200000970624,0.0003374991749531411,14.656614960001026,1.6916584188424189,,0.0,,0.0,,0.0,,0.0,1.0,0.0,0.6666666666666667,0.10724614730194791,0.0502107051714238,0.03410756726288853,0.09239826624992323,0.009953435431754275,,0.0,,0.0,,0.0,,0.0,,0.0,,0.0,,0.0,,0.0
digits_1_vs_7,hybrid_qnn_lenient_full_balanced_logreg,hybrid_qnn_lenient_full_balanced,logreg,4,16,2.0,1.1,full_balanced,qnn_lenient,5,0.9958333333333332,0.009316949906249141,0.9958333333333333,0.009316949906249091,0.9957446808510639,0.009515182882977842,1.0,0.0,0.0020940599992172793,0.00030694130284969175,38.1665450600005,4.233634774529068,,0.0,,0.0,,0.0,,0.0,1.0,0.0,0.6625,0.10353978033157647,0.05065232100006638,0.033746180963702244,0.2430432133335671,0.024543239662409202,,0.0,,0.0,,0.0,,0.0,,0.0,,0.0,,0.0,,0.0
digits_1_vs_7,hybrid_qnn_lenient_no_detector_logreg,hybrid_qnn_lenient_no_detector,logreg,4,16,2.0,1.1,no_detector,qnn_lenient,5,0.9958333333333332,0.009316949906249141,0.9958333333333333,0.009316949906249091,0.9957446808510639,0.009515182882977842,1.0,0.0,0.002201539999805391,0.0002694590194831422,14.625215220000246,1.6343092654278153,,0.0,,0.0,,0.0,,0.0,1.0,0.0,0.6666666666666667,0.10724614730194791,0.0502107051714238,0.03410756726288853,0.09198698833339827,0.009489096175617828,,0.0,,0.0,,0.0,,0.0,,0.0,,0.0,,0.0,,0.0
digits_1_vs_7,hybrid_qnn_lenient_residual_only_logreg,hybrid_qnn_lenient_residual_only,logreg,4,16,2.0,1.1,residual_only,qnn_lenient,5,0.9958333333333332,0.009316949906249141,0.9958333333333333,0.009316949906249091,0.9957446808510639,0.009515182882977844,1.0,0.0,0.0022688400000333785,0.0004088762363640645,6.989917859998241,0.5992417836155088,,0.0,,0.0,,0.0,,0.0,1.0,0.0,0.7416666666666666,0.07878196000495434,0.04676996600913037,0.028857863269312802,0.044427882083042894,0.003502737085919933,,0.0,,0.0,,0.0,,0.0,,0.0,,0.0,,0.0,,0.0
digits_1_vs_7,hybrid_standard_full_balanced_logreg,hybrid_standard_full_balanced,logreg,4,16,2.0,1.1,full_balanced,standard,5,0.9958333333333332,0.009316949906249141,0.9958333333333333,0.009316949906249091,0.9957446808510639,0.009515182882977842,1.0,0.0,0.002186599999549799,0.0003429481510641004,9.788041399998473,3.2830396214451865,,0.0,,0.0,,0.0,,0.0,0.3791666666666667,0.07569125885243728,0.22916666666666666,0.09660019266141359,0.05064853511198253,0.033740959554400464,0.06453208250037884,0.020524718656189617,,0.0,,0.0,,0.0,,0.0,,0.0,,0.0,,0.0,,0.0
digits_1_vs_7,hybrid_standard_no_detector_logreg,hybrid_standard_no_detector,logreg,4,16,2.0,1.1,no_detector,standard,5,0.9958333333333332,0.009316949906249141,0.9958333333333333,0.009316949906249091,0.9957446808510639,0.009515182882977842,1.0,0.0,0.0021890799995162523,0.00035339476232926843,3.7449033599972608,1.2173888051189734,,0.0,,0.0,,0.0,,0.0,0.3791666666666667,0.07569125885243728,0.2375,0.08014743359029727,0.05021070517278907,0.034107567262634746,0.024817787916617814,0.008143389979264674,,0.0,,0.0,,0.0,,0.0,,0.0,,0.0,,0.0,,0.0
digits_1_vs_7,pca_svm_rbf,pca,svm_rbf,4,16,2.0,1.1,full_balanced,standard,5,0.9958333333333332,0.009316949906249141,0.9958333333333333,0.009316949906249091,0.9957446808510639,0.009515182882977844,1.0,0.0,0.0011183000024175271,0.00015526884849732716,,0.0,,0.0,,0.0,,0.0,,0.0,,0.0,,0.0,,0.0,,0.0,,0.0,,0.0,,0.0,,0.0,,0.0,,0.0,,0.0,,0.0
digits_1_vs_7,forced_no_detector_svm_rbf,forced_no_detector,svm_rbf,4,16,2.0,1.1,no_detector,standard,5,0.9916666666666666,0.01141088661469098,0.9916666666666668,0.01141088661469092,0.9914893617021276,0.011653671436280147,1.0,0.0,0.001116460001503583,0.0001372718738836174,14.640908479999052,1.6243456741775755,,0.0,,0.0,,0.0,,0.0,,0.0,,0.0,,0.0,,0.0,0.7458333333333333,0.14006446928309677,0.05694765512039485,0.03145200705714592,0.10383926537096391,0.041975665875743674,0.050116654414661045,0.03406691805796941,35.28333333333334,3.041295639471222,18.029166666666665,3.7739857909112473,0.1389133657203585,0.01739186388064104,0.10241498564920422,0.031232480147769675
digits_1_vs_7,hybrid_always_trigger_no_detector_svm_rbf,hybrid_always_trigger_no_detector,svm_rbf,4,16,2.0,1.1,no_detector,always_trigger,5,0.9916666666666666,0.01141088661469098,0.9916666666666668,0.01141088661469092,0.9914893617021276,0.011653671436280147,1.0,0.0,0.0011694599990732968,0.00016420352663483,14.656614960001026,1.6916584188424189,,0.0,,0.0,,0.0,,0.0,1.0,0.0,0.6666666666666667,0.10724614730194791,0.0502107051714238,0.03410756726288853,0.09239826624992323,0.009953435431754275,,0.0,,0.0,,0.0,,0.0,,0.0,,0.0,,0.0,,0.0
digits_1_vs_7,hybrid_qnn_lenient_no_detector_svm_rbf,hybrid_qnn_lenient_no_detector,svm_rbf,4,16,2.0,1.1,no_detector,qnn_lenient,5,0.9916666666666666,0.01141088661469098,0.9916666666666668,0.01141088661469092,0.9914893617021276,0.011653671436280147,1.0,0.0,0.0012069999982486479,0.0002237246292445415,14.625215220000246,1.6343092654278153,,0.0,,0.0,,0.0,,0.0,1.0,0.0,0.6666666666666667,0.10724614730194791,0.0502107051714238,0.03410756726288853,0.09198698833339827,0.009489096175617828,,0.0,,0.0,,0.0,,0.0,,0.0,,0.0,,0.0,,0.0
digits_1_vs_7,forced_full_balanced_svm_rbf,forced_full_balanced,svm_rbf,4,16,2.0,1.1,full_balanced,standard,5,0.9916666666666666,0.01141088661469098,0.9916666666666668,0.01141088661469092,0.9914893617021276,0.011653671436280147,0.9993055555555556,0.0015528249843748982,0.001206239998282399,0.00020392205007877765,38.1258783799989,4.566417497314835,,0.0,,0.0,,0.0,,0.0,,0.0,,0.0,,0.0,,0.0,0.75,0.14358384116760647,0.05694765512039485,0.03145200705714592,0.10719906294192143,0.05178759656600659,0.050519368105936505,0.03371613167678479,35.28333333333334,3.041295639471222,17.916666666666664,3.6667554440010193,0.1389133657203585,0.01739186388064104,0.10135010330976783,0.03295600758461465
digits_1_vs_7,hybrid_always_trigger_full_balanced_svm_rbf,hybrid_always_trigger_full_balanced,svm_rbf,4,16,2.0,1.1,full_balanced,always_trigger,5,0.9916666666666666,0.01141088661469098,0.9916666666666668,0.01141088661469092,0.9914893617021276,0.011653671436280147,0.9993055555555556,0.0015528249843748982,0.0012562999996589496,0.00035635268486819443,38.12792286000185,4.335863649013364,,0.0,,0.0,,0.0,,0.0,1.0,0.0,0.6583333333333333,0.10163592431375389,0.050652321000063914,0.033746180963704596,0.24229977083332416,0.025531879440079862,,0.0,,0.0,,0.0,,0.0,,0.0,,0.0,,0.0,,0.0
digits_1_vs_7,hybrid_qnn_lenient_full_balanced_svm_rbf,hybrid_qnn_lenient_full_balanced,svm_rbf,4,16,2.0,1.1,full_balanced,qnn_lenient,5,0.9916666666666666,0.01141088661469098,0.9916666666666668,0.01141088661469092,0.9914893617021276,0.011653671436280147,0.9993055555555556,0.0015528249843748982,0.0011153399987961165,0.00011833954518825989,38.1665450600005,4.233634774529068,,0.0,,0.0,,0.0,,0.0,1.0,0.0,0.6625,0.10353978033157647,0.05065232100006638,0.033746180963702244,0.2430432133335671,0.024543239662409202,,0.0,,0.0,,0.0,,0.0,,0.0,,0.0,,0.0,,0.0
digits_1_vs_7,forced_qnn_exploratory_svm_rbf,forced_qnn_exploratory,svm_rbf,4,16,2.0,1.1,qnn_exploratory,standard,5,0.9875,0.01141088661469098,0.9875,0.01141088661469092,0.9872340425531914,0.011653671436280147,1.0,0.0,0.001267679999000393,0.00031983563393737474,60.49522685999837,8.782030805692067,,0.0,,0.0,,0.0,,0.0,,0.0,,0.0,,0.0,,0.0,0.7625000000000001,0.11180339887498947,0.05694765512039485,0.03145200705714592,0.09274072691594687,0.020038817788552998,0.04838263933745936,0.028091628468891117,35.28333333333334,3.041295639471222,15.741666666666665,2.9528117485241463,0.1389133657203585,0.01739186388064104,0.10347844837075382,0.024201682973110657
digits_1_vs_7,forced_full_light_svm_rbf,forced_full_light,svm_rbf,4,16,2.0,1.1,full_light,standard,5,0.9833333333333332,0.0174304172194599,0.9833333333333334,0.017430417219459926,0.9827937095282145,0.0181346633702548,1.0,0.0,0.0011143800016725435,0.0001352972715375669,28.075406200000725,2.3073392622666566,,0.0,,0.0,,0.0,,0.0,,0.0,,0.0,,0.0,,0.0,0.7583333333333333,0.1957668326805585,0.05694765512039485,0.03145200705714592,0.09815428651664732,0.04739378713185648,0.04739641836172103,0.028998059522481065,35.28333333333334,3.041295639471222,17.408333333333335,4.518543006631427,0.1389133657203585,0.01739186388064104,0.10736019853517502,0.03402598431364071
digits_1_vs_7,forced_qnn_oriented_svm_rbf,forced_qnn_oriented,svm_rbf,4,16,2.0,1.1,qnn_oriented,standard,5,0.9833333333333332,0.0174304172194599,0.9833333333333334,0.017430417219459926,0.9827937095282145,0.0181346633702548,1.0,0.0,0.0012227999992319382,0.00021010090082545604,51.92619990000094,7.508946465613228,,0.0,,0.0,,0.0,,0.0,,0.0,,0.0,,0.0,,0.0,0.7625,0.1462790806795163,0.05694765512039485,0.03145200705714592,0.09799735884663562,0.0348869763861512,0.04796817568859658,0.02861167652685023,35.28333333333334,3.041295639471222,15.945833333333331,3.0251262599912896,0.1389133657203585,0.01739186388064104,0.10508344328849761,0.028957263017615625
digits_1_vs_7,hybrid_always_trigger_full_light_svm_rbf,hybrid_always_trigger_full_light,svm_rbf,4,16,2.0,1.1,full_light,always_trigger,5,0.9833333333333332,0.0174304172194599,0.9833333333333334,0.017430417219459926,0.9827937095282145,0.0181346633702548,1.0,0.0,0.0012732000002870336,0.00034572575047967625,28.279354559999774,2.0492733156369765,,0.0,,0.0,,0.0,,0.0,1.0,0.0,0.6749999999999999,0.14021932225386533,0.047499113235242404,0.029053505261702934,0.17731409125014277,0.013336280189511987,,0.0,,0.0,,0.0,,0.0,,0.0,,0.0,,0.0,,0.0
digits_1_vs_7,hybrid_always_trigger_qnn_exploratory_svm_rbf,hybrid_always_trigger_qnn_exploratory,svm_rbf,4,16,2.0,1.1,qnn_exploratory,always_trigger,5,0.9833333333333332,0.0174304172194599,0.9833333333333334,0.017430417219459926,0.9827937095282145,0.0181346633702548,1.0,0.0,0.0011163599992869422,0.00013761843416355065,60.35072472000029,8.473629663007618,,0.0,,0.0,,0.0,,0.0,1.0,0.0,0.6541666666666666,0.10269797953221865,0.04849193166593067,0.02810747153001623,0.384794109166584,0.053911270404436995,,0.0,,0.0,,0.0,,0.0,,0.0,,0.0,,0.0,,0.0
digits_1_vs_7,hybrid_always_trigger_qnn_oriented_svm_rbf,hybrid_always_trigger_qnn_oriented,svm_rbf,4,16,2.0,1.1,qnn_oriented,always_trigger,5,0.9833333333333332,0.0174304172194599,0.9833333333333334,0.017430417219459926,0.9827937095282145,0.0181346633702548,1.0,0.0,0.001126600001589395,0.00014904870222620035,52.68368623999995,7.356960432161252,,0.0,,0.0,,0.0,,0.0,1.0,0.0,0.6791666666666666,0.11180339887498948,0.04806750785742074,0.028646734343015103,0.3356430800001969,0.03411257375467695,,0.0,,0.0,,0.0,,0.0,,0.0,,0.0,,0.0,,0.0
digits_1_vs_7,hybrid_qnn_lenient_full_light_svm_rbf,hybrid_qnn_lenient_full_light,svm_rbf,4,16,2.0,1.1,full_light,qnn_lenient,5,0.9833333333333332,0.0174304172194599,0.9833333333333334,0.017430417219459926,0.9827937095282145,0.0181346633702548,1.0,0.0,0.001245339999150019,0.0002589551940791434,28.211612560000503,2.059496785732661,,0.0,,0.0,,0.0,,0.0,1.0,0.0,0.6791666666666666,0.14021932225386533,0.04749911323524431,0.02905350526170179,0.17644989666647842,0.013608796822227678,,0.0,,0.0,,0.0,,0.0,,0.0,,0.0,,0.0,,0.0
digits_1_vs_7,hybrid_qnn_lenient_qnn_exploratory_svm_rbf,hybrid_qnn_lenient_qnn_exploratory,svm_rbf,4,16,2.0,1.1,qnn_exploratory,qnn_lenient,5,0.9833333333333332,0.0174304172194599,0.9833333333333334,0.017430417219459926,0.9827937095282145,0.0181346633702548,1.0,0.0,0.0011493199999677017,0.00016923775278965768,60.15991066000133,8.529301321366562,,0.0,,0.0,,0.0,,0.0,1.0,0.0,0.6541666666666666,0.10269797953221865,0.04849193166593067,0.02810747153001623,0.3831318766663572,0.0536501716730074,,0.0,,0.0,,0.0,,0.0,,0.0,,0.0,,0.0,,0.0
digits_1_vs_7,hybrid_qnn_lenient_qnn_oriented_svm_rbf,hybrid_qnn_lenient_qnn_oriented,svm_rbf,4,16,2.0,1.1,qnn_oriented,qnn_lenient,5,0.9833333333333332,0.0174304172194599,0.9833333333333334,0.017430417219459926,0.9827937095282145,0.0181346633702548,1.0,0.0,0.001228180002362933,0.00027976564674641664,52.80926773999963,7.5349928829315855,,0.0,,0.0,,0.0,,0.0,1.0,0.0,0.6833333333333333,0.1154324598099589,0.048436146025170386,0.029259749339926044,0.33755570833321447,0.03592469315157602,,0.0,,0.0,,0.0,,0.0,,0.0,,0.0,,0.0,,0.0
digits_1_vs_7,hybrid_standard_no_detector_qnn,hybrid_standard_no_detector,qnn,4,16,2.0,1.1,no_detector,standard,5,0.9833333333333332,0.0174304172194599,0.9833333333333334,0.017430417219459926,0.9829673960240897,0.018090037531656243,1.0,0.0,44.43542738000106,0.7874906307216961,3.7449033599972608,1.2173888051189734,,0.0,,0.0,,0.0,,0.0,0.3791666666666667,0.07569125885243728,0.2375,0.08014743359029727,0.05021070517278907,0.034107567262634746,0.024817787916617814,0.008143389979264674,,0.0,,0.0,,0.0,,0.0,,0.0,,0.0,,0.0,,0.0
digits_1_vs_7,hybrid_aggressive_no_detector_svm_rbf,hybrid_aggressive_no_detector,svm_rbf,4,16,2.0,1.1,no_detector,aggressive,5,0.9833333333333332,0.0174304172194599,0.9833333333333334,0.017430417219459926,0.9827937095282145,0.0181346633702548,0.9996527777777778,0.0007764124921873994,0.001118099999439437,0.0001261090996710323,8.479218859999673,1.1129562143807432,,0.0,,0.0,,0.0,,0.0,0.65,0.064885047926656,0.45,0.06846531968814579,0.05021070517226225,0.03410756726259802,0.05733600000003207,0.007942686585910044,,0.0,,0.0,,0.0,,0.0,,0.0,,0.0,,0.0,,0.0
digits_1_vs_7,hybrid_qnn_lenient_no_detector_qnn,hybrid_qnn_lenient_no_detector,qnn,4,16,2.0,1.1,no_detector,qnn_lenient,5,0.9833333333333334,0.0174304172194599,0.9833333333333334,0.017430417219459926,0.9827937095282147,0.0181346633702548,0.9996527777777778,0.0007764124921873994,44.416615040000764,1.174743535737758,14.625215220000246,1.6343092654278153,,0.0,,0.0,,0.0,,0.0,1.0,0.0,0.6666666666666667,0.10724614730194791,0.0502107051714238,0.03410756726288853,0.09198698833339827,0.009489096175617828,,0.0,,0.0,,0.0,,0.0,,0.0,,0.0,,0.0,,0.0
digits_1_vs_7,hybrid_standard_full_balanced_svm_rbf,hybrid_standard_full_balanced,svm_rbf,4,16,2.0,1.1,full_balanced,standard,5,0.9833333333333332,0.0174304172194599,0.9833333333333334,0.017430417219459926,0.9827937095282145,0.0181346633702548,0.9996527777777778,0.0007764124921873994,0.0012236800001119263,0.00024310182361923517,9.788041399998473,3.2830396214451865,,0.0,,0.0,,0.0,,0.0,0.3791666666666667,0.07569125885243728,0.22916666666666666,0.09660019266141359,0.05064853511198253,0.033740959554400464,0.06453208250037884,0.020524718656189617,,0.0,,0.0,,0.0,,0.0,,0.0,,0.0,,0.0,,0.0
digits_1_vs_7,hybrid_standard_no_detector_svm_rbf,hybrid_standard_no_detector,svm_rbf,4,16,2.0,1.1,no_detector,standard,5,0.9833333333333332,0.0174304172194599,0.9833333333333334,0.017430417219459926,0.9827937095282145,0.0181346633702548,0.9996527777777778,0.0007764124921873994,0.0011700600007316098,0.00013134836184695744,3.7449033599972608,1.2173888051189734,,0.0,,0.0,,0.0,,0.0,0.3791666666666667,0.07569125885243728,0.2375,0.08014743359029727,0.05021070517278907,0.034107567262634746,0.024817787916617814,0.008143389979264674,,0.0,,0.0,,0.0,,0.0,,0.0,,0.0,,0.0,,0.0
digits_1_vs_7,forced_residual_only_svm_rbf,forced_residual_only,svm_rbf,4,16,2.0,1.1,residual_only,standard,5,0.9833333333333332,0.0174304172194599,0.9833333333333334,0.017430417219459926,0.9827937095282145,0.0181346633702548,0.9993055555555556,0.0015528249843748982,0.0012289799982681871,0.00030374183443355714,6.985248939998565,0.5963361198461751,,0.0,,0.0,,0.0,,0.0,,0.0,,0.0,,0.0,,0.0,0.7916666666666666,0.10311973892303818,0.05694765512039485,0.03145200705714592,0.08606444429631764,0.027561717078060495,0.046573517890039544,0.028951263267313,35.28333333333334,3.041295639471222,11.029166666666669,1.979309205393527,0.1389133657203585,0.01739186388064104,0.11099067091174394,0.027450021901461518
digits_1_vs_7,hybrid_always_trigger_residual_only_svm_rbf,hybrid_always_trigger_residual_only,svm_rbf,4,16,2.0,1.1,residual_only,always_trigger,5,0.9833333333333332,0.0174304172194599,0.9833333333333334,0.017430417219459926,0.9827937095282145,0.0181346633702548,0.9993055555555556,0.0015528249843748982,0.001269020000472665,0.00024862452143557524,7.058213799999794,0.49031450950857963,,0.0,,0.0,,0.0,,0.0,1.0,0.0,0.7374999999999999,0.07739239842086129,0.04665068147705639,0.028968651572218816,0.04609544499990079,0.0036510341446202785,,0.0,,0.0,,0.0,,0.0,,0.0,,0.0,,0.0,,0.0
digits_1_vs_7,hybrid_aggressive_full_balanced_svm_rbf,hybrid_aggressive_full_balanced,svm_rbf,4,16,2.0,1.1,full_balanced,aggressive,5,0.9833333333333332,0.0174304172194599,0.9833333333333334,0.017430417219459926,0.9827937095282145,0.0181346633702548,0.998263888888889,0.0030070326520293383,0.001115739998931531,0.00012450089795146288,22.107802520001133,2.9250380428083522,,0.0,,0.0,,0.0,,0.0,0.65,0.064885047926656,0.4416666666666666,0.08254838648399562,0.05065269364660886,0.03374515279382138,0.15255800500017355,0.021582863397708225,,0.0,,0.0,,0.0,,0.0,,0.0,,0.0,,0.0,,0.0
digits_1_vs_7,hybrid_qnn_lenient_residual_only_svm_rbf,hybrid_qnn_lenient_residual_only,svm_rbf,4,16,2.0,1.1,residual_only,qnn_lenient,5,0.9833333333333332,0.0174304172194599,0.9833333333333334,0.017430417219459926,0.9827937095282145,0.0181346633702548,0.9979166666666668,0.0046584749531245456,0.0011103800003184005,0.00014133733389281488,6.989917859998241,0.5992417836155088,,0.0,,0.0,,0.0,,0.0,1.0,0.0,0.7416666666666666,0.07878196000495434,0.04676996600913037,0.028857863269312802,0.044427882083042894,0.003502737085919933,,0.0,,0.0,,0.0,,0.0,,0.0,,0.0,,0.0,,0.0
digits_1_vs_7,hybrid_aggressive_qnn_oriented_qnn,hybrid_aggressive_qnn_oriented,qnn,4,16,2.0,1.1,qnn_oriented,aggressive,5,0.9833333333333332,0.027163343355011034,0.9833333333333334,0.02716334335501103,0.9829787234042552,0.027741286830649563,0.9972222222222221,0.006211299937499444,44.840907279998646,0.7381162799944669,29.43655332000053,4.857918435061982,,0.0,,0.0,,0.0,,0.0,0.65,0.064885047926656,0.4541666666666667,0.09009061796016524,0.04805706355357311,0.028653319705789937,0.19938110875009446,0.025687020552984666,,0.0,,0.0,,0.0,,0.0,,0.0,,0.0,,0.0,,0.0
digits_1_vs_7,hybrid_aggressive_full_light_qnn,hybrid_aggressive_full_light,qnn,4,16,2.0,1.1,full_light,aggressive,5,0.9833333333333332,0.0174304172194599,0.9833333333333334,0.017430417219459926,0.9827937095282145,0.0181346633702548,0.9961805555555555,0.008540537414061642,44.44937510000018,0.6866962400958575,16.7007907399995,2.303414717231831,,0.0,,0.0,,0.0,,0.0,0.65,0.064885047926656,0.4458333333333334,0.06686169389950505,0.047133373004519905,0.02947273844140019,0.11098063083330392,0.008029032433721111,,0.0,,0.0,,0.0,,0.0,,0.0,,0.0,,0.0,,0.0
digits_1_vs_7,hybrid_standard_full_balanced_qnn,hybrid_standard_full_balanced,qnn,4,16,2.0,1.1,full_balanced,standard,5,0.9791666666666666,0.014731391274719726,0.9791666666666667,0.014731391274719766,0.9787120768751535,0.015381490453005542,1.0,0.0,44.3816833600009,0.716368350360533,9.788041399998473,3.2830396214451865,,0.0,,0.0,,0.0,,0.0,0.3791666666666667,0.07569125885243728,0.22916666666666666,0.09660019266141359,0.05064853511198253,0.033740959554400464,0.06453208250037884,0.020524718656189617,,0.0,,0.0,,0.0,,0.0,,0.0,,0.0,,0.0,,0.0
digits_1_vs_7,forced_no_detector_qnn,forced_no_detector,qnn,4,16,2.0,1.1,no_detector,standard,5,0.9791666666666666,0.014731391274719726,0.9791666666666667,0.014731391274719766,0.9787120768751535,0.015381490453005542,0.9996527777777778,0.0007764124921873994,44.605023319997414,0.7149289381828124,14.640908479999052,1.6243456741775755,,0.0,,0.0,,0.0,,0.0,,0.0,,0.0,,0.0,,0.0,0.7458333333333333,0.14006446928309677,0.05694765512039485,0.03145200705714592,0.10383926537096391,0.041975665875743674,0.050116654414661045,0.03406691805796941,35.28333333333334,3.041295639471222,18.029166666666665,3.7739857909112473,0.1389133657203585,0.01739186388064104,0.10241498564920422,0.031232480147769675
digits_1_vs_7,hybrid_always_trigger_no_detector_qnn,hybrid_always_trigger_no_detector,qnn,4,16,2.0,1.1,no_detector,always_trigger,5,0.9791666666666666,0.014731391274719726,0.9791666666666667,0.014731391274719766,0.9787120768751535,0.015381490453005542,0.9996527777777778,0.0007764124921873994,44.288887920000704,0.6126300733081005,14.656614960001026,1.6916584188424189,,0.0,,0.0,,0.0,,0.0,1.0,0.0,0.6666666666666667,0.10724614730194791,0.0502107051714238,0.03410756726288853,0.09239826624992323,0.009953435431754275,,0.0,,0.0,,0.0,,0.0,,0.0,,0.0,,0.0,,0.0
digits_1_vs_7,implicit_zero_svm_rbf,implicit_zero,svm_rbf,4,16,2.0,1.1,full_balanced,standard,5,0.9791666666666666,0.014731391274719726,0.9791666666666667,0.014731391274719766,0.9785383903792784,0.015373974031853626,0.9996527777777778,0.0007764124921873994,0.001403520000167191,0.00024233933096652006,0.04963510000088718,0.0021685015343431953,0.65,0.07850601533923653,0.05694765512039485,0.03145200705714592,35.28333333333334,3.041295639471222,0.1389133657203585,0.01739186388064104,,0.0,,0.0,,0.0,,0.0,,0.0,,0.0,,0.0,,0.0,,0.0,,0.0,,0.0,,0.0
digits_1_vs_7,forced_full_balanced_qnn,forced_full_balanced,qnn,4,16,2.0,1.1,full_balanced,standard,5,0.9791666666666666,0.02551551815399144,0.9791666666666667,0.02551551815399144,0.979418150238819,0.024997810439903154,0.9993055555555556,0.0015528249843748982,44.57564889999776,0.639170410778612,38.1258783799989,4.566417497314835,,0.0,,0.0,,0.0,,0.0,,0.0,,0.0,,0.0,,0.0,0.75,0.14358384116760647,0.05694765512039485,0.03145200705714592,0.10719906294192143,0.05178759656600659,0.050519368105936505,0.03371613167678479,35.28333333333334,3.041295639471222,17.916666666666664,3.6667554440010193,0.1389133657203585,0.01739186388064104,0.10135010330976783,0.03295600758461465
digits_1_vs_7,forced_qnn_oriented_qnn,forced_qnn_oriented,qnn,4,16,2.0,1.1,qnn_oriented,standard,5,0.9791666666666666,0.014731391274719726,0.9791666666666667,0.014731391274719726,0.9789007092198581,0.01473339178052639,0.9986111111111111,0.0019018144357818504,44.72884849999973,0.823736680477559,51.92619990000094,7.508946465613228,,0.0,,0.0,,0.0,,0.0,,0.0,,0.0,,0.0,,0.0,0.7625,0.1462790806795163,0.05694765512039485,0.03145200705714592,0.09799735884663562,0.0348869763861512,0.04796817568859658,0.02861167652685023,35.28333333333334,3.041295639471222,15.945833333333331,3.0251262599912896,0.1389133657203585,0.01739186388064104,0.10508344328849761,0.028957263017615625
digits_1_vs_7,hybrid_standard_qnn_exploratory_qnn,hybrid_standard_qnn_exploratory,qnn,4,16,2.0,1.1,qnn_exploratory,standard,5,0.9791666666666666,0.02551551815399144,0.9791666666666667,0.02551551815399144,0.979244463742944,0.024999318876450502,0.9961805555555555,0.007607257743127333,44.79459487999848,0.6799066401460144,14.373274520000269,5.535700429598853,,0.0,,0.0,,0.0,,0.0,0.3791666666666667,0.07569125885243728,0.225,0.07711148134717394,0.04881630795997334,0.027768632507845142,0.08982404000013655,0.02341748021386588,,0.0,,0.0,,0.0,,0.0,,0.0,,0.0,,0.0,,0.0
digits_1_vs_7,hybrid_standard_full_light_svm_rbf,hybrid_standard_full_light,svm_rbf,4,16,2.0,1.1,full_light,standard,5,0.9791666666666667,0.020833333333333315,0.9791666666666666,0.02083333333333337,0.9783533765032377,0.021740114528870366,0.9996527777777778,0.0007764124921873994,0.0012049399985698984,0.0002198396412163578,8.228880460002983,2.630766494940685,,0.0,,0.0,,0.0,,0.0,0.3791666666666667,0.07569125885243728,0.2416666666666667,0.07878196000495433,0.04750092694332696,0.029038098528899936,0.05334815499988205,0.013988100381590431,,0.0,,0.0,,0.0,,0.0,,0.0,,0.0,,0.0,,0.0
digits_1_vs_7,hybrid_standard_qnn_exploratory_svm_rbf,hybrid_standard_qnn_exploratory,svm_rbf,4,16,2.0,1.1,qnn_exploratory,standard,5,0.9791666666666667,0.020833333333333315,0.9791666666666666,0.02083333333333337,0.9783533765032377,0.021740114528870366,0.9996527777777778,0.0007764124921873994,0.0011522999993758276,0.00012928362365091254,14.373274520000269,5.535700429598853,,0.0,,0.0,,0.0,,0.0,0.3791666666666667,0.07569125885243728,0.225,0.07711148134717394,0.04881630795997334,0.027768632507845142,0.08982404000013655,0.02341748021386588,,0.0,,0.0,,0.0,,0.0,,0.0,,0.0,,0.0,,0.0
digits_1_vs_7,hybrid_standard_qnn_oriented_svm_rbf,hybrid_standard_qnn_oriented,svm_rbf,4,16,2.0,1.1,qnn_oriented,standard,5,0.9791666666666667,0.020833333333333315,0.9791666666666666,0.02083333333333337,0.9783533765032377,0.021740114528870366,0.9996527777777778,0.0007764124921873994,0.0011306800006423146,0.00012673808312557532,12.696581600002537,4.871593996765855,,0.0,,0.0,,0.0,,0.0,0.3791666666666667,0.07569125885243728,0.22916666666666666,0.08715208609729955,0.048396599230411945,0.02826987168357045,0.08309077333315144,0.024372518631564387,,0.0,,0.0,,0.0,,0.0,,0.0,,0.0,,0.0,,0.0
digits_1_vs_7,hybrid_standard_full_light_qnn,hybrid_standard_full_light,qnn,4,16,2.0,1.1,full_light,standard,5,0.9791666666666667,0.020833333333333315,0.9791666666666666,0.02083333333333337,0.9783533765032377,0.021740114528870366,0.9989583333333332,0.0023292374765622975,44.751415699998326,0.7452325348976891,8.228880460002983,2.630766494940685,,0.0,,0.0,,0.0,,0.0,0.3791666666666667,0.07569125885243728,0.2416666666666667,0.07878196000495433,0.04750092694332696,0.029038098528899936,0.05334815499988205,0.013988100381590431,,0.0,,0.0,,0.0,,0.0,,0.0,,0.0,,0.0,,0.0
digits_1_vs_7,hybrid_always_trigger_qnn_oriented_qnn,hybrid_always_trigger_qnn_oriented,qnn,4,16,2.0,1.1,qnn_oriented,always_trigger,5,0.975,0.017430417219459884,0.9750000000000002,0.0174304172194599,0.974822695035461,0.017379052396494173,0.9975694444444445,0.003384303591947571,44.821875559999896,1.0603753323387142,52.68368623999995,7.356960432161252,,0.0,,0.0,,0.0,,0.0,1.0,0.0,0.6791666666666666,0.11180339887498948,0.04806750785742074,0.028646734343015103,0.3356430800001969,0.03411257375467695,,0.0,,0.0,,0.0,,0.0,,0.0,,0.0,,0.0,,0.0
digits_1_vs_7,hybrid_qnn_lenient_qnn_oriented_qnn,hybrid_qnn_lenient_qnn_oriented,qnn,4,16,2.0,1.1,qnn_oriented,qnn_lenient,5,0.975,0.017430417219459884,0.9750000000000002,0.0174304172194599,0.974822695035461,0.017379052396494173,0.9975694444444445,0.003384303591947571,44.775029460000226,0.9267991851544377,52.80926773999963,7.5349928829315855,,0.0,,0.0,,0.0,,0.0,1.0,0.0,0.6833333333333333,0.1154324598099589,0.048436146025170386,0.029259749339926044,0.33755570833321447,0.03592469315157602,,0.0,,0.0,,0.0,,0.0,,0.0,,0.0,,0.0,,0.0
digits_1_vs_7,forced_qnn_exploratory_qnn,forced_qnn_exploratory,qnn,4,16,2.0,1.1,qnn_exploratory,standard,5,0.975,0.022821773229381913,0.9750000000000002,0.022821773229381927,0.9744680851063829,0.023307342872560245,0.9972222222222221,0.003153802452184928,45.54352677999996,0.484244234868238,60.49522685999837,8.782030805692067,,0.0,,0.0,,0.0,,0.0,,0.0,,0.0,,0.0,,0.0,0.7625000000000001,0.11180339887498947,0.05694765512039485,0.03145200705714592,0.09274072691594687,0.020038817788552998,0.04838263933745936,0.028091628468891117,35.28333333333334,3.041295639471222,15.741666666666665,2.9528117485241463,0.1389133657203585,0.01739186388064104,0.10347844837075382,0.024201682973110657
digits_1_vs_7,hybrid_aggressive_full_light_svm_rbf,hybrid_aggressive_full_light,svm_rbf,4,16,2.0,1.1,full_light,aggressive,5,0.975,0.017430417219459884,0.975,0.01743041721945995,0.9740980573543017,0.018245220095574468,0.9996527777777778,0.0007764124921873994,0.001122099997883197,0.00011700344006528442,16.7007907399995,2.303414717231831,,0.0,,0.0,,0.0,,0.0,0.65,0.064885047926656,0.4458333333333334,0.06686169389950505,0.047133373004519905,0.02947273844140019,0.11098063083330392,0.008029032433721111,,0.0,,0.0,,0.0,,0.0,,0.0,,0.0,,0.0,,0.0
digits_1_vs_7,hybrid_aggressive_qnn_exploratory_svm_rbf,hybrid_aggressive_qnn_exploratory,svm_rbf,4,16,2.0,1.1,qnn_exploratory,aggressive,5,0.975,0.017430417219459884,0.975,0.01743041721945995,0.9740980573543017,0.018245220095574468,0.9996527777777778,0.0007764124921873994,0.0011530999996466561,9.678439799123812e-05,33.419067619999986,4.969496814414743,,0.0,,0.0,,0.0,,0.0,0.65,0.064885047926656,0.4333333333333334,0.06488504792665598,0.04879071783998906,0.02778025833170919,0.2225366325001839,0.021865766057986624,,0.0,,0.0,,0.0,,0.0,,0.0,,0.0,,0.0,,0.0
digits_1_vs_7,hybrid_aggressive_qnn_oriented_svm_rbf,hybrid_aggressive_qnn_oriented,svm_rbf,4,16,2.0,1.1,qnn_oriented,aggressive,5,0.975,0.017430417219459884,0.975,0.01743041721945995,0.9740980573543017,0.018245220095574468,0.9996527777777778,0.0007764124921873994,0.0012485999977798201,0.0002599327511227525,29.43655332000053,4.857918435061982,,0.0,,0.0,,0.0,,0.0,0.65,0.064885047926656,0.4541666666666667,0.09009061796016524,0.04805706355357311,0.028653319705789937,0.19938110875009446,0.025687020552984666,,0.0,,0.0,,0.0,,0.0,,0.0,,0.0,,0.0,,0.0
digits_1_vs_7,hybrid_qnn_lenient_full_balanced_qnn,hybrid_qnn_lenient_full_balanced,qnn,4,16,2.0,1.1,full_balanced,qnn_lenient,5,0.975,0.027163343355011027,0.975,0.02716334335501105,0.9748041307179672,0.027006164579168785,0.9993055555555556,0.0015528249843748982,44.0026870599977,0.6266579504855719,38.1665450600005,4.233634774529068,,0.0,,0.0,,0.0,,0.0,1.0,0.0,0.6625,0.10353978033157647,0.05065232100006638,0.033746180963702244,0.2430432133335671,0.024543239662409202,,0.0,,0.0,,0.0,,0.0,,0.0,,0.0,,0.0,,0.0
digits_1_vs_7,hybrid_aggressive_full_balanced_qnn,hybrid_aggressive_full_balanced,qnn,4,16,2.0,1.1,full_balanced,aggressive,5,0.975,0.022821773229381902,0.975,0.022821773229381944,0.9742753623188406,0.023494917154889078,0.9989583333333332,0.0015528249843748858,44.25724439999904,0.8656591195214003,22.107802520001133,2.9250380428083522,,0.0,,0.0,,0.0,,0.0,0.65,0.064885047926656,0.4416666666666666,0.08254838648399562,0.05065269364660886,0.03374515279382138,0.15255800500017355,0.021582863397708225,,0.0,,0.0,,0.0,,0.0,,0.0,,0.0,,0.0,,0.0
digits_1_vs_7,hybrid_standard_residual_only_svm_rbf,hybrid_standard_residual_only,svm_rbf,4,16,2.0,1.1,residual_only,standard,5,0.975,0.017430417219459884,0.975,0.01743041721945995,0.9740980573543017,0.018245220095574468,0.9989583333333332,0.0015528249843748858,0.0012347199997748248,0.00024120819203510112,1.829425839999749,0.6289510679918937,,0.0,,0.0,,0.0,,0.0,0.3791666666666667,0.07569125885243728,0.2791666666666667,0.09838099127597996,0.046650681478730686,0.02896865157172141,0.01178638208311895,0.0035251056693154327,,0.0,,0.0,,0.0,,0.0,,0.0,,0.0,,0.0,,0.0
digits_1_vs_7,hybrid_aggressive_residual_only_svm_rbf,hybrid_aggressive_residual_only,svm_rbf,4,16,2.0,1.1,residual_only,aggressive,5,0.975,0.017430417219459884,0.975,0.01743041721945995,0.9740980573543017,0.018245220095574468,0.9986111111111111,0.002263611946250933,0.0012942199988174251,0.0003172349088855466,3.932651899999473,0.4580021533519176,,0.0,,0.0,,0.0,,0.0,0.65,0.064885047926656,0.4916666666666666,0.07003223464154838,0.046650681478177934,0.028968651571701247,0.026492821250061145,0.0018544751394672637,,0.0,,0.0,,0.0,,0.0,,0.0,,0.0,,0.0,,0.0
digits_1_vs_7,hybrid_aggressive_no_detector_qnn,hybrid_aggressive_no_detector,qnn,4,16,2.0,1.1,no_detector,aggressive,5,0.9708333333333334,0.018633899812498224,0.9708333333333334,0.018633899812498276,0.9700200431699045,0.019206339554985713,0.9993055555555556,0.0009509072178908796,44.92632330000051,0.599767879848369,8.479218859999673,1.1129562143807432,,0.0,,0.0,,0.0,,0.0,0.65,0.064885047926656,0.45,0.06846531968814579,0.05021070517226225,0.03410756726259802,0.05733600000003207,0.007942686585910044,,0.0,,0.0,,0.0,,0.0,,0.0,,0.0,,0.0,,0.0
digits_1_vs_7,hybrid_always_trigger_full_balanced_qnn,hybrid_always_trigger_full_balanced,qnn,4,16,2.0,1.1,full_balanced,always_trigger,5,0.9708333333333334,0.023753654689565366,0.9708333333333334,0.023753654689565397,0.9707224980649058,0.023569701820139972,0.9993055555555556,0.0015528249843748982,43.993007319998284,0.7486537774948265,38.12792286000185,4.335863649013364,,0.0,,0.0,,0.0,,0.0,1.0,0.0,0.6583333333333333,0.10163592431375389,0.050652321000063914,0.033746180963704596,0.24229977083332416,0.025531879440079862,,0.0,,0.0,,0.0,,0.0,,0.0,,0.0,,0.0,,0.0
digits_1_vs_7,hybrid_aggressive_residual_only_qnn,hybrid_aggressive_residual_only,qnn,4,16,2.0,1.1,residual_only,aggressive,5,0.9708333333333334,0.027950849718747364,0.9708333333333332,0.027950849718747388,0.9698427382053654,0.028756120566222215,0.996875,0.006987712429686843,44.79872594000335,0.6053789265482816,3.932651899999473,0.4580021533519176,,0.0,,0.0,,0.0,,0.0,0.65,0.064885047926656,0.4916666666666666,0.07003223464154838,0.046650681478177934,0.028968651571701247,0.026492821250061145,0.0018544751394672637,,0.0,,0.0,,0.0,,0.0,,0.0,,0.0,,0.0,,0.0
digits_1_vs_7,forced_residual_only_qnn,forced_residual_only,qnn,4,16,2.0,1.1,residual_only,standard,5,0.9666666666666668,0.011410886614690922,0.9666666666666668,0.01141088661469102,0.9657647240209684,0.01185269899387727,0.9958333333333332,0.003996827928201847,44.309476399999404,0.4223723474553675,6.985248939998565,0.5963361198461751,,0.0,,0.0,,0.0,,0.0,,0.0,,0.0,,0.0,,0.0,0.7916666666666666,0.10311973892303818,0.05694765512039485,0.03145200705714592,0.08606444429631764,0.027561717078060495,0.046573517890039544,0.028951263267313,35.28333333333334,3.041295639471222,11.029166666666669,1.979309205393527,0.1389133657203585,0.01739186388064104,0.11099067091174394,0.027450021901461518
digits_1_vs_7,hybrid_standard_qnn_oriented_qnn,hybrid_standard_qnn_oriented,qnn,4,16,2.0,1.1,qnn_oriented,standard,5,0.9666666666666668,0.023753654689565366,0.9666666666666666,0.023753654689565397,0.966977817213842,0.02346789118702262,0.9979166666666666,0.0028527216536727604,44.42017217999819,1.0261102244489027,12.696581600002537,4.871593996765855,,0.0,,0.0,,0.0,,0.0,0.3791666666666667,0.07569125885243728,0.22916666666666666,0.08715208609729955,0.048396599230411945,0.02826987168357045,0.08309077333315144,0.024372518631564387,,0.0,,0.0,,0.0,,0.0,,0.0,,0.0,,0.0,,0.0
digits_1_vs_7,implicit_zero_qnn,implicit_zero,qnn,4,16,2.0,1.1,full_balanced,standard,5,0.9666666666666666,0.023753654689565366,0.9666666666666666,0.023753654689565397,0.9664567577262172,0.024265966513102543,0.9965277777777779,0.00601406530405858,44.72878864000086,0.5314738824414496,0.04963510000088718,0.0021685015343431953,0.65,0.07850601533923653,0.05694765512039485,0.03145200705714592,35.28333333333334,3.041295639471222,0.1389133657203585,0.01739186388064104,,0.0,,0.0,,0.0,,0.0,,0.0,,0.0,,0.0,,0.0,,0.0,,0.0,,0.0,,0.0
digits_1_vs_7,hybrid_always_trigger_full_light_qnn,hybrid_always_trigger_full_light,qnn,4,16,2.0,1.1,full_light,always_trigger,5,0.9666666666666668,0.023753654689565366,0.9666666666666666,0.023753654689565386,0.9659497378970089,0.024270886869698652,0.9958333333333332,0.00679083583875276,44.534489440001195,0.7452803929354244,28.279354559999774,2.0492733156369765,,0.0,,0.0,,0.0,,0.0,1.0,0.0,0.6749999999999999,0.14021932225386533,0.047499113235242404,0.029053505261702934,0.17731409125014277,0.013336280189511987,,0.0,,0.0,,0.0,,0.0,,0.0,,0.0,,0.0,,0.0
digits_1_vs_7,hybrid_qnn_lenient_full_light_qnn,hybrid_qnn_lenient_full_light,qnn,4,16,2.0,1.1,full_light,qnn_lenient,5,0.9666666666666668,0.023753654689565366,0.9666666666666666,0.023753654689565386,0.9659497378970089,0.024270886869698652,0.9958333333333332,0.00679083583875276,44.35870829999912,0.8168221405470193,28.211612560000503,2.059496785732661,,0.0,,0.0,,0.0,,0.0,1.0,0.0,0.6791666666666666,0.14021932225386533,0.04749911323524431,0.02905350526170179,0.17644989666647842,0.013608796822227678,,0.0,,0.0,,0.0,,0.0,,0.0,,0.0,,0.0,,0.0
digits_1_vs_7,forced_full_light_qnn,forced_full_light,qnn,4,16,2.0,1.1,full_light,standard,5,0.9625,0.02716334335501103,0.9625,0.02716334335501105,0.9615171137835338,0.027779819625329567,0.9979166666666666,0.0031056499687497404,44.35977233999729,0.9245040573229858,28.075406200000725,2.3073392622666566,,0.0,,0.0,,0.0,,0.0,,0.0,,0.0,,0.0,,0.0,0.7583333333333333,0.1957668326805585,0.05694765512039485,0.03145200705714592,0.09815428651664732,0.04739378713185648,0.04739641836172103,0.028998059522481065,35.28333333333334,3.041295639471222,17.408333333333335,4.518543006631427,0.1389133657203585,0.01739186388064104,0.10736019853517502,0.03402598431364071
digits_1_vs_7,hybrid_always_trigger_qnn_exploratory_qnn,hybrid_always_trigger_qnn_exploratory,qnn,4,16,2.0,1.1,qnn_exploratory,always_trigger,5,0.9625,0.017430417219459884,0.9625,0.017430417219459943,0.961127042861548,0.018846536772859687,0.9954861111111111,0.006565163333746201,45.011839479999615,0.19653003745053088,60.35072472000029,8.473629663007618,,0.0,,0.0,,0.0,,0.0,1.0,0.0,0.6541666666666666,0.10269797953221865,0.04849193166593067,0.02810747153001623,0.384794109166584,0.053911270404436995,,0.0,,0.0,,0.0,,0.0,,0.0,,0.0,,0.0,,0.0
digits_1_vs_7,hybrid_always_trigger_residual_only_qnn,hybrid_always_trigger_residual_only,qnn,4,16,2.0,1.1,residual_only,always_trigger,5,0.9625,0.009316949906249091,0.9625,0.009316949906249178,0.9613243909959914,0.009757926049689166,0.9954861111111111,0.0057054433073454565,44.46848167999851,1.1344991170136238,7.058213799999794,0.49031450950857963,,0.0,,0.0,,0.0,,0.0,1.0,0.0,0.7374999999999999,0.07739239842086129,0.04665068147705639,0.028968651572218816,0.04609544499990079,0.0036510341446202785,,0.0,,0.0,,0.0,,0.0,,0.0,,0.0,,0.0,,0.0
digits_1_vs_7,hybrid_qnn_lenient_qnn_exploratory_qnn,hybrid_qnn_lenient_qnn_exploratory,qnn,4,16,2.0,1.1,qnn_exploratory,qnn_lenient,5,0.9625,0.017430417219459884,0.9625,0.017430417219459943,0.961127042861548,0.018846536772859687,0.9954861111111111,0.006565163333746201,45.22220331999851,0.37914086727395213,60.15991066000133,8.529301321366562,,0.0,,0.0,,0.0,,0.0,1.0,0.0,0.6541666666666666,0.10269797953221865,0.04849193166593067,0.02810747153001623,0.3831318766663572,0.0536501716730074,,0.0,,0.0,,0.0,,0.0,,0.0,,0.0,,0.0,,0.0
digits_1_vs_7,hybrid_qnn_lenient_residual_only_qnn,hybrid_qnn_lenient_residual_only,qnn,4,16,2.0,1.1,residual_only,qnn_lenient,5,0.9625,0.009316949906249091,0.9625,0.009316949906249178,0.9613243909959914,0.009757926049689166,0.9944444444444445,0.007898828587553638,44.60760953999998,0.905012746242133,6.989917859998241,0.5992417836155088,,0.0,,0.0,,0.0,,0.0,1.0,0.0,0.7416666666666666,0.07878196000495434,0.04676996600913037,0.028857863269312802,0.044427882083042894,0.003502737085919933,,0.0,,0.0,,0.0,,0.0,,0.0,,0.0,,0.0,,0.0
digits_1_vs_7,hybrid_aggressive_qnn_exploratory_qnn,hybrid_aggressive_qnn_exploratory,qnn,4,16,2.0,1.1,qnn_exploratory,aggressive,5,0.9541666666666668,0.040073716795148616,0.9541666666666666,0.04007371679514867,0.9520285088413093,0.04420905606666262,0.9847222222222222,0.029396211477474368,44.795219540000836,0.6910827393064689,33.419067619999986,4.969496814414743,,0.0,,0.0,,0.0,,0.0,0.65,0.064885047926656,0.4333333333333334,0.06488504792665598,0.04879071783998906,0.02778025833170919,0.2225366325001839,0.021865766057986624,,0.0,,0.0,,0.0,,0.0,,0.0,,0.0,,0.0,,0.0
digits_1_vs_7,hybrid_standard_residual_only_qnn,hybrid_standard_residual_only,qnn,4,16,2.0,1.1,residual_only,standard,5,0.9458333333333332,0.05628856702544288,0.9458333333333334,0.05628856702544294,0.9480042753598983,0.05271040649805124,0.9902777777777778,0.016543235068849426,44.53226318000088,0.8914567750852682,1.829425839999749,0.6289510679918937,,0.0,,0.0,,0.0,,0.0,0.3791666666666667,0.07569125885243728,0.2791666666666667,0.09838099127597996,0.046650681478730686,0.02896865157172141,0.01178638208311895,0.0035251056693154327,,0.0,,0.0,,0.0,,0.0,,0.0,,0.0,,0.0,,0.0
wine_0_vs_2,forced_full_balanced_logreg,forced_full_balanced,logreg,4,16,2.0,1.1,full_balanced,standard,5,1.0,0.0,1.0,0.0,1.0,0.0,1.0,0.0,0.0019475599998258985,0.0004144185781419075,23.37276258000056,2.441161406350743,,0.0,,0.0,,0.0,,0.0,,0.0,,0.0,,0.0,,0.0,0.7575757575757576,0.19284730395996746,0.05605067225691033,0.047034374501515916,0.10532650921863403,0.01832467437262219,0.05183596475534835,0.04664426166380857,34.93333333333333,0.7460948223451307,18.848484848484848,2.599092163325859,0.14918451801817575,0.042015083922315684,0.10010388973422724,0.013302122959521958
wine_0_vs_2,forced_full_light_logreg,forced_full_light,logreg,4,16,2.0,1.1,full_light,standard,5,1.0,0.0,1.0,0.0,1.0,0.0,1.0,0.0,0.0019999400006781797,0.0002533611407427946,17.73659645999942,0.9382993042188872,,0.0,,0.0,,0.0,,0.0,,0.0,,0.0,,0.0,,0.0,0.7454545454545455,0.2061942525600485,0.05605067225691033,0.047034374501515916,0.1075206582592658,0.02023115709418064,0.05189928272524741,0.046648399345063,34.93333333333333,0.7460948223451307,16.806060606060605,1.90543179876931,0.14918451801817575,0.042015083922315684,0.0993835255378542,0.00929389566127705
wine_0_vs_2,forced_no_detector_logreg,forced_no_detector,logreg,4,16,2.0,1.1,no_detector,standard,5,1.0,0.0,1.0,0.0,1.0,0.0,1.0,0.0,0.0019096799995168112,0.0003571772354825367,8.98156963999936,0.8838455161157366,,0.0,,0.0,,0.0,,0.0,,0.0,,0.0,,0.0,,0.0,0.7393939393939395,0.1959179378817529,0.05605067225691033,0.047034374501515916,0.11079560612877433,0.012266724403688983,0.05184373761615989,0.0466494454923119,34.93333333333333,0.7460948223451307,18.793939393939393,3.1876857874518465,0.14918451801817575,0.042015083922315684,0.09753666594473356,0.009965029194464547
wine_0_vs_2,forced_qnn_oriented_logreg,forced_qnn_oriented,logreg,4,16,2.0,1.1,qnn_oriented,standard,5,1.0,0.0,1.0,0.0,1.0,0.0,1.0,0.0,0.0018203999999968801,0.00018620831075926702,33.07161371999901,2.11893763575354,,0.0,,0.0,,0.0,,0.0,,0.0,,0.0,,0.0,,0.0,0.7575757575757576,0.1779900018859202,0.05605067225691033,0.047034374501515916,0.10610834602354421,0.01174042891425456,0.050128643102168934,0.04395233276392549,34.93333333333333,0.7460948223451307,15.715151515151515,1.3327478053181523,0.14918451801817575,0.042015083922315684,0.1018962939139348,0.010594368661289367
wine_0_vs_2,hybrid_standard_full_balanced_logreg,hybrid_standard_full_balanced,logreg,4,16,2.0,1.1,full_balanced,standard,5,1.0,0.0,1.0,0.0,1.0,0.0,1.0,0.0,0.0020534800001769326,0.0001312667788123181,6.416430080000282,2.0521069693304086,,0.0,,0.0,,0.0,,0.0,0.37575757575757573,0.2170424797511513,0.19393939393939397,0.14309962367415266,0.05198899488736612,0.046793609357942675,0.057950348484794655,0.03032623130643094,,0.0,,0.0,,0.0,,0.0,,0.0,,0.0,,0.0,,0.0
wine_0_vs_2,hybrid_standard_full_light_logreg,hybrid_standard_full_light,logreg,4,16,2.0,1.1,full_light,standard,5,1.0,0.0,1.0,0.0,1.0,0.0,1.0,0.0,0.002040540000598412,0.00035652471669880587,5.351056799999787,1.6274621451962754,,0.0,,0.0,,0.0,,0.0,0.37575757575757573,0.2170424797511513,0.19393939393939394,0.11853095282186635,0.05210729477608208,0.04671670091173912,0.04829868666687011,0.022552571627640502,,0.0,,0.0,,0.0,,0.0,,0.0,,0.0,,0.0,,0.0
wine_0_vs_2,hybrid_standard_no_detector_logreg,hybrid_standard_no_detector,logreg,4,16,2.0,1.1,no_detector,standard,5,1.0,0.0,1.0,0.0,1.0,0.0,1.0,0.0,0.002083799998945324,0.0002857684037433923,2.4473280000005615,0.777244801285076,,0.0,,0.0,,0.0,,0.0,0.37575757575757573,0.2170424797511513,0.2,0.13312656143326543,0.051964791208901184,0.046795871463779046,0.021221684848503418,0.010832054557646057,,0.0,,0.0,,0.0,,0.0,,0.0,,0.0,,0.0,,0.0
wine_0_vs_2,hybrid_standard_qnn_oriented_logreg,hybrid_standard_qnn_oriented,logreg,4,16,2.0,1.1,qnn_oriented,standard,5,1.0,0.0,1.0,0.0,1.0,0.0,1.0,0.0,0.001909919999889098,0.00040038548637897936,8.355522279999423,2.9049607756473206,,0.0,,0.0,,0.0,,0.0,0.37575757575757573,0.2170424797511513,0.18181818181818182,0.12856486930664499,0.05061750928602401,0.044573827392255815,0.07311627454548603,0.03831100893996034,,0.0,,0.0,,0.0,,0.0,,0.0,,0.0,,0.0,,0.0
wine_0_vs_2,pca_logreg,pca,logreg,4,16,2.0,1.1,full_balanced,standard,5,1.0,0.0,1.0,0.0,1.0,0.0,1.0,0.0,0.0013488800002960488,0.0001677904550930958,,0.0,,0.0,,0.0,,0.0,,0.0,,0.0,,0.0,,0.0,,0.0,,0.0,,0.0,,0.0,,0.0,,0.0,,0.0,,0.0,,0.0
wine_0_vs_2,pca_mlp,pca,mlp,4,16,2.0,1.1,full_balanced,standard,5,1.0,0.0,1.0,0.0,1.0,0.0,1.0,0.0,0.03718732000052114,0.006922981666934848,,0.0,,0.0,,0.0,,0.0,,0.0,,0.0,,0.0,,0.0,,0.0,,0.0,,0.0,,0.0,,0.0,,0.0,,0.0,,0.0,,0.0
wine_0_vs_2,pca_qnn,pca,qnn,4,16,2.0,1.1,full_balanced,standard,5,1.0,0.0,1.0,0.0,1.0,0.0,1.0,0.0,29.110046780000268,0.4029899022360588,,0.0,,0.0,,0.0,,0.0,,0.0,,0.0,,0.0,,0.0,,0.0,,0.0,,0.0,,0.0,,0.0,,0.0,,0.0,,0.0,,0.0
wine_0_vs_2,pca_svm_rbf,pca,svm_rbf,4,16,2.0,1.1,full_balanced,standard,5,1.0,0.0,1.0,0.0,1.0,0.0,1.0,0.0,0.0010155399992072488,4.9797219120953876e-05,,0.0,,0.0,,0.0,,0.0,,0.0,,0.0,,0.0,,0.0,,0.0,,0.0,,0.0,,0.0,,0.0,,0.0,,0.0,,0.0,,0.0
wine_0_vs_2,forced_qnn_exploratory_logreg,forced_qnn_exploratory,logreg,4,16,2.0,1.1,qnn_exploratory,standard,5,0.9939393939393939,0.01355192713636235,0.9933333333333334,0.014907119849998594,0.993103448275862,0.015421158465515774,1.0,0.0,0.0021220599999651315,0.00033381303491868933,36.865357960000985,2.7264651383946656,,0.0,,0.0,,0.0,,0.0,,0.0,,0.0,,0.0,,0.0,0.7696969696969698,0.1774733389617736,0.05605067225691033,0.047034374501515916,0.10122064583831725,0.015984342515181306,0.05007526323753907,0.04387494027762798,34.93333333333333,0.7460948223451307,15.466666666666665,1.4530611113111431,0.14918451801817575,0.042015083922315684,0.10274646250109098,0.010644784051963424
wine_0_vs_2,forced_residual_only_svm_rbf,forced_residual_only,svm_rbf,4,16,2.0,1.1,residual_only,standard,5,0.9939393939393939,0.01355192713636235,0.9933333333333334,0.014907119849998594,0.993103448275862,0.015421158465515774,1.0,0.0,0.0010047399991890416,4.6596167922908284e-05,4.531336819999706,0.37479329606624,,0.0,,0.0,,0.0,,0.0,,0.0,,0.0,,0.0,,0.0,0.793939393939394,0.09912380141694623,0.05605067225691033,0.047034374501515916,0.09053895716264312,0.026911477481012185,0.046594525450855934,0.043074283774735794,34.93333333333333,0.7460948223451307,11.89090909090909,1.9241350483045274,0.14918451801817575,0.042015083922315684,0.1075976228381671,0.013929638820519303
wine_0_vs_2,hybrid_aggressive_full_balanced_logreg,hybrid_aggressive_full_balanced,logreg,4,16,2.0,1.1,full_balanced,aggressive,5,0.9939393939393939,0.01355192713636235,0.9933333333333334,0.014907119849998594,0.993103448275862,0.015421158465515774,1.0,0.0,0.0019615800003521143,0.00030121350661336605,13.029752660000668,2.1000763117324692,,0.0,,0.0,,0.0,,0.0,0.6181818181818183,0.07297936108358967,0.3515151515151515,0.08187427930973513,0.05197655010258706,0.04679976868936768,0.12539385999989464,0.022589562961066317,,0.0,,0.0,,0.0,,0.0,,0.0,,0.0,,0.0,,0.0
wine_0_vs_2,hybrid_aggressive_full_light_logreg,hybrid_aggressive_full_light,logreg,4,16,2.0,1.1,full_light,aggressive,5,0.9939393939393939,0.01355192713636235,0.9933333333333334,0.014907119849998594,0.993103448275862,0.015421158465515774,1.0,0.0,0.002040779999515507,0.00014213997255775525,9.720337619999919,1.3007144416411227,,0.0,,0.0,,0.0,,0.0,0.6181818181818183,0.07297936108358967,0.3212121212121212,0.07606000241218867,0.05213671660698503,0.04673612170467676,0.09405848181825907,0.01695187686901054,,0.0,,0.0,,0.0,,0.0,,0.0,,0.0,,0.0,,0.0
wine_0_vs_2,hybrid_aggressive_no_detector_logreg,hybrid_aggressive_no_detector,logreg,4,16,2.0,1.1,no_detector,aggressive,5,0.9939393939393939,0.01355192713636235,0.9933333333333334,0.014907119849998594,0.993103448275862,0.015421158465515774,1.0,0.0,0.0019827799995255193,0.00039222481098085896,4.923651119999704,0.7479722102332566,,0.0,,0.0,,0.0,,0.0,0.6181818181818183,0.07297936108358967,0.3515151515151515,0.07297936108358967,0.051964791208121267,0.046795871464348965,0.047042261212261634,0.008271660361571115,,0.0,,0.0,,0.0,,0.0,,0.0,,0.0,,0.0,,0.0
wine_0_vs_2,hybrid_aggressive_qnn_oriented_logreg,hybrid_aggressive_qnn_oriented,logreg,4,16,2.0,1.1,qnn_oriented,aggressive,5,0.9939393939393939,0.01355192713636235,0.9933333333333334,0.014907119849998594,0.993103448275862,0.015421158465515774,1.0,0.0,0.0019447799990302884,0.0002793417930353768,17.349301920001018,3.1396785101895874,,0.0,,0.0,,0.0,,0.0,0.6181818181818183,0.07297936108358967,0.32727272727272727,0.07843744912451385,0.05061755358177524,0.04457350330427615,0.16895048121196768,0.02980152031365379,,0.0,,0.0,,0.0,,0.0,,0.0,,0.0,,0.0,,0.0
wine_0_vs_2,hybrid_always_trigger_full_balanced_logreg,hybrid_always_trigger_full_balanced,logreg,4,16,2.0,1.1,full_balanced,always_trigger,5,0.9939393939393939,0.01355192713636235,0.9933333333333334,0.014907119849998594,0.993103448275862,0.015421158465515774,1.0,0.0,0.002020319999428466,0.000291806985971253,23.57308720000001,2.333114701875309,,0.0,,0.0,,0.0,,0.0,1.0,0.0,0.6060606060606061,0.130338261621858,0.05198700881127416,0.04679186104340057,0.22445645272726492,0.018758812148499917,,0.0,,0.0,,0.0,,0.0,,0.0,,0.0,,0.0,,0.0
wine_0_vs_2,hybrid_always_trigger_full_light_logreg,hybrid_always_trigger_full_light,logreg,4,16,2.0,1.1,full_light,always_trigger,5,0.9939393939393939,0.01355192713636235,0.9933333333333334,0.014907119849998594,0.993103448275862,0.015421158465515774,1.0,0.0,0.0019535800005542115,0.00046765465685290396,17.699044039999716,0.9268917370537625,,0.0,,0.0,,0.0,,0.0,1.0,0.0,0.6,0.1121621546867985,0.05203740808632588,0.04678150150344927,0.17071962666648852,0.010898107370966813,,0.0,,0.0,,0.0,,0.0,,0.0,,0.0,,0.0,,0.0
wine_0_vs_2,hybrid_always_trigger_no_detector_logreg,hybrid_always_trigger_no_detector,logreg,4,16,2.0,1.1,no_detector,always_trigger,5,0.9939393939393939,0.01355192713636235,0.9933333333333334,0.014907119849998594,0.993103448275862,0.015421158465515774,1.0,0.0,0.0018058399997244123,0.0002729078469781826,8.986383860000206,0.8840941520271726,,0.0,,0.0,,0.0,,0.0,1.0,0.0,0.5999999999999999,0.11216215468679848,0.05196479120711813,0.04679587146430963,0.08567487393954776,0.006148794469007699,,0.0,,0.0,,0.0,,0.0,,0.0,,0.0,,0.0,,0.0
wine_0_vs_2,hybrid_always_trigger_qnn_exploratory_logreg,hybrid_always_trigger_qnn_exploratory,logreg,4,16,2.0,1.1,qnn_exploratory,always_trigger,5,0.9939393939393939,0.01355192713636235,0.9933333333333334,0.014907119849998594,0.993103448275862,0.015421158465515774,1.0,0.0,0.0020524800005659928,0.0004051017240248419,37.39115196000057,2.823912572397871,,0.0,,0.0,,0.0,,0.0,1.0,0.0,0.6484848484848486,0.09486348995453653,0.0502547608096496,0.04406976460267736,0.37427021636361707,0.027028703071943373,,0.0,,0.0,,0.0,,0.0,,0.0,,0.0,,0.0,,0.0
wine_0_vs_2,hybrid_always_trigger_qnn_oriented_logreg,hybrid_always_trigger_qnn_oriented,logreg,4,16,2.0,1.1,qnn_oriented,always_trigger,5,0.9939393939393939,0.01355192713636235,0.9933333333333334,0.014907119849998594,0.993103448275862,0.015421158465515774,1.0,0.0,0.002001400000153808,0.00015165261242892173,33.22596065999896,2.9104531693673854,,0.0,,0.0,,0.0,,0.0,1.0,0.0,0.6181818181818182,0.1018650685695249,0.050262785418637455,0.044092181586890426,0.3263817224243019,0.031193367317309043,,0.0,,0.0,,0.0,,0.0,,0.0,,0.0,,0.0,,0.0
wine_0_vs_2,hybrid_always_trigger_residual_only_svm_rbf,hybrid_always_trigger_residual_only,svm_rbf,4,16,2.0,1.1,residual_only,always_trigger,5,0.9939393939393939,0.01355192713636235,0.9933333333333334,0.014907119849998594,0.993103448275862,0.015421158465515774,1.0,0.0,0.0011200600005395246,0.00023268582560697905,4.502279060000001,0.4251722418802712,,0.0,,0.0,,0.0,,0.0,1.0,0.0,0.7030303030303031,0.03951031760728879,0.04669081760413417,0.043186630047573345,0.04412421878774749,0.0057504277394035165,,0.0,,0.0,,0.0,,0.0,,0.0,,0.0,,0.0,,0.0
wine_0_vs_2,hybrid_qnn_lenient_full_balanced_logreg,hybrid_qnn_lenient_full_balanced,logreg,4,16,2.0,1.1,full_balanced,qnn_lenient,5,0.9939393939393939,0.01355192713636235,0.9933333333333334,0.014907119849998594,0.993103448275862,0.015421158465515774,1.0,0.0,0.0018941599992103875,0.00032310439964210256,23.458785400000487,2.1829340494328253,,0.0,,0.0,,0.0,,0.0,1.0,0.0,0.6060606060606061,0.130338261621858,0.05198700881127416,0.04679186104340057,0.22367417575761933,0.019062403895159428,,0.0,,0.0,,0.0,,0.0,,0.0,,0.0,,0.0,,0.0
wine_0_vs_2,hybrid_qnn_lenient_full_light_logreg,hybrid_qnn_lenient_full_light,logreg,4,16,2.0,1.1,full_light,qnn_lenient,5,0.9939393939393939,0.01355192713636235,0.9933333333333334,0.014907119849998594,0.993103448275862,0.015421158465515774,1.0,0.0,0.0019659000005049164,0.00044143656440701523,17.671017279999795,0.8784308535425998,,0.0,,0.0,,0.0,,0.0,1.0,0.0,0.6060606060606061,0.10276257550189802,0.05203740808637717,0.04678150150339588,0.1701692351514904,0.011188452826340184,,0.0,,0.0,,0.0,,0.0,,0.0,,0.0,,0.0,,0.0
wine_0_vs_2,hybrid_qnn_lenient_no_detector_logreg,hybrid_qnn_lenient_no_detector,logreg,4,16,2.0,1.1,no_detector,qnn_lenient,5,0.9939393939393939,0.01355192713636235,0.9933333333333334,0.014907119849998594,0.993103448275862,0.015421158465515774,1.0,0.0,0.0019401200013817288,0.00034236528281371913,9.00102049999914,0.9018008335749791,,0.0,,0.0,,0.0,,0.0,1.0,0.0,0.5999999999999999,0.11216215468679848,0.05196479120711813,0.04679587146430963,0.08602711454538317,0.006228542369434069,,0.0,,0.0,,0.0,,0.0,,0.0,,0.0,,0.0,,0.0
wine_0_vs_2,hybrid_qnn_lenient_qnn_exploratory_logreg,hybrid_qnn_lenient_qnn_exploratory,logreg,4,16,2.0,1.1,qnn_exploratory,qnn_lenient,5,0.9939393939393939,0.01355192713636235,0.9933333333333334,0.014907119849998594,0.993103448275862,0.015421158465515774,1.0,0.0,0.002057900000363588,0.00045920859538949027,37.39826921999993,2.7278570334167402,,0.0,,0.0,,0.0,,0.0,1.0,0.0,0.6484848484848486,0.09486348995453653,0.0502547608096496,0.04406976460267736,0.37490076848484793,0.025956056054289696,,0.0,,0.0,,0.0,,0.0,,0.0,,0.0,,0.0,,0.0
wine_0_vs_2,hybrid_qnn_lenient_qnn_oriented_logreg,hybrid_qnn_lenient_qnn_oriented,logreg,4,16,2.0,1.1,qnn_oriented,qnn_lenient,5,0.9939393939393939,0.01355192713636235,0.9933333333333334,0.014907119849998594,0.993103448275862,0.015421158465515774,1.0,0.0,0.0020978199994715397,0.0004086091868066459,33.22728889999926,2.995642411712059,,0.0,,0.0,,0.0,,0.0,1.0,0.0,0.6181818181818182,0.1018650685695249,0.050262785418637455,0.044092181586890426,0.328221010909152,0.03252324633845749,,0.0,,0.0,,0.0,,0.0,,0.0,,0.0,,0.0,,0.0
wine_0_vs_2,hybrid_qnn_lenient_residual_only_logreg,hybrid_qnn_lenient_residual_only,logreg,4,16,2.0,1.1,residual_only,qnn_lenient,5,0.9939393939393939,0.01355192713636235,0.9933333333333334,0.014907119849998594,0.993103448275862,0.015421158465515774,1.0,0.0,0.00207311999911326,0.00030921920563418764,4.491473899999255,0.4121875144600491,,0.0,,0.0,,0.0,,0.0,1.0,0.0,0.7090909090909092,0.050706668274792456,0.047155240861364946,0.043879538808267726,0.043906542424034946,0.005716806160175715,,0.0,,0.0,,0.0,,0.0,,0.0,,0.0,,0.0,,0.0
wine_0_vs_2,hybrid_standard_qnn_exploratory_logreg,hybrid_standard_qnn_exploratory,logreg,4,16,2.0,1.1,qnn_exploratory,standard,5,0.9939393939393939,0.01355192713636235,0.9933333333333334,0.014907119849998594,0.993103448275862,0.015421158465515774,1.0,0.0,0.0019517799992172513,0.00033647923769186184,9.28490887999942,3.542783394846827,,0.0,,0.0,,0.0,,0.0,0.37575757575757573,0.2170424797511513,0.22424242424242422,0.16817499303650432,0.0501972098752513,0.04399262601046677,0.08676513272721698,0.04431869401895022,,0.0,,0.0,,0.0,,0.0,,0.0,,0.0,,0.0,,0.0
wine_0_vs_2,implicit_zero_logreg,implicit_zero,logreg,4,16,2.0,1.1,full_balanced,standard,5,0.9939393939393939,0.01355192713636235,0.9933333333333334,0.014907119849998594,0.993103448275862,0.015421158465515774,1.0,0.0,0.002313819999835687,0.00036776670907065007,0.04935302000012598,0.04154791033468316,0.6606060606060605,0.19801586972975202,0.05605067225691033,0.047034374501515916,34.93333333333333,0.7460948223451307,0.14918451801817575,0.042015083922315684,,0.0,,0.0,,0.0,,0.0,,0.0,,0.0,,0.0,,0.0,,0.0,,0.0,,0.0,,0.0
wine_0_vs_2,hybrid_standard_full_light_qnn,hybrid_standard_full_light,qnn,4,16,2.0,1.1,full_light,standard,5,0.9939393939393939,0.01355192713636235,0.9933333333333334,0.014907119849998594,0.993103448275862,0.015421158465515774,0.9962962962962962,0.008281733249999207,29.824594139998954,0.6426912629757415,5.351056799999787,1.6274621451962754,,0.0,,0.0,,0.0,,0.0,0.37575757575757573,0.2170424797511513,0.19393939393939394,0.11853095282186635,0.05210729477608208,0.04671670091173912,0.04829868666687011,0.022552571627640502,,0.0,,0.0,,0.0,,0.0,,0.0,,0.0,,0.0,,0.0
wine_0_vs_2,forced_residual_only_logreg,forced_residual_only,logreg,4,16,2.0,1.1,residual_only,standard,5,0.9878787878787879,0.01659765325773229,0.9877777777777779,0.01685083432011456,0.9866518353726363,0.01829464316284595,1.0,0.0,0.0019790799997281283,0.00023615172455825862,4.531336819999706,0.37479329606624,,0.0,,0.0,,0.0,,0.0,,0.0,,0.0,,0.0,,0.0,0.793939393939394,0.09912380141694623,0.05605067225691033,0.047034374501515916,0.09053895716264312,0.026911477481012185,0.046594525450855934,0.043074283774735794,34.93333333333333,0.7460948223451307,11.89090909090909,1.9241350483045274,0.14918451801817575,0.042015083922315684,0.1075976228381671,0.013929638820519303
wine_0_vs_2,hybrid_always_trigger_residual_only_logreg,hybrid_always_trigger_residual_only,logreg,4,16,2.0,1.1,residual_only,always_trigger,5,0.9878787878787879,0.01659765325773229,0.9877777777777779,0.01685083432011456,0.9866518353726363,0.01829464316284595,1.0,0.0,0.0019249600009061396,0.00043837345155238667,4.502279060000001,0.4251722418802712,,0.0,,0.0,,0.0,,0.0,1.0,0.0,0.7030303030303031,0.03951031760728879,0.04669081760413417,0.043186630047573345,0.04412421878774749,0.0057504277394035165,,0.0,,0.0,,0.0,,0.0,,0.0,,0.0,,0.0,,0.0
wine_0_vs_2,hybrid_aggressive_qnn_exploratory_logreg,hybrid_aggressive_qnn_exploratory,logreg,4,16,2.0,1.1,qnn_exploratory,aggressive,5,0.9878787878787879,0.01659765325773229,0.9866666666666667,0.018257418583505533,0.9862068965517242,0.01888698474155743,1.0,0.0,0.002115620000404306,0.00020786254294937503,19.56762760000056,3.780416449728013,,0.0,,0.0,,0.0,,0.0,0.6181818181818183,0.07297936108358967,0.37575757575757573,0.10841541709089889,0.0502116582952117,0.044030077931201526,0.1956611696971143,0.0398252725033502,,0.0,,0.0,,0.0,,0.0,,0.0,,0.0,,0.0,,0.0
wine_0_vs_2,hybrid_qnn_lenient_residual_only_svm_rbf,hybrid_qnn_lenient_residual_only,svm_rbf,4,16,2.0,1.1,residual_only,qnn_lenient,5,0.9878787878787879,0.01659765325773229,0.9866666666666667,0.018257418583505533,0.9862068965517242,0.01888698474155743,1.0,0.0,0.0010291200000210666,6.589800443348193e-05,4.491473899999255,0.4121875144600491,,0.0,,0.0,,0.0,,0.0,1.0,0.0,0.7090909090909092,0.050706668274792456,0.047155240861364946,0.043879538808267726,0.043906542424034946,0.005716806160175715,,0.0,,0.0,,0.0,,0.0,,0.0,,0.0,,0.0,,0.0
wine_0_vs_2,hybrid_standard_residual_only_logreg,hybrid_standard_residual_only,logreg,4,16,2.0,1.1,residual_only,standard,5,0.9878787878787879,0.01659765325773229,0.9866666666666667,0.018257418583505533,0.9862068965517242,0.01888698474155743,1.0,0.0,0.0021006200004194397,0.0003420855039916885,1.252969740000117,0.3516978177413094,,0.0,,0.0,,0.0,,0.0,0.37575757575757573,0.2170424797511513,0.24242424242424243,0.130338261621858,0.04669081760622525,0.043186630046780035,0.011211080000044383,0.005533779415010195,,0.0,,0.0,,0.0,,0.0,,0.0,,0.0,,0.0,,0.0
wine_0_vs_2,forced_residual_only_qnn,forced_residual_only,qnn,4,16,2.0,1.1,residual_only,standard,5,0.9878787878787879,0.01659765325773229,0.9866666666666667,0.018257418583505533,0.9862068965517242,0.01888698474155743,0.9992592592592592,0.0016563466499998714,29.470247540000127,0.5267716318546589,4.531336819999706,0.37479329606624,,0.0,,0.0,,0.0,,0.0,,0.0,,0.0,,0.0,,0.0,0.793939393939394,0.09912380141694623,0.05605067225691033,0.047034374501515916,0.09053895716264312,0.026911477481012185,0.046594525450855934,0.043074283774735794,34.93333333333333,0.7460948223451307,11.89090909090909,1.9241350483045274,0.14918451801817575,0.042015083922315684,0.1075976228381671,0.013929638820519303
wine_0_vs_2,hybrid_always_trigger_residual_only_qnn,hybrid_always_trigger_residual_only,qnn,4,16,2.0,1.1,residual_only,always_trigger,5,0.9878787878787879,0.01659765325773229,0.9866666666666667,0.018257418583505533,0.9862068965517242,0.01888698474155743,0.9992592592592592,0.0016563466499998714,29.96852078000011,0.2772352423046591,4.502279060000001,0.4251722418802712,,0.0,,0.0,,0.0,,0.0,1.0,0.0,0.7030303030303031,0.03951031760728879,0.04669081760413417,0.043186630047573345,0.04412421878774749,0.0057504277394035165,,0.0,,0.0,,0.0,,0.0,,0.0,,0.0,,0.0,,0.0
wine_0_vs_2,hybrid_always_trigger_qnn_oriented_qnn,hybrid_always_trigger_qnn_oriented,qnn,4,16,2.0,1.1,qnn_oriented,always_trigger,5,0.9878787878787879,0.01659765325773229,0.9866666666666667,0.018257418583505533,0.9862068965517242,0.01888698474155743,0.9970370370370369,0.004057204129667903,29.628987040000357,0.6425101589693475,33.22596065999896,2.9104531693673854,,0.0,,0.0,,0.0,,0.0,1.0,0.0,0.6181818181818182,0.1018650685695249,0.050262785418637455,0.044092181586890426,0.3263817224243019,0.031193367317309043,,0.0,,0.0,,0.0,,0.0,,0.0,,0.0,,0.0,,0.0
wine_0_vs_2,hybrid_standard_qnn_oriented_qnn,hybrid_standard_qnn_oriented,qnn,4,16,2.0,1.1,qnn_oriented,standard,5,0.9878787878787879,0.01659765325773229,0.9866666666666667,0.018257418583505533,0.9862068965517242,0.01888698474155743,0.9962962962962962,0.008281733249999207,29.43182592000012,0.5819625283888081,8.355522279999423,2.9049607756473206,,0.0,,0.0,,0.0,,0.0,0.37575757575757573,0.2170424797511513,0.18181818181818182,0.12856486930664499,0.05061750928602401,0.044573827392255815,0.07311627454548603,0.03831100893996034,,0.0,,0.0,,0.0,,0.0,,0.0,,0.0,,0.0,,0.0
wine_0_vs_2,hybrid_aggressive_residual_only_logreg,hybrid_aggressive_residual_only,logreg,4,16,2.0,1.1,residual_only,aggressive,5,0.9818181818181818,0.016597653257732294,0.981111111111111,0.01739163982499836,0.9797552836484984,0.018503116695224874,1.0,0.0,0.0018360200003371574,0.0003406791847532958,2.377715300000273,0.34896654672077665,,0.0,,0.0,,0.0,,0.0,0.6181818181818183,0.07297936108358967,0.4,0.10365231137264891,0.04669081760543679,0.04318663004734718,0.023685299393907892,0.0046674590415120435,,0.0,,0.0,,0.0,,0.0,,0.0,,0.0,,0.0,,0.0
wine_0_vs_2,hybrid_qnn_lenient_residual_only_qnn,hybrid_qnn_lenient_residual_only,qnn,4,16,2.0,1.1,residual_only,qnn_lenient,5,0.9818181818181818,0.027103854272724697,0.9800000000000001,0.029814239699997188,0.9788177339901477,0.03181060944032105,0.9985185185185184,0.002028602064833982,29.334085639998374,0.5072355277408198,4.491473899999255,0.4121875144600491,,0.0,,0.0,,0.0,,0.0,1.0,0.0,0.7090909090909092,0.050706668274792456,0.047155240861364946,0.043879538808267726,0.043906542424034946,0.005716806160175715,,0.0,,0.0,,0.0,,0.0,,0.0,,0.0,,0.0,,0.0
wine_0_vs_2,hybrid_qnn_lenient_qnn_oriented_qnn,hybrid_qnn_lenient_qnn_oriented,qnn,4,16,2.0,1.1,qnn_oriented,qnn_lenient,5,0.9818181818181818,0.027103854272724697,0.9800000000000001,0.029814239699997188,0.9788177339901477,0.03181060944032105,0.9977777777777778,0.0033126932999996994,29.515320880000946,0.36277913181261906,33.22728889999926,2.995642411712059,,0.0,,0.0,,0.0,,0.0,1.0,0.0,0.6181818181818182,0.1018650685695249,0.050262785418637455,0.044092181586890426,0.328221010909152,0.03252324633845749,,0.0,,0.0,,0.0,,0.0,,0.0,,0.0,,0.0,,0.0
wine_0_vs_2,hybrid_aggressive_full_light_qnn,hybrid_aggressive_full_light,qnn,4,16,2.0,1.1,full_light,aggressive,5,0.9818181818181818,0.016597653257732294,0.9800000000000001,0.018257418583505533,0.9793103448275862,0.01888698474155743,0.9918518518518518,0.012394963356060393,29.411063179998745,0.4861194433692362,9.720337619999919,1.3007144416411227,,0.0,,0.0,,0.0,,0.0,0.6181818181818183,0.07297936108358967,0.3212121212121212,0.07606000241218867,0.05213671660698503,0.04673612170467676,0.09405848181825907,0.01695187686901054,,0.0,,0.0,,0.0,,0.0,,0.0,,0.0,,0.0,,0.0
wine_0_vs_2,hybrid_qnn_lenient_no_detector_qnn,hybrid_qnn_lenient_no_detector,qnn,4,16,2.0,1.1,no_detector,qnn_lenient,5,0.9757575757575758,0.025353334137396207,0.9766666666666668,0.02527625148017184,0.9737634408602152,0.02776609767153445,0.9896296296296295,0.01513541980866855,29.263252680000004,0.36111833472404054,9.00102049999914,0.9018008335749791,,0.0,,0.0,,0.0,,0.0,1.0,0.0,0.5999999999999999,0.11216215468679848,0.05196479120711813,0.04679587146430963,0.08602711454538317,0.006228542369434069,,0.0,,0.0,,0.0,,0.0,,0.0,,0.0,,0.0,,0.0
wine_0_vs_2,forced_full_light_svm_rbf,forced_full_light,svm_rbf,4,16,2.0,1.1,full_light,standard,5,0.9757575757575758,0.025353334137396207,0.9755555555555556,0.024088314876309785,0.9737068965517242,0.026588225022915746,0.9970370370370369,0.006625386599999387,0.0009827599998970982,8.454308466948802e-05,17.73659645999942,0.9382993042188872,,0.0,,0.0,,0.0,,0.0,,0.0,,0.0,,0.0,,0.0,0.7454545454545455,0.2061942525600485,0.05605067225691033,0.047034374501515916,0.1075206582592658,0.02023115709418064,0.05189928272524741,0.046648399345063,34.93333333333333,0.7460948223451307,16.806060606060605,1.90543179876931,0.14918451801817575,0.042015083922315684,0.0993835255378542,0.00929389566127705
wine_0_vs_2,forced_qnn_exploratory_svm_rbf,forced_qnn_exploratory,svm_rbf,4,16,2.0,1.1,qnn_exploratory,standard,5,0.9757575757575758,0.025353334137396207,0.9755555555555556,0.024088314876309785,0.9737068965517242,0.026588225022915746,0.9970370370370369,0.006625386599999387,0.0009741399997437838,6.786975079877731e-05,36.865357960000985,2.7264651383946656,,0.0,,0.0,,0.0,,0.0,,0.0,,0.0,,0.0,,0.0,0.7696969696969698,0.1774733389617736,0.05605067225691033,0.047034374501515916,0.10122064583831725,0.015984342515181306,0.05007526323753907,0.04387494027762798,34.93333333333333,0.7460948223451307,15.466666666666665,1.4530611113111431,0.14918451801817575,0.042015083922315684,0.10274646250109098,0.010644784051963424
wine_0_vs_2,forced_qnn_oriented_svm_rbf,forced_qnn_oriented,svm_rbf,4,16,2.0,1.1,qnn_oriented,standard,5,0.9757575757575758,0.025353334137396207,0.9755555555555556,0.024088314876309785,0.9737068965517242,0.026588225022915746,0.9970370370370369,0.006625386599999387,0.0010922799992840737,0.00022098900845124328,33.07161371999901,2.11893763575354,,0.0,,0.0,,0.0,,0.0,,0.0,,0.0,,0.0,,0.0,0.7575757575757576,0.1779900018859202,0.05605067225691033,0.047034374501515916,0.10610834602354421,0.01174042891425456,0.050128643102168934,0.04395233276392549,34.93333333333333,0.7460948223451307,15.715151515151515,1.3327478053181523,0.14918451801817575,0.042015083922315684,0.1018962939139348,0.010594368661289367
wine_0_vs_2,hybrid_always_trigger_qnn_exploratory_svm_rbf,hybrid_always_trigger_qnn_exploratory,svm_rbf,4,16,2.0,1.1,qnn_exploratory,always_trigger,5,0.9757575757575758,0.025353334137396207,0.9755555555555556,0.024088314876309785,0.9737068965517242,0.026588225022915746,0.9970370370370369,0.006625386599999387,0.0010635199992975685,0.00019006750716321215,37.39115196000057,2.823912572397871,,0.0,,0.0,,0.0,,0.0,1.0,0.0,0.6484848484848486,0.09486348995453653,0.0502547608096496,0.04406976460267736,0.37427021636361707,0.027028703071943373,,0.0,,0.0,,0.0,,0.0,,0.0,,0.0,,0.0,,0.0
wine_0_vs_2,hybrid_always_trigger_qnn_oriented_svm_rbf,hybrid_always_trigger_qnn_oriented,svm_rbf,4,16,2.0,1.1,qnn_oriented,always_trigger,5,0.9757575757575758,0.025353334137396207,0.9755555555555556,0.024088314876309785,0.9737068965517242,0.026588225022915746,0.9970370370370369,0.006625386599999387,0.0009769199990842027,6.814636420883919e-05,33.22596065999896,2.9104531693673854,,0.0,,0.0,,0.0,,0.0,1.0,0.0,0.6181818181818182,0.1018650685695249,0.050262785418637455,0.044092181586890426,0.3263817224243019,0.031193367317309043,,0.0,,0.0,,0.0,,0.0,,0.0,,0.0,,0.0,,0.0
wine_0_vs_2,hybrid_qnn_lenient_qnn_exploratory_svm_rbf,hybrid_qnn_lenient_qnn_exploratory,svm_rbf,4,16,2.0,1.1,qnn_exploratory,qnn_lenient,5,0.9757575757575758,0.025353334137396207,0.9755555555555556,0.024088314876309785,0.9737068965517242,0.026588225022915746,0.9970370370370369,0.006625386599999387,0.0010494199996173847,0.00019552748440317667,37.39826921999993,2.7278570334167402,,0.0,,0.0,,0.0,,0.0,1.0,0.0,0.6484848484848486,0.09486348995453653,0.0502547608096496,0.04406976460267736,0.37490076848484793,0.025956056054289696,,0.0,,0.0,,0.0,,0.0,,0.0,,0.0,,0.0,,0.0
wine_0_vs_2,hybrid_qnn_lenient_qnn_oriented_svm_rbf,hybrid_qnn_lenient_qnn_oriented,svm_rbf,4,16,2.0,1.1,qnn_oriented,qnn_lenient,5,0.9757575757575758,0.025353334137396207,0.9755555555555556,0.024088314876309785,0.9737068965517242,0.026588225022915746,0.9970370370370369,0.006625386599999387,0.0009804599998460618,7.489387722037352e-05,33.22728889999926,2.995642411712059,,0.0,,0.0,,0.0,,0.0,1.0,0.0,0.6181818181818182,0.1018650685695249,0.050262785418637455,0.044092181586890426,0.328221010909152,0.03252324633845749,,0.0,,0.0,,0.0,,0.0,,0.0,,0.0,,0.0,,0.0
wine_0_vs_2,hybrid_always_trigger_full_light_svm_rbf,hybrid_always_trigger_full_light,svm_rbf,4,16,2.0,1.1,full_light,always_trigger,5,0.9757575757575758,0.025353334137396207,0.9755555555555556,0.024088314876309785,0.9737068965517242,0.026588225022915746,0.9962962962962962,0.006415002990995851,0.0009945600002538412,6.76820720798499e-05,17.699044039999716,0.9268917370537625,,0.0,,0.0,,0.0,,0.0,1.0,0.0,0.6,0.1121621546867985,0.05203740808632588,0.04678150150344927,0.17071962666648852,0.010898107370966813,,0.0,,0.0,,0.0,,0.0,,0.0,,0.0,,0.0,,0.0
wine_0_vs_2,hybrid_qnn_lenient_full_light_svm_rbf,hybrid_qnn_lenient_full_light,svm_rbf,4,16,2.0,1.1,full_light,qnn_lenient,5,0.9757575757575758,0.025353334137396207,0.9755555555555556,0.024088314876309785,0.9737068965517242,0.026588225022915746,0.9962962962962962,0.006415002990995851,0.0010040200002549681,8.333670949643041e-05,17.671017279999795,0.8784308535425998,,0.0,,0.0,,0.0,,0.0,1.0,0.0,0.6060606060606061,0.10276257550189802,0.05203740808637717,0.04678150150339588,0.1701692351514904,0.011188452826340184,,0.0,,0.0,,0.0,,0.0,,0.0,,0.0,,0.0,,0.0
wine_0_vs_2,hybrid_qnn_lenient_full_balanced_qnn,hybrid_qnn_lenient_full_balanced,qnn,4,16,2.0,1.1,full_balanced,qnn_lenient,5,0.9757575757575758,0.025353334137396207,0.9755555555555556,0.025639957242698505,0.973318502039303,0.027904193886092294,0.9896296296296295,0.01513541980866855,30.16793206000002,1.6458291033861536,23.458785400000487,2.1829340494328253,,0.0,,0.0,,0.0,,0.0,1.0,0.0,0.6060606060606061,0.130338261621858,0.05198700881127416,0.04679186104340057,0.22367417575761933,0.019062403895159428,,0.0,,0.0,,0.0,,0.0,,0.0,,0.0,,0.0,,0.0
wine_0_vs_2,forced_full_balanced_svm_rbf,forced_full_balanced,svm_rbf,4,16,2.0,1.1,full_balanced,standard,5,0.9757575757575758,0.025353334137396207,0.9755555555555555,0.025639957242698505,0.973318502039303,0.027904193886092298,0.9962962962962962,0.006415002990995851,0.0010305200012226123,9.417739692376635e-05,23.37276258000056,2.441161406350743,,0.0,,0.0,,0.0,,0.0,,0.0,,0.0,,0.0,,0.0,0.7575757575757576,0.19284730395996746,0.05605067225691033,0.047034374501515916,0.10532650921863403,0.01832467437262219,0.05183596475534835,0.04664426166380857,34.93333333333333,0.7460948223451307,18.848484848484848,2.599092163325859,0.14918451801817575,0.042015083922315684,0.10010388973422724,0.013302122959521958
wine_0_vs_2,hybrid_always_trigger_full_balanced_svm_rbf,hybrid_always_trigger_full_balanced,svm_rbf,4,16,2.0,1.1,full_balanced,always_trigger,5,0.9757575757575758,0.025353334137396207,0.9755555555555555,0.025639957242698505,0.973318502039303,0.027904193886092298,0.9955555555555555,0.006085806194501851,0.0010941200016532093,0.00020408327190058772,23.57308720000001,2.333114701875309,,0.0,,0.0,,0.0,,0.0,1.0,0.0,0.6060606060606061,0.130338261621858,0.05198700881127416,0.04679186104340057,0.22445645272726492,0.018758812148499917,,0.0,,0.0,,0.0,,0.0,,0.0,,0.0,,0.0,,0.0
wine_0_vs_2,hybrid_aggressive_residual_only_qnn,hybrid_aggressive_residual_only,qnn,4,16,2.0,1.1,residual_only,aggressive,5,0.9757575757575758,0.025353334137396207,0.9744444444444443,0.025939150066508338,0.9728735632183909,0.02803278378210383,0.9933333333333334,0.012936480886350372,29.026871219999883,0.5426067191552743,2.377715300000273,0.34896654672077665,,0.0,,0.0,,0.0,,0.0,0.6181818181818183,0.07297936108358967,0.4,0.10365231137264891,0.04669081760543679,0.04318663004734718,0.023685299393907892,0.0046674590415120435,,0.0,,0.0,,0.0,,0.0,,0.0,,0.0,,0.0,,0.0
wine_0_vs_2,hybrid_aggressive_qnn_oriented_qnn,hybrid_aggressive_qnn_oriented,qnn,4,16,2.0,1.1,qnn_oriented,aggressive,5,0.9757575757575758,0.025353334137396207,0.9744444444444443,0.025939150066508338,0.9728735632183909,0.02803278378210383,0.9925925925925926,0.014581496062984778,29.551793739999265,0.3952381419069705,17.349301920001018,3.1396785101895874,,0.0,,0.0,,0.0,,0.0,0.6181818181818183,0.07297936108358967,0.32727272727272727,0.07843744912451385,0.05061755358177524,0.04457350330427615,0.16895048121196768,0.02980152031365379,,0.0,,0.0,,0.0,,0.0,,0.0,,0.0,,0.0,,0.0
wine_0_vs_2,hybrid_aggressive_qnn_exploratory_qnn,hybrid_aggressive_qnn_exploratory,qnn,4,16,2.0,1.1,qnn_exploratory,aggressive,5,0.9757575757575758,0.025353334137396207,0.9744444444444443,0.025939150066508338,0.9728735632183909,0.02803278378210383,0.9903703703703703,0.014005681778658536,29.143292259999726,0.4495341872519262,19.56762760000056,3.780416449728013,,0.0,,0.0,,0.0,,0.0,0.6181818181818183,0.07297936108358967,0.37575757575757573,0.10841541709089889,0.0502116582952117,0.044030077931201526,0.1956611696971143,0.0398252725033502,,0.0,,0.0,,0.0,,0.0,,0.0,,0.0,,0.0,,0.0
wine_0_vs_2,forced_no_detector_qnn,forced_no_detector,qnn,4,16,2.0,1.1,no_detector,standard,5,0.9757575757575758,0.025353334137396207,0.9744444444444443,0.027666443551086065,0.9723661210869221,0.02963750945100113,0.9896296296296295,0.017646117406772733,29.299753660000714,0.673927121495603,8.98156963999936,0.8838455161157366,,0.0,,0.0,,0.0,,0.0,,0.0,,0.0,,0.0,,0.0,0.7393939393939395,0.1959179378817529,0.05605067225691033,0.047034374501515916,0.11079560612877433,0.012266724403688983,0.05184373761615989,0.0466494454923119,34.93333333333333,0.7460948223451307,18.793939393939393,3.1876857874518465,0.14918451801817575,0.042015083922315684,0.09753666594473356,0.009965029194464547
wine_0_vs_2,forced_no_detector_svm_rbf,forced_no_detector,svm_rbf,4,16,2.0,1.1,no_detector,standard,5,0.9696969696969697,0.030303030303030276,0.97,0.02929205850325349,0.9672701149425287,0.03234009974923077,0.9955555555555555,0.006625386599999387,0.0011326200008625164,0.00028875335879286265,8.98156963999936,0.8838455161157366,,0.0,,0.0,,0.0,,0.0,,0.0,,0.0,,0.0,,0.0,0.7393939393939395,0.1959179378817529,0.05605067225691033,0.047034374501515916,0.11079560612877433,0.012266724403688983,0.05184373761615989,0.0466494454923119,34.93333333333333,0.7460948223451307,18.793939393939393,3.1876857874518465,0.14918451801817575,0.042015083922315684,0.09753666594473356,0.009965029194464547
wine_0_vs_2,hybrid_always_trigger_no_detector_svm_rbf,hybrid_always_trigger_no_detector,svm_rbf,4,16,2.0,1.1,no_detector,always_trigger,5,0.9696969696969697,0.030303030303030276,0.97,0.02929205850325349,0.9672701149425287,0.03234009974923077,0.9948148148148148,0.006197481678030195,0.0009960199997294695,7.996021987421569e-05,8.986383860000206,0.8840941520271726,,0.0,,0.0,,0.0,,0.0,1.0,0.0,0.5999999999999999,0.11216215468679848,0.05196479120711813,0.04679587146430963,0.08567487393954776,0.006148794469007699,,0.0,,0.0,,0.0,,0.0,,0.0,,0.0,,0.0,,0.0
wine_0_vs_2,hybrid_standard_residual_only_svm_rbf,hybrid_standard_residual_only,svm_rbf,4,16,2.0,1.1,residual_only,standard,5,0.9696969696969697,0.03711348095126028,0.968888888888889,0.036345393852880284,0.9668520578420468,0.039526685525702446,0.9985185185185186,0.0033126932999996933,0.0010588999990432057,7.030515617649456e-05,1.252969740000117,0.3516978177413094,,0.0,,0.0,,0.0,,0.0,0.37575757575757573,0.2170424797511513,0.24242424242424243,0.130338261621858,0.04669081760622525,0.043186630046780035,0.011211080000044383,0.005533779415010195,,0.0,,0.0,,0.0,,0.0,,0.0,,0.0,,0.0,,0.0
wine_0_vs_2,hybrid_aggressive_residual_only_svm_rbf,hybrid_aggressive_residual_only,svm_rbf,4,16,2.0,1.1,residual_only,aggressive,5,0.9696969696969697,0.03711348095126028,0.968888888888889,0.036345393852880284,0.9668520578420468,0.039526685525702446,0.9977777777777778,0.0033126932999996994,0.0010799600007885602,0.00017542643257174186,2.377715300000273,0.34896654672077665,,0.0,,0.0,,0.0,,0.0,0.6181818181818183,0.07297936108358967,0.4,0.10365231137264891,0.04669081760543679,0.04318663004734718,0.023685299393907892,0.0046674590415120435,,0.0,,0.0,,0.0,,0.0,,0.0,,0.0,,0.0,,0.0
wine_0_vs_2,implicit_zero_svm_rbf,implicit_zero,svm_rbf,4,16,2.0,1.1,full_balanced,standard,5,0.9696969696969697,0.03711348095126028,0.968888888888889,0.036345393852880284,0.9668520578420468,0.039526685525702446,0.9977777777777778,0.004969039949999565,0.0012116199992306064,0.0001843233494343239,0.04935302000012598,0.04154791033468316,0.6606060606060605,0.19801586972975202,0.05605067225691033,0.047034374501515916,34.93333333333333,0.7460948223451307,0.14918451801817575,0.042015083922315684,,0.0,,0.0,,0.0,,0.0,,0.0,,0.0,,0.0,,0.0,,0.0,,0.0,,0.0,,0.0
wine_0_vs_2,forced_qnn_oriented_qnn,forced_qnn_oriented,qnn,4,16,2.0,1.1,qnn_oriented,standard,5,0.9696969696969697,0.03711348095126028,0.968888888888889,0.036345393852880284,0.9668520578420468,0.039526685525702446,0.9933333333333334,0.006625386599999378,29.272713139999542,0.41179292551011387,33.07161371999901,2.11893763575354,,0.0,,0.0,,0.0,,0.0,,0.0,,0.0,,0.0,,0.0,0.7575757575757576,0.1779900018859202,0.05605067225691033,0.047034374501515916,0.10610834602354421,0.01174042891425456,0.050128643102168934,0.04395233276392549,34.93333333333333,0.7460948223451307,15.715151515151515,1.3327478053181523,0.14918451801817575,0.042015083922315684,0.1018962939139348,0.010594368661289367
wine_0_vs_2,hybrid_standard_qnn_exploratory_qnn,hybrid_standard_qnn_exploratory,qnn,4,16,2.0,1.1,qnn_exploratory,standard,5,0.9696969696969697,0.030303030303030276,0.968888888888889,0.030832082056692463,0.9663177339901479,0.03363360016645202,0.9925925925925926,0.008685955110784117,29.566263140000956,0.6509095287843385,9.28490887999942,3.542783394846827,,0.0,,0.0,,0.0,,0.0,0.37575757575757573,0.2170424797511513,0.22424242424242422,0.16817499303650432,0.0501972098752513,0.04399262601046677,0.08676513272721698,0.04431869401895022,,0.0,,0.0,,0.0,,0.0,,0.0,,0.0,,0.0,,0.0
wine_0_vs_2,hybrid_qnn_lenient_full_balanced_svm_rbf,hybrid_qnn_lenient_full_balanced,svm_rbf,4,16,2.0,1.1,full_balanced,qnn_lenient,5,0.9696969696969697,0.03711348095126028,0.9688888888888888,0.03861011189754234,0.9659621802002224,0.04224429921197525,0.9933333333333334,0.010924356447224151,0.0010131999988516327,6.543531129030348e-05,23.458785400000487,2.1829340494328253,,0.0,,0.0,,0.0,,0.0,1.0,0.0,0.6060606060606061,0.130338261621858,0.05198700881127416,0.04679186104340057,0.22367417575761933,0.019062403895159428,,0.0,,0.0,,0.0,,0.0,,0.0,,0.0,,0.0,,0.0
wine_0_vs_2,forced_full_balanced_qnn,forced_full_balanced,qnn,4,16,2.0,1.1,full_balanced,standard,5,0.9696969696969697,0.030303030303030276,0.9688888888888888,0.0320589734361189,0.9659293394777265,0.034579684950045854,0.9896296296296295,0.017646117406772733,29.580114959999626,0.5616679999860422,23.37276258000056,2.441161406350743,,0.0,,0.0,,0.0,,0.0,,0.0,,0.0,,0.0,,0.0,0.7575757575757576,0.19284730395996746,0.05605067225691033,0.047034374501515916,0.10532650921863403,0.01832467437262219,0.05183596475534835,0.04664426166380857,34.93333333333333,0.7460948223451307,18.848484848484848,2.599092163325859,0.14918451801817575,0.042015083922315684,0.10010388973422724,0.013302122959521958
wine_0_vs_2,hybrid_always_trigger_no_detector_qnn,hybrid_always_trigger_no_detector,qnn,4,16,2.0,1.1,no_detector,always_trigger,5,0.9696969696969697,0.030303030303030276,0.9688888888888888,0.0320589734361189,0.9659293394777265,0.034579684950045854,0.9881481481481481,0.018030609547611976,29.451057079999735,0.45497947026648666,8.986383860000206,0.8840941520271726,,0.0,,0.0,,0.0,,0.0,1.0,0.0,0.5999999999999999,0.11216215468679848,0.05196479120711813,0.04679587146430963,0.08567487393954776,0.006148794469007699,,0.0,,0.0,,0.0,,0.0,,0.0,,0.0,,0.0,,0.0
wine_0_vs_2,hybrid_always_trigger_full_balanced_qnn,hybrid_always_trigger_full_balanced,qnn,4,16,2.0,1.1,full_balanced,always_trigger,5,0.9696969696969697,0.030303030303030276,0.9677777777777777,0.03201080064641763,0.9654844006568144,0.03456484092530719,0.9881481481481481,0.018030609547611976,28.99773389999973,0.5892905143343977,23.57308720000001,2.333114701875309,,0.0,,0.0,,0.0,,0.0,1.0,0.0,0.6060606060606061,0.130338261621858,0.05198700881127416,0.04679186104340057,0.22445645272726492,0.018758812148499917,,0.0,,0.0,,0.0,,0.0,,0.0,,0.0,,0.0,,0.0
wine_0_vs_2,forced_qnn_exploratory_qnn,forced_qnn_exploratory,qnn,4,16,2.0,1.1,qnn_exploratory,standard,5,0.9636363636363636,0.04979295977319692,0.9644444444444445,0.045406259426005686,0.9626774847870184,0.048099119079501394,0.9948148148148148,0.007219847662821454,29.3061984999993,0.451252457900422,36.865357960000985,2.7264651383946656,,0.0,,0.0,,0.0,,0.0,,0.0,,0.0,,0.0,,0.0,0.7696969696969698,0.1774733389617736,0.05605067225691033,0.047034374501515916,0.10122064583831725,0.015984342515181306,0.05007526323753907,0.04387494027762798,34.93333333333333,0.7460948223451307,15.466666666666665,1.4530611113111431,0.14918451801817575,0.042015083922315684,0.10274646250109098,0.010644784051963424
wine_0_vs_2,forced_full_light_qnn,forced_full_light,qnn,4,16,2.0,1.1,full_light,standard,5,0.9636363636363636,0.039510317607288785,0.9644444444444444,0.03800584750330461,0.9612486095661847,0.04168993846320553,0.9985185185185184,0.0033126932999996933,29.161402360001375,0.37249093966885205,17.73659645999942,0.9382993042188872,,0.0,,0.0,,0.0,,0.0,,0.0,,0.0,,0.0,,0.0,0.7454545454545455,0.2061942525600485,0.05605067225691033,0.047034374501515916,0.1075206582592658,0.02023115709418064,0.05189928272524741,0.046648399345063,34.93333333333333,0.7460948223451307,16.806060606060605,1.90543179876931,0.14918451801817575,0.042015083922315684,0.0993835255378542,0.00929389566127705
wine_0_vs_2,hybrid_qnn_lenient_no_detector_svm_rbf,hybrid_qnn_lenient_no_detector,svm_rbf,4,16,2.0,1.1,no_detector,qnn_lenient,5,0.9636363636363636,0.039510317607288785,0.9633333333333333,0.03998456492321463,0.9599137931034484,0.04405206154132208,0.9925925925925926,0.010798059064528322,0.0009651799999119248,6.987805039621034e-05,9.00102049999914,0.9018008335749791,,0.0,,0.0,,0.0,,0.0,1.0,0.0,0.5999999999999999,0.11216215468679848,0.05196479120711813,0.04679587146430963,0.08602711454538317,0.006228542369434069,,0.0,,0.0,,0.0,,0.0,,0.0,,0.0,,0.0,,0.0
wine_0_vs_2,hybrid_standard_full_balanced_qnn,hybrid_standard_full_balanced,qnn,4,16,2.0,1.1,full_balanced,standard,5,0.9636363636363636,0.06569540420811756,0.9633333333333333,0.06497862896539305,0.960845383759733,0.06988957171075029,0.9814814814814815,0.0261891400439462,29.361154479999822,0.5432947368572252,6.416430080000282,2.0521069693304086,,0.0,,0.0,,0.0,,0.0,0.37575757575757573,0.2170424797511513,0.19393939393939397,0.14309962367415266,0.05198899488736612,0.046793609357942675,0.057950348484794655,0.03032623130643094,,0.0,,0.0,,0.0,,0.0,,0.0,,0.0,,0.0,,0.0
wine_0_vs_2,hybrid_standard_no_detector_qnn,hybrid_standard_no_detector,qnn,4,16,2.0,1.1,no_detector,standard,5,0.9636363636363636,0.06569540420811756,0.9633333333333333,0.06497862896539305,0.960845383759733,0.06988957171075029,0.9792592592592593,0.0302708396173371,29.265535139999702,0.3850352229600455,2.4473280000005615,0.777244801285076,,0.0,,0.0,,0.0,,0.0,0.37575757575757573,0.2170424797511513,0.2,0.13312656143326543,0.051964791208901184,0.046795871463779046,0.021221684848503418,0.010832054557646057,,0.0,,0.0,,0.0,,0.0,,0.0,,0.0,,0.0,,0.0
wine_0_vs_2,hybrid_aggressive_full_light_svm_rbf,hybrid_aggressive_full_light,svm_rbf,4,16,2.0,1.1,full_light,aggressive,5,0.9636363636363636,0.039510317607288785,0.9622222222222223,0.03975231959999626,0.9594628952804705,0.0431278961350696,0.9985185185185186,0.0033126932999996933,0.0010276599998178427,8.024564227890888e-05,9.720337619999919,1.3007144416411227,,0.0,,0.0,,0.0,,0.0,0.6181818181818183,0.07297936108358967,0.3212121212121212,0.07606000241218867,0.05213671660698503,0.04673612170467676,0.09405848181825907,0.01695187686901054,,0.0,,0.0,,0.0,,0.0,,0.0,,0.0,,0.0,,0.0
wine_0_vs_2,hybrid_aggressive_qnn_exploratory_svm_rbf,hybrid_aggressive_qnn_exploratory,svm_rbf,4,16,2.0,1.1,qnn_exploratory,aggressive,5,0.9636363636363636,0.039510317607288785,0.9622222222222223,0.03975231959999626,0.9594628952804705,0.0431278961350696,0.9985185185185186,0.0033126932999996933,0.0011482599991722963,0.0002224264997025054,19.56762760000056,3.780416449728013,,0.0,,0.0,,0.0,,0.0,0.6181818181818183,0.07297936108358967,0.37575757575757573,0.10841541709089889,0.0502116582952117,0.044030077931201526,0.1956611696971143,0.0398252725033502,,0.0,,0.0,,0.0,,0.0,,0.0,,0.0,,0.0,,0.0
wine_0_vs_2,hybrid_aggressive_qnn_oriented_svm_rbf,hybrid_aggressive_qnn_oriented,svm_rbf,4,16,2.0,1.1,qnn_oriented,aggressive,5,0.9636363636363636,0.039510317607288785,0.9622222222222223,0.03975231959999626,0.9594628952804705,0.0431278961350696,0.9985185185185186,0.0033126932999996933,0.0011204799993720371,0.0002774213890204964,17.349301920001018,3.1396785101895874,,0.0,,0.0,,0.0,,0.0,0.6181818181818183,0.07297936108358967,0.32727272727272727,0.07843744912451385,0.05061755358177524,0.04457350330427615,0.16895048121196768,0.02980152031365379,,0.0,,0.0,,0.0,,0.0,,0.0,,0.0,,0.0,,0.0
wine_0_vs_2,hybrid_standard_full_light_svm_rbf,hybrid_standard_full_light,svm_rbf,4,16,2.0,1.1,full_light,standard,5,0.9636363636363636,0.039510317607288785,0.9622222222222223,0.03975231959999626,0.9594628952804705,0.0431278961350696,0.9985185185185186,0.0033126932999996933,0.0010019600013038144,7.1336581260633e-05,5.351056799999787,1.6274621451962754,,0.0,,0.0,,0.0,,0.0,0.37575757575757573,0.2170424797511513,0.19393939393939394,0.11853095282186635,0.05210729477608208,0.04671670091173912,0.04829868666687011,0.022552571627640502,,0.0,,0.0,,0.0,,0.0,,0.0,,0.0,,0.0,,0.0
wine_0_vs_2,hybrid_standard_qnn_exploratory_svm_rbf,hybrid_standard_qnn_exploratory,svm_rbf,4,16,2.0,1.1,qnn_exploratory,standard,5,0.9636363636363636,0.039510317607288785,0.9622222222222223,0.03975231959999626,0.9594628952804705,0.0431278961350696,0.9985185185185186,0.0033126932999996933,0.001008200000069337,7.047612980735456e-05,9.28490887999942,3.542783394846827,,0.0,,0.0,,0.0,,0.0,0.37575757575757573,0.2170424797511513,0.22424242424242422,0.16817499303650432,0.0501972098752513,0.04399262601046677,0.08676513272721698,0.04431869401895022,,0.0,,0.0,,0.0,,0.0,,0.0,,0.0,,0.0,,0.0
wine_0_vs_2,hybrid_standard_qnn_oriented_svm_rbf,hybrid_standard_qnn_oriented,svm_rbf,4,16,2.0,1.1,qnn_oriented,standard,5,0.9636363636363636,0.039510317607288785,0.9622222222222223,0.03975231959999626,0.9594628952804705,0.0431278961350696,0.9985185185185186,0.0033126932999996933,0.0009945400001015515,7.166008579868948e-05,8.355522279999423,2.9049607756473206,,0.0,,0.0,,0.0,,0.0,0.37575757575757573,0.2170424797511513,0.18181818181818182,0.12856486930664499,0.05061750928602401,0.044573827392255815,0.07311627454548603,0.03831100893996034,,0.0,,0.0,,0.0,,0.0,,0.0,,0.0,,0.0,,0.0
wine_0_vs_2,implicit_zero_qnn,implicit_zero,qnn,4,16,2.0,1.1,full_balanced,standard,5,0.9636363636363636,0.039510317607288785,0.9622222222222222,0.03975231959999626,0.9594628952804705,0.0431278961350696,0.9962962962962962,0.005237828008789268,29.345897000000697,0.5942865493281156,0.04935302000012598,0.04154791033468316,0.6606060606060605,0.19801586972975202,0.05605067225691033,0.047034374501515916,34.93333333333333,0.7460948223451307,0.14918451801817575,0.042015083922315684,,0.0,,0.0,,0.0,,0.0,,0.0,,0.0,,0.0,,0.0,,0.0,,0.0,,0.0,,0.0
wine_0_vs_2,hybrid_always_trigger_full_light_qnn,hybrid_always_trigger_full_light,qnn,4,16,2.0,1.1,full_light,always_trigger,5,0.9575757575757576,0.050706668274792456,0.9577777777777777,0.05055250296034368,0.9539367816091954,0.05537144565856062,0.9933333333333334,0.01123388954674303,29.124341500000448,0.2403985977493379,17.699044039999716,0.9268917370537625,,0.0,,0.0,,0.0,,0.0,1.0,0.0,0.6,0.1121621546867985,0.05203740808632588,0.04678150150344927,0.17071962666648852,0.010898107370966813,,0.0,,0.0,,0.0,,0.0,,0.0,,0.0,,0.0,,0.0
wine_0_vs_2,hybrid_standard_full_balanced_svm_rbf,hybrid_standard_full_balanced,svm_rbf,4,16,2.0,1.1,full_balanced,standard,5,0.9575757575757576,0.040655781409087086,0.9566666666666667,0.0409003607095688,0.9530261136712749,0.04438186514104538,0.9962962962962963,0.005237828008789268,0.0009962000003724825,8.442206436859577e-05,6.416430080000282,2.0521069693304086,,0.0,,0.0,,0.0,,0.0,0.37575757575757573,0.2170424797511513,0.19393939393939397,0.14309962367415266,0.05198899488736612,0.046793609357942675,0.057950348484794655,0.03032623130643094,,0.0,,0.0,,0.0,,0.0,,0.0,,0.0,,0.0,,0.0
wine_0_vs_2,hybrid_standard_no_detector_svm_rbf,hybrid_standard_no_detector,svm_rbf,4,16,2.0,1.1,no_detector,standard,5,0.9575757575757576,0.040655781409087086,0.9566666666666667,0.0409003607095688,0.9530261136712749,0.04438186514104538,0.9962962962962963,0.005237828008789268,0.0009895199997117742,7.536306954636764e-05,2.4473280000005615,0.777244801285076,,0.0,,0.0,,0.0,,0.0,0.37575757575757573,0.2170424797511513,0.2,0.13312656143326543,0.051964791208901184,0.046795871463779046,0.021221684848503418,0.010832054557646057,,0.0,,0.0,,0.0,,0.0,,0.0,,0.0,,0.0,,0.0
wine_0_vs_2,hybrid_always_trigger_qnn_exploratory_qnn,hybrid_always_trigger_qnn_exploratory,qnn,4,16,2.0,1.1,qnn_exploratory,always_trigger,5,0.9575757575757576,0.040655781409087086,0.9566666666666667,0.0409003607095688,0.9530261136712749,0.04438186514104538,0.9962962962962962,0.006415002990995851,29.453041939999093,0.5411210117066808,37.39115196000057,2.823912572397871,,0.0,,0.0,,0.0,,0.0,1.0,0.0,0.6484848484848486,0.09486348995453653,0.0502547608096496,0.04406976460267736,0.37427021636361707,0.027028703071943373,,0.0,,0.0,,0.0,,0.0,,0.0,,0.0,,0.0,,0.0
wine_0_vs_2,hybrid_aggressive_full_balanced_svm_rbf,hybrid_aggressive_full_balanced,svm_rbf,4,16,2.0,1.1,full_balanced,aggressive,5,0.9575757575757576,0.040655781409087086,0.9566666666666667,0.0409003607095688,0.9530261136712749,0.04438186514104538,0.9955555555555555,0.004829038818668653,0.001065559999551624,0.00019547458278857196,13.029752660000668,2.1000763117324692,,0.0,,0.0,,0.0,,0.0,0.6181818181818183,0.07297936108358967,0.3515151515151515,0.08187427930973513,0.05197655010258706,0.04679976868936768,0.12539385999989464,0.022589562961066317,,0.0,,0.0,,0.0,,0.0,,0.0,,0.0,,0.0,,0.0
wine_0_vs_2,hybrid_aggressive_no_detector_svm_rbf,hybrid_aggressive_no_detector,svm_rbf,4,16,2.0,1.1,no_detector,aggressive,5,0.9575757575757576,0.040655781409087086,0.9566666666666667,0.0409003607095688,0.9530261136712749,0.04438186514104538,0.9948148148148148,0.006197481678030195,0.001027579999936279,6.216423506698875e-05,4.923651119999704,0.7479722102332566,,0.0,,0.0,,0.0,,0.0,0.6181818181818183,0.07297936108358967,0.3515151515151515,0.07297936108358967,0.051964791208121267,0.046795871464348965,0.047042261212261634,0.008271660361571115,,0.0,,0.0,,0.0,,0.0,,0.0,,0.0,,0.0,,0.0
wine_0_vs_2,hybrid_qnn_lenient_qnn_exploratory_qnn,hybrid_qnn_lenient_qnn_exploratory,qnn,4,16,2.0,1.1,qnn_exploratory,qnn_lenient,5,0.9575757575757576,0.040655781409087086,0.9566666666666667,0.0409003607095688,0.9530261136712749,0.04438186514104538,0.9948148148148148,0.006197481678030195,29.785884400000214,0.36090342597699393,37.39826921999993,2.7278570334167402,,0.0,,0.0,,0.0,,0.0,1.0,0.0,0.6484848484848486,0.09486348995453653,0.0502547608096496,0.04406976460267736,0.37490076848484793,0.025956056054289696,,0.0,,0.0,,0.0,,0.0,,0.0,,0.0,,0.0,,0.0
wine_0_vs_2,hybrid_aggressive_full_balanced_qnn,hybrid_aggressive_full_balanced,qnn,4,16,2.0,1.1,full_balanced,aggressive,5,0.9575757575757576,0.050706668274792456,0.9544444444444444,0.05363341504954298,0.9502463054187192,0.05983751770688805,0.9859259259259259,0.019316155274674496,29.577665120000166,0.6596433351042708,13.029752660000668,2.1000763117324692,,0.0,,0.0,,0.0,,0.0,0.6181818181818183,0.07297936108358967,0.3515151515151515,0.08187427930973513,0.05197655010258706,0.04679976868936768,0.12539385999989464,0.022589562961066317,,0.0,,0.0,,0.0,,0.0,,0.0,,0.0,,0.0,,0.0
wine_0_vs_2,hybrid_aggressive_no_detector_qnn,hybrid_aggressive_no_detector,qnn,4,16,2.0,1.1,no_detector,aggressive,5,0.9575757575757576,0.050706668274792456,0.9544444444444444,0.05363341504954298,0.9502463054187192,0.05983751770688805,0.9837037037037037,0.01787780501651431,29.249380439999367,0.4858862686497012,4.923651119999704,0.7479722102332566,,0.0,,0.0,,0.0,,0.0,0.6181818181818183,0.07297936108358967,0.3515151515151515,0.07297936108358967,0.051964791208121267,0.046795871464348965,0.047042261212261634,0.008271660361571115,,0.0,,0.0,,0.0,,0.0,,0.0,,0.0,,0.0,,0.0
wine_0_vs_2,hybrid_standard_residual_only_qnn,hybrid_standard_residual_only,qnn,4,16,2.0,1.1,residual_only,standard,5,0.9454545454545455,0.07545393695750745,0.9455555555555556,0.0758084004596253,0.9406034482758621,0.08284859512765104,0.9681481481481482,0.05364620165481452,29.46870865999954,0.3019769179246989,1.252969740000117,0.3516978177413094,,0.0,,0.0,,0.0,,0.0,0.37575757575757573,0.2170424797511513,0.24242424242424243,0.130338261621858,0.04669081760622525,0.043186630046780035,0.011211080000044383,0.005533779415010195,,0.0,,0.0,,0.0,,0.0,,0.0,,0.0,,0.0,,0.0
wine_0_vs_2,hybrid_qnn_lenient_full_light_qnn,hybrid_qnn_lenient_full_light,qnn,4,16,2.0,1.1,full_light,qnn_lenient,5,0.909090909090909,0.11338355717496791,0.9077777777777778,0.11808659722612234,0.8941666666666667,0.13855654681994162,0.9540740740740741,0.08891203402373991,29.475592860000326,0.4537555535813265,17.671017279999795,0.8784308535425998,,0.0,,0.0,,0.0,,0.0,1.0,0.0,0.6060606060606061,0.10276257550189802,0.05203740808637717,0.04678150150339588,0.1701692351514904,0.011188452826340184,,0.0,,0.0,,0.0,,0.0,,0.0,,0.0,,0.0,,0.0
wine_1_vs_2,pca_logreg,pca,logreg,4,16,2.0,1.1,full_balanced,standard,5,0.9888888888888889,0.024845199749997673,0.9904761904761905,0.02129588549999802,0.9875,0.02795084971874737,1.0,0.0,0.0016725399997085332,0.00023276881804309255,,0.0,,0.0,,0.0,,0.0,,0.0,,0.0,,0.0,,0.0,,0.0,,0.0,,0.0,,0.0,,0.0,,0.0,,0.0,,0.0,,0.0
wine_1_vs_2,hybrid_aggressive_full_balanced_logreg,hybrid_aggressive_full_balanced,logreg,4,16,2.0,1.1,full_balanced,aggressive,5,0.9888888888888889,0.015214515486254621,0.9904761904761905,0.01304101327393254,0.9870967741935484,0.017668469596940826,0.9993650793650793,0.001419725699999911,0.002176460000919178,0.00032322909469438923,14.641102820000379,2.7190746160861874,,0.0,,0.0,,0.0,,0.0,0.5722222222222222,0.10865337342004412,0.4,0.1031898645611484,0.05720157533741367,0.046048915539510966,0.12417706000006648,0.0339415098407189,,0.0,,0.0,,0.0,,0.0,,0.0,,0.0,,0.0,,0.0
wine_1_vs_2,hybrid_aggressive_full_light_logreg,hybrid_aggressive_full_light,logreg,4,16,2.0,1.1,full_light,aggressive,5,0.9888888888888889,0.015214515486254621,0.9904761904761905,0.01304101327393254,0.9870967741935484,0.017668469596940826,0.9993650793650793,0.001419725699999911,0.001954999998997664,0.00024976357810161455,10.930899979999959,1.5624011239646436,,0.0,,0.0,,0.0,,0.0,0.5722222222222222,0.10865337342004412,0.4222222222222222,0.13944333775567924,0.05523808120841731,0.04313257475957463,0.09384858499991727,0.0228388237116172,,0.0,,0.0,,0.0,,0.0,,0.0,,0.0,,0.0,,0.0
wine_1_vs_2,hybrid_aggressive_no_detector_logreg,hybrid_aggressive_no_detector,logreg,4,16,2.0,1.1,no_detector,aggressive,5,0.9888888888888889,0.015214515486254621,0.9904761904761905,0.01304101327393254,0.9870967741935484,0.017668469596940826,0.9993650793650793,0.001419725699999911,0.00207791999928304,0.00018276436197199144,5.612729299999773,1.0539557585042847,,0.0,,0.0,,0.0,,0.0,0.5722222222222222,0.10865337342004412,0.4166666666666667,0.09622504486493763,0.057196533139372584,0.04604068792981831,0.047535908333298314,0.013809168555993729,,0.0,,0.0,,0.0,,0.0,,0.0,,0.0,,0.0,,0.0
wine_1_vs_2,hybrid_aggressive_qnn_oriented_logreg,hybrid_aggressive_qnn_oriented,logreg,4,16,2.0,1.1,qnn_oriented,aggressive,5,0.9888888888888889,0.015214515486254621,0.9904761904761905,0.01304101327393254,0.9870967741935484,0.017668469596940826,0.9993650793650793,0.001419725699999911,0.0021677799995813984,0.00027819947453596247,19.986859159998858,4.105335113938361,,0.0,,0.0,,0.0,,0.0,0.5722222222222222,0.10865337342004412,0.42777777777777776,0.09938079899999065,0.05685675718424047,0.04618104926134238,0.17262883833324544,0.05507610379169298,,0.0,,0.0,,0.0,,0.0,,0.0,,0.0,,0.0,,0.0
wine_1_vs_2,hybrid_standard_full_light_logreg,hybrid_standard_full_light,logreg,4,16,2.0,1.1,full_light,standard,5,0.9888888888888889,0.015214515486254621,0.9904761904761905,0.01304101327393254,0.9870967741935484,0.017668469596940826,0.9993650793650793,0.001419725699999911,0.002180019998922944,0.00019752550975806355,5.364610480001284,1.2262499589520461,,0.0,,0.0,,0.0,,0.0,0.33333333333333337,0.11620278146306605,0.21666666666666665,0.0908634846322007,0.055239114538008526,0.04313444374134107,0.04000905500001358,0.009433222819453255,,0.0,,0.0,,0.0,,0.0,,0.0,,0.0,,0.0,,0.0
wine_1_vs_2,hybrid_standard_no_detector_logreg,hybrid_standard_no_detector,logreg,4,16,2.0,1.1,no_detector,standard,5,0.9888888888888889,0.015214515486254621,0.9904761904761905,0.01304101327393254,0.9870967741935484,0.017668469596940826,0.9993650793650793,0.001419725699999911,0.0020623800002795177,0.00022422581778786953,2.4669954599994526,0.4888376585474052,,0.0,,0.0,,0.0,,0.0,0.33333333333333337,0.11620278146306605,0.21666666666666665,0.06334307917217434,0.05719653314003624,0.046040687929495484,0.017579776110849505,0.003758955542947903,,0.0,,0.0,,0.0,,0.0,,0.0,,0.0,,0.0,,0.0
wine_1_vs_2,hybrid_standard_qnn_oriented_logreg,hybrid_standard_qnn_oriented,logreg,4,16,2.0,1.1,qnn_oriented,standard,5,0.9888888888888889,0.015214515486254621,0.9904761904761905,0.01304101327393254,0.9870967741935484,0.017668469596940826,0.9993650793650793,0.001419725699999911,0.0021176400005060714,0.00029461628897051894,8.401636320000398,1.9862834800466396,,0.0,,0.0,,0.0,,0.0,0.33333333333333337,0.11620278146306605,0.2111111111111111,0.06972166887783963,0.05688594115429901,0.046237748562420446,0.059024350555450335,0.012921890331814581,,0.0,,0.0,,0.0,,0.0,,0.0,,0.0,,0.0,,0.0
wine_1_vs_2,hybrid_aggressive_qnn_exploratory_logreg,hybrid_aggressive_qnn_exploratory,logreg,4,16,2.0,1.1,qnn_exploratory,aggressive,5,0.9833333333333332,0.024845199749997673,0.9857142857142858,0.02129588549999802,0.9810483870967742,0.028066949282733632,0.9974603174603175,0.005678902799999495,0.0020833199996559415,0.00034598174278053324,22.78162239999947,4.502223341991888,,0.0,,0.0,,0.0,,0.0,0.5722222222222222,0.10865337342004412,0.4166666666666667,0.12576923802968637,0.056870897310890144,0.04625953601113936,0.19772779000011523,0.05258571249672158,,0.0,,0.0,,0.0,,0.0,,0.0,,0.0,,0.0,,0.0
wine_1_vs_2,pca_svm_rbf,pca,svm_rbf,4,16,2.0,1.1,full_balanced,standard,5,0.9833333333333334,0.024845199749997673,0.9838095238095239,0.022737783592977772,0.9806034482758621,0.028346867323202376,1.0,0.0,0.0012287399993510916,0.00014602142793176484,,0.0,,0.0,,0.0,,0.0,,0.0,,0.0,,0.0,,0.0,,0.0,,0.0,,0.0,,0.0,,0.0,,0.0,,0.0,,0.0,,0.0
wine_1_vs_2,forced_qnn_exploratory_logreg,forced_qnn_exploratory,logreg,4,16,2.0,1.1,qnn_exploratory,standard,5,0.9833333333333334,0.015214515486254623,0.9838095238095239,0.015282672891315444,0.9802002224694105,0.018097445561750126,0.9993650793650793,0.001419725699999911,0.002017719999275869,0.0002928949597221488,42.958686500000475,6.6518089223101615,,0.0,,0.0,,0.0,,0.0,,0.0,,0.0,,0.0,,0.0,0.7666666666666666,0.12668615834434865,0.07042830339987698,0.05400980442897445,0.1008892409946712,0.04620993479731392,0.05548290237366017,0.04296911181100289,35.43888888888889,3.574353520067616,15.344444444444445,3.95775336881861,0.16111487124536766,0.032633708277858664,0.11847814311946991,0.040091281432360716
wine_1_vs_2,hybrid_always_trigger_qnn_exploratory_logreg,hybrid_always_trigger_qnn_exploratory,logreg,4,16,2.0,1.1,qnn_exploratory,always_trigger,5,0.9833333333333334,0.015214515486254623,0.9838095238095239,0.015282672891315444,0.9802002224694105,0.018097445561750126,0.9993650793650793,0.001419725699999911,0.002064440000685863,0.00028652380815618684,42.14656446000008,6.565408235084714,,0.0,,0.0,,0.0,,0.0,1.0,0.0,0.6833333333333333,0.1477715119807821,0.05716111554446392,0.046045729690678404,0.3684726611108595,0.08450768242426838,,0.0,,0.0,,0.0,,0.0,,0.0,,0.0,,0.0,,0.0
wine_1_vs_2,hybrid_qnn_lenient_qnn_exploratory_logreg,hybrid_qnn_lenient_qnn_exploratory,logreg,4,16,2.0,1.1,qnn_exploratory,qnn_lenient,5,0.9833333333333334,0.015214515486254623,0.9838095238095239,0.015282672891315444,0.9802002224694105,0.018097445561750126,0.9993650793650793,0.001419725699999911,0.002123599999322323,0.00025700344372918594,42.11067990000011,6.534175742911293,,0.0,,0.0,,0.0,,0.0,1.0,0.0,0.6888888888888889,0.15390994641327857,0.05764767316385923,0.046370901695956514,0.36748155444444514,0.08414376726282827,,0.0,,0.0,,0.0,,0.0,,0.0,,0.0,,0.0,,0.0
wine_1_vs_2,hybrid_standard_full_balanced_logreg,hybrid_standard_full_balanced,logreg,4,16,2.0,1.1,full_balanced,standard,5,0.9833333333333332,0.015214515486254621,0.9838095238095239,0.015282672891315446,0.9802002224694105,0.018097445561750126,0.9993650793650793,0.001419725699999911,0.002093619999504881,0.0001691301053984791,6.439585459999217,1.1833991080684743,,0.0,,0.0,,0.0,,0.0,0.33333333333333337,0.11620278146306605,0.2,0.0569275042553311,0.05692886157721311,0.04625247769541533,0.04620921000007203,0.008757827453385103,,0.0,,0.0,,0.0,,0.0,,0.0,,0.0,,0.0,,0.0
wine_1_vs_2,hybrid_standard_qnn_exploratory_logreg,hybrid_standard_qnn_exploratory,logreg,4,16,2.0,1.1,qnn_exploratory,standard,5,0.9833333333333332,0.015214515486254621,0.9838095238095239,0.015282672891315446,0.9802002224694105,0.018097445561750126,0.9993650793650793,0.001419725699999911,0.0022408999990148003,0.0001999785883599808,9.56532458000147,2.335532528481398,,0.0,,0.0,,0.0,,0.0,0.33333333333333337,0.11620278146306605,0.20555555555555555,0.08914892519934008,0.05687520825585936,0.04625205397211786,0.06799158777784112,0.018254641819322008,,0.0,,0.0,,0.0,,0.0,,0.0,,0.0,,0.0,,0.0
wine_1_vs_2,forced_no_detector_logreg,forced_no_detector,logreg,4,16,2.0,1.1,no_detector,standard,5,0.9833333333333334,0.015214515486254623,0.9838095238095239,0.015282672891315444,0.9802002224694105,0.018097445561750126,0.9987301587301587,0.001738801769857725,0.002120380000269506,0.0003441916203629652,10.665491559998191,1.60469422689006,,0.0,,0.0,,0.0,,0.0,,0.0,,0.0,,0.0,,0.0,0.7611111111111111,0.16735967034880073,0.07042830339987698,0.05400980442897445,0.10118391026569158,0.05193643781921093,0.05710131899056555,0.0458829193057642,35.43888888888889,3.574353520067616,17.65,4.76530995973459,0.16111487124536766,0.032633708277858664,0.11939628986074553,0.04679627954115257
wine_1_vs_2,forced_qnn_oriented_logreg,forced_qnn_oriented,logreg,4,16,2.0,1.1,qnn_oriented,standard,5,0.9833333333333334,0.015214515486254623,0.9838095238095239,0.015282672891315444,0.9802002224694105,0.018097445561750126,0.9987301587301587,0.001738801769857725,0.0021762599993962795,0.00024874289658475884,38.18721781999993,5.496681188791779,,0.0,,0.0,,0.0,,0.0,,0.0,,0.0,,0.0,,0.0,0.7888888888888889,0.15290398827247648,0.07042830339987698,0.05400980442897445,0.09921006808883515,0.049121608431660746,0.056764856266007004,0.046051628147131346,35.43888888888889,3.574353520067616,15.8,4.423405062356263,0.16111487124536766,0.032633708277858664,0.12028566444606821,0.0391331460407524
wine_1_vs_2,hybrid_always_trigger_no_detector_logreg,hybrid_always_trigger_no_detector,logreg,4,16,2.0,1.1,no_detector,always_trigger,5,0.9833333333333334,0.015214515486254623,0.9838095238095239,0.015282672891315444,0.9802002224694105,0.018097445561750126,0.9987301587301587,0.001738801769857725,0.0021217800007434563,0.0002378074798608476,10.644229239998822,1.6083336747257782,,0.0,,0.0,,0.0,,0.0,1.0,0.0,0.6833333333333333,0.16735967034880078,0.057196533138184645,0.04604068793038572,0.09066531555555331,0.021481340960652746,,0.0,,0.0,,0.0,,0.0,,0.0,,0.0,,0.0,,0.0
wine_1_vs_2,hybrid_qnn_lenient_no_detector_logreg,hybrid_qnn_lenient_no_detector,logreg,4,16,2.0,1.1,no_detector,qnn_lenient,5,0.9833333333333334,0.015214515486254623,0.9838095238095239,0.015282672891315444,0.9802002224694105,0.018097445561750126,0.9987301587301587,0.001738801769857725,0.0021464600002218505,0.0002577365763178205,10.644343919998937,1.6182037808678946,,0.0,,0.0,,0.0,,0.0,1.0,0.0,0.6888888888888889,0.16005400323208815,0.05719653313821895,0.04604068793036219,0.09057230611120354,0.021498203683592895,,0.0,,0.0,,0.0,,0.0,,0.0,,0.0,,0.0,,0.0
wine_1_vs_2,forced_full_light_logreg,forced_full_light,logreg,4,16,2.0,1.1,full_light,standard,5,0.9833333333333334,0.015214515486254623,0.9838095238095239,0.015282672891315444,0.9802002224694105,0.018097445561750126,0.9980952380952381,0.0028394513999997354,0.0021765400008007417,0.0002948822114237995,19.901828759999624,1.646800541548549,,0.0,,0.0,,0.0,,0.0,,0.0,,0.0,,0.0,,0.0,0.7555555555555555,0.15639653622510274,0.07042830339987698,0.05400980442897445,0.09832172463487407,0.04730631592336298,0.05518665118067802,0.04307498048079662,35.43888888888889,3.574353520067616,16.38888888888889,3.9453246279302654,0.16111487124536766,0.032633708277858664,0.11927846546287442,0.039040709059046205
wine_1_vs_2,hybrid_always_trigger_full_light_logreg,hybrid_always_trigger_full_light,logreg,4,16,2.0,1.1,full_light,always_trigger,5,0.9833333333333334,0.015214515486254623,0.9838095238095239,0.015282672891315444,0.9802002224694105,0.018097445561750126,0.9980952380952381,0.0028394513999997354,0.0021615600009681655,0.00030428405029330846,19.95958360000004,1.76727883863315,,0.0,,0.0,,0.0,,0.0,1.0,0.0,0.6944444444444444,0.15957118462605638,0.05523675645881394,0.04312989820191479,0.1721479816664012,0.026307155218289486,,0.0,,0.0,,0.0,,0.0,,0.0,,0.0,,0.0,,0.0
wine_1_vs_2,hybrid_qnn_lenient_full_light_logreg,hybrid_qnn_lenient_full_light,logreg,4,16,2.0,1.1,full_light,qnn_lenient,5,0.9833333333333334,0.015214515486254623,0.9838095238095239,0.015282672891315444,0.9802002224694105,0.018097445561750126,0.9980952380952381,0.0028394513999997354,0.002129019999119919,0.0002973398177721199,19.979578700000275,1.723439859930168,,0.0,,0.0,,0.0,,0.0,1.0,0.0,0.7111111111111111,0.14513722752903482,0.05572568736542379,0.043506558880980255,0.1716041522221834,0.025633518747009372,,0.0,,0.0,,0.0,,0.0,,0.0,,0.0,,0.0,,0.0
wine_1_vs_2,pca_qnn,pca,qnn,4,16,2.0,1.1,full_balanced,standard,5,0.9777777777777779,0.02324055629261322,0.9790476190476192,0.020919888225227442,0.9741518353726363,0.026435086983983044,1.0,0.0,32.61247689999946,0.3836396357356837,,0.0,,0.0,,0.0,,0.0,,0.0,,0.0,,0.0,,0.0,,0.0,,0.0,,0.0,,0.0,,0.0,,0.0,,0.0,,0.0,,0.0
wine_1_vs_2,pca_mlp,pca,mlp,4,16,2.0,1.1,full_balanced,standard,5,0.9777777777777776,0.02324055629261322,0.9790476190476189,0.020919888225227442,0.9741518353726363,0.026435086983983044,1.0,0.0,0.04944704000081401,0.0060710979342685125,,0.0,,0.0,,0.0,,0.0,,0.0,,0.0,,0.0,,0.0,,0.0,,0.0,,0.0,,0.0,,0.0,,0.0,,0.0,,0.0,,0.0
wine_1_vs_2,forced_full_balanced_logreg,forced_full_balanced,logreg,4,16,2.0,1.1,full_balanced,standard,5,0.9777777777777776,0.012422599874998838,0.9771428571428571,0.01363602006026319,0.9733036707452726,0.014965099051249939,0.9987301587301587,0.001738801769857725,0.0021000799992179965,0.00033560969620236454,27.87543430000005,4.1200297328691535,,0.0,,0.0,,0.0,,0.0,,0.0,,0.0,,0.0,,0.0,0.7666666666666666,0.1707825127659933,0.07042830339987698,0.05400980442897445,0.10085950961946792,0.05192062008173769,0.0568217319632293,0.046079679110268314,35.43888888888889,3.574353520067616,18.372222222222224,4.125565804817145,0.16111487124536766,0.032633708277858664,0.11941716380133613,0.04692854232788406
wine_1_vs_2,hybrid_always_trigger_qnn_oriented_logreg,hybrid_always_trigger_qnn_oriented,logreg,4,16,2.0,1.1,qnn_oriented,always_trigger,5,0.9777777777777776,0.012422599874998838,0.9771428571428571,0.01363602006026319,0.9733036707452726,0.014965099051249939,0.9987301587301587,0.001738801769857725,0.0021190000014030376,0.00020205923677727445,38.386353380000216,5.371300481314838,,0.0,,0.0,,0.0,,0.0,1.0,0.0,0.7,0.14619663741045297,0.05685557703276937,0.04618029151355024,0.3295625227777944,0.07563437522584443,,0.0,,0.0,,0.0,,0.0,,0.0,,0.0,,0.0,,0.0
wine_1_vs_2,hybrid_qnn_lenient_qnn_oriented_logreg,hybrid_qnn_lenient_qnn_oriented,logreg,4,16,2.0,1.1,qnn_oriented,qnn_lenient,5,0.9777777777777776,0.012422599874998838,0.9771428571428571,0.01363602006026319,0.9733036707452726,0.014965099051249939,0.9987301587301587,0.001738801769857725,0.0023506199999246747,0.00020846958194610643,38.39016904000091,5.4894454658734855,,0.0,,0.0,,0.0,,0.0,1.0,0.0,0.7,0.14619663741045297,0.05685557703276937,0.04618029151355024,0.3296544633333421,0.07585228282880464,,0.0,,0.0,,0.0,,0.0,,0.0,,0.0,,0.0,,0.0
wine_1_vs_2,hybrid_always_trigger_full_balanced_logreg,hybrid_always_trigger_full_balanced,logreg,4,16,2.0,1.1,full_balanced,always_trigger,5,0.9777777777777776,0.012422599874998838,0.9771428571428571,0.01363602006026319,0.9733036707452726,0.014965099051249939,0.9980952380952381,0.0028394513999997354,0.002043839999532793,0.00021971941853055258,27.587771399999475,3.7850329714255966,,0.0,,0.0,,0.0,,0.0,1.0,0.0,0.6833333333333333,0.17743021580745902,0.056903579839233,0.04620670735780675,0.2352112694443349,0.047701250484488075,,0.0,,0.0,,0.0,,0.0,,0.0,,0.0,,0.0,,0.0
wine_1_vs_2,hybrid_qnn_lenient_full_balanced_logreg,hybrid_qnn_lenient_full_balanced,logreg,4,16,2.0,1.1,full_balanced,qnn_lenient,5,0.9777777777777776,0.012422599874998838,0.9771428571428571,0.01363602006026319,0.9733036707452726,0.014965099051249939,0.9980952380952381,0.0028394513999997354,0.0022498599988466594,0.00030062472036655394,27.58159614000033,3.7737937713025294,,0.0,,0.0,,0.0,,0.0,1.0,0.0,0.6944444444444444,0.16433554953054488,0.056903579839274146,0.04620670735779515,0.23471914666671284,0.04819486056510877,,0.0,,0.0,,0.0,,0.0,,0.0,,0.0,,0.0,,0.0
wine_1_vs_2,implicit_zero_logreg,implicit_zero,logreg,4,16,2.0,1.1,full_balanced,standard,5,0.9722222222222221,0.019641855032959663,0.9742857142857142,0.017366269075057603,0.9677002224694105,0.02213649674247456,1.0,0.0,0.002339679998840438,0.0003522483250832667,0.03531822000149987,0.002924168317086413,0.6888888888888889,0.13805304044210198,0.07042830339987698,0.05400980442897445,35.43888888888889,3.574353520067616,0.16111487124536766,0.032633708277858664,,0.0,,0.0,,0.0,,0.0,,0.0,,0.0,,0.0,,0.0,,0.0,,0.0,,0.0,,0.0
wine_1_vs_2,forced_residual_only_logreg,forced_residual_only,logreg,4,16,2.0,1.1,residual_only,standard,5,0.9722222222222221,0.02777777777777779,0.9723809523809525,0.029431499314976087,0.96676267281106,0.033635078226941846,0.9993650793650793,0.001419725699999911,0.0020654599997214974,0.00024095832106065885,5.224506239999755,0.6592516479605529,,0.0,,0.0,,0.0,,0.0,,0.0,,0.0,,0.0,,0.0,0.8222222222222222,0.10686324478706302,0.07042830339987698,0.05400980442897445,0.10100523494913685,0.06419823688624052,0.059768067660057864,0.05207996114624458,35.43888888888889,3.574353520067616,10.827777777777778,2.6865864798253276,0.16111487124536766,0.032633708277858664,0.12423306126164416,0.04488680386229682
wine_1_vs_2,hybrid_aggressive_residual_only_logreg,hybrid_aggressive_residual_only,logreg,4,16,2.0,1.1,residual_only,aggressive,5,0.9722222222222221,0.02777777777777779,0.9723809523809525,0.029431499314976087,0.96676267281106,0.033635078226941846,0.9993650793650793,0.001419725699999911,0.0021075400014524347,8.010001783932744e-05,2.712541959999362,0.5114348471155152,,0.0,,0.0,,0.0,,0.0,0.5722222222222222,0.10865337342004412,0.43888888888888894,0.146196637410453,0.05985068467095751,0.05221206097132384,0.022989085555592384,0.006538108904466856,,0.0,,0.0,,0.0,,0.0,,0.0,,0.0,,0.0,,0.0
wine_1_vs_2,hybrid_always_trigger_residual_only_logreg,hybrid_always_trigger_residual_only,logreg,4,16,2.0,1.1,residual_only,always_trigger,5,0.9722222222222221,0.02777777777777779,0.9723809523809525,0.029431499314976087,0.96676267281106,0.033635078226941846,0.9993650793650793,0.001419725699999911,0.002025540000613546,0.00019251181302795372,5.250243480000063,0.6492608999578299,,0.0,,0.0,,0.0,,0.0,1.0,0.0,0.7722222222222224,0.1421831543563303,0.05985068466931922,0.05221206097214097,0.046304893888656,0.00950983104035585,,0.0,,0.0,,0.0,,0.0,,0.0,,0.0,,0.0,,0.0
wine_1_vs_2,hybrid_qnn_lenient_residual_only_logreg,hybrid_qnn_lenient_residual_only,logreg,4,16,2.0,1.1,residual_only,qnn_lenient,5,0.9722222222222221,0.02777777777777779,0.9723809523809525,0.029431499314976087,0.96676267281106,0.033635078226941846,0.9993650793650793,0.001419725699999911,0.0020354600012069566,0.00022435218461220251,5.199637719999009,0.6436850783514438,,0.0,,0.0,,0.0,,0.0,1.0,0.0,0.7777777777777779,0.14566789557918772,0.06034007622970318,0.05247022518941658,0.04506641666687048,0.008938785442760338,,0.0,,0.0,,0.0,,0.0,,0.0,,0.0,,0.0,,0.0
wine_1_vs_2,hybrid_standard_residual_only_logreg,hybrid_standard_residual_only,logreg,4,16,2.0,1.1,residual_only,standard,5,0.9722222222222221,0.02777777777777779,0.9723809523809525,0.029431499314976087,0.96676267281106,0.033635078226941846,0.9993650793650793,0.001419725699999911,0.0021026000016718172,0.00033911325614866396,1.2763866599998437,0.2997293734322707,,0.0,,0.0,,0.0,,0.0,0.33333333333333337,0.11620278146306605,0.22777777777777777,0.08425417160057279,0.05985068467160657,0.05221206097103336,0.008879750555348034,0.0010697282741674024,,0.0,,0.0,,0.0,,0.0,,0.0,,0.0,,0.0,,0.0
wine_1_vs_2,implicit_zero_svm_rbf,implicit_zero,svm_rbf,4,16,2.0,1.1,full_balanced,standard,5,0.9722222222222221,0.048112522432468836,0.9723809523809525,0.04953296618646037,0.9668817204301074,0.05773702948662307,0.9936507936507937,0.012498425196844142,0.0012213800000608899,8.883314113968433e-05,0.03531822000149987,0.002924168317086413,0.6888888888888889,0.13805304044210198,0.07042830339987698,0.05400980442897445,35.43888888888889,3.574353520067616,0.16111487124536766,0.032633708277858664,,0.0,,0.0,,0.0,,0.0,,0.0,,0.0,,0.0,,0.0,,0.0,,0.0,,0.0,,0.0
wine_1_vs_2,hybrid_standard_no_detector_qnn,hybrid_standard_no_detector,qnn,4,16,2.0,1.1,no_detector,standard,5,0.9666666666666666,0.036217791140014735,0.9657142857142856,0.03918095701090327,0.959525398591027,0.04470907668899498,0.9911111111111112,0.014788336125526531,33.322745280000525,0.30450422451590214,2.4669954599994526,0.4888376585474052,,0.0,,0.0,,0.0,,0.0,0.33333333333333337,0.11620278146306605,0.21666666666666665,0.06334307917217434,0.05719653314003624,0.046040687929495484,0.017579776110849505,0.003758955542947903,,0.0,,0.0,,0.0,,0.0,,0.0,,0.0,,0.0,,0.0
wine_1_vs_2,hybrid_standard_full_balanced_qnn,hybrid_standard_full_balanced,qnn,4,16,2.0,1.1,full_balanced,standard,5,0.961111111111111,0.031671539586087184,0.9609523809523809,0.03521878492781066,0.9530737856878012,0.03942336784053533,0.9917460317460318,0.013764751357891299,33.43325209999966,0.5280265277568484,6.439585459999217,1.1833991080684743,,0.0,,0.0,,0.0,,0.0,0.33333333333333337,0.11620278146306605,0.2,0.0569275042553311,0.05692886157721311,0.04625247769541533,0.04620921000007203,0.008757827453385103,,0.0,,0.0,,0.0,,0.0,,0.0,,0.0,,0.0,,0.0
wine_1_vs_2,hybrid_aggressive_full_balanced_svm_rbf,hybrid_aggressive_full_balanced,svm_rbf,4,16,2.0,1.1,full_balanced,aggressive,5,0.961111111111111,0.060858061945018437,0.959047619047619,0.0645585041145993,0.9521839080459771,0.07539739260741249,0.9911111111111112,0.016556704521149566,0.0010362400003941729,6.067572074837652e-05,14.641102820000379,2.7190746160861874,,0.0,,0.0,,0.0,,0.0,0.5722222222222222,0.10865337342004412,0.4,0.1031898645611484,0.05720157533741367,0.046048915539510966,0.12417706000006648,0.0339415098407189,,0.0,,0.0,,0.0,,0.0,,0.0,,0.0,,0.0,,0.0
wine_1_vs_2,hybrid_aggressive_no_detector_svm_rbf,hybrid_aggressive_no_detector,svm_rbf,4,16,2.0,1.1,no_detector,aggressive,5,0.961111111111111,0.060858061945018437,0.959047619047619,0.0645585041145993,0.9521839080459771,0.07539739260741249,0.9904761904761905,0.01649572197684644,0.0010886399992159567,5.142803561095011e-05,5.612729299999773,1.0539557585042847,,0.0,,0.0,,0.0,,0.0,0.5722222222222222,0.10865337342004412,0.4166666666666667,0.09622504486493763,0.057196533139372584,0.04604068792981831,0.047535908333298314,0.013809168555993729,,0.0,,0.0,,0.0,,0.0,,0.0,,0.0,,0.0,,0.0
wine_1_vs_2,hybrid_always_trigger_no_detector_qnn,hybrid_always_trigger_no_detector,qnn,4,16,2.0,1.1,no_detector,always_trigger,5,0.95,0.06022078719077442,0.9533333333333334,0.058843734025073584,0.943108504398827,0.06916719297420061,0.9841269841269842,0.028659476325821862,33.00033190000031,0.5182656021522588,10.644229239998822,1.6083336747257782,,0.0,,0.0,,0.0,,0.0,1.0,0.0,0.6833333333333333,0.16735967034880078,0.057196533138184645,0.04604068793038572,0.09066531555555331,0.021481340960652746,,0.0,,0.0,,0.0,,0.0,,0.0,,0.0,,0.0,,0.0
wine_1_vs_2,hybrid_qnn_lenient_no_detector_qnn,hybrid_qnn_lenient_no_detector,qnn,4,16,2.0,1.1,no_detector,qnn_lenient,5,0.95,0.06022078719077442,0.9533333333333334,0.058843734025073584,0.943108504398827,0.06916719297420061,0.9841269841269842,0.028659476325821862,33.270692000000416,0.48106958521686916,10.644343919998937,1.6182037808678946,,0.0,,0.0,,0.0,,0.0,1.0,0.0,0.6888888888888889,0.16005400323208815,0.05719653313821895,0.04604068793036219,0.09057230611120354,0.021498203683592895,,0.0,,0.0,,0.0,,0.0,,0.0,,0.0,,0.0,,0.0
wine_1_vs_2,hybrid_aggressive_full_light_svm_rbf,hybrid_aggressive_full_light,svm_rbf,4,16,2.0,1.1,full_light,aggressive,5,0.9555555555555555,0.05760122598146587,0.9523809523809523,0.06088910405973531,0.9452873563218391,0.07140142548925206,0.9904761904761905,0.016187363535215164,0.001048320000700187,7.213142253017014e-05,10.930899979999959,1.5624011239646436,,0.0,,0.0,,0.0,,0.0,0.5722222222222222,0.10865337342004412,0.4222222222222222,0.13944333775567924,0.05523808120841731,0.04313257475957463,0.09384858499991727,0.0228388237116172,,0.0,,0.0,,0.0,,0.0,,0.0,,0.0,,0.0,,0.0
wine_1_vs_2,hybrid_aggressive_qnn_exploratory_svm_rbf,hybrid_aggressive_qnn_exploratory,svm_rbf,4,16,2.0,1.1,qnn_exploratory,aggressive,5,0.9555555555555555,0.05760122598146587,0.9523809523809523,0.06088910405973531,0.9452873563218391,0.07140142548925206,0.9904761904761905,0.016187363535215164,0.0010358200015616603,8.626341593385687e-05,22.78162239999947,4.502223341991888,,0.0,,0.0,,0.0,,0.0,0.5722222222222222,0.10865337342004412,0.4166666666666667,0.12576923802968637,0.056870897310890144,0.04625953601113936,0.19772779000011523,0.05258571249672158,,0.0,,0.0,,0.0,,0.0,,0.0,,0.0,,0.0,,0.0
wine_1_vs_2,hybrid_aggressive_residual_only_svm_rbf,hybrid_aggressive_residual_only,svm_rbf,4,16,2.0,1.1,residual_only,aggressive,5,0.9555555555555555,0.042127085800286415,0.9523809523809523,0.04428827437556733,0.9456994544202553,0.05090853492105755,0.9904761904761905,0.01618736353521517,0.001056619999872055,6.416016735220154e-05,2.712541959999362,0.5114348471155152,,0.0,,0.0,,0.0,,0.0,0.5722222222222222,0.10865337342004412,0.43888888888888894,0.146196637410453,0.05985068467095751,0.05221206097132384,0.022989085555592384,0.006538108904466856,,0.0,,0.0,,0.0,,0.0,,0.0,,0.0,,0.0,,0.0
wine_1_vs_2,hybrid_aggressive_qnn_oriented_svm_rbf,hybrid_aggressive_qnn_oriented,svm_rbf,4,16,2.0,1.1,qnn_oriented,aggressive,5,0.9555555555555555,0.05760122598146587,0.9523809523809523,0.06088910405973531,0.9452873563218391,0.07140142548925206,0.9898412698412699,0.016093703943665473,0.001037039999937406,8.179836653390169e-05,19.986859159998858,4.105335113938361,,0.0,,0.0,,0.0,,0.0,0.5722222222222222,0.10865337342004412,0.42777777777777776,0.09938079899999065,0.05685675718424047,0.04618104926134238,0.17262883833324544,0.05507610379169298,,0.0,,0.0,,0.0,,0.0,,0.0,,0.0,,0.0,,0.0
wine_1_vs_2,hybrid_aggressive_residual_only_qnn,hybrid_aggressive_residual_only,qnn,4,16,2.0,1.1,residual_only,aggressive,5,0.95,0.04564354645876387,0.9514285714285714,0.043041929670387315,0.9422969966629589,0.051409398301252435,0.9936507936507937,0.007445104380672072,32.84720270000107,0.6595521900800835,2.712541959999362,0.5114348471155152,,0.0,,0.0,,0.0,,0.0,0.5722222222222222,0.10865337342004412,0.43888888888888894,0.146196637410453,0.05985068467095751,0.05221206097132384,0.022989085555592384,0.006538108904466856,,0.0,,0.0,,0.0,,0.0,,0.0,,0.0,,0.0,,0.0
wine_1_vs_2,hybrid_standard_full_light_qnn,hybrid_standard_full_light,qnn,4,16,2.0,1.1,full_light,standard,5,0.95,0.06022078719077443,0.9514285714285714,0.05998866106008959,0.9419354838709678,0.06993381738283483,0.9898412698412699,0.016556704521149573,33.05119654000082,0.4574111890205955,5.364610480001284,1.2262499589520461,,0.0,,0.0,,0.0,,0.0,0.33333333333333337,0.11620278146306605,0.21666666666666665,0.0908634846322007,0.055239114538008526,0.04313444374134107,0.04000905500001358,0.009433222819453255,,0.0,,0.0,,0.0,,0.0,,0.0,,0.0,,0.0,,0.0
wine_1_vs_2,hybrid_aggressive_full_balanced_qnn,hybrid_aggressive_full_balanced,qnn,4,16,2.0,1.1,full_balanced,aggressive,5,0.95,0.04969039949999535,0.9514285714285714,0.04907304010662193,0.9418103448275861,0.05766848344939505,0.9892063492063492,0.019258096365845235,32.9232600000003,0.5491395057235973,14.641102820000379,2.7190746160861874,,0.0,,0.0,,0.0,,0.0,0.5722222222222222,0.10865337342004412,0.4,0.1031898645611484,0.05720157533741367,0.046048915539510966,0.12417706000006648,0.0339415098407189,,0.0,,0.0,,0.0,,0.0,,0.0,,0.0,,0.0,,0.0
wine_1_vs_2,forced_full_balanced_qnn,forced_full_balanced,qnn,4,16,2.0,1.1,full_balanced,standard,5,0.9444444444444444,0.05555555555555554,0.9485714285714286,0.054958240176203814,0.9366568914956013,0.0638326903822391,0.9853968253968255,0.027639109663084332,32.82841884000154,0.4932983364438729,27.87543430000005,4.1200297328691535,,0.0,,0.0,,0.0,,0.0,,0.0,,0.0,,0.0,,0.0,0.7666666666666666,0.1707825127659933,0.07042830339987698,0.05400980442897445,0.10085950961946792,0.05192062008173769,0.0568217319632293,0.046079679110268314,35.43888888888889,3.574353520067616,18.372222222222224,4.125565804817145,0.16111487124536766,0.032633708277858664,0.11941716380133613,0.04692854232788406
wine_1_vs_2,forced_no_detector_qnn,forced_no_detector,qnn,4,16,2.0,1.1,no_detector,standard,5,0.9444444444444444,0.05555555555555554,0.9485714285714286,0.054958240176203814,0.9366568914956013,0.0638326903822391,0.9847619047619048,0.027253556865186972,32.91884234000027,0.6099174727137469,10.665491559998191,1.60469422689006,,0.0,,0.0,,0.0,,0.0,,0.0,,0.0,,0.0,,0.0,0.7611111111111111,0.16735967034880073,0.07042830339987698,0.05400980442897445,0.10118391026569158,0.05193643781921093,0.05710131899056555,0.0458829193057642,35.43888888888889,3.574353520067616,17.65,4.76530995973459,0.16111487124536766,0.032633708277858664,0.11939628986074553,0.04679627954115257
wine_1_vs_2,forced_residual_only_qnn,forced_residual_only,qnn,4,16,2.0,1.1,residual_only,standard,5,0.95,0.04120110270608703,0.9476190476190476,0.046656947481584346,0.938310291858679,0.053173147423570155,0.9917460317460318,0.009938079899999046,32.85443045999855,0.6852713656499712,5.224506239999755,0.6592516479605529,,0.0,,0.0,,0.0,,0.0,,0.0,,0.0,,0.0,,0.0,0.8222222222222222,0.10686324478706302,0.07042830339987698,0.05400980442897445,0.10100523494913685,0.06419823688624052,0.059768067660057864,0.05207996114624458,35.43888888888889,3.574353520067616,10.827777777777778,2.6865864798253276,0.16111487124536766,0.032633708277858664,0.12423306126164416,0.04488680386229682
wine_1_vs_2,hybrid_always_trigger_residual_only_qnn,hybrid_always_trigger_residual_only,qnn,4,16,2.0,1.1,residual_only,always_trigger,5,0.95,0.04120110270608703,0.9476190476190476,0.046656947481584346,0.938310291858679,0.053173147423570155,0.9917460317460318,0.009938079899999046,33.129731139999784,0.7712436716377229,5.250243480000063,0.6492608999578299,,0.0,,0.0,,0.0,,0.0,1.0,0.0,0.7722222222222224,0.1421831543563303,0.05985068466931922,0.05221206097214097,0.046304893888656,0.00950983104035585,,0.0,,0.0,,0.0,,0.0,,0.0,,0.0,,0.0,,0.0
wine_1_vs_2,hybrid_qnn_lenient_residual_only_qnn,hybrid_qnn_lenient_residual_only,qnn,4,16,2.0,1.1,residual_only,qnn_lenient,5,0.95,0.04120110270608703,0.9476190476190476,0.046656947481584346,0.938310291858679,0.053173147423570155,0.9917460317460318,0.009938079899999046,33.02086637999746,0.6007607214754438,5.199637719999009,0.6436850783514438,,0.0,,0.0,,0.0,,0.0,1.0,0.0,0.7777777777777779,0.14566789557918772,0.06034007622970318,0.05247022518941658,0.04506641666687048,0.008938785442760338,,0.0,,0.0,,0.0,,0.0,,0.0,,0.0,,0.0,,0.0
wine_1_vs_2,hybrid_aggressive_qnn_exploratory_qnn,hybrid_aggressive_qnn_exploratory,qnn,4,16,2.0,1.1,qnn_exploratory,aggressive,5,0.95,0.05343162239353149,0.9476190476190476,0.05355819942477137,0.9401080565707929,0.0620705806003897,0.9885714285714287,0.018592445034090573,33.34603697999919,0.19832327717037718,22.78162239999947,4.502223341991888,,0.0,,0.0,,0.0,,0.0,0.5722222222222222,0.10865337342004412,0.4166666666666667,0.12576923802968637,0.056870897310890144,0.04625953601113936,0.19772779000011523,0.05258571249672158,,0.0,,0.0,,0.0,,0.0,,0.0,,0.0,,0.0,,0.0
wine_1_vs_2,forced_full_light_qnn,forced_full_light,qnn,4,16,2.0,1.1,full_light,standard,5,0.9444444444444444,0.04392052305789418,0.9466666666666667,0.04224429545946072,0.9358602150537635,0.04976372082894452,0.9853968253968255,0.011793127378416986,32.8147117200002,0.6471867665108184,19.901828759999624,1.646800541548549,,0.0,,0.0,,0.0,,0.0,,0.0,,0.0,,0.0,,0.0,0.7555555555555555,0.15639653622510274,0.07042830339987698,0.05400980442897445,0.09832172463487407,0.04730631592336298,0.05518665118067802,0.04307498048079662,35.43888888888889,3.574353520067616,16.38888888888889,3.9453246279302654,0.16111487124536766,0.032633708277858664,0.11927846546287442,0.039040709059046205
wine_1_vs_2,hybrid_standard_qnn_exploratory_qnn,hybrid_standard_qnn_exploratory,qnn,4,16,2.0,1.1,qnn_exploratory,standard,5,0.9444444444444444,0.06804138174397716,0.9466666666666667,0.07017955591215445,0.9349999999999999,0.08168154626352268,0.9726984126984128,0.05587662326016964,32.85104823999863,0.6780019148982253,9.56532458000147,2.335532528481398,,0.0,,0.0,,0.0,,0.0,0.33333333333333337,0.11620278146306605,0.20555555555555555,0.08914892519934008,0.05687520825585936,0.04625205397211786,0.06799158777784112,0.018254641819322008,,0.0,,0.0,,0.0,,0.0,,0.0,,0.0,,0.0,,0.0
wine_1_vs_2,hybrid_standard_no_detector_svm_rbf,hybrid_standard_no_detector,svm_rbf,4,16,2.0,1.1,no_detector,standard,5,0.95,0.05343162239353149,0.9457142857142857,0.05600048590654105,0.9383908045977012,0.06627710198544329,0.9911111111111112,0.015125243491519433,0.0011297400007606484,0.00021395102800978374,2.4669954599994526,0.4888376585474052,,0.0,,0.0,,0.0,,0.0,0.33333333333333337,0.11620278146306605,0.21666666666666665,0.06334307917217434,0.05719653314003624,0.046040687929495484,0.017579776110849505,0.003758955542947903,,0.0,,0.0,,0.0,,0.0,,0.0,,0.0,,0.0,,0.0
wine_1_vs_2,hybrid_standard_residual_only_svm_rbf,hybrid_standard_residual_only,svm_rbf,4,16,2.0,1.1,residual_only,standard,5,0.95,0.05343162239353149,0.9457142857142857,0.057400214115444395,0.9378833624662324,0.0666442363309786,0.9904761904761905,0.01618736353521517,0.0010556000001088251,7.272564767446326e-05,1.2763866599998437,0.2997293734322707,,0.0,,0.0,,0.0,,0.0,0.33333333333333337,0.11620278146306605,0.22777777777777777,0.08425417160057279,0.05985068467160657,0.05221206097103336,0.008879750555348034,0.0010697282741674024,,0.0,,0.0,,0.0,,0.0,,0.0,,0.0,,0.0,,0.0
wine_1_vs_2,hybrid_always_trigger_no_detector_svm_rbf,hybrid_always_trigger_no_detector,svm_rbf,4,16,2.0,1.1,no_detector,always_trigger,5,0.95,0.05692750425533108,0.9457142857142857,0.06075862060090123,0.9378981937602628,0.07069269697412224,0.9885714285714287,0.017183960130443616,0.001067120001971489,3.67754244898843e-05,10.644229239998822,1.6083336747257782,,0.0,,0.0,,0.0,,0.0,1.0,0.0,0.6833333333333333,0.16735967034880078,0.057196533138184645,0.04604068793038572,0.09066531555555331,0.021481340960652746,,0.0,,0.0,,0.0,,0.0,,0.0,,0.0,,0.0,,0.0
wine_1_vs_2,forced_no_detector_svm_rbf,forced_no_detector,svm_rbf,4,16,2.0,1.1,no_detector,standard,5,0.95,0.05692750425533108,0.9457142857142857,0.06075862060090123,0.9378981937602628,0.07069269697412224,0.987936507936508,0.01715461090299211,0.0010719000012613833,5.898576097123729e-05,10.665491559998191,1.60469422689006,,0.0,,0.0,,0.0,,0.0,,0.0,,0.0,,0.0,,0.0,0.7611111111111111,0.16735967034880073,0.07042830339987698,0.05400980442897445,0.10118391026569158,0.05193643781921093,0.05710131899056555,0.0458829193057642,35.43888888888889,3.574353520067616,17.65,4.76530995973459,0.16111487124536766,0.032633708277858664,0.11939628986074553,0.04679627954115257
wine_1_vs_2,hybrid_always_trigger_qnn_exploratory_svm_rbf,hybrid_always_trigger_qnn_exploratory,svm_rbf,4,16,2.0,1.1,qnn_exploratory,always_trigger,5,0.95,0.05692750425533108,0.9457142857142857,0.06075862060090123,0.9378981937602628,0.07069269697412224,0.987936507936508,0.018565322561540858,0.0010260000002745074,5.7640567071263994e-05,42.14656446000008,6.565408235084714,,0.0,,0.0,,0.0,,0.0,1.0,0.0,0.6833333333333333,0.1477715119807821,0.05716111554446392,0.046045729690678404,0.3684726611108595,0.08450768242426838,,0.0,,0.0,,0.0,,0.0,,0.0,,0.0,,0.0,,0.0
wine_1_vs_2,hybrid_qnn_lenient_no_detector_svm_rbf,hybrid_qnn_lenient_no_detector,svm_rbf,4,16,2.0,1.1,no_detector,qnn_lenient,5,0.95,0.05692750425533108,0.9457142857142857,0.06075862060090123,0.9378981937602628,0.07069269697412224,0.987936507936508,0.01715461090299211,0.0010950600008072797,0.00012689307664497996,10.644343919998937,1.6182037808678946,,0.0,,0.0,,0.0,,0.0,1.0,0.0,0.6888888888888889,0.16005400323208815,0.05719653313821895,0.04604068793036219,0.09057230611120354,0.021498203683592895,,0.0,,0.0,,0.0,,0.0,,0.0,,0.0,,0.0,,0.0
wine_1_vs_2,hybrid_qnn_lenient_qnn_exploratory_svm_rbf,hybrid_qnn_lenient_qnn_exploratory,svm_rbf,4,16,2.0,1.1,qnn_exploratory,qnn_lenient,5,0.95,0.05692750425533108,0.9457142857142857,0.06075862060090123,0.9378981937602628,0.07069269697412224,0.987936507936508,0.018565322561540858,0.0010783000012452248,3.0108221252968804e-05,42.11067990000011,6.534175742911293,,0.0,,0.0,,0.0,,0.0,1.0,0.0,0.6888888888888889,0.15390994641327857,0.05764767316385923,0.046370901695956514,0.36748155444444514,0.08414376726282827,,0.0,,0.0,,0.0,,0.0,,0.0,,0.0,,0.0,,0.0
wine_1_vs_2,hybrid_always_trigger_full_light_qnn,hybrid_always_trigger_full_light,qnn,4,16,2.0,1.1,full_light,always_trigger,5,0.9444444444444444,0.04392052305789418,0.9447619047619048,0.04525062483125562,0.9341935483870968,0.05238225872392958,0.9911111111111112,0.010858813572372724,32.77964910000155,0.6065949480487489,19.95958360000004,1.76727883863315,,0.0,,0.0,,0.0,,0.0,1.0,0.0,0.6944444444444444,0.15957118462605638,0.05523675645881394,0.04312989820191479,0.1721479816664012,0.026307155218289486,,0.0,,0.0,,0.0,,0.0,,0.0,,0.0,,0.0,,0.0
wine_1_vs_2,hybrid_qnn_lenient_full_light_qnn,hybrid_qnn_lenient_full_light,qnn,4,16,2.0,1.1,full_light,qnn_lenient,5,0.9444444444444444,0.04392052305789418,0.9447619047619048,0.04525062483125562,0.9341935483870968,0.05238225872392958,0.9911111111111112,0.010858813572372724,33.045016999999646,0.5218954453051076,19.979578700000275,1.723439859930168,,0.0,,0.0,,0.0,,0.0,1.0,0.0,0.7111111111111111,0.14513722752903482,0.05572568736542379,0.043506558880980255,0.1716041522221834,0.025633518747009372,,0.0,,0.0,,0.0,,0.0,,0.0,,0.0,,0.0,,0.0
wine_1_vs_2,hybrid_always_trigger_full_balanced_qnn,hybrid_always_trigger_full_balanced,qnn,4,16,2.0,1.1,full_balanced,always_trigger,5,0.9388888888888889,0.0534316223935315,0.9438095238095239,0.05296214367009247,0.930608504398827,0.06154259781966999,0.9853968253968255,0.03265369109999691,32.5146876800005,0.33847237981421585,27.587771399999475,3.7850329714255966,,0.0,,0.0,,0.0,,0.0,1.0,0.0,0.6833333333333333,0.17743021580745902,0.056903579839233,0.04620670735780675,0.2352112694443349,0.047701250484488075,,0.0,,0.0,,0.0,,0.0,,0.0,,0.0,,0.0,,0.0
wine_1_vs_2,hybrid_qnn_lenient_full_balanced_qnn,hybrid_qnn_lenient_full_balanced,qnn,4,16,2.0,1.1,full_balanced,qnn_lenient,5,0.9388888888888889,0.0534316223935315,0.9438095238095239,0.05296214367009247,0.930608504398827,0.06154259781966999,0.9841269841269842,0.03206192043924467,32.9271147200001,0.3491480352961615,27.58159614000033,3.7737937713025294,,0.0,,0.0,,0.0,,0.0,1.0,0.0,0.6944444444444444,0.16433554953054488,0.056903579839274146,0.04620670735779515,0.23471914666671284,0.04819486056510877,,0.0,,0.0,,0.0,,0.0,,0.0,,0.0,,0.0,,0.0
wine_1_vs_2,implicit_zero_qnn,implicit_zero,qnn,4,16,2.0,1.1,full_balanced,standard,5,0.9444444444444444,0.05196746370519361,0.9428571428571428,0.05502009527757779,0.9327873563218392,0.06457277636089907,0.9911111111111112,0.01512524349151948,32.90416562000028,0.5947107842325744,0.03531822000149987,0.002924168317086413,0.6888888888888889,0.13805304044210198,0.07042830339987698,0.05400980442897445,35.43888888888889,3.574353520067616,0.16111487124536766,0.032633708277858664,,0.0,,0.0,,0.0,,0.0,,0.0,,0.0,,0.0,,0.0,,0.0,,0.0,,0.0,,0.0
wine_1_vs_2,hybrid_aggressive_full_light_qnn,hybrid_aggressive_full_light,qnn,4,16,2.0,1.1,full_light,aggressive,5,0.9388888888888889,0.04564354645876387,0.9400000000000001,0.045500492135585734,0.928503893214683,0.05285335044917891,0.9853968253968255,0.016888172797803695,33.40973496000079,0.3773307118025701,10.930899979999959,1.5624011239646436,,0.0,,0.0,,0.0,,0.0,0.5722222222222222,0.10865337342004412,0.4222222222222222,0.13944333775567924,0.05523808120841731,0.04313257475957463,0.09384858499991727,0.0228388237116172,,0.0,,0.0,,0.0,,0.0,,0.0,,0.0,,0.0,,0.0
wine_1_vs_2,hybrid_standard_full_balanced_svm_rbf,hybrid_standard_full_balanced,svm_rbf,4,16,2.0,1.1,full_balanced,standard,5,0.9444444444444444,0.05196746370519361,0.9390476190476191,0.05485499334413028,0.9310016420361249,0.06453331493621549,0.9917460317460318,0.015158522395318447,0.0011319799996272195,0.00018540531774234923,6.439585459999217,1.1833991080684743,,0.0,,0.0,,0.0,,0.0,0.33333333333333337,0.11620278146306605,0.2,0.0569275042553311,0.05692886157721311,0.04625247769541533,0.04620921000007203,0.008757827453385103,,0.0,,0.0,,0.0,,0.0,,0.0,,0.0,,0.0,,0.0
wine_1_vs_2,hybrid_standard_qnn_exploratory_svm_rbf,hybrid_standard_qnn_exploratory,svm_rbf,4,16,2.0,1.1,qnn_exploratory,standard,5,0.9444444444444444,0.05196746370519361,0.9390476190476191,0.05485499334413028,0.9310016420361249,0.06453331493621549,0.9917460317460318,0.013764751357891299,0.001083860000653658,0.0001395597658879602,9.56532458000147,2.335532528481398,,0.0,,0.0,,0.0,,0.0,0.33333333333333337,0.11620278146306605,0.20555555555555555,0.08914892519934008,0.05687520825585936,0.04625205397211786,0.06799158777784112,0.018254641819322008,,0.0,,0.0,,0.0,,0.0,,0.0,,0.0,,0.0,,0.0
wine_1_vs_2,hybrid_standard_full_light_svm_rbf,hybrid_standard_full_light,svm_rbf,4,16,2.0,1.1,full_light,standard,5,0.9444444444444444,0.05196746370519361,0.9390476190476191,0.05485499334413028,0.9310016420361249,0.06453331493621549,0.9911111111111112,0.014788336125526429,0.001149320002150489,0.00021873099277435254,5.364610480001284,1.2262499589520461,,0.0,,0.0,,0.0,,0.0,0.33333333333333337,0.11620278146306605,0.21666666666666665,0.0908634846322007,0.055239114538008526,0.04313444374134107,0.04000905500001358,0.009433222819453255,,0.0,,0.0,,0.0,,0.0,,0.0,,0.0,,0.0,,0.0
wine_1_vs_2,hybrid_standard_qnn_oriented_svm_rbf,hybrid_standard_qnn_oriented,svm_rbf,4,16,2.0,1.1,qnn_oriented,standard,5,0.9444444444444444,0.05196746370519361,0.9390476190476191,0.05485499334413028,0.9310016420361249,0.06453331493621549,0.9911111111111112,0.015125243491519433,0.0011540999992575962,0.00025356736806896973,8.401636320000398,1.9862834800466396,,0.0,,0.0,,0.0,,0.0,0.33333333333333337,0.11620278146306605,0.2111111111111111,0.06972166887783963,0.05688594115429901,0.046237748562420446,0.059024350555450335,0.012921890331814581,,0.0,,0.0,,0.0,,0.0,,0.0,,0.0,,0.0,,0.0
wine_1_vs_2,forced_residual_only_svm_rbf,forced_residual_only,svm_rbf,4,16,2.0,1.1,residual_only,standard,5,0.9444444444444444,0.05196746370519361,0.9390476190476191,0.05628321644606619,0.9304941999046561,0.06483806593512187,0.9904761904761905,0.01618736353521517,0.0011441799986641854,0.000312468377507536,5.224506239999755,0.6592516479605529,,0.0,,0.0,,0.0,,0.0,,0.0,,0.0,,0.0,,0.0,0.8222222222222222,0.10686324478706302,0.07042830339987698,0.05400980442897445,0.10100523494913685,0.06419823688624052,0.059768067660057864,0.05207996114624458,35.43888888888889,3.574353520067616,10.827777777777778,2.6865864798253276,0.16111487124536766,0.032633708277858664,0.12423306126164416,0.04488680386229682
wine_1_vs_2,hybrid_always_trigger_residual_only_svm_rbf,hybrid_always_trigger_residual_only,svm_rbf,4,16,2.0,1.1,residual_only,always_trigger,5,0.9444444444444444,0.05196746370519361,0.9390476190476191,0.05628321644606619,0.9304941999046561,0.06483806593512187,0.9904761904761905,0.01618736353521517,0.0010956999984045978,7.460331711723414e-05,5.250243480000063,0.6492608999578299,,0.0,,0.0,,0.0,,0.0,1.0,0.0,0.7722222222222224,0.1421831543563303,0.05985068466931922,0.05221206097214097,0.046304893888656,0.00950983104035585,,0.0,,0.0,,0.0,,0.0,,0.0,,0.0,,0.0,,0.0
wine_1_vs_2,hybrid_qnn_lenient_residual_only_svm_rbf,hybrid_qnn_lenient_residual_only,svm_rbf,4,16,2.0,1.1,residual_only,qnn_lenient,5,0.9444444444444444,0.05196746370519361,0.9390476190476191,0.05628321644606619,0.9304941999046561,0.06483806593512187,0.9904761904761905,0.01618736353521517,0.0012461800004530232,0.0002979032427250065,5.199637719999009,0.6436850783514438,,0.0,,0.0,,0.0,,0.0,1.0,0.0,0.7777777777777779,0.14566789557918772,0.06034007622970318,0.05247022518941658,0.04506641666687048,0.008938785442760338,,0.0,,0.0,,0.0,,0.0,,0.0,,0.0,,0.0,,0.0
wine_1_vs_2,hybrid_always_trigger_full_balanced_svm_rbf,hybrid_always_trigger_full_balanced,svm_rbf,4,16,2.0,1.1,full_balanced,always_trigger,5,0.9444444444444444,0.05196746370519361,0.9390476190476191,0.05485499334413028,0.9310016420361249,0.06453331493621549,0.9898412698412699,0.017589708161517517,0.0010612199985189363,9.19823739759928e-05,27.587771399999475,3.7850329714255966,,0.0,,0.0,,0.0,,0.0,1.0,0.0,0.6833333333333333,0.17743021580745902,0.056903579839233,0.04620670735780675,0.2352112694443349,0.047701250484488075,,0.0,,0.0,,0.0,,0.0,,0.0,,0.0,,0.0,,0.0
wine_1_vs_2,hybrid_qnn_lenient_full_balanced_svm_rbf,hybrid_qnn_lenient_full_balanced,svm_rbf,4,16,2.0,1.1,full_balanced,qnn_lenient,5,0.9444444444444444,0.05196746370519361,0.9390476190476191,0.05485499334413028,0.9310016420361249,0.06453331493621549,0.9898412698412699,0.017589708161517517,0.0010422199993627146,8.564442052293141e-05,27.58159614000033,3.7737937713025294,,0.0,,0.0,,0.0,,0.0,1.0,0.0,0.6944444444444444,0.16433554953054488,0.056903579839274146,0.04620670735779515,0.23471914666671284,0.04819486056510877,,0.0,,0.0,,0.0,,0.0,,0.0,,0.0,,0.0,,0.0
wine_1_vs_2,hybrid_always_trigger_full_light_svm_rbf,hybrid_always_trigger_full_light,svm_rbf,4,16,2.0,1.1,full_light,always_trigger,5,0.9444444444444444,0.05196746370519361,0.9390476190476191,0.05485499334413028,0.9310016420361249,0.06453331493621549,0.9892063492063492,0.015487378943048188,0.001089920000231359,0.00011325271290623523,19.95958360000004,1.76727883863315,,0.0,,0.0,,0.0,,0.0,1.0,0.0,0.6944444444444444,0.15957118462605638,0.05523675645881394,0.04312989820191479,0.1721479816664012,0.026307155218289486,,0.0,,0.0,,0.0,,0.0,,0.0,,0.0,,0.0,,0.0
wine_1_vs_2,hybrid_qnn_lenient_full_light_svm_rbf,hybrid_qnn_lenient_full_light,svm_rbf,4,16,2.0,1.1,full_light,qnn_lenient,5,0.9444444444444444,0.05196746370519361,0.9390476190476191,0.05485499334413028,0.9310016420361249,0.06453331493621549,0.9892063492063492,0.015487378943048188,0.0010193599999183788,7.231011555321086e-05,19.979578700000275,1.723439859930168,,0.0,,0.0,,0.0,,0.0,1.0,0.0,0.7111111111111111,0.14513722752903482,0.05572568736542379,0.043506558880980255,0.1716041522221834,0.025633518747009372,,0.0,,0.0,,0.0,,0.0,,0.0,,0.0,,0.0,,0.0
wine_1_vs_2,forced_full_balanced_svm_rbf,forced_full_balanced,svm_rbf,4,16,2.0,1.1,full_balanced,standard,5,0.9444444444444444,0.05196746370519361,0.9390476190476191,0.05485499334413028,0.9310016420361249,0.06453331493621549,0.9885714285714287,0.017474741516854426,0.0010163000006286893,6.128637751435468e-05,27.87543430000005,4.1200297328691535,,0.0,,0.0,,0.0,,0.0,,0.0,,0.0,,0.0,,0.0,0.7666666666666666,0.1707825127659933,0.07042830339987698,0.05400980442897445,0.10085950961946792,0.05192062008173769,0.0568217319632293,0.046079679110268314,35.43888888888889,3.574353520067616,18.372222222222224,4.125565804817145,0.16111487124536766,0.032633708277858664,0.11941716380133613,0.04692854232788406
wine_1_vs_2,forced_full_light_svm_rbf,forced_full_light,svm_rbf,4,16,2.0,1.1,full_light,standard,5,0.9444444444444444,0.05196746370519361,0.9390476190476191,0.05485499334413028,0.9310016420361249,0.06453331493621549,0.9885714285714287,0.015323832871297974,0.0011986999998043757,0.0002687318904167068,19.901828759999624,1.646800541548549,,0.0,,0.0,,0.0,,0.0,,0.0,,0.0,,0.0,,0.0,0.7555555555555555,0.15639653622510274,0.07042830339987698,0.05400980442897445,0.09832172463487407,0.04730631592336298,0.05518665118067802,0.04307498048079662,35.43888888888889,3.574353520067616,16.38888888888889,3.9453246279302654,0.16111487124536766,0.032633708277858664,0.11927846546287442,0.039040709059046205
wine_1_vs_2,forced_qnn_oriented_svm_rbf,forced_qnn_oriented,svm_rbf,4,16,2.0,1.1,qnn_oriented,standard,5,0.9444444444444444,0.05196746370519361,0.9390476190476191,0.05485499334413028,0.9310016420361249,0.06453331493621549,0.9885714285714287,0.018861524796841805,0.0010591399994154926,7.89876443628786e-05,38.18721781999993,5.496681188791779,,0.0,,0.0,,0.0,,0.0,,0.0,,0.0,,0.0,,0.0,0.7888888888888889,0.15290398827247648,0.07042830339987698,0.05400980442897445,0.09921006808883515,0.049121608431660746,0.056764856266007004,0.046051628147131346,35.43888888888889,3.574353520067616,15.8,4.423405062356263,0.16111487124536766,0.032633708277858664,0.12028566444606821,0.0391331460407524
wine_1_vs_2,hybrid_always_trigger_qnn_oriented_svm_rbf,hybrid_always_trigger_qnn_oriented,svm_rbf,4,16,2.0,1.1,qnn_oriented,always_trigger,5,0.9444444444444444,0.05196746370519361,0.9390476190476191,0.05485499334413028,0.9310016420361249,0.06453331493621549,0.9885714285714287,0.018861524796841805,0.0010075800004415215,7.298045733374002e-05,38.386353380000216,5.371300481314838,,0.0,,0.0,,0.0,,0.0,1.0,0.0,0.7,0.14619663741045297,0.05685557703276937,0.04618029151355024,0.3295625227777944,0.07563437522584443,,0.0,,0.0,,0.0,,0.0,,0.0,,0.0,,0.0,,0.0
wine_1_vs_2,hybrid_qnn_lenient_qnn_oriented_svm_rbf,hybrid_qnn_lenient_qnn_oriented,svm_rbf,4,16,2.0,1.1,qnn_oriented,qnn_lenient,5,0.9444444444444444,0.05196746370519361,0.9390476190476191,0.05485499334413028,0.9310016420361249,0.06453331493621549,0.9885714285714287,0.018861524796841805,0.0010351600001740735,8.655488348217309e-05,38.39016904000091,5.4894454658734855,,0.0,,0.0,,0.0,,0.0,1.0,0.0,0.7,0.14619663741045297,0.05685557703276937,0.04618029151355024,0.3296544633333421,0.07585228282880464,,0.0,,0.0,,0.0,,0.0,,0.0,,0.0,,0.0,,0.0
wine_1_vs_2,forced_qnn_exploratory_qnn,forced_qnn_exploratory,qnn,4,16,2.0,1.1,qnn_exploratory,standard,5,0.9277777777777778,0.06394924685122963,0.9323809523809523,0.062397307924951184,0.9184872922776149,0.07193162451588957,0.9796825396825397,0.030499329839937635,33.38696138000014,0.42301069767109495,42.958686500000475,6.6518089223101615,,0.0,,0.0,,0.0,,0.0,,0.0,,0.0,,0.0,,0.0,0.7666666666666666,0.12668615834434865,0.07042830339987698,0.05400980442897445,0.1008892409946712,0.04620993479731392,0.05548290237366017,0.04296911181100289,35.43888888888889,3.574353520067616,15.344444444444445,3.95775336881861,0.16111487124536766,0.032633708277858664,0.11847814311946991,0.040091281432360716
wine_1_vs_2,hybrid_standard_qnn_oriented_qnn,hybrid_standard_qnn_oriented,qnn,4,16,2.0,1.1,qnn_oriented,standard,5,0.9333333333333332,0.08914892519934006,0.9314285714285713,0.09633887656767645,0.9170089782297792,0.11546752569155276,0.980952380952381,0.04259177099999604,32.97372805999912,0.3976361150464009,8.401636320000398,1.9862834800466396,,0.0,,0.0,,0.0,,0.0,0.33333333333333337,0.11620278146306605,0.2111111111111111,0.06972166887783963,0.05688594115429901,0.046237748562420446,0.059024350555450335,0.012921890331814581,,0.0,,0.0,,0.0,,0.0,,0.0,,0.0,,0.0,,0.0
wine_1_vs_2,hybrid_aggressive_no_detector_qnn,hybrid_aggressive_no_detector,qnn,4,16,2.0,1.1,no_detector,aggressive,5,0.9277777777777778,0.05760122598146589,0.9285714285714285,0.05995084910482937,0.9147107897664071,0.06961698141300741,0.9841269841269842,0.018374344290143237,32.84640809999837,0.7477579225499213,5.612729299999773,1.0539557585042847,,0.0,,0.0,,0.0,,0.0,0.5722222222222222,0.10865337342004412,0.4166666666666667,0.09622504486493763,0.057196533139372584,0.04604068792981831,0.047535908333298314,0.013809168555993729,,0.0,,0.0,,0.0,,0.0,,0.0,,0.0,,0.0,,0.0
wine_1_vs_2,forced_qnn_oriented_qnn,forced_qnn_oriented,qnn,4,16,2.0,1.1,qnn_oriented,standard,5,0.9277777777777778,0.08002700161604406,0.9285714285714285,0.0844483230998486,0.9138209121245829,0.09853420850141811,0.9771428571428572,0.039100493302100726,33.45820222000039,0.17119539141755213,38.18721781999993,5.496681188791779,,0.0,,0.0,,0.0,,0.0,,0.0,,0.0,,0.0,,0.0,0.7888888888888889,0.15290398827247648,0.07042830339987698,0.05400980442897445,0.09921006808883515,0.049121608431660746,0.056764856266007004,0.046051628147131346,35.43888888888889,3.574353520067616,15.8,4.423405062356263,0.16111487124536766,0.032633708277858664,0.12028566444606821,0.0391331460407524
wine_1_vs_2,forced_qnn_exploratory_svm_rbf,forced_qnn_exploratory,svm_rbf,4,16,2.0,1.1,qnn_exploratory,standard,5,0.9333333333333333,0.05046083923495818,0.9276190476190477,0.052532249030558496,0.9175909740982044,0.06192657844475645,0.987936507936508,0.0171546109029921,0.0010440800004289485,7.516153898723255e-05,42.958686500000475,6.6518089223101615,,0.0,,0.0,,0.0,,0.0,,0.0,,0.0,,0.0,,0.0,0.7666666666666666,0.12668615834434865,0.07042830339987698,0.05400980442897445,0.1008892409946712,0.04620993479731392,0.05548290237366017,0.04296911181100289,35.43888888888889,3.574353520067616,15.344444444444445,3.95775336881861,0.16111487124536766,0.032633708277858664,0.11847814311946991,0.040091281432360716
wine_1_vs_2,hybrid_standard_residual_only_qnn,hybrid_standard_residual_only,qnn,4,16,2.0,1.1,residual_only,standard,5,0.9277777777777778,0.05760122598146588,0.9247619047619047,0.06436503043467895,0.910489844683393,0.07486123551127959,0.9815873015873017,0.02012808569415542,33.128511839999554,0.689946433415587,1.2763866599998437,0.2997293734322707,,0.0,,0.0,,0.0,,0.0,0.33333333333333337,0.11620278146306605,0.22777777777777777,0.08425417160057279,0.05985068467160657,0.05221206097103336,0.008879750555348034,0.0010697282741674024,,0.0,,0.0,,0.0,,0.0,,0.0,,0.0,,0.0,,0.0
wine_1_vs_2,hybrid_always_trigger_qnn_oriented_qnn,hybrid_always_trigger_qnn_oriented,qnn,4,16,2.0,1.1,qnn_oriented,always_trigger,5,0.9222222222222222,0.05343162239353151,0.9238095238095237,0.05205526454541772,0.9100537634408603,0.06123240519485992,0.9796825396825397,0.028180750503075728,33.289395679999146,0.5476117591456791,38.386353380000216,5.371300481314838,,0.0,,0.0,,0.0,,0.0,1.0,0.0,0.7,0.14619663741045297,0.05685557703276937,0.04618029151355024,0.3295625227777944,0.07563437522584443,,0.0,,0.0,,0.0,,0.0,,0.0,,0.0,,0.0,,0.0
wine_1_vs_2,hybrid_qnn_lenient_qnn_oriented_qnn,hybrid_qnn_lenient_qnn_oriented,qnn,4,16,2.0,1.1,qnn_oriented,qnn_lenient,5,0.9222222222222222,0.05343162239353151,0.9238095238095237,0.05205526454541772,0.9100537634408603,0.06123240519485992,0.9796825396825397,0.028180750503075728,32.97560406000048,0.4706932524349846,38.39016904000091,5.4894454658734855,,0.0,,0.0,,0.0,,0.0,1.0,0.0,0.7,0.14619663741045297,0.05685557703276937,0.04618029151355024,0.3296544633333421,0.07585228282880464,,0.0,,0.0,,0.0,,0.0,,0.0,,0.0,,0.0,,0.0
wine_1_vs_2,hybrid_aggressive_qnn_oriented_qnn,hybrid_aggressive_qnn_oriented,qnn,4,16,2.0,1.1,qnn_oriented,aggressive,5,0.9222222222222222,0.06022078719077443,0.921904761904762,0.06177642374411332,0.9079569892473118,0.07213763646015244,0.9828571428571429,0.015158522395318539,32.75001950000078,0.3335722804722594,19.986859159998858,4.105335113938361,,0.0,,0.0,,0.0,,0.0,0.5722222222222222,0.10865337342004412,0.42777777777777776,0.09938079899999065,0.05685675718424047,0.04618104926134238,0.17262883833324544,0.05507610379169298,,0.0,,0.0,,0.0,,0.0,,0.0,,0.0,,0.0,,0.0
wine_1_vs_2,hybrid_always_trigger_qnn_exploratory_qnn,hybrid_always_trigger_qnn_exploratory,qnn,4,16,2.0,1.1,qnn_exploratory,always_trigger,5,0.9055555555555556,0.06689774765995718,0.9057142857142857,0.07066255924399827,0.8880172413793103,0.08148170793316198,0.9765079365079364,0.026427498905736372,33.45294646000184,0.6060742345907866,42.14656446000008,6.565408235084714,,0.0,,0.0,,0.0,,0.0,1.0,0.0,0.6833333333333333,0.1477715119807821,0.05716111554446392,0.046045729690678404,0.3684726611108595,0.08450768242426838,,0.0,,0.0,,0.0,,0.0,,0.0,,0.0,,0.0,,0.0
wine_1_vs_2,hybrid_qnn_lenient_qnn_exploratory_qnn,hybrid_qnn_lenient_qnn_exploratory,qnn,4,16,2.0,1.1,qnn_exploratory,qnn_lenient,5,0.9055555555555556,0.06689774765995718,0.9057142857142857,0.07066255924399827,0.8880172413793103,0.08148170793316198,0.9765079365079364,0.026427498905736372,33.17956515999977,0.5383469475457365,42.11067990000011,6.534175742911293,,0.0,,0.0,,0.0,,0.0,1.0,0.0,0.6888888888888889,0.15390994641327857,0.05764767316385923,0.046370901695956514,0.36748155444444514,0.08414376726282827,,0.0,,0.0,,0.0,,0.0,,0.0,,0.0,,0.0,,0.0
wine_binary,pca_svm_rbf,pca,svm_rbf,4,16,2.0,1.1,full_balanced,standard,5,0.964102564102564,0.0229340305384594,0.9626984126984126,0.023576905996052316,0.9672103090707742,0.021013548137083407,0.9941798941798942,0.004732418999999577,0.001112719999946421,0.00013833906571182296,,0.0,,0.0,,0.0,,0.0,,0.0,,0.0,,0.0,,0.0,,0.0,,0.0,,0.0,,0.0,,0.0,,0.0,,0.0,,0.0,,0.0
wine_binary,hybrid_always_trigger_residual_only_logreg,hybrid_always_trigger_residual_only,logreg,4,16,2.0,1.1,residual_only,always_trigger,5,0.9589743589743589,0.0292352673102343,0.9603174603174602,0.027059884319416378,0.9604404123008775,0.029158023970577727,0.9920634920634921,0.009720197391996704,0.002548420000312035,0.00015377342790326068,5.714648500000112,0.378349001607854,,0.0,,0.0,,0.0,,0.0,1.0,0.0,0.7025641025641025,0.10352117558044283,0.051749995176381666,0.04376174330153654,0.044715904102654,0.004275668461289627,,0.0,,0.0,,0.0,,0.0,,0.0,,0.0,,0.0,,0.0
wine_binary,hybrid_qnn_lenient_residual_only_logreg,hybrid_qnn_lenient_residual_only,logreg,4,16,2.0,1.1,residual_only,qnn_lenient,5,0.9589743589743589,0.0292352673102343,0.9603174603174602,0.027059884319416378,0.9604404123008775,0.029158023970577727,0.9915343915343915,0.010811014149048946,0.0024133600003551693,0.00033168992679014287,5.717005340000105,0.3688199057128892,,0.0,,0.0,,0.0,,0.0,1.0,0.0,0.7025641025641025,0.10352117558044283,0.051749995176381666,0.04376174330153654,0.04474110102562871,0.004255349061526508,,0.0,,0.0,,0.0,,0.0,,0.0,,0.0,,0.0,,0.0
wine_binary,hybrid_standard_residual_only_logreg,hybrid_standard_residual_only,logreg,4,16,2.0,1.1,residual_only,standard,5,0.9589743589743589,0.0292352673102343,0.9595238095238094,0.027550087234459966,0.9608733127337779,0.02902421431446705,0.9957671957671957,0.004426772627164427,0.002149699999790755,0.00033089435640804254,1.523118020000038,0.3032565950343596,,0.0,,0.0,,0.0,,0.0,0.3538461538461538,0.05558841894533026,0.2512820512820513,0.06121710967340165,0.051749995178274076,0.04376174330144016,0.012054612820606847,0.0029059769400391977,,0.0,,0.0,,0.0,,0.0,,0.0,,0.0,,0.0,,0.0
wine_binary,hybrid_aggressive_residual_only_logreg,hybrid_aggressive_residual_only,logreg,4,16,2.0,1.1,residual_only,aggressive,5,0.9589743589743589,0.0292352673102343,0.9595238095238094,0.027550087234459966,0.9608733127337779,0.02902421431446705,0.9947089947089947,0.006744734806339679,0.0020747800001117865,0.0004586182096872756,3.165277700000297,0.6300537818857437,,0.0,,0.0,,0.0,,0.0,0.5384615384615384,0.060133535382351694,0.39487179487179486,0.09351067963492549,0.051749995177710985,0.04376174330119422,0.02234551128207479,0.0041006805349335755,,0.0,,0.0,,0.0,,0.0,,0.0,,0.0,,0.0,,0.0
wine_binary,hybrid_always_trigger_qnn_exploratory_logreg,hybrid_always_trigger_qnn_exploratory,logreg,4,16,2.0,1.1,qnn_exploratory,always_trigger,5,0.9589743589743589,0.022934030538459355,0.9595238095238094,0.019318510229584248,0.9606618962432917,0.023990760593213877,0.9925925925925926,0.010143010324169706,0.0022813800005678786,0.00020526051002928974,48.27896167999934,3.8067041233899443,,0.0,,0.0,,0.0,,0.0,1.0,0.0,0.676923076923077,0.10352117558044284,0.05075421718165744,0.04400890059622727,0.3904075405129287,0.03218681791195958,,0.0,,0.0,,0.0,,0.0,,0.0,,0.0,,0.0,,0.0
wine_binary,hybrid_qnn_lenient_qnn_exploratory_logreg,hybrid_qnn_lenient_qnn_exploratory,logreg,4,16,2.0,1.1,qnn_exploratory,qnn_lenient,5,0.9589743589743589,0.022934030538459355,0.9595238095238094,0.019318510229584248,0.9606618962432917,0.023990760593213877,0.9920634920634921,0.011223917161691204,0.00245875999898999,0.00014097061132118218,48.27789228000002,3.764971069661237,,0.0,,0.0,,0.0,,0.0,1.0,0.0,0.6820512820512821,0.0935106796349255,0.05105030896115017,0.04385173265102383,0.3902380743590281,0.0313922552724788,,0.0,,0.0,,0.0,,0.0,,0.0,,0.0,,0.0,,0.0
wine_binary,hybrid_always_trigger_full_light_logreg,hybrid_always_trigger_full_light,logreg,4,16,2.0,1.1,full_light,always_trigger,5,0.9589743589743589,0.022934030538459355,0.9587301587301587,0.021110215997254565,0.9613441011625923,0.023390343381684626,0.9936507936507937,0.010004058413327492,0.0023296399998798734,0.0001345025574886841,22.68046349999968,1.4984214871747352,,0.0,,0.0,,0.0,,0.0,1.0,0.0,0.676923076923077,0.14230191718473442,0.05075302981025122,0.04406321909958164,0.17996742717955502,0.02024922422640091,,0.0,,0.0,,0.0,,0.0,,0.0,,0.0,,0.0,,0.0
wine_binary,hybrid_always_trigger_no_detector_logreg,hybrid_always_trigger_no_detector,logreg,4,16,2.0,1.1,no_detector,always_trigger,5,0.9589743589743589,0.022934030538459355,0.9587301587301587,0.021110215997254565,0.9613441011625923,0.023390343381684626,0.9936507936507937,0.010004058413327492,0.0025427799999306446,0.0003241401652986206,11.797059940000327,1.24200996372769,,0.0,,0.0,,0.0,,0.0,1.0,0.0,0.676923076923077,0.16378173766842372,0.05113677750119786,0.043611601557635674,0.09464445794886463,0.011369711266241613,,0.0,,0.0,,0.0,,0.0,,0.0,,0.0,,0.0,,0.0
wine_binary,forced_no_detector_logreg,forced_no_detector,logreg,4,16,2.0,1.1,no_detector,standard,5,0.9589743589743589,0.022934030538459355,0.9587301587301587,0.021110215997254565,0.9613441011625923,0.023390343381684626,0.9931216931216931,0.011161387888745466,0.0022205999990546842,0.00022650190909481458,11.817009759999928,1.264108400360145,,0.0,,0.0,,0.0,,0.0,,0.0,,0.0,,0.0,,0.0,0.7641025641025642,0.18347224430767506,0.06515247759532003,0.03875572002197294,0.09240923173759111,0.04505823814937828,0.05103346152341361,0.04351525047270361,35.42564102564103,2.15557012812198,17.41025641025641,2.5062053165607554,0.1550667807870281,0.018127867780185186,0.11550025630827583,0.03136695406065255
wine_binary,hybrid_qnn_lenient_full_light_logreg,hybrid_qnn_lenient_full_light,logreg,4,16,2.0,1.1,full_light,qnn_lenient,5,0.9589743589743589,0.022934030538459355,0.9587301587301587,0.021110215997254565,0.9613441011625923,0.023390343381684626,0.9931216931216931,0.011161387888745466,0.0023277800002688307,0.0001816228291939325,22.719885319999957,1.4153262721376922,,0.0,,0.0,,0.0,,0.0,1.0,0.0,0.6820512820512821,0.13397282541141672,0.05105291010605265,0.043904503402621094,0.17955653384616688,0.01930804433390712,,0.0,,0.0,,0.0,,0.0,,0.0,,0.0,,0.0,,0.0
wine_binary,hybrid_qnn_lenient_no_detector_logreg,hybrid_qnn_lenient_no_detector,logreg,4,16,2.0,1.1,no_detector,qnn_lenient,5,0.9589743589743589,0.022934030538459355,0.9587301587301587,0.021110215997254565,0.9613441011625923,0.023390343381684626,0.9931216931216931,0.010004058413327493,0.0021771999996417434,0.00033693086046570654,11.844520079999711,1.2893612534275207,,0.0,,0.0,,0.0,,0.0,1.0,0.0,0.6820512820512821,0.15554616295490362,0.051478419562664225,0.04342602775842255,0.09467067692320806,0.01112462143054316,,0.0,,0.0,,0.0,,0.0,,0.0,,0.0,,0.0,,0.0
wine_binary,forced_full_light_logreg,forced_full_light,logreg,4,16,2.0,1.1,full_light,standard,5,0.9589743589743589,0.022934030538459355,0.9587301587301587,0.021110215997254565,0.9613441011625923,0.023390343381684626,0.9920634920634921,0.010907686840258333,0.002476740000565769,0.00034005461048380083,22.688073059999805,1.4737285819032742,,0.0,,0.0,,0.0,,0.0,,0.0,,0.0,,0.0,,0.0,0.7692307692307693,0.15491084581531506,0.06515247759532003,0.03875572002197294,0.08790818007530629,0.046126236996313755,0.05065377242955669,0.044002030428722104,35.42564102564103,2.15557012812198,16.333333333333332,2.31494586523624,0.1550667807870281,0.018127867780185186,0.11794306953802373,0.03585131243424524
wine_binary,forced_full_balanced_logreg,forced_full_balanced,logreg,4,16,2.0,1.1,full_balanced,standard,5,0.9589743589743589,0.022934030538459355,0.9587301587301587,0.021110215997254565,0.9613441011625923,0.023390343381684626,0.9915343915343915,0.010971662091707761,0.002360899999621324,0.00026174064416832285,30.968704800000342,3.151424318967947,,0.0,,0.0,,0.0,,0.0,,0.0,,0.0,,0.0,,0.0,0.7794871794871795,0.1791205045802357,0.06515247759532003,0.03875572002197294,0.0918854080705978,0.04344390808683043,0.051513737299590745,0.04320459965143799,35.42564102564103,2.15557012812198,17.153846153846153,2.894825236390605,0.1550667807870281,0.018127867780185186,0.11637088191283511,0.028907247719040078
wine_binary,forced_residual_only_logreg,forced_residual_only,logreg,4,16,2.0,1.1,residual_only,standard,5,0.9538461538461538,0.033431807206167403,0.9547619047619047,0.03243304244714691,0.956010733452594,0.032211064608347516,0.9915343915343915,0.010811014149048946,0.002225180000095861,0.00031863366440765717,5.718750880000153,0.36904832531073845,,0.0,,0.0,,0.0,,0.0,,0.0,,0.0,,0.0,,0.0,0.7846153846153845,0.12108429695505225,0.06515247759532003,0.03875572002197294,0.09137109400752769,0.03934279828516615,0.05167652929071308,0.04373233414084375,35.42564102564103,2.15557012812198,10.835897435897436,1.2591022964917906,0.1550667807870281,0.018127867780185186,0.1116439912134081,0.02560546035949037
wine_binary,hybrid_standard_full_light_logreg,hybrid_standard_full_light,logreg,4,16,2.0,1.1,full_light,standard,5,0.9538461538461538,0.021452821193181402,0.9539682539682539,0.01873923643351998,0.9562221499430802,0.02226230251479334,0.9962962962962962,0.00354931424999967,0.0022340799994708506,0.00022377135008366708,6.3176038600006,1.1234896653598068,,0.0,,0.0,,0.0,,0.0,0.3538461538461538,0.05558841894533026,0.22051282051282053,0.05317036244443004,0.05124399605449069,0.04376195607088455,0.04822721230763515,0.007321814705482796,,0.0,,0.0,,0.0,,0.0,,0.0,,0.0,,0.0,,0.0
wine_binary,hybrid_standard_full_balanced_logreg,hybrid_standard_full_balanced,logreg,4,16,2.0,1.1,full_balanced,standard,5,0.9538461538461538,0.021452821193181402,0.9539682539682539,0.01873923643351998,0.9562221499430802,0.02226230251479334,0.9957671957671957,0.004426772627164427,0.0020999199998186667,0.00016789370757025164,7.666060359999392,1.561593545841427,,0.0,,0.0,,0.0,,0.0,0.3538461538461538,0.05558841894533026,0.23076923076923075,0.025641025641025633,0.05162852588255169,0.04330380508736913,0.05852410871798034,0.015543982749776796,,0.0,,0.0,,0.0,,0.0,,0.0,,0.0,,0.0,,0.0
wine_binary,hybrid_standard_no_detector_logreg,hybrid_standard_no_detector,logreg,4,16,2.0,1.1,no_detector,standard,5,0.9538461538461538,0.021452821193181402,0.9539682539682539,0.01873923643351998,0.9562221499430802,0.02226230251479334,0.9957671957671957,0.004426772627164427,0.002140319999671192,0.0003399846500655676,2.968277820000003,0.5761582310392951,,0.0,,0.0,,0.0,,0.0,0.3538461538461538,0.05558841894533026,0.22564102564102564,0.04213250442347431,0.05113143523840165,0.04361512735623454,0.022716317948587136,0.005953659921793157,,0.0,,0.0,,0.0,,0.0,,0.0,,0.0,,0.0,,0.0
wine_binary,hybrid_standard_qnn_exploratory_logreg,hybrid_standard_qnn_exploratory,logreg,4,16,2.0,1.1,qnn_exploratory,standard,5,0.9538461538461538,0.021452821193181402,0.9539682539682539,0.01873923643351998,0.9562221499430802,0.02226230251479334,0.9957671957671957,0.004426772627164427,0.002438720000645844,0.0003141557769350067,11.498367940000026,2.177845079602131,,0.0,,0.0,,0.0,,0.0,0.3538461538461538,0.05558841894533026,0.23076923076923078,0.040542021284209986,0.050730626038209936,0.04405082316403249,0.09820349641013308,0.026649061610934225,,0.0,,0.0,,0.0,,0.0,,0.0,,0.0,,0.0,,0.0
wine_binary,hybrid_standard_qnn_oriented_logreg,hybrid_standard_qnn_oriented,logreg,4,16,2.0,1.1,qnn_oriented,standard,5,0.9538461538461538,0.021452821193181402,0.9539682539682539,0.01873923643351998,0.9562221499430802,0.02226230251479334,0.9957671957671957,0.004426772627164427,0.002291799999511568,0.0002650678688505844,9.990894480000133,2.0296230382721414,,0.0,,0.0,,0.0,,0.0,0.3538461538461538,0.05558841894533026,0.24102564102564106,0.05617667256463242,0.051259179520666054,0.043743922607118124,0.08079372564107194,0.02383295819150098,,0.0,,0.0,,0.0,,0.0,,0.0,,0.0,,0.0,,0.0
wine_binary,hybrid_aggressive_full_light_logreg,hybrid_aggressive_full_light,logreg,4,16,2.0,1.1,full_light,aggressive,5,0.9538461538461538,0.021452821193181402,0.9539682539682539,0.01873923643351998,0.9562221499430802,0.02226230251479334,0.9952380952380953,0.005735313065788046,0.002281760000187205,0.00038632781105226853,12.555300199999328,2.1031881584881047,,0.0,,0.0,,0.0,,0.0,0.5384615384615384,0.060133535382351694,0.36410256410256403,0.07985852052511506,0.050765756443020504,0.04407818444757005,0.09005927128202576,0.012594954509252396,,0.0,,0.0,,0.0,,0.0,,0.0,,0.0,,0.0,,0.0
wine_binary,hybrid_aggressive_no_detector_logreg,hybrid_aggressive_no_detector,logreg,4,16,2.0,1.1,no_detector,aggressive,5,0.9538461538461538,0.021452821193181402,0.9539682539682539,0.01873923643351998,0.9562221499430802,0.02226230251479334,0.9952380952380953,0.006587248464544325,0.0021831799997016786,0.0001937338313597234,6.393918360000316,1.2667830880926483,,0.0,,0.0,,0.0,,0.0,0.5384615384615384,0.060133535382351694,0.36923076923076925,0.07387107841480992,0.051136777502412724,0.04361160155731212,0.04582909384604509,0.006583277023624288,,0.0,,0.0,,0.0,,0.0,,0.0,,0.0,,0.0,,0.0
wine_binary,hybrid_aggressive_qnn_exploratory_logreg,hybrid_aggressive_qnn_exploratory,logreg,4,16,2.0,1.1,qnn_exploratory,aggressive,5,0.9538461538461538,0.021452821193181402,0.9539682539682539,0.01873923643351998,0.9562221499430802,0.02226230251479334,0.9941798941798942,0.007098628499999348,0.002351460000500083,0.0002863373067972987,25.622209260000453,4.686749931037972,,0.0,,0.0,,0.0,,0.0,0.5384615384615384,0.060133535382351694,0.3641025641025641,0.07985852052511506,0.05122091174277136,0.043727480468874876,0.1816637912821301,0.03280885326248489,,0.0,,0.0,,0.0,,0.0,,0.0,,0.0,,0.0,,0.0
wine_binary,hybrid_aggressive_qnn_oriented_logreg,hybrid_aggressive_qnn_oriented,logreg,4,16,2.0,1.1,qnn_oriented,aggressive,5,0.9538461538461538,0.021452821193181402,0.9539682539682539,0.01873923643351998,0.9562221499430802,0.02226230251479334,0.9941798941798942,0.007098628499999348,0.002168179999353015,0.000346023520526499,22.2685941599997,4.508318066270105,,0.0,,0.0,,0.0,,0.0,0.5384615384615384,0.060133535382351694,0.38461538461538464,0.09763811674184497,0.050674336764160846,0.044095539458631074,0.16177854923081236,0.03234727544142182,,0.0,,0.0,,0.0,,0.0,,0.0,,0.0,,0.0,,0.0
wine_binary,hybrid_aggressive_full_balanced_logreg,hybrid_aggressive_full_balanced,logreg,4,16,2.0,1.1,full_balanced,aggressive,5,0.9538461538461538,0.021452821193181402,0.9539682539682539,0.01873923643351998,0.9562221499430802,0.02226230251479334,0.9936507936507937,0.006898626883812343,0.0020798799992917338,0.0002898038068613872,16.809331340000064,3.544803874194755,,0.0,,0.0,,0.0,,0.0,0.5384615384615384,0.060133535382351694,0.36923076923076925,0.05903007401651968,0.05162480365076866,0.04330478036508848,0.11922691743604494,0.018172392145870568,,0.0,,0.0,,0.0,,0.0,,0.0,,0.0,,0.0,,0.0
wine_binary,hybrid_always_trigger_qnn_oriented_logreg,hybrid_always_trigger_qnn_oriented,logreg,4,16,2.0,1.1,qnn_oriented,always_trigger,5,0.9538461538461538,0.021452821193181402,0.9539682539682539,0.01873923643351998,0.9562221499430802,0.02226230251479334,0.9925925925925926,0.010143010324169706,0.0023097999994206473,0.00036708661140142713,42.76118012000006,4.6744854255458,,0.0,,0.0,,0.0,,0.0,1.0,0.0,0.6923076923076923,0.16115134730739147,0.05105208886401348,0.043651463822778715,0.3481223420513673,0.044577400494264334,,0.0,,0.0,,0.0,,0.0,,0.0,,0.0,,0.0,,0.0
wine_binary,forced_qnn_exploratory_logreg,forced_qnn_exploratory,logreg,4,16,2.0,1.1,qnn_exploratory,standard,5,0.9538461538461538,0.021452821193181402,0.9539682539682539,0.01873923643351998,0.9562221499430802,0.02226230251479334,0.9920634920634921,0.011223917161691204,0.002326680000987835,0.00030386856938732207,48.193511800000124,4.139418395643335,,0.0,,0.0,,0.0,,0.0,,0.0,,0.0,,0.0,,0.0,0.7538461538461538,0.16074285147341008,0.06515247759532003,0.03875572002197294,0.09664791408933385,0.03943883257846213,0.050623998458211486,0.04398599101406092,35.42564102564103,2.15557012812198,15.95897435897436,1.4318395041166387,0.1550667807870281,0.018127867780185186,0.11421583308413556,0.02785717332464853
wine_binary,forced_qnn_oriented_logreg,forced_qnn_oriented,logreg,4,16,2.0,1.1,qnn_oriented,standard,5,0.9538461538461538,0.021452821193181402,0.9539682539682539,0.01873923643351998,0.9562221499430802,0.02226230251479334,0.9920634920634921,0.011223917161691204,0.0023075799999787705,0.00023437893833667096,42.54423516000061,4.001152758492181,,0.0,,0.0,,0.0,,0.0,,0.0,,0.0,,0.0,,0.0,0.7743589743589744,0.17522409808481934,0.06515247759532003,0.03875572002197294,0.08629019404119412,0.048067349219124623,0.0515062712390104,0.04321174142224181,35.42564102564103,2.15557012812198,16.610256410256408,2.120731393565788,0.1550667807870281,0.018127867780185186,0.12370860241406598,0.036082022584560156
wine_binary,hybrid_qnn_lenient_qnn_oriented_logreg,hybrid_qnn_lenient_qnn_oriented,logreg,4,16,2.0,1.1,qnn_oriented,qnn_lenient,5,0.9538461538461538,0.021452821193181402,0.9539682539682539,0.01873923643351998,0.9562221499430802,0.02226230251479334,0.9920634920634921,0.011223917161691204,0.0023610600001120474,0.0002350056442271029,42.787203420000154,4.750355804216105,,0.0,,0.0,,0.0,,0.0,1.0,0.0,0.6974358974358974,0.1645826311372432,0.051052088864031106,0.04365146382275827,0.348497224615354,0.045344047125351276,,0.0,,0.0,,0.0,,0.0,,0.0,,0.0,,0.0,,0.0
wine_binary,hybrid_always_trigger_full_balanced_logreg,hybrid_always_trigger_full_balanced,logreg,4,16,2.0,1.1,full_balanced,always_trigger,5,0.9538461538461538,0.028088336282316172,0.9539682539682539,0.02700162831143492,0.9564815218814084,0.02734920374149087,0.9915343915343915,0.010971662091707761,0.0026079000002937392,0.00011510388793769109,30.880294479999428,3.289329292724372,,0.0,,0.0,,0.0,,0.0,1.0,0.0,0.6717948717948717,0.14550011240113955,0.05162808864088473,0.04330235644003506,0.2458832035897033,0.0277222150568224,,0.0,,0.0,,0.0,,0.0,,0.0,,0.0,,0.0,,0.0
wine_binary,hybrid_qnn_lenient_full_balanced_logreg,hybrid_qnn_lenient_full_balanced,logreg,4,16,2.0,1.1,full_balanced,qnn_lenient,5,0.9538461538461538,0.028088336282316172,0.9539682539682539,0.02700162831143492,0.9564815218814084,0.02734920374149087,0.9915343915343915,0.010971662091707761,0.0024215199999161998,0.00020834561872823802,30.861534799999937,3.2171692635964906,,0.0,,0.0,,0.0,,0.0,1.0,0.0,0.6820512820512821,0.1276912779280896,0.052586380334077344,0.04279675094990842,0.24586163128207353,0.027731829805532526,,0.0,,0.0,,0.0,,0.0,,0.0,,0.0,,0.0,,0.0
wine_binary,pca_mlp,pca,mlp,4,16,2.0,1.1,full_balanced,standard,5,0.9538461538461538,0.028088336282316172,0.9523809523809523,0.029025275472872626,0.9579126488939307,0.025272594023853335,0.9920634920634921,0.0085724083312273,0.05783778000040911,0.007833997059893866,,0.0,,0.0,,0.0,,0.0,,0.0,,0.0,,0.0,,0.0,,0.0,,0.0,,0.0,,0.0,,0.0,,0.0,,0.0,,0.0,,0.0
wine_binary,pca_logreg,pca,logreg,4,16,2.0,1.1,full_balanced,standard,5,0.9487179487179487,0.025641025641025605,0.9484126984126984,0.02586985081429622,0.9523593441914485,0.023856770891080764,0.9941798941798942,0.004732418999999548,0.0015640599995094817,0.0002074490496367359,,0.0,,0.0,,0.0,,0.0,,0.0,,0.0,,0.0,,0.0,,0.0,,0.0,,0.0,,0.0,,0.0,,0.0,,0.0,,0.0,,0.0
wine_binary,pca_qnn,pca,qnn,4,16,2.0,1.1,full_balanced,standard,5,0.9487179487179487,0.025641025641025605,0.9476190476190476,0.026972453123756197,0.9529794992302083,0.0231681545241714,0.9957671957671957,0.00480579421285319,35.5923805600014,0.5263067013850091,,0.0,,0.0,,0.0,,0.0,,0.0,,0.0,,0.0,,0.0,,0.0,,0.0,,0.0,,0.0,,0.0,,0.0,,0.0,,0.0,,0.0
wine_binary,implicit_zero_logreg,implicit_zero,logreg,4,16,2.0,1.1,full_balanced,standard,5,0.9435897435897436,0.02808833628231617,0.9428571428571428,0.027147033930931822,0.9473455793591926,0.027086832070792648,0.9947089947089947,0.0037413057205637435,0.002520600000207196,0.0004148132953387085,0.03581839999897056,0.005494698104594391,0.6871794871794872,0.09996712148522012,0.06515247759532003,0.03875572002197294,35.42564102564103,2.15557012812198,0.1550667807870281,0.018127867780185186,,0.0,,0.0,,0.0,,0.0,,0.0,,0.0,,0.0,,0.0,,0.0,,0.0,,0.0,,0.0
wine_binary,hybrid_standard_residual_only_qnn,hybrid_standard_residual_only,qnn,4,16,2.0,1.1,residual_only,standard,5,0.9179487179487179,0.021452821193181402,0.9158730158730158,0.02468623970634253,0.9257293868921777,0.01719954687108254,0.9566137566137567,0.03748780864321342,36.36291093999971,0.48765507268820407,1.523118020000038,0.3032565950343596,,0.0,,0.0,,0.0,,0.0,0.3538461538461538,0.05558841894533026,0.2512820512820513,0.06121710967340165,0.051749995178274076,0.04376174330144016,0.012054612820606847,0.0029059769400391977,,0.0,,0.0,,0.0,,0.0,,0.0,,0.0,,0.0,,0.0
wine_binary,hybrid_aggressive_residual_only_svm_rbf,hybrid_aggressive_residual_only,svm_rbf,4,16,2.0,1.1,residual_only,aggressive,5,0.9025641025641026,0.05558841894533025,0.9,0.0610518162140861,0.9136236186706252,0.044279941989246445,0.9862433862433863,0.01788406749328629,0.0011268000002019108,8.898803316140767e-05,3.165277700000297,0.6300537818857437,,0.0,,0.0,,0.0,,0.0,0.5384615384615384,0.060133535382351694,0.39487179487179486,0.09351067963492549,0.051749995177710985,0.04376174330119422,0.02234551128207479,0.0041006805349335755,,0.0,,0.0,,0.0,,0.0,,0.0,,0.0,,0.0,,0.0
wine_binary,hybrid_qnn_lenient_no_detector_svm_rbf,hybrid_qnn_lenient_no_detector,svm_rbf,4,16,2.0,1.1,no_detector,qnn_lenient,5,0.9025641025641026,0.06384563896404478,0.8992063492063492,0.07007087079333649,0.9147998378433162,0.04880356482602585,0.9857142857142858,0.014562284597378714,0.0011864999996760162,0.00021150406666892141,11.844520079999711,1.2893612534275207,,0.0,,0.0,,0.0,,0.0,1.0,0.0,0.6820512820512821,0.15554616295490362,0.051478419562664225,0.04342602775842255,0.09467067692320806,0.01112462143054316,,0.0,,0.0,,0.0,,0.0,,0.0,,0.0,,0.0,,0.0
wine_binary,hybrid_aggressive_full_balanced_svm_rbf,hybrid_aggressive_full_balanced,svm_rbf,4,16,2.0,1.1,full_balanced,aggressive,5,0.9025641025641026,0.06384563896404478,0.8984126984126984,0.07046305111322122,0.9159420289855073,0.0486182744444503,0.9857142857142858,0.016157070354076677,0.0010918399995716755,8.68751574141325e-05,16.809331340000064,3.544803874194755,,0.0,,0.0,,0.0,,0.0,0.5384615384615384,0.060133535382351694,0.36923076923076925,0.05903007401651968,0.05162480365076866,0.04330478036508848,0.11922691743604494,0.018172392145870568,,0.0,,0.0,,0.0,,0.0,,0.0,,0.0,,0.0,,0.0
wine_binary,hybrid_aggressive_no_detector_svm_rbf,hybrid_aggressive_no_detector,svm_rbf,4,16,2.0,1.1,no_detector,aggressive,5,0.9025641025641026,0.06384563896404478,0.8984126984126984,0.07046305111322122,0.9159420289855073,0.0486182744444503,0.9857142857142858,0.016478742330579277,0.0011031400001229486,0.00011246274044412251,6.393918360000316,1.2667830880926483,,0.0,,0.0,,0.0,,0.0,0.5384615384615384,0.060133535382351694,0.36923076923076925,0.07387107841480992,0.051136777502412724,0.04361160155731212,0.04582909384604509,0.006583277023624288,,0.0,,0.0,,0.0,,0.0,,0.0,,0.0,,0.0,,0.0
wine_binary,hybrid_standard_full_balanced_svm_rbf,hybrid_standard_full_balanced,svm_rbf,4,16,2.0,1.1,full_balanced,standard,5,0.9025641025641026,0.06384563896404478,0.8984126984126984,0.07046305111322122,0.9159420289855073,0.0486182744444503,0.9835978835978836,0.017785964353409085,0.0011111399999208516,8.704310968768817e-05,7.666060359999392,1.561593545841427,,0.0,,0.0,,0.0,,0.0,0.3538461538461538,0.05558841894533026,0.23076923076923075,0.025641025641025633,0.05162852588255169,0.04330380508736913,0.05852410871798034,0.015543982749776796,,0.0,,0.0,,0.0,,0.0,,0.0,,0.0,,0.0,,0.0
wine_binary,hybrid_standard_no_detector_svm_rbf,hybrid_standard_no_detector,svm_rbf,4,16,2.0,1.1,no_detector,standard,5,0.9025641025641026,0.06384563896404478,0.8984126984126984,0.07046305111322122,0.9159420289855073,0.0486182744444503,0.9835978835978836,0.017785964353409085,0.0012321600002906052,0.00032235155959020075,2.968277820000003,0.5761582310392951,,0.0,,0.0,,0.0,,0.0,0.3538461538461538,0.05558841894533026,0.22564102564102564,0.04213250442347431,0.05113143523840165,0.04361512735623454,0.022716317948587136,0.005953659921793157,,0.0,,0.0,,0.0,,0.0,,0.0,,0.0,,0.0,,0.0
wine_binary,hybrid_always_trigger_residual_only_svm_rbf,hybrid_always_trigger_residual_only,svm_rbf,4,16,2.0,1.1,residual_only,always_trigger,5,0.8974358974358975,0.051282051282051294,0.8952380952380953,0.05671966309319807,0.9082390032860099,0.04019952263914641,0.9846560846560847,0.016668766139707237,0.001087500000721775,0.00010235748604091423,5.714648500000112,0.378349001607854,,0.0,,0.0,,0.0,,0.0,1.0,0.0,0.7025641025641025,0.10352117558044283,0.051749995176381666,0.04376174330153654,0.044715904102654,0.004275668461289627,,0.0,,0.0,,0.0,,0.0,,0.0,,0.0,,0.0,,0.0
wine_binary,hybrid_qnn_lenient_residual_only_svm_rbf,hybrid_qnn_lenient_residual_only,svm_rbf,4,16,2.0,1.1,residual_only,qnn_lenient,5,0.8974358974358975,0.051282051282051294,0.8952380952380953,0.05671966309319807,0.9082390032860099,0.04019952263914641,0.9846560846560847,0.016668766139707237,0.0011760600002162392,0.00018791086464220355,5.717005340000105,0.3688199057128892,,0.0,,0.0,,0.0,,0.0,1.0,0.0,0.7025641025641025,0.10352117558044283,0.051749995176381666,0.04376174330153654,0.04474110102562871,0.004255349061526508,,0.0,,0.0,,0.0,,0.0,,0.0,,0.0,,0.0,,0.0
wine_binary,forced_residual_only_svm_rbf,forced_residual_only,svm_rbf,4,16,2.0,1.1,residual_only,standard,5,0.8974358974358975,0.051282051282051294,0.8952380952380953,0.05671966309319807,0.9082390032860099,0.04019952263914641,0.9835978835978836,0.017287099738311662,0.0010874800002056873,0.00011504736795301074,5.718750880000153,0.36904832531073845,,0.0,,0.0,,0.0,,0.0,,0.0,,0.0,,0.0,,0.0,0.7846153846153845,0.12108429695505225,0.06515247759532003,0.03875572002197294,0.09137109400752769,0.03934279828516615,0.05167652929071308,0.04373233414084375,35.42564102564103,2.15557012812198,10.835897435897436,1.2591022964917906,0.1550667807870281,0.018127867780185186,0.1116439912134081,0.02560546035949037
wine_binary,hybrid_standard_residual_only_svm_rbf,hybrid_standard_residual_only,svm_rbf,4,16,2.0,1.1,residual_only,standard,5,0.8974358974358975,0.06013353538235166,0.8952380952380953,0.06487822187351766,0.908308004052685,0.049993699361480334,0.9825396825396826,0.02392681281395768,0.0011331400008202763,5.758843656474541e-05,1.523118020000038,0.3032565950343596,,0.0,,0.0,,0.0,,0.0,0.3538461538461538,0.05558841894533026,0.2512820512820513,0.06121710967340165,0.051749995178274076,0.04376174330144016,0.012054612820606847,0.0029059769400391977,,0.0,,0.0,,0.0,,0.0,,0.0,,0.0,,0.0,,0.0
wine_binary,hybrid_always_trigger_qnn_oriented_qnn,hybrid_always_trigger_qnn_oriented,qnn,4,16,2.0,1.1,qnn_oriented,always_trigger,5,0.8974358974358975,0.08308641921035718,0.8944444444444445,0.08764363009193314,0.9098801717224136,0.07034365019940829,0.9396825396825397,0.05393841897597831,36.316420979999386,0.5774766554458558,42.76118012000006,4.6744854255458,,0.0,,0.0,,0.0,,0.0,1.0,0.0,0.6923076923076923,0.16115134730739147,0.05105208886401348,0.043651463822778715,0.3481223420513673,0.044577400494264334,,0.0,,0.0,,0.0,,0.0,,0.0,,0.0,,0.0,,0.0
wine_binary,hybrid_qnn_lenient_full_balanced_svm_rbf,hybrid_qnn_lenient_full_balanced,svm_rbf,4,16,2.0,1.1,full_balanced,qnn_lenient,5,0.8974358974358975,0.06013353538235168,0.8936507936507937,0.06660286062237793,0.9105574136008918,0.045279513440666705,0.9862433862433863,0.014776973591289884,0.00107324000018707,0.00010011939307561078,30.861534799999937,3.2171692635964906,,0.0,,0.0,,0.0,,0.0,1.0,0.0,0.6820512820512821,0.1276912779280896,0.052586380334077344,0.04279675094990842,0.24586163128207353,0.027731829805532526,,0.0,,0.0,,0.0,,0.0,,0.0,,0.0,,0.0,,0.0
wine_binary,forced_no_detector_svm_rbf,forced_no_detector,svm_rbf,4,16,2.0,1.1,no_detector,standard,5,0.8974358974358975,0.06013353538235168,0.8936507936507937,0.06660286062237793,0.9105574136008918,0.045279513440666705,0.9857142857142858,0.014562284597378714,0.0011007399989466649,8.364689561731563e-05,11.817009759999928,1.264108400360145,,0.0,,0.0,,0.0,,0.0,,0.0,,0.0,,0.0,,0.0,0.7641025641025642,0.18347224430767506,0.06515247759532003,0.03875572002197294,0.09240923173759111,0.04505823814937828,0.05103346152341361,0.04351525047270361,35.42564102564103,2.15557012812198,17.41025641025641,2.5062053165607554,0.1550667807870281,0.018127867780185186,0.11550025630827583,0.03136695406065255
wine_binary,hybrid_always_trigger_no_detector_svm_rbf,hybrid_always_trigger_no_detector,svm_rbf,4,16,2.0,1.1,no_detector,always_trigger,5,0.8974358974358975,0.06013353538235168,0.8936507936507937,0.06660286062237793,0.9105574136008918,0.045279513440666705,0.9857142857142858,0.014562284597378714,0.0012104800003726267,0.000296147330834994,11.797059940000327,1.24200996372769,,0.0,,0.0,,0.0,,0.0,1.0,0.0,0.676923076923077,0.16378173766842372,0.05113677750119786,0.043611601557635674,0.09464445794886463,0.011369711266241613,,0.0,,0.0,,0.0,,0.0,,0.0,,0.0,,0.0,,0.0
wine_binary,forced_full_balanced_svm_rbf,forced_full_balanced,svm_rbf,4,16,2.0,1.1,full_balanced,standard,5,0.8974358974358975,0.06013353538235168,0.8936507936507937,0.06660286062237793,0.9105574136008918,0.045279513440666705,0.9846560846560847,0.015583784629654105,0.001111960000707768,8.412230992956729e-05,30.968704800000342,3.151424318967947,,0.0,,0.0,,0.0,,0.0,,0.0,,0.0,,0.0,,0.0,0.7794871794871795,0.1791205045802357,0.06515247759532003,0.03875572002197294,0.0918854080705978,0.04344390808683043,0.051513737299590745,0.04320459965143799,35.42564102564103,2.15557012812198,17.153846153846153,2.894825236390605,0.1550667807870281,0.018127867780185186,0.11637088191283511,0.028907247719040078
wine_binary,hybrid_always_trigger_full_balanced_svm_rbf,hybrid_always_trigger_full_balanced,svm_rbf,4,16,2.0,1.1,full_balanced,always_trigger,5,0.8974358974358975,0.06013353538235168,0.8936507936507937,0.06660286062237793,0.9105574136008918,0.045279513440666705,0.9846560846560847,0.015583784629654105,0.0011622200003330364,0.0001734368665177457,30.880294479999428,3.289329292724372,,0.0,,0.0,,0.0,,0.0,1.0,0.0,0.6717948717948717,0.14550011240113955,0.05162808864088473,0.04330235644003506,0.2458832035897033,0.0277222150568224,,0.0,,0.0,,0.0,,0.0,,0.0,,0.0,,0.0,,0.0
wine_binary,hybrid_standard_full_light_qnn,hybrid_standard_full_light,qnn,4,16,2.0,1.1,full_light,standard,5,0.8923076923076924,0.042132504423474354,0.8920634920634921,0.044843025671481455,0.899940793380089,0.03739191106642822,0.9301587301587301,0.051284554596471306,36.38060770000011,0.6735319824454276,6.3176038600006,1.1234896653598068,,0.0,,0.0,,0.0,,0.0,0.3538461538461538,0.05558841894533026,0.22051282051282053,0.05317036244443004,0.05124399605449069,0.04376195607088455,0.04822721230763515,0.007321814705482796,,0.0,,0.0,,0.0,,0.0,,0.0,,0.0,,0.0,,0.0
wine_binary,hybrid_qnn_lenient_full_light_svm_rbf,hybrid_qnn_lenient_full_light,svm_rbf,4,16,2.0,1.1,full_light,qnn_lenient,5,0.8923076923076924,0.05847053462046863,0.888888888888889,0.06538594068763523,0.9057089287524069,0.04349369620670136,0.9862433862433863,0.014776973591289867,0.001189719999456429,0.00028510143360604924,22.719885319999957,1.4153262721376922,,0.0,,0.0,,0.0,,0.0,1.0,0.0,0.6820512820512821,0.13397282541141672,0.05105291010605265,0.043904503402621094,0.17955653384616688,0.01930804433390712,,0.0,,0.0,,0.0,,0.0,,0.0,,0.0,,0.0,,0.0
wine_binary,hybrid_always_trigger_full_light_svm_rbf,hybrid_always_trigger_full_light,svm_rbf,4,16,2.0,1.1,full_light,always_trigger,5,0.8923076923076924,0.05847053462046863,0.888888888888889,0.06538594068763523,0.9057089287524069,0.04349369620670136,0.9857142857142858,0.014562284597378695,0.0011035600000468548,8.851546726780991e-05,22.68046349999968,1.4984214871747352,,0.0,,0.0,,0.0,,0.0,1.0,0.0,0.676923076923077,0.14230191718473442,0.05075302981025122,0.04406321909958164,0.17996742717955502,0.02024922422640091,,0.0,,0.0,,0.0,,0.0,,0.0,,0.0,,0.0,,0.0
wine_binary,hybrid_aggressive_full_light_svm_rbf,hybrid_aggressive_full_light,svm_rbf,4,16,2.0,1.1,full_light,aggressive,5,0.8923076923076924,0.06384563896404478,0.888888888888889,0.07059701140736979,0.9060195483653523,0.04924025301891069,0.9851851851851852,0.017001342870962534,0.0012200799996207935,0.0002819067971457996,12.555300199999328,2.1031881584881047,,0.0,,0.0,,0.0,,0.0,0.5384615384615384,0.060133535382351694,0.36410256410256403,0.07985852052511506,0.050765756443020504,0.04407818444757005,0.09005927128202576,0.012594954509252396,,0.0,,0.0,,0.0,,0.0,,0.0,,0.0,,0.0,,0.0
wine_binary,hybrid_aggressive_qnn_exploratory_svm_rbf,hybrid_aggressive_qnn_exploratory,svm_rbf,4,16,2.0,1.1,qnn_exploratory,aggressive,5,0.8923076923076924,0.06384563896404478,0.888888888888889,0.07059701140736979,0.9060195483653523,0.04924025301891069,0.984126984126984,0.01704245863323429,0.0011082000008173054,8.547768674118753e-05,25.622209260000453,4.686749931037972,,0.0,,0.0,,0.0,,0.0,0.5384615384615384,0.060133535382351694,0.3641025641025641,0.07985852052511506,0.05122091174277136,0.043727480468874876,0.1816637912821301,0.03280885326248489,,0.0,,0.0,,0.0,,0.0,,0.0,,0.0,,0.0,,0.0
wine_binary,hybrid_aggressive_qnn_oriented_svm_rbf,hybrid_aggressive_qnn_oriented,svm_rbf,4,16,2.0,1.1,qnn_oriented,aggressive,5,0.8923076923076924,0.06384563896404478,0.888888888888889,0.07059701140736979,0.9060195483653523,0.04924025301891069,0.9835978835978836,0.018929675999998175,0.0011017399992852006,7.88407129533993e-05,22.2685941599997,4.508318066270105,,0.0,,0.0,,0.0,,0.0,0.5384615384615384,0.060133535382351694,0.38461538461538464,0.09763811674184497,0.050674336764160846,0.044095539458631074,0.16177854923081236,0.03234727544142182,,0.0,,0.0,,0.0,,0.0,,0.0,,0.0,,0.0,,0.0
wine_binary,forced_full_light_qnn,forced_full_light,qnn,4,16,2.0,1.1,full_light,standard,5,0.8923076923076924,0.08387398581433908,0.888888888888889,0.08557086767003108,0.9039241176753816,0.07473908399931432,0.9449735449735449,0.04495019624221078,36.51926410000014,0.43471415251309875,22.688073059999805,1.4737285819032742,,0.0,,0.0,,0.0,,0.0,,0.0,,0.0,,0.0,,0.0,0.7692307692307693,0.15491084581531506,0.06515247759532003,0.03875572002197294,0.08790818007530629,0.046126236996313755,0.05065377242955669,0.044002030428722104,35.42564102564103,2.15557012812198,16.333333333333332,2.31494586523624,0.1550667807870281,0.018127867780185186,0.11794306953802373,0.03585131243424524
wine_binary,hybrid_qnn_lenient_qnn_oriented_qnn,hybrid_qnn_lenient_qnn_oriented,qnn,4,16,2.0,1.1,qnn_oriented,qnn_lenient,5,0.8923076923076924,0.07985852052511508,0.8880952380952379,0.08344663499454198,0.9059266833503206,0.06804297383605136,0.9386243386243386,0.05289020791857781,36.207474799999545,0.4736494386979027,42.787203420000154,4.750355804216105,,0.0,,0.0,,0.0,,0.0,1.0,0.0,0.6974358974358974,0.1645826311372432,0.051052088864031106,0.04365146382275827,0.348497224615354,0.045344047125351276,,0.0,,0.0,,0.0,,0.0,,0.0,,0.0,,0.0,,0.0
wine_binary,forced_qnn_exploratory_qnn,forced_qnn_exploratory,qnn,4,16,2.0,1.1,qnn_exploratory,standard,5,0.8871794871794872,0.0643584635795443,0.8857142857142858,0.06474458996670816,0.895801599240895,0.061676017480226865,0.9449735449735449,0.0393015217694262,36.180387319999134,0.2080019632153353,48.193511800000124,4.139418395643335,,0.0,,0.0,,0.0,,0.0,,0.0,,0.0,,0.0,,0.0,0.7538461538461538,0.16074285147341008,0.06515247759532003,0.03875572002197294,0.09664791408933385,0.03943883257846213,0.050623998458211486,0.04398599101406092,35.42564102564103,2.15557012812198,15.95897435897436,1.4318395041166387,0.1550667807870281,0.018127867780185186,0.11421583308413556,0.02785717332464853
wine_binary,hybrid_aggressive_qnn_exploratory_qnn,hybrid_aggressive_qnn_exploratory,qnn,4,16,2.0,1.1,qnn_exploratory,aggressive,5,0.8871794871794872,0.09351067963492547,0.884920634920635,0.09606125743579526,0.898669623059867,0.08204215853577092,0.9142857142857143,0.10106027865672362,36.5395265200008,0.600618370897215,25.622209260000453,4.686749931037972,,0.0,,0.0,,0.0,,0.0,0.5384615384615384,0.060133535382351694,0.3641025641025641,0.07985852052511506,0.05122091174277136,0.043727480468874876,0.1816637912821301,0.03280885326248489,,0.0,,0.0,,0.0,,0.0,,0.0,,0.0,,0.0,,0.0
wine_binary,forced_full_light_svm_rbf,forced_full_light,svm_rbf,4,16,2.0,1.1,full_light,standard,5,0.8871794871794872,0.0590300740165197,0.8841269841269842,0.0658897473492236,0.9006349329807369,0.044469409601791264,0.9846560846560847,0.015583784629654105,0.0010885400002734968,0.00011477339736979959,22.688073059999805,1.4737285819032742,,0.0,,0.0,,0.0,,0.0,,0.0,,0.0,,0.0,,0.0,0.7692307692307693,0.15491084581531506,0.06515247759532003,0.03875572002197294,0.08790818007530629,0.046126236996313755,0.05065377242955669,0.044002030428722104,35.42564102564103,2.15557012812198,16.333333333333332,2.31494586523624,0.1550667807870281,0.018127867780185186,0.11794306953802373,0.03585131243424524
wine_binary,hybrid_standard_full_light_svm_rbf,hybrid_standard_full_light,svm_rbf,4,16,2.0,1.1,full_light,standard,5,0.8871794871794872,0.06686361441233486,0.8841269841269842,0.07303096807387952,0.9007039337474121,0.05349961179732997,0.9846560846560847,0.01758811654877739,0.0011058199994295136,9.54350672162199e-05,6.3176038600006,1.1234896653598068,,0.0,,0.0,,0.0,,0.0,0.3538461538461538,0.05558841894533026,0.22051282051282053,0.05317036244443004,0.05124399605449069,0.04376195607088455,0.04822721230763515,0.007321814705482796,,0.0,,0.0,,0.0,,0.0,,0.0,,0.0,,0.0,,0.0
wine_binary,hybrid_qnn_lenient_qnn_oriented_svm_rbf,hybrid_qnn_lenient_qnn_oriented,svm_rbf,4,16,2.0,1.1,qnn_oriented,qnn_lenient,5,0.8871794871794872,0.0590300740165197,0.8841269841269842,0.0658897473492236,0.9006349329807369,0.044469409601791264,0.9835978835978836,0.017884067493286294,0.0010884200004511514,0.00012707994358149895,42.787203420000154,4.750355804216105,,0.0,,0.0,,0.0,,0.0,1.0,0.0,0.6974358974358974,0.1645826311372432,0.051052088864031106,0.04365146382275827,0.348497224615354,0.045344047125351276,,0.0,,0.0,,0.0,,0.0,,0.0,,0.0,,0.0,,0.0
wine_binary,forced_qnn_oriented_svm_rbf,forced_qnn_oriented,svm_rbf,4,16,2.0,1.1,qnn_oriented,standard,5,0.8871794871794872,0.0590300740165197,0.8841269841269842,0.0658897473492236,0.9006349329807369,0.044469409601791264,0.9830687830687831,0.017608001367506572,0.0010902999994868879,8.767371396092349e-05,42.54423516000061,4.001152758492181,,0.0,,0.0,,0.0,,0.0,,0.0,,0.0,,0.0,,0.0,0.7743589743589744,0.17522409808481934,0.06515247759532003,0.03875572002197294,0.08629019404119412,0.048067349219124623,0.0515062712390104,0.04321174142224181,35.42564102564103,2.15557012812198,16.610256410256408,2.120731393565788,0.1550667807870281,0.018127867780185186,0.12370860241406598,0.036082022584560156
wine_binary,hybrid_always_trigger_qnn_oriented_svm_rbf,hybrid_always_trigger_qnn_oriented,svm_rbf,4,16,2.0,1.1,qnn_oriented,always_trigger,5,0.8871794871794872,0.0590300740165197,0.8841269841269842,0.0658897473492236,0.9006349329807369,0.044469409601791264,0.9830687830687831,0.017608001367506572,0.0011983399999735411,0.00027479792173095064,42.76118012000006,4.6744854255458,,0.0,,0.0,,0.0,,0.0,1.0,0.0,0.6923076923076923,0.16115134730739147,0.05105208886401348,0.043651463822778715,0.3481223420513673,0.044577400494264334,,0.0,,0.0,,0.0,,0.0,,0.0,,0.0,,0.0,,0.0
wine_binary,hybrid_standard_qnn_oriented_svm_rbf,hybrid_standard_qnn_oriented,svm_rbf,4,16,2.0,1.1,qnn_oriented,standard,5,0.8871794871794872,0.06686361441233486,0.8841269841269842,0.07303096807387952,0.9007039337474121,0.05349961179732997,0.9830687830687831,0.019673007875744098,0.0011050799999793525,9.546201830225597e-05,9.990894480000133,2.0296230382721414,,0.0,,0.0,,0.0,,0.0,0.3538461538461538,0.05558841894533026,0.24102564102564106,0.05617667256463242,0.051259179520666054,0.043743922607118124,0.08079372564107194,0.02383295819150098,,0.0,,0.0,,0.0,,0.0,,0.0,,0.0,,0.0,,0.0
wine_binary,hybrid_standard_qnn_exploratory_svm_rbf,hybrid_standard_qnn_exploratory,svm_rbf,4,16,2.0,1.1,qnn_exploratory,standard,5,0.8871794871794872,0.06686361441233486,0.8841269841269842,0.07303096807387952,0.9007039337474121,0.05349961179732997,0.9825396825396824,0.019223176851412605,0.0011031599995476426,9.135243834513556e-05,11.498367940000026,2.177845079602131,,0.0,,0.0,,0.0,,0.0,0.3538461538461538,0.05558841894533026,0.23076923076923078,0.040542021284209986,0.050730626038209936,0.04405082316403249,0.09820349641013308,0.026649061610934225,,0.0,,0.0,,0.0,,0.0,,0.0,,0.0,,0.0,,0.0
wine_binary,hybrid_standard_no_detector_qnn,hybrid_standard_no_detector,qnn,4,16,2.0,1.1,no_detector,standard,5,0.8820512820512821,0.04657923621688453,0.8825396825396826,0.04848745204478077,0.8889492268071271,0.04446605308334806,0.9275132275132275,0.06583528806340092,35.813843500000075,0.5971953954740772,2.968277820000003,0.5761582310392951,,0.0,,0.0,,0.0,,0.0,0.3538461538461538,0.05558841894533026,0.22564102564102564,0.04213250442347431,0.05113143523840165,0.04361512735623454,0.022716317948587136,0.005953659921793157,,0.0,,0.0,,0.0,,0.0,,0.0,,0.0,,0.0,,0.0
wine_binary,hybrid_standard_full_balanced_qnn,hybrid_standard_full_balanced,qnn,4,16,2.0,1.1,full_balanced,standard,5,0.8820512820512821,0.04657923621688453,0.8817460317460316,0.04765210492786693,0.8896298847764974,0.04521067057079031,0.9306878306878307,0.06628026932706904,35.91545766000017,0.7963149651059537,7.666060359999392,1.561593545841427,,0.0,,0.0,,0.0,,0.0,0.3538461538461538,0.05558841894533026,0.23076923076923075,0.025641025641025633,0.05162852588255169,0.04330380508736913,0.05852410871798034,0.015543982749776796,,0.0,,0.0,,0.0,,0.0,,0.0,,0.0,,0.0,,0.0
wine_binary,hybrid_aggressive_qnn_oriented_qnn,hybrid_aggressive_qnn_oriented,qnn,4,16,2.0,1.1,qnn_oriented,aggressive,5,0.8820512820512821,0.09525218267182925,0.8801587301587303,0.09822530802347411,0.8935460992907801,0.08550483570027217,0.9492063492063492,0.03903349280618626,36.56338169999981,0.4294119730678451,22.2685941599997,4.508318066270105,,0.0,,0.0,,0.0,,0.0,0.5384615384615384,0.060133535382351694,0.38461538461538464,0.09763811674184497,0.050674336764160846,0.044095539458631074,0.16177854923081236,0.03234727544142182,,0.0,,0.0,,0.0,,0.0,,0.0,,0.0,,0.0,,0.0
wine_binary,forced_qnn_exploratory_svm_rbf,forced_qnn_exploratory,svm_rbf,4,16,2.0,1.1,qnn_exploratory,standard,5,0.8820512820512821,0.0531703624444301,0.8785714285714287,0.05956347884478985,0.8960007866392734,0.03889720542781761,0.980952380952381,0.01558378462965407,0.001199100000303588,0.00020698083362964372,48.193511800000124,4.139418395643335,,0.0,,0.0,,0.0,,0.0,,0.0,,0.0,,0.0,,0.0,0.7538461538461538,0.16074285147341008,0.06515247759532003,0.03875572002197294,0.09664791408933385,0.03943883257846213,0.050623998458211486,0.04398599101406092,35.42564102564103,2.15557012812198,15.95897435897436,1.4318395041166387,0.1550667807870281,0.018127867780185186,0.11421583308413556,0.02785717332464853
wine_binary,hybrid_aggressive_full_balanced_qnn,hybrid_aggressive_full_balanced,qnn,4,16,2.0,1.1,full_balanced,aggressive,5,0.876923076923077,0.07985852052511505,0.8769841269841271,0.07946422378770152,0.8835843054082714,0.07909554800317553,0.9253968253968253,0.08107505316138815,36.24964225999938,0.483869187131127,16.809331340000064,3.544803874194755,,0.0,,0.0,,0.0,,0.0,0.5384615384615384,0.060133535382351694,0.36923076923076925,0.05903007401651968,0.05162480365076866,0.04330478036508848,0.11922691743604494,0.018172392145870568,,0.0,,0.0,,0.0,,0.0,,0.0,,0.0,,0.0,,0.0
wine_binary,hybrid_always_trigger_qnn_exploratory_svm_rbf,hybrid_always_trigger_qnn_exploratory,svm_rbf,4,16,2.0,1.1,qnn_exploratory,always_trigger,5,0.876923076923077,0.0555884189453303,0.8738095238095239,0.06143749166191797,0.8906851720213332,0.04263166481009742,0.9798941798941797,0.017205939197364094,0.0010808200000610667,0.00010914516539260045,48.27896167999934,3.8067041233899443,,0.0,,0.0,,0.0,,0.0,1.0,0.0,0.676923076923077,0.10352117558044284,0.05075421718165744,0.04400890059622727,0.3904075405129287,0.03218681791195958,,0.0,,0.0,,0.0,,0.0,,0.0,,0.0,,0.0,,0.0
wine_binary,hybrid_qnn_lenient_full_light_qnn,hybrid_qnn_lenient_full_light,qnn,4,16,2.0,1.1,full_light,qnn_lenient,5,0.876923076923077,0.07777308147745178,0.8738095238095239,0.08206709948781031,0.8911450344028212,0.06564273927965895,0.932804232804233,0.05131866017621787,36.19506927999864,0.7162948406280072,22.719885319999957,1.4153262721376922,,0.0,,0.0,,0.0,,0.0,1.0,0.0,0.6820512820512821,0.13397282541141672,0.05105291010605265,0.043904503402621094,0.17955653384616688,0.01930804433390712,,0.0,,0.0,,0.0,,0.0,,0.0,,0.0,,0.0,,0.0
wine_binary,implicit_zero_svm_rbf,implicit_zero,svm_rbf,4,16,2.0,1.1,full_balanced,standard,5,0.876923076923077,0.055588418945330266,0.8730158730158731,0.061922565612409664,0.8920071910445548,0.04403654195977442,0.9798941798941799,0.01931398121528462,0.0013275400000566152,0.00032675925828589206,0.03581839999897056,0.005494698104594391,0.6871794871794872,0.09996712148522012,0.06515247759532003,0.03875572002197294,35.42564102564103,2.15557012812198,0.1550667807870281,0.018127867780185186,,0.0,,0.0,,0.0,,0.0,,0.0,,0.0,,0.0,,0.0,,0.0,,0.0,,0.0,,0.0
wine_binary,hybrid_aggressive_residual_only_qnn,hybrid_aggressive_residual_only,qnn,4,16,2.0,1.1,residual_only,aggressive,5,0.8717948717948719,0.06280742930213278,0.8730158730158731,0.06441540905058699,0.8786991869918699,0.05803848335381791,0.9396825396825397,0.06564365842258085,36.170709859998894,0.18687570258516445,3.165277700000297,0.6300537818857437,,0.0,,0.0,,0.0,,0.0,0.5384615384615384,0.060133535382351694,0.39487179487179486,0.09351067963492549,0.051749995177710985,0.04376174330119422,0.02234551128207479,0.0041006805349335755,,0.0,,0.0,,0.0,,0.0,,0.0,,0.0,,0.0,,0.0
wine_binary,hybrid_always_trigger_qnn_exploratory_qnn,hybrid_always_trigger_qnn_exploratory,qnn,4,16,2.0,1.1,qnn_exploratory,always_trigger,5,0.8717948717948717,0.05128205128205132,0.8706349206349205,0.052689686598253,0.8817646688094788,0.04621263599327635,0.9343915343915346,0.0323682410987995,36.701756000000024,0.38757142402276445,48.27896167999934,3.8067041233899443,,0.0,,0.0,,0.0,,0.0,1.0,0.0,0.676923076923077,0.10352117558044284,0.05075421718165744,0.04400890059622727,0.3904075405129287,0.03218681791195958,,0.0,,0.0,,0.0,,0.0,,0.0,,0.0,,0.0,,0.0
wine_binary,hybrid_qnn_lenient_qnn_exploratory_qnn,hybrid_qnn_lenient_qnn_exploratory,qnn,4,16,2.0,1.1,qnn_exploratory,qnn_lenient,5,0.8717948717948719,0.05128205128205132,0.8706349206349205,0.05268968659825301,0.8817646688094788,0.04621263599327635,0.9312169312169312,0.03152480234871155,36.349149400000535,0.47454492091010786,48.27789228000002,3.764971069661237,,0.0,,0.0,,0.0,,0.0,1.0,0.0,0.6820512820512821,0.0935106796349255,0.05105030896115017,0.04385173265102383,0.3902380743590281,0.0313922552724788,,0.0,,0.0,,0.0,,0.0,,0.0,,0.0,,0.0,,0.0
wine_binary,hybrid_aggressive_full_light_qnn,hybrid_aggressive_full_light,qnn,4,16,2.0,1.1,full_light,aggressive,5,0.8717948717948719,0.09421114395319916,0.86984126984127,0.09701549125246922,0.88416261806703,0.0837913598923577,0.928042328042328,0.0905558299207371,35.84249978000044,0.6724734913565249,12.555300199999328,2.1031881584881047,,0.0,,0.0,,0.0,,0.0,0.5384615384615384,0.060133535382351694,0.36410256410256403,0.07985852052511506,0.050765756443020504,0.04407818444757005,0.09005927128202576,0.012594954509252396,,0.0,,0.0,,0.0,,0.0,,0.0,,0.0,,0.0,,0.0
wine_binary,forced_qnn_oriented_qnn,forced_qnn_oriented,qnn,4,16,2.0,1.1,qnn_oriented,standard,5,0.8717948717948719,0.10878565864408424,0.86984126984127,0.11023606681027744,0.8830451309030313,0.10021695244445945,0.9084656084656084,0.09046303936105507,36.21808567999979,0.42527432562631085,42.54423516000061,4.001152758492181,,0.0,,0.0,,0.0,,0.0,,0.0,,0.0,,0.0,,0.0,0.7743589743589744,0.17522409808481934,0.06515247759532003,0.03875572002197294,0.08629019404119412,0.048067349219124623,0.0515062712390104,0.04321174142224181,35.42564102564103,2.15557012812198,16.610256410256408,2.120731393565788,0.1550667807870281,0.018127867780185186,0.12370860241406598,0.036082022584560156
wine_binary,hybrid_standard_qnn_oriented_qnn,hybrid_standard_qnn_oriented,qnn,4,16,2.0,1.1,qnn_oriented,standard,5,0.8717948717948719,0.07903094875601253,0.8698412698412697,0.08061515505780348,0.8830024037304118,0.07230584157645636,0.9365079365079365,0.04516764835704731,36.66805703999999,0.5640868419573601,9.990894480000133,2.0296230382721414,,0.0,,0.0,,0.0,,0.0,0.3538461538461538,0.05558841894533026,0.24102564102564106,0.05617667256463242,0.051259179520666054,0.043743922607118124,0.08079372564107194,0.02383295819150098,,0.0,,0.0,,0.0,,0.0,,0.0,,0.0,,0.0,,0.0
wine_binary,hybrid_always_trigger_full_balanced_qnn,hybrid_always_trigger_full_balanced,qnn,4,16,2.0,1.1,full_balanced,always_trigger,5,0.8717948717948719,0.11889254481404751,0.8698412698412697,0.11859703087313103,0.8813149053056325,0.11423522714527007,0.9137566137566138,0.09526748517714945,35.934514480000146,0.43778814470037175,30.880294479999428,3.289329292724372,,0.0,,0.0,,0.0,,0.0,1.0,0.0,0.6717948717948717,0.14550011240113955,0.05162808864088473,0.04330235644003506,0.2458832035897033,0.0277222150568224,,0.0,,0.0,,0.0,,0.0,,0.0,,0.0,,0.0,,0.0
wine_binary,hybrid_always_trigger_full_light_qnn,hybrid_always_trigger_full_light,qnn,4,16,2.0,1.1,full_light,always_trigger,5,0.8717948717948717,0.07475579352365769,0.869047619047619,0.07901709425293603,0.8857791807442847,0.06304157521141472,0.9317460317460318,0.05090101087771464,36.19233903999957,0.5415974584575196,22.68046349999968,1.4984214871747352,,0.0,,0.0,,0.0,,0.0,1.0,0.0,0.676923076923077,0.14230191718473442,0.05075302981025122,0.04406321909958164,0.17996742717955502,0.02024922422640091,,0.0,,0.0,,0.0,,0.0,,0.0,,0.0,,0.0,,0.0
wine_binary,hybrid_qnn_lenient_residual_only_qnn,hybrid_qnn_lenient_residual_only,qnn,4,16,2.0,1.1,residual_only,qnn_lenient,5,0.8666666666666666,0.07985852052511506,0.8666666666666666,0.07889743174976925,0.8735093547823045,0.07799798221781795,0.9142857142857143,0.0786920315029765,35.53676921999977,0.44154638264715623,5.717005340000105,0.3688199057128892,,0.0,,0.0,,0.0,,0.0,1.0,0.0,0.7025641025641025,0.10352117558044283,0.051749995176381666,0.04376174330153654,0.04474110102562871,0.004255349061526508,,0.0,,0.0,,0.0,,0.0,,0.0,,0.0,,0.0,,0.0
wine_binary,hybrid_standard_qnn_exploratory_qnn,hybrid_standard_qnn_exploratory,qnn,4,16,2.0,1.1,qnn_exploratory,standard,5,0.8666666666666668,0.07985852052511505,0.8650793650793652,0.08356920511370113,0.8791598292128515,0.06839448825891489,0.9423280423280425,0.03862796243056928,36.388541799999075,0.8487684631948137,11.498367940000026,2.177845079602131,,0.0,,0.0,,0.0,,0.0,0.3538461538461538,0.05558841894533026,0.23076923076923078,0.040542021284209986,0.050730626038209936,0.04405082316403249,0.09820349641013308,0.026649061610934225,,0.0,,0.0,,0.0,,0.0,,0.0,,0.0,,0.0,,0.0
wine_binary,hybrid_qnn_lenient_qnn_exploratory_svm_rbf,hybrid_qnn_lenient_qnn_exploratory,svm_rbf,4,16,2.0,1.1,qnn_exploratory,qnn_lenient,5,0.8666666666666668,0.06637014925920408,0.8642857142857144,0.07005963338314583,0.8792566005927618,0.05855657027730566,0.9777777777777779,0.022259983034881067,0.0011339399999997113,0.00013133534569083758,48.27789228000002,3.764971069661237,,0.0,,0.0,,0.0,,0.0,1.0,0.0,0.6820512820512821,0.0935106796349255,0.05105030896115017,0.04385173265102383,0.3902380743590281,0.0313922552724788,,0.0,,0.0,,0.0,,0.0,,0.0,,0.0,,0.0,,0.0
wine_binary,hybrid_always_trigger_residual_only_qnn,hybrid_always_trigger_residual_only,qnn,4,16,2.0,1.1,residual_only,always_trigger,5,0.8615384615384615,0.08426500884694861,0.8619047619047621,0.08382320114466264,0.8684152241067785,0.08139308563526672,0.9074074074074074,0.07628503098040325,35.615064300000085,0.5477756945059156,5.714648500000112,0.378349001607854,,0.0,,0.0,,0.0,,0.0,1.0,0.0,0.7025641025641025,0.10352117558044283,0.051749995176381666,0.04376174330153654,0.044715904102654,0.004275668461289627,,0.0,,0.0,,0.0,,0.0,,0.0,,0.0,,0.0,,0.0
wine_binary,implicit_zero_qnn,implicit_zero,qnn,4,16,2.0,1.1,full_balanced,standard,5,0.8615384615384615,0.10664940688761756,0.8619047619047618,0.10322800815634503,0.8648869059908855,0.11182831329745131,0.928042328042328,0.05895970204864043,36.030409300000244,1.0776129298851616,0.03581839999897056,0.005494698104594391,0.6871794871794872,0.09996712148522012,0.06515247759532003,0.03875572002197294,35.42564102564103,2.15557012812198,0.1550667807870281,0.018127867780185186,,0.0,,0.0,,0.0,,0.0,,0.0,,0.0,,0.0,,0.0,,0.0,,0.0,,0.0,,0.0
wine_binary,forced_full_balanced_qnn,forced_full_balanced,qnn,4,16,2.0,1.1,full_balanced,standard,5,0.8615384615384615,0.13274029851840802,0.8595238095238095,0.13653331251771383,0.8763510120137903,0.11616014760643732,0.9142857142857144,0.10178483330717414,35.960440260000176,0.8347529761535969,30.968704800000342,3.151424318967947,,0.0,,0.0,,0.0,,0.0,,0.0,,0.0,,0.0,,0.0,0.7794871794871795,0.1791205045802357,0.06515247759532003,0.03875572002197294,0.0918854080705978,0.04344390808683043,0.051513737299590745,0.04320459965143799,35.42564102564103,2.15557012812198,17.153846153846153,2.894825236390605,0.1550667807870281,0.018127867780185186,0.11637088191283511,0.028907247719040078
wine_binary,hybrid_qnn_lenient_full_balanced_qnn,hybrid_qnn_lenient_full_balanced,qnn,4,16,2.0,1.1,full_balanced,qnn_lenient,5,0.8615384615384615,0.11833826419707004,0.8595238095238095,0.11790456530827863,0.871791095781823,0.11377583209251632,0.908994708994709,0.09417766479734581,36.651611779999804,0.5172534838493619,30.861534799999937,3.2171692635964906,,0.0,,0.0,,0.0,,0.0,1.0,0.0,0.6820512820512821,0.1276912779280896,0.052586380334077344,0.04279675094990842,0.24586163128207353,0.027731829805532526,,0.0,,0.0,,0.0,,0.0,,0.0,,0.0,,0.0,,0.0
wine_binary,hybrid_qnn_lenient_no_detector_qnn,hybrid_qnn_lenient_no_detector,qnn,4,16,2.0,1.1,no_detector,qnn_lenient,5,0.8615384615384615,0.13640447259764496,0.8587301587301587,0.1404560114643107,0.8777448651685024,0.11900886752377855,0.9058201058201059,0.10611071207543173,35.739905159999395,0.29648651565478623,11.844520079999711,1.2893612534275207,,0.0,,0.0,,0.0,,0.0,1.0,0.0,0.6820512820512821,0.15554616295490362,0.051478419562664225,0.04342602775842255,0.09467067692320806,0.01112462143054316,,0.0,,0.0,,0.0,,0.0,,0.0,,0.0,,0.0,,0.0
wine_binary,hybrid_aggressive_no_detector_qnn,hybrid_aggressive_no_detector,qnn,4,16,2.0,1.1,no_detector,aggressive,5,0.8564102564102564,0.10664940688761754,0.8555555555555555,0.10642765408030014,0.8654774529111752,0.10273514573464505,0.891005291005291,0.08852359432247799,35.51008889999976,0.24855829231514787,6.393918360000316,1.2667830880926483,,0.0,,0.0,,0.0,,0.0,0.5384615384615384,0.060133535382351694,0.36923076923076925,0.07387107841480992,0.051136777502412724,0.04361160155731212,0.04582909384604509,0.006583277023624288,,0.0,,0.0,,0.0,,0.0,,0.0,,0.0,,0.0,,0.0
wine_binary,forced_residual_only_qnn,forced_residual_only,qnn,4,16,2.0,1.1,residual_only,standard,5,0.8512820512820513,0.07115095859236724,0.8523809523809526,0.07167066557072688,0.8581945504714709,0.0683756915434917,0.9126984126984127,0.07101092873793413,36.48531550000007,0.4422978968422183,5.718750880000153,0.36904832531073845,,0.0,,0.0,,0.0,,0.0,,0.0,,0.0,,0.0,,0.0,0.7846153846153845,0.12108429695505225,0.06515247759532003,0.03875572002197294,0.09137109400752769,0.03934279828516615,0.05167652929071308,0.04373233414084375,35.42564102564103,2.15557012812198,10.835897435897436,1.2591022964917906,0.1550667807870281,0.018127867780185186,0.1116439912134081,0.02560546035949037
wine_binary,forced_no_detector_qnn,forced_no_detector,qnn,4,16,2.0,1.1,no_detector,standard,5,0.8358974358974359,0.15234308489756868,0.8333333333333334,0.15585188005282125,0.8534449325859719,0.13328994266417463,0.8767195767195768,0.11338070041040316,36.42490494000085,0.6686016355628116,11.817009759999928,1.264108400360145,,0.0,,0.0,,0.0,,0.0,,0.0,,0.0,,0.0,,0.0,0.7641025641025642,0.18347224430767506,0.06515247759532003,0.03875572002197294,0.09240923173759111,0.04505823814937828,0.05103346152341361,0.04351525047270361,35.42564102564103,2.15557012812198,17.41025641025641,2.5062053165607554,0.1550667807870281,0.018127867780185186,0.11550025630827583,0.03136695406065255
wine_binary,hybrid_always_trigger_no_detector_qnn,hybrid_always_trigger_no_detector,qnn,4,16,2.0,1.1,no_detector,always_trigger,5,0.8256410256410257,0.13973770865065344,0.8230158730158731,0.14345114601325779,0.8440793059215477,0.12414665159686215,0.880952380952381,0.11730052527722415,35.90627219999951,0.45090611075235926,11.797059940000327,1.24200996372769,,0.0,,0.0,,0.0,,0.0,1.0,0.0,0.676923076923077,0.16378173766842372,0.05113677750119786,0.043611601557635674,0.09464445794886463,0.011369711266241613,,0.0,,0.0,,0.0,,0.0,,0.0,,0.0,,0.0,,0.0
