accuracy,balanced_accuracy,f1,roc_auc,train_time_sec,dataset,method,representation,readout,seed,n_qubits,pca_dim,latent_dim,spectral_radius,input_scale,hard_layer,profile_name,hybrid_name,max_samples_per_class,stat_test_zero_success_rate,stat_test_zero_mean_residual,stat_test_zero_median_residual,stat_test_zero_mean_nfev,stat_test_zero_mean_runtime_sec_per_sample,stat_test_zero_mean_sigma_min,stat_feature_total_time_sec,stat_test_forced_success_rate,stat_test_forced_choose_mrbi_rate,stat_test_forced_zero_success_rate,stat_test_forced_mrbi_success_rate,stat_test_forced_zero_mean_residual,stat_test_forced_mrbi_mean_residual,stat_test_forced_final_mean_residual,stat_test_forced_zero_median_residual,stat_test_forced_mrbi_median_residual,stat_test_forced_zero_mean_nfev,stat_test_forced_mrbi_mean_nfev,stat_test_forced_mean_objective_calls,stat_test_forced_mean_runtime_sec_per_sample,stat_test_forced_mean_sigma_min_zero,stat_test_forced_mean_sigma_min_mrbi,stat_test_hybrid_success_rate,stat_test_hybrid_trigger_rate,stat_test_hybrid_accept_rate,stat_test_hybrid_mean_residual,stat_test_hybrid_median_residual,stat_test_hybrid_mean_zero_nfev,stat_test_hybrid_mean_final_nfev,stat_test_hybrid_mean_runtime_sec_per_sample,stat_test_hybrid_mean_sigma_min_zero,stat_test_hybrid_mean_sigma_min_det,stat_test_hybrid_trigger_reasons_json
1.0,1.0,1.0,1.0,0.00160309999998276,digits_2_vs_7,pca_logreg,pca,logreg,0,4,4,16,2.0,1.1,True,full_balanced,standard,80,,,,,,,,,,,,,,,,,,,,,,,,,,,,,,,,,
1.0,1.0,1.0,1.0,0.07815990000000284,digits_2_vs_7,pca_mlp,pca,mlp,0,4,4,16,2.0,1.1,True,full_balanced,standard,80,,,,,,,,,,,,,,,,,,,,,,,,,,,,,,,,,
1.0,1.0,1.0,1.0,0.0017349000000024262,digits_2_vs_7,pca_svm_rbf,pca,svm_rbf,0,4,4,16,2.0,1.1,True,full_balanced,standard,80,,,,,,,,,,,,,,,,,,,,,,,,,,,,,,,,,
1.0,1.0,1.0,1.0,41.24229169999998,digits_2_vs_7,pca_qnn,pca,qnn,0,4,4,16,2.0,1.1,True,full_balanced,standard,80,,,,,,,,,,,,,,,,,,,,,,,,,,,,,,,,,
1.0,1.0,1.0,1.0,0.00247269999999844,digits_2_vs_7,implicit_zero_logreg,implicit_zero,logreg,0,4,4,16,2.0,1.1,True,full_balanced,standard,80,0.5,0.09412440241508437,0.004773900605733729,35.416666666666664,0.00027142291667026086,0.07636608161852922,0.043879499999974314,,,,,,,,,,,,,,,,,,,,,,,,,,
0.9791666666666666,0.9791666666666667,0.9787234042553191,1.0,0.0016858000000183893,digits_2_vs_7,implicit_zero_svm_rbf,implicit_zero,svm_rbf,0,4,4,16,2.0,1.1,True,full_balanced,standard,80,0.5,0.09412440241508437,0.004773900605733729,35.416666666666664,0.00027142291667026086,0.07636608161852922,0.043879499999974314,,,,,,,,,,,,,,,,,,,,,,,,,,
0.9791666666666666,0.9791666666666667,0.9787234042553191,1.0,41.51453609999999,digits_2_vs_7,implicit_zero_qnn,implicit_zero,qnn,0,4,4,16,2.0,1.1,True,full_balanced,standard,80,0.5,0.09412440241508437,0.004773900605733729,35.416666666666664,0.00027142291667026086,0.07636608161852922,0.043879499999974314,,,,,,,,,,,,,,,,,,,,,,,,,,
1.0,1.0,1.0,1.0,0.002310700000009547,digits_2_vs_7,forced_full_light_logreg,forced_full_light,logreg,0,4,4,16,2.0,1.1,True,full_light,standard,80,,,,,,,28.314373700000033,0.5,0.9791666666666666,0.5,0.4791666666666667,0.09412440241508437,0.10226191919547056,0.09217209220479206,0.004773900605733729,0.012027627657617303,35.416666666666664,16.3125,1926.25,0.17961113958333877,0.07636608161852922,0.0697562281503034,,,,,,,,,,,
1.0,1.0,1.0,1.0,0.0012001000000054773,digits_2_vs_7,forced_full_light_svm_rbf,forced_full_light,svm_rbf,0,4,4,16,2.0,1.1,True,full_light,standard,80,,,,,,,28.314373700000033,0.5,0.9791666666666666,0.5,0.4791666666666667,0.09412440241508437,0.10226191919547056,0.09217209220479206,0.004773900605733729,0.012027627657617303,35.416666666666664,16.3125,1926.25,0.17961113958333877,0.07636608161852922,0.0697562281503034,,,,,,,,,,,
1.0,1.0,1.0,1.0,44.766882099999975,digits_2_vs_7,forced_full_light_qnn,forced_full_light,qnn,0,4,4,16,2.0,1.1,True,full_light,standard,80,,,,,,,28.314373700000033,0.5,0.9791666666666666,0.5,0.4791666666666667,0.09412440241508437,0.10226191919547056,0.09217209220479206,0.004773900605733729,0.012027627657617303,35.416666666666664,16.3125,1926.25,0.17961113958333877,0.07636608161852922,0.0697562281503034,,,,,,,,,,,
1.0,1.0,1.0,1.0,0.0022797999999966123,digits_2_vs_7,hybrid_standard_full_light_logreg,hybrid_standard_full_light,logreg,0,4,4,16,2.0,1.1,True,full_light,standard,80,,,,,,,9.670013900000015,,,,,,,,,,,,,,,,0.5,0.5833333333333334,0.3333333333333333,0.0924890067349519,0.004773900605733729,35.416666666666664,27.958333333333332,0.07620017708333648,0.07636608161852922,0.009848963575968298,"{""none"": 20, ""residual+conditioning+solver_failure"": 20, ""conditioning"": 4, ""conditioning+solver_failure"": 4}"
0.9791666666666666,0.9791666666666667,0.9787234042553191,1.0,0.0012709000000086235,digits_2_vs_7,hybrid_standard_full_light_svm_rbf,hybrid_standard_full_light,svm_rbf,0,4,4,16,2.0,1.1,True,full_light,standard,80,,,,,,,9.670013900000015,,,,,,,,,,,,,,,,0.5,0.5833333333333334,0.3333333333333333,0.0924890067349519,0.004773900605733729,35.416666666666664,27.958333333333332,0.07620017708333648,0.07636608161852922,0.009848963575968298,"{""none"": 20, ""residual+conditioning+solver_failure"": 20, ""conditioning"": 4, ""conditioning+solver_failure"": 4}"
0.9375,0.9375,0.9333333333333333,1.0,45.579815800000006,digits_2_vs_7,hybrid_standard_full_light_qnn,hybrid_standard_full_light,qnn,0,4,4,16,2.0,1.1,True,full_light,standard,80,,,,,,,9.670013900000015,,,,,,,,,,,,,,,,0.5,0.5833333333333334,0.3333333333333333,0.0924890067349519,0.004773900605733729,35.416666666666664,27.958333333333332,0.07620017708333648,0.07636608161852922,0.009848963575968298,"{""none"": 20, ""residual+conditioning+solver_failure"": 20, ""conditioning"": 4, ""conditioning+solver_failure"": 4}"
1.0,1.0,1.0,1.0,0.002511299999980565,digits_2_vs_7,hybrid_aggressive_full_light_logreg,hybrid_aggressive_full_light,logreg,0,4,4,16,2.0,1.1,True,full_light,aggressive,80,,,,,,,19.855445400000008,,,,,,,,,,,,,,,,0.5,0.9375,0.7291666666666666,0.09245515097660784,0.00476551764128239,35.416666666666664,20.8125,0.1689333437499935,0.07636608161852922,0.0643016539122751,"{""conditioning"": 21, ""residual+conditioning+solver_failure"": 24, ""none"": 3}"
0.9791666666666666,0.9791666666666667,0.9787234042553191,1.0,0.0011963000000037027,digits_2_vs_7,hybrid_aggressive_full_light_svm_rbf,hybrid_aggressive_full_light,svm_rbf,0,4,4,16,2.0,1.1,True,full_light,aggressive,80,,,,,,,19.855445400000008,,,,,,,,,,,,,,,,0.5,0.9375,0.7291666666666666,0.09245515097660784,0.00476551764128239,35.416666666666664,20.8125,0.1689333437499935,0.07636608161852922,0.0643016539122751,"{""conditioning"": 21, ""residual+conditioning+solver_failure"": 24, ""none"": 3}"
0.9791666666666666,0.9791666666666667,0.9787234042553191,1.0,45.423366199999975,digits_2_vs_7,hybrid_aggressive_full_light_qnn,hybrid_aggressive_full_light,qnn,0,4,4,16,2.0,1.1,True,full_light,aggressive,80,,,,,,,19.855445400000008,,,,,,,,,,,,,,,,0.5,0.9375,0.7291666666666666,0.09245515097660784,0.00476551764128239,35.416666666666664,20.8125,0.1689333437499935,0.07636608161852922,0.0643016539122751,"{""conditioning"": 21, ""residual+conditioning+solver_failure"": 24, ""none"": 3}"
1.0,1.0,1.0,1.0,0.0024404000000117776,digits_2_vs_7,hybrid_always_trigger_full_light_logreg,hybrid_always_trigger_full_light,logreg,0,4,4,16,2.0,1.1,True,full_light,always_trigger,80,,,,,,,27.983994699999982,,,,,,,,,,,,,,,,0.5,1.0,0.75,0.0924904826836992,0.00476731963656122,35.416666666666664,20.6875,0.18072943333333077,0.07636608161852922,0.06967426965372756,"{""residual+conditioning"": 24, ""residual+conditioning+solver_failure"": 24}"
1.0,1.0,1.0,1.0,0.0012204999999880783,digits_2_vs_7,hybrid_always_trigger_full_light_svm_rbf,hybrid_always_trigger_full_light,svm_rbf,0,4,4,16,2.0,1.1,True,full_light,always_trigger,80,,,,,,,27.983994699999982,,,,,,,,,,,,,,,,0.5,1.0,0.75,0.0924904826836992,0.00476731963656122,35.416666666666664,20.6875,0.18072943333333077,0.07636608161852922,0.06967426965372756,"{""residual+conditioning"": 24, ""residual+conditioning+solver_failure"": 24}"
0.9375,0.9375,0.9333333333333333,0.998263888888889,45.68650040000006,digits_2_vs_7,hybrid_always_trigger_full_light_qnn,hybrid_always_trigger_full_light,qnn,0,4,4,16,2.0,1.1,True,full_light,always_trigger,80,,,,,,,27.983994699999982,,,,,,,,,,,,,,,,0.5,1.0,0.75,0.0924904826836992,0.00476731963656122,35.416666666666664,20.6875,0.18072943333333077,0.07636608161852922,0.06967426965372756,"{""residual+conditioning"": 24, ""residual+conditioning+solver_failure"": 24}"
1.0,1.0,1.0,1.0,0.002263200000015786,digits_2_vs_7,hybrid_qnn_lenient_full_light_logreg,hybrid_qnn_lenient_full_light,logreg,0,4,4,16,2.0,1.1,True,full_light,qnn_lenient,80,,,,,,,27.950254499999915,,,,,,,,,,,,,,,,0.5,1.0,0.75,0.0924904826836992,0.00476731963656122,35.416666666666664,20.6875,0.1801163187499976,0.07636608161852922,0.06967426965372756,"{""residual+conditioning"": 24, ""residual+conditioning+solver_failure"": 24}"
1.0,1.0,1.0,1.0,0.0012548999999353327,digits_2_vs_7,hybrid_qnn_lenient_full_light_svm_rbf,hybrid_qnn_lenient_full_light,svm_rbf,0,4,4,16,2.0,1.1,True,full_light,qnn_lenient,80,,,,,,,27.950254499999915,,,,,,,,,,,,,,,,0.5,1.0,0.75,0.0924904826836992,0.00476731963656122,35.416666666666664,20.6875,0.1801163187499976,0.07636608161852922,0.06967426965372756,"{""residual+conditioning"": 24, ""residual+conditioning+solver_failure"": 24}"
0.9375,0.9375,0.9333333333333333,0.998263888888889,45.21496460000003,digits_2_vs_7,hybrid_qnn_lenient_full_light_qnn,hybrid_qnn_lenient_full_light,qnn,0,4,4,16,2.0,1.1,True,full_light,qnn_lenient,80,,,,,,,27.950254499999915,,,,,,,,,,,,,,,,0.5,1.0,0.75,0.0924904826836992,0.00476731963656122,35.416666666666664,20.6875,0.1801163187499976,0.07636608161852922,0.06967426965372756,"{""residual+conditioning"": 24, ""residual+conditioning+solver_failure"": 24}"
1.0,1.0,1.0,1.0,0.00235659999998461,digits_2_vs_7,forced_full_balanced_logreg,forced_full_balanced,logreg,0,4,4,16,2.0,1.1,True,full_balanced,standard,80,,,,,,,39.706089399999996,0.5208333333333334,0.9791666666666666,0.5,0.5,0.09412440241508437,0.09033610889797113,0.08021993883451072,0.004773900605733729,0.004769409084271951,35.416666666666664,18.125,2279.0,0.2507390437500021,0.07636608161852922,0.07560921251391073,,,,,,,,,,,
1.0,1.0,1.0,1.0,0.0017246000001023276,digits_2_vs_7,forced_full_balanced_svm_rbf,forced_full_balanced,svm_rbf,0,4,4,16,2.0,1.1,True,full_balanced,standard,80,,,,,,,39.706089399999996,0.5208333333333334,0.9791666666666666,0.5,0.5,0.09412440241508437,0.09033610889797113,0.08021993883451072,0.004773900605733729,0.004769409084271951,35.416666666666664,18.125,2279.0,0.2507390437500021,0.07636608161852922,0.07560921251391073,,,,,,,,,,,
0.9791666666666666,0.9791666666666667,0.9787234042553191,1.0,44.3505887,digits_2_vs_7,forced_full_balanced_qnn,forced_full_balanced,qnn,0,4,4,16,2.0,1.1,True,full_balanced,standard,80,,,,,,,39.706089399999996,0.5208333333333334,0.9791666666666666,0.5,0.5,0.09412440241508437,0.09033610889797113,0.08021993883451072,0.004773900605733729,0.004769409084271951,35.416666666666664,18.125,2279.0,0.2507390437500021,0.07636608161852922,0.07560921251391073,,,,,,,,,,,
0.9791666666666666,0.9791666666666667,0.9787234042553191,1.0,0.002077600000006896,digits_2_vs_7,hybrid_standard_full_balanced_logreg,hybrid_standard_full_balanced,logreg,0,4,4,16,2.0,1.1,True,full_balanced,standard,80,,,,,,,11.767831000000001,,,,,,,,,,,,,,,,0.5208333333333334,0.5833333333333334,0.3333333333333333,0.08048790365455577,9.7292120106745e-12,35.416666666666664,29.583333333333332,0.09130739166666284,0.07636608161852922,0.019328601652099438,"{""none"": 20, ""residual+conditioning+solver_failure"": 20, ""conditioning"": 4, ""conditioning+solver_failure"": 4}"
0.9791666666666666,0.9791666666666667,0.9787234042553191,1.0,0.001205899999945359,digits_2_vs_7,hybrid_standard_full_balanced_svm_rbf,hybrid_standard_full_balanced,svm_rbf,0,4,4,16,2.0,1.1,True,full_balanced,standard,80,,,,,,,11.767831000000001,,,,,,,,,,,,,,,,0.5208333333333334,0.5833333333333334,0.3333333333333333,0.08048790365455577,9.7292120106745e-12,35.416666666666664,29.583333333333332,0.09130739166666284,0.07636608161852922,0.019328601652099438,"{""none"": 20, ""residual+conditioning+solver_failure"": 20, ""conditioning"": 4, ""conditioning+solver_failure"": 4}"
0.9791666666666666,0.9791666666666667,0.9787234042553191,1.0,44.4382263,digits_2_vs_7,hybrid_standard_full_balanced_qnn,hybrid_standard_full_balanced,qnn,0,4,4,16,2.0,1.1,True,full_balanced,standard,80,,,,,,,11.767831000000001,,,,,,,,,,,,,,,,0.5208333333333334,0.5833333333333334,0.3333333333333333,0.08048790365455577,9.7292120106745e-12,35.416666666666664,29.583333333333332,0.09130739166666284,0.07636608161852922,0.019328601652099438,"{""none"": 20, ""residual+conditioning+solver_failure"": 20, ""conditioning"": 4, ""conditioning+solver_failure"": 4}"
0.9791666666666666,0.9791666666666667,0.9787234042553191,1.0,0.0022883999999976368,digits_2_vs_7,hybrid_aggressive_full_balanced_logreg,hybrid_aggressive_full_balanced,logreg,0,4,4,16,2.0,1.1,True,full_balanced,aggressive,80,,,,,,,26.66158459999997,,,,,,,,,,,,,,,,0.5208333333333334,0.9375,0.6666666666666666,0.08057608310286658,5.238019766357477e-12,35.416666666666664,23.833333333333332,0.22869602708333758,0.07636608161852922,0.07016718945913958,"{""conditioning"": 21, ""residual+conditioning+solver_failure"": 24, ""none"": 3}"
0.9791666666666666,0.9791666666666667,0.9787234042553191,1.0,0.0011700999999675332,digits_2_vs_7,hybrid_aggressive_full_balanced_svm_rbf,hybrid_aggressive_full_balanced,svm_rbf,0,4,4,16,2.0,1.1,True,full_balanced,aggressive,80,,,,,,,26.66158459999997,,,,,,,,,,,,,,,,0.5208333333333334,0.9375,0.6666666666666666,0.08057608310286658,5.238019766357477e-12,35.416666666666664,23.833333333333332,0.22869602708333758,0.07636608161852922,0.07016718945913958,"{""conditioning"": 21, ""residual+conditioning+solver_failure"": 24, ""none"": 3}"
0.9791666666666666,0.9791666666666667,0.9787234042553191,1.0,46.163412600000015,digits_2_vs_7,hybrid_aggressive_full_balanced_qnn,hybrid_aggressive_full_balanced,qnn,0,4,4,16,2.0,1.1,True,full_balanced,aggressive,80,,,,,,,26.66158459999997,,,,,,,,,,,,,,,,0.5208333333333334,0.9375,0.6666666666666666,0.08057608310286658,5.238019766357477e-12,35.416666666666664,23.833333333333332,0.22869602708333758,0.07636608161852922,0.07016718945913958,"{""conditioning"": 21, ""residual+conditioning+solver_failure"": 24, ""none"": 3}"
1.0,1.0,1.0,1.0,0.0027930999999625783,digits_2_vs_7,hybrid_always_trigger_full_balanced_logreg,hybrid_always_trigger_full_balanced,logreg,0,4,4,16,2.0,1.1,True,full_balanced,always_trigger,80,,,,,,,38.722894599999904,,,,,,,,,,,,,,,,0.5208333333333334,1.0,0.7083333333333334,0.08048838545324903,5.238019766357477e-12,35.416666666666664,22.5625,0.2468620083333377,0.07636608161852922,0.07515143656834639,"{""residual+conditioning"": 24, ""residual+conditioning+solver_failure"": 24}"
1.0,1.0,1.0,1.0,0.0012967999999773383,digits_2_vs_7,hybrid_always_trigger_full_balanced_svm_rbf,hybrid_always_trigger_full_balanced,svm_rbf,0,4,4,16,2.0,1.1,True,full_balanced,always_trigger,80,,,,,,,38.722894599999904,,,,,,,,,,,,,,,,0.5208333333333334,1.0,0.7083333333333334,0.08048838545324903,5.238019766357477e-12,35.416666666666664,22.5625,0.2468620083333377,0.07636608161852922,0.07515143656834639,"{""residual+conditioning"": 24, ""residual+conditioning+solver_failure"": 24}"
1.0,1.0,1.0,1.0,45.52754260000006,digits_2_vs_7,hybrid_always_trigger_full_balanced_qnn,hybrid_always_trigger_full_balanced,qnn,0,4,4,16,2.0,1.1,True,full_balanced,always_trigger,80,,,,,,,38.722894599999904,,,,,,,,,,,,,,,,0.5208333333333334,1.0,0.7083333333333334,0.08048838545324903,5.238019766357477e-12,35.416666666666664,22.5625,0.2468620083333377,0.07636608161852922,0.07515143656834639,"{""residual+conditioning"": 24, ""residual+conditioning+solver_failure"": 24}"
1.0,1.0,1.0,1.0,0.0018191999999999098,digits_2_vs_7,hybrid_qnn_lenient_full_balanced_logreg,hybrid_qnn_lenient_full_balanced,logreg,0,4,4,16,2.0,1.1,True,full_balanced,qnn_lenient,80,,,,,,,38.90846920000001,,,,,,,,,,,,,,,,0.5208333333333334,1.0,0.7083333333333334,0.08048838545324903,5.238019766357477e-12,35.416666666666664,22.5625,0.24791007708333979,0.07636608161852922,0.07515143656834639,"{""residual+conditioning"": 24, ""residual+conditioning+solver_failure"": 24}"
1.0,1.0,1.0,1.0,0.0012345000000095752,digits_2_vs_7,hybrid_qnn_lenient_full_balanced_svm_rbf,hybrid_qnn_lenient_full_balanced,svm_rbf,0,4,4,16,2.0,1.1,True,full_balanced,qnn_lenient,80,,,,,,,38.90846920000001,,,,,,,,,,,,,,,,0.5208333333333334,1.0,0.7083333333333334,0.08048838545324903,5.238019766357477e-12,35.416666666666664,22.5625,0.24791007708333979,0.07636608161852922,0.07515143656834639,"{""residual+conditioning"": 24, ""residual+conditioning+solver_failure"": 24}"
1.0,1.0,1.0,1.0,46.587733999999955,digits_2_vs_7,hybrid_qnn_lenient_full_balanced_qnn,hybrid_qnn_lenient_full_balanced,qnn,0,4,4,16,2.0,1.1,True,full_balanced,qnn_lenient,80,,,,,,,38.90846920000001,,,,,,,,,,,,,,,,0.5208333333333334,1.0,0.7083333333333334,0.08048838545324903,5.238019766357477e-12,35.416666666666664,22.5625,0.24791007708333979,0.07636608161852922,0.07515143656834639,"{""residual+conditioning"": 24, ""residual+conditioning+solver_failure"": 24}"
1.0,1.0,1.0,1.0,0.002490400000169757,digits_2_vs_7,forced_qnn_oriented_logreg,forced_qnn_oriented,logreg,0,4,4,16,2.0,1.1,True,qnn_oriented,standard,80,,,,,,,55.408615000000054,0.5208333333333334,0.9791666666666666,0.5,0.5,0.09412440241508437,0.0902681510675633,0.08017783949675356,0.004773900605733729,0.004754576933025833,35.416666666666664,15.354166666666666,2518.0625,0.3415011708333253,0.07636608161852922,0.07530354132426886,,,,,,,,,,,
1.0,1.0,1.0,1.0,0.0011847999999190506,digits_2_vs_7,forced_qnn_oriented_svm_rbf,forced_qnn_oriented,svm_rbf,0,4,4,16,2.0,1.1,True,qnn_oriented,standard,80,,,,,,,55.408615000000054,0.5208333333333334,0.9791666666666666,0.5,0.5,0.09412440241508437,0.0902681510675633,0.08017783949675356,0.004773900605733729,0.004754576933025833,35.416666666666664,15.354166666666666,2518.0625,0.3415011708333253,0.07636608161852922,0.07530354132426886,,,,,,,,,,,
0.9791666666666666,0.9791666666666667,0.9787234042553191,1.0,45.363477600000124,digits_2_vs_7,forced_qnn_oriented_qnn,forced_qnn_oriented,qnn,0,4,4,16,2.0,1.1,True,qnn_oriented,standard,80,,,,,,,55.408615000000054,0.5208333333333334,0.9791666666666666,0.5,0.5,0.09412440241508437,0.0902681510675633,0.08017783949675356,0.004773900605733729,0.004754576933025833,35.416666666666664,15.354166666666666,2518.0625,0.3415011708333253,0.07636608161852922,0.07530354132426886,,,,,,,,,,,
0.9791666666666666,0.9791666666666667,0.9787234042553191,1.0,0.0026917000000139524,digits_2_vs_7,hybrid_standard_qnn_oriented_logreg,hybrid_standard_qnn_oriented,logreg,0,4,4,16,2.0,1.1,True,qnn_oriented,standard,80,,,,,,,15.805320200000097,,,,,,,,,,,,,,,,0.5416666666666666,0.5833333333333334,0.375,0.07310505736709888,9.063687319034736e-12,35.416666666666664,26.625,0.1309457916666806,0.07636608161852922,0.033998359747255305,"{""none"": 20, ""residual+conditioning+solver_failure"": 20, ""conditioning"": 4, ""conditioning+solver_failure"": 4}"
0.9791666666666666,0.9791666666666667,0.9787234042553191,1.0,0.0017005999998218613,digits_2_vs_7,hybrid_standard_qnn_oriented_svm_rbf,hybrid_standard_qnn_oriented,svm_rbf,0,4,4,16,2.0,1.1,True,qnn_oriented,standard,80,,,,,,,15.805320200000097,,,,,,,,,,,,,,,,0.5416666666666666,0.5833333333333334,0.375,0.07310505736709888,9.063687319034736e-12,35.416666666666664,26.625,0.1309457916666806,0.07636608161852922,0.033998359747255305,"{""none"": 20, ""residual+conditioning+solver_failure"": 20, ""conditioning"": 4, ""conditioning+solver_failure"": 4}"
0.9791666666666666,0.9791666666666667,0.9787234042553191,1.0,45.53152759999989,digits_2_vs_7,hybrid_standard_qnn_oriented_qnn,hybrid_standard_qnn_oriented,qnn,0,4,4,16,2.0,1.1,True,qnn_oriented,standard,80,,,,,,,15.805320200000097,,,,,,,,,,,,,,,,0.5416666666666666,0.5833333333333334,0.375,0.07310505736709888,9.063687319034736e-12,35.416666666666664,26.625,0.1309457916666806,0.07636608161852922,0.033998359747255305,"{""none"": 20, ""residual+conditioning+solver_failure"": 20, ""conditioning"": 4, ""conditioning+solver_failure"": 4}"
0.9791666666666666,0.9791666666666667,0.9787234042553191,1.0,0.0024066000000857457,digits_2_vs_7,hybrid_aggressive_qnn_oriented_logreg,hybrid_aggressive_qnn_oriented,logreg,0,4,4,16,2.0,1.1,True,qnn_oriented,aggressive,80,,,,,,,36.33868499999994,,,,,,,,,,,,,,,,0.5416666666666666,0.9375,0.7291666666666666,0.07310254894758787,5.797758182016449e-13,35.416666666666664,20.916666666666668,0.31382522291665776,0.07636608161852922,0.07915849793095994,"{""conditioning"": 21, ""residual+conditioning+solver_failure"": 24, ""none"": 3}"
0.9791666666666666,0.9791666666666667,0.9787234042553191,1.0,0.0013337999998839223,digits_2_vs_7,hybrid_aggressive_qnn_oriented_svm_rbf,hybrid_aggressive_qnn_oriented,svm_rbf,0,4,4,16,2.0,1.1,True,qnn_oriented,aggressive,80,,,,,,,36.33868499999994,,,,,,,,,,,,,,,,0.5416666666666666,0.9375,0.7291666666666666,0.07310254894758787,5.797758182016449e-13,35.416666666666664,20.916666666666668,0.31382522291665776,0.07636608161852922,0.07915849793095994,"{""conditioning"": 21, ""residual+conditioning+solver_failure"": 24, ""none"": 3}"
0.9791666666666666,0.9791666666666667,0.9787234042553191,1.0,44.277858599999945,digits_2_vs_7,hybrid_aggressive_qnn_oriented_qnn,hybrid_aggressive_qnn_oriented,qnn,0,4,4,16,2.0,1.1,True,qnn_oriented,aggressive,80,,,,,,,36.33868499999994,,,,,,,,,,,,,,,,0.5416666666666666,0.9375,0.7291666666666666,0.07310254894758787,5.797758182016449e-13,35.416666666666664,20.916666666666668,0.31382522291665776,0.07636608161852922,0.07915849793095994,"{""conditioning"": 21, ""residual+conditioning+solver_failure"": 24, ""none"": 3}"
1.0,1.0,1.0,1.0,0.0023384000000987726,digits_2_vs_7,hybrid_always_trigger_qnn_oriented_logreg,hybrid_always_trigger_qnn_oriented,logreg,0,4,4,16,2.0,1.1,True,qnn_oriented,always_trigger,80,,,,,,,56.05932409999991,,,,,,,,,,,,,,,,0.5416666666666666,1.0,0.7708333333333334,0.07310262663910481,3.5415318758592054e-13,35.416666666666664,20.333333333333332,0.3415244250000266,0.07636608161852922,0.08369820906796525,"{""residual+conditioning"": 24, ""residual+conditioning+solver_failure"": 24}"
1.0,1.0,1.0,1.0,0.001763799999935145,digits_2_vs_7,hybrid_always_trigger_qnn_oriented_svm_rbf,hybrid_always_trigger_qnn_oriented,svm_rbf,0,4,4,16,2.0,1.1,True,qnn_oriented,always_trigger,80,,,,,,,56.05932409999991,,,,,,,,,,,,,,,,0.5416666666666666,1.0,0.7708333333333334,0.07310262663910481,3.5415318758592054e-13,35.416666666666664,20.333333333333332,0.3415244250000266,0.07636608161852922,0.08369820906796525,"{""residual+conditioning"": 24, ""residual+conditioning+solver_failure"": 24}"
1.0,1.0,1.0,1.0,45.2249397999999,digits_2_vs_7,hybrid_always_trigger_qnn_oriented_qnn,hybrid_always_trigger_qnn_oriented,qnn,0,4,4,16,2.0,1.1,True,qnn_oriented,always_trigger,80,,,,,,,56.05932409999991,,,,,,,,,,,,,,,,0.5416666666666666,1.0,0.7708333333333334,0.07310262663910481,3.5415318758592054e-13,35.416666666666664,20.333333333333332,0.3415244250000266,0.07636608161852922,0.08369820906796525,"{""residual+conditioning"": 24, ""residual+conditioning+solver_failure"": 24}"
1.0,1.0,1.0,1.0,0.002597899999955189,digits_2_vs_7,hybrid_qnn_lenient_qnn_oriented_logreg,hybrid_qnn_lenient_qnn_oriented,logreg,0,4,4,16,2.0,1.1,True,qnn_oriented,qnn_lenient,80,,,,,,,55.88619289999997,,,,,,,,,,,,,,,,0.5416666666666666,1.0,0.7708333333333334,0.07310262663910481,3.5415318758592054e-13,35.416666666666664,20.333333333333332,0.3425356624999978,0.07636608161852922,0.08369820906796525,"{""residual+conditioning"": 24, ""residual+conditioning+solver_failure"": 24}"
1.0,1.0,1.0,1.0,0.001186100000040824,digits_2_vs_7,hybrid_qnn_lenient_qnn_oriented_svm_rbf,hybrid_qnn_lenient_qnn_oriented,svm_rbf,0,4,4,16,2.0,1.1,True,qnn_oriented,qnn_lenient,80,,,,,,,55.88619289999997,,,,,,,,,,,,,,,,0.5416666666666666,1.0,0.7708333333333334,0.07310262663910481,3.5415318758592054e-13,35.416666666666664,20.333333333333332,0.3425356624999978,0.07636608161852922,0.08369820906796525,"{""residual+conditioning"": 24, ""residual+conditioning+solver_failure"": 24}"
1.0,1.0,1.0,1.0,45.35267870000007,digits_2_vs_7,hybrid_qnn_lenient_qnn_oriented_qnn,hybrid_qnn_lenient_qnn_oriented,qnn,0,4,4,16,2.0,1.1,True,qnn_oriented,qnn_lenient,80,,,,,,,55.88619289999997,,,,,,,,,,,,,,,,0.5416666666666666,1.0,0.7708333333333334,0.07310262663910481,3.5415318758592054e-13,35.416666666666664,20.333333333333332,0.3425356624999978,0.07636608161852922,0.08369820906796525,"{""residual+conditioning"": 24, ""residual+conditioning+solver_failure"": 24}"
1.0,1.0,1.0,1.0,0.002659300000004805,digits_2_vs_7,forced_qnn_exploratory_logreg,forced_qnn_exploratory,logreg,0,4,4,16,2.0,1.1,True,qnn_exploratory,standard,80,,,,,,,63.00001959999986,0.5208333333333334,0.9791666666666666,0.5,0.5,0.09412440241508437,0.09500324406769978,0.08490234395938119,0.004773900605733729,0.004754000899659333,35.416666666666664,14.395833333333334,2583.2291666666665,0.39513881249999844,0.07636608161852922,0.07775880209621559,,,,,,,,,,,
1.0,1.0,1.0,1.0,0.001196199999867531,digits_2_vs_7,forced_qnn_exploratory_svm_rbf,forced_qnn_exploratory,svm_rbf,0,4,4,16,2.0,1.1,True,qnn_exploratory,standard,80,,,,,,,63.00001959999986,0.5208333333333334,0.9791666666666666,0.5,0.5,0.09412440241508437,0.09500324406769978,0.08490234395938119,0.004773900605733729,0.004754000899659333,35.416666666666664,14.395833333333334,2583.2291666666665,0.39513881249999844,0.07636608161852922,0.07775880209621559,,,,,,,,,,,
1.0,1.0,1.0,1.0,44.2117573999999,digits_2_vs_7,forced_qnn_exploratory_qnn,forced_qnn_exploratory,qnn,0,4,4,16,2.0,1.1,True,qnn_exploratory,standard,80,,,,,,,63.00001959999986,0.5208333333333334,0.9791666666666666,0.5,0.5,0.09412440241508437,0.09500324406769978,0.08490234395938119,0.004773900605733729,0.004754000899659333,35.416666666666664,14.395833333333334,2583.2291666666665,0.39513881249999844,0.07636608161852922,0.07775880209621559,,,,,,,,,,,
0.9791666666666666,0.9791666666666667,0.9787234042553191,1.0,0.0024403999998412473,digits_2_vs_7,hybrid_standard_qnn_exploratory_logreg,hybrid_standard_qnn_exploratory,logreg,0,4,4,16,2.0,1.1,True,qnn_exploratory,standard,80,,,,,,,18.0893681,,,,,,,,,,,,,,,,0.5208333333333334,0.5833333333333334,0.3541666666666667,0.08516832580892607,9.7292120106745e-12,35.416666666666664,26.75,0.14837230625000566,0.07636608161852922,0.023808543212932402,"{""none"": 20, ""residual+conditioning+solver_failure"": 20, ""conditioning"": 4, ""conditioning+solver_failure"": 4}"
0.9791666666666666,0.9791666666666667,0.9787234042553191,1.0,0.0011743999998543586,digits_2_vs_7,hybrid_standard_qnn_exploratory_svm_rbf,hybrid_standard_qnn_exploratory,svm_rbf,0,4,4,16,2.0,1.1,True,qnn_exploratory,standard,80,,,,,,,18.0893681,,,,,,,,,,,,,,,,0.5208333333333334,0.5833333333333334,0.3541666666666667,0.08516832580892607,9.7292120106745e-12,35.416666666666664,26.75,0.14837230625000566,0.07636608161852922,0.023808543212932402,"{""none"": 20, ""residual+conditioning+solver_failure"": 20, ""conditioning"": 4, ""conditioning+solver_failure"": 4}"
0.9791666666666666,0.9791666666666667,0.9787234042553191,0.998263888888889,45.29739020000011,digits_2_vs_7,hybrid_standard_qnn_exploratory_qnn,hybrid_standard_qnn_exploratory,qnn,0,4,4,16,2.0,1.1,True,qnn_exploratory,standard,80,,,,,,,18.0893681,,,,,,,,,,,,,,,,0.5208333333333334,0.5833333333333334,0.3541666666666667,0.08516832580892607,9.7292120106745e-12,35.416666666666664,26.75,0.14837230625000566,0.07636608161852922,0.023808543212932402,"{""none"": 20, ""residual+conditioning+solver_failure"": 20, ""conditioning"": 4, ""conditioning+solver_failure"": 4}"
0.9791666666666666,0.9791666666666667,0.9787234042553191,1.0,0.0023000999999567284,digits_2_vs_7,hybrid_aggressive_qnn_exploratory_logreg,hybrid_aggressive_qnn_exploratory,logreg,0,4,4,16,2.0,1.1,True,qnn_exploratory,aggressive,80,,,,,,,43.19792589999997,,,,,,,,,,,,,,,,0.5208333333333334,0.9375,0.7083333333333334,0.08516781356335501,2.0191794929769664e-12,35.416666666666664,20.666666666666668,0.3736456020833335,0.07636608161852922,0.07564369066929587,"{""conditioning"": 21, ""residual+conditioning+solver_failure"": 24, ""none"": 3}"
0.9791666666666666,0.9791666666666667,0.9787234042553191,1.0,0.0011805999999978667,digits_2_vs_7,hybrid_aggressive_qnn_exploratory_svm_rbf,hybrid_aggressive_qnn_exploratory,svm_rbf,0,4,4,16,2.0,1.1,True,qnn_exploratory,aggressive,80,,,,,,,43.19792589999997,,,,,,,,,,,,,,,,0.5208333333333334,0.9375,0.7083333333333334,0.08516781356335501,2.0191794929769664e-12,35.416666666666664,20.666666666666668,0.3736456020833335,0.07636608161852922,0.07564369066929587,"{""conditioning"": 21, ""residual+conditioning+solver_failure"": 24, ""none"": 3}"
0.9791666666666666,0.9791666666666667,0.9787234042553191,0.998263888888889,45.15228479999996,digits_2_vs_7,hybrid_aggressive_qnn_exploratory_qnn,hybrid_aggressive_qnn_exploratory,qnn,0,4,4,16,2.0,1.1,True,qnn_exploratory,aggressive,80,,,,,,,43.19792589999997,,,,,,,,,,,,,,,,0.5208333333333334,0.9375,0.7083333333333334,0.08516781356335501,2.0191794929769664e-12,35.416666666666664,20.666666666666668,0.3736456020833335,0.07636608161852922,0.07564369066929587,"{""conditioning"": 21, ""residual+conditioning+solver_failure"": 24, ""none"": 3}"
1.0,1.0,1.0,1.0,0.0022096000000146887,digits_2_vs_7,hybrid_always_trigger_qnn_exploratory_logreg,hybrid_always_trigger_qnn_exploratory,logreg,0,4,4,16,2.0,1.1,True,qnn_exploratory,always_trigger,80,,,,,,,64.37958449999996,,,,,,,,,,,,,,,,0.5208333333333334,1.0,0.75,0.0851688537503692,1.7935192035523705e-12,35.416666666666664,19.229166666666668,0.40228457708332144,0.07636608161852922,0.08033052720445208,"{""residual+conditioning"": 24, ""residual+conditioning+solver_failure"": 24}"
1.0,1.0,1.0,1.0,0.0012693000001036125,digits_2_vs_7,hybrid_always_trigger_qnn_exploratory_svm_rbf,hybrid_always_trigger_qnn_exploratory,svm_rbf,0,4,4,16,2.0,1.1,True,qnn_exploratory,always_trigger,80,,,,,,,64.37958449999996,,,,,,,,,,,,,,,,0.5208333333333334,1.0,0.75,0.0851688537503692,1.7935192035523705e-12,35.416666666666664,19.229166666666668,0.40228457708332144,0.07636608161852922,0.08033052720445208,"{""residual+conditioning"": 24, ""residual+conditioning+solver_failure"": 24}"
0.9791666666666666,0.9791666666666667,0.9787234042553191,1.0,45.174391000000014,digits_2_vs_7,hybrid_always_trigger_qnn_exploratory_qnn,hybrid_always_trigger_qnn_exploratory,qnn,0,4,4,16,2.0,1.1,True,qnn_exploratory,always_trigger,80,,,,,,,64.37958449999996,,,,,,,,,,,,,,,,0.5208333333333334,1.0,0.75,0.0851688537503692,1.7935192035523705e-12,35.416666666666664,19.229166666666668,0.40228457708332144,0.07636608161852922,0.08033052720445208,"{""residual+conditioning"": 24, ""residual+conditioning+solver_failure"": 24}"
1.0,1.0,1.0,1.0,0.002459000000044398,digits_2_vs_7,hybrid_qnn_lenient_qnn_exploratory_logreg,hybrid_qnn_lenient_qnn_exploratory,logreg,0,4,4,16,2.0,1.1,True,qnn_exploratory,qnn_lenient,80,,,,,,,64.45509790000006,,,,,,,,,,,,,,,,0.5208333333333334,1.0,0.75,0.0851688537503692,1.7935192035523705e-12,35.416666666666664,19.229166666666668,0.40508949999997884,0.07636608161852922,0.08033052720445208,"{""residual+conditioning"": 24, ""residual+conditioning+solver_failure"": 24}"
1.0,1.0,1.0,1.0,0.0011850999999296619,digits_2_vs_7,hybrid_qnn_lenient_qnn_exploratory_svm_rbf,hybrid_qnn_lenient_qnn_exploratory,svm_rbf,0,4,4,16,2.0,1.1,True,qnn_exploratory,qnn_lenient,80,,,,,,,64.45509790000006,,,,,,,,,,,,,,,,0.5208333333333334,1.0,0.75,0.0851688537503692,1.7935192035523705e-12,35.416666666666664,19.229166666666668,0.40508949999997884,0.07636608161852922,0.08033052720445208,"{""residual+conditioning"": 24, ""residual+conditioning+solver_failure"": 24}"
0.9791666666666666,0.9791666666666667,0.9787234042553191,1.0,43.83819530000005,digits_2_vs_7,hybrid_qnn_lenient_qnn_exploratory_qnn,hybrid_qnn_lenient_qnn_exploratory,qnn,0,4,4,16,2.0,1.1,True,qnn_exploratory,qnn_lenient,80,,,,,,,64.45509790000006,,,,,,,,,,,,,,,,0.5208333333333334,1.0,0.75,0.0851688537503692,1.7935192035523705e-12,35.416666666666664,19.229166666666668,0.40508949999997884,0.07636608161852922,0.08033052720445208,"{""residual+conditioning"": 24, ""residual+conditioning+solver_failure"": 24}"
1.0,1.0,1.0,1.0,0.002187699999922188,digits_2_vs_7,forced_no_detector_logreg,forced_no_detector,logreg,0,4,4,16,2.0,1.1,True,no_detector,standard,80,,,,,,,15.14187609999999,0.5208333333333334,0.9791666666666666,0.5,0.5,0.09412440241508437,0.0903630172159015,0.08024671063487489,0.004773900605733729,0.004769683279682085,35.416666666666664,16.770833333333332,2269.0833333333335,0.09504759166668937,0.07636608161852922,0.07584827313517528,,,,,,,,,,,
1.0,1.0,1.0,1.0,0.0011947000000418484,digits_2_vs_7,forced_no_detector_svm_rbf,forced_no_detector,svm_rbf,0,4,4,16,2.0,1.1,True,no_detector,standard,80,,,,,,,15.14187609999999,0.5208333333333334,0.9791666666666666,0.5,0.5,0.09412440241508437,0.0903630172159015,0.08024671063487489,0.004773900605733729,0.004769683279682085,35.416666666666664,16.770833333333332,2269.0833333333335,0.09504759166668937,0.07636608161852922,0.07584827313517528,,,,,,,,,,,
1.0,1.0,1.0,1.0,45.72383519999994,digits_2_vs_7,forced_no_detector_qnn,forced_no_detector,qnn,0,4,4,16,2.0,1.1,True,no_detector,standard,80,,,,,,,15.14187609999999,0.5208333333333334,0.9791666666666666,0.5,0.5,0.09412440241508437,0.0903630172159015,0.08024671063487489,0.004773900605733729,0.004769683279682085,35.416666666666664,16.770833333333332,2269.0833333333335,0.09504759166668937,0.07636608161852922,0.07584827313517528,,,,,,,,,,,
0.9791666666666666,0.9791666666666667,0.9787234042553191,1.0,0.0019781000000875792,digits_2_vs_7,hybrid_standard_no_detector_logreg,hybrid_standard_no_detector,logreg,0,4,4,16,2.0,1.1,True,no_detector,standard,80,,,,,,,4.565469099999973,,,,,,,,,,,,,,,,0.5208333333333334,0.5833333333333334,0.3333333333333333,0.08054459248806899,9.7292120106745e-12,35.416666666666664,29.041666666666668,0.035917283333309534,0.07636608161852922,0.020625502364371908,"{""none"": 20, ""residual+conditioning+solver_failure"": 20, ""conditioning"": 4, ""conditioning+solver_failure"": 4}"
0.9791666666666666,0.9791666666666667,0.9787234042553191,1.0,0.0011908999999832304,digits_2_vs_7,hybrid_standard_no_detector_svm_rbf,hybrid_standard_no_detector,svm_rbf,0,4,4,16,2.0,1.1,True,no_detector,standard,80,,,,,,,4.565469099999973,,,,,,,,,,,,,,,,0.5208333333333334,0.5833333333333334,0.3333333333333333,0.08054459248806899,9.7292120106745e-12,35.416666666666664,29.041666666666668,0.035917283333309534,0.07636608161852922,0.020625502364371908,"{""none"": 20, ""residual+conditioning+solver_failure"": 20, ""conditioning"": 4, ""conditioning+solver_failure"": 4}"
0.9791666666666666,0.9791666666666667,0.9787234042553191,1.0,44.930760599999985,digits_2_vs_7,hybrid_standard_no_detector_qnn,hybrid_standard_no_detector,qnn,0,4,4,16,2.0,1.1,True,no_detector,standard,80,,,,,,,4.565469099999973,,,,,,,,,,,,,,,,0.5208333333333334,0.5833333333333334,0.3333333333333333,0.08054459248806899,9.7292120106745e-12,35.416666666666664,29.041666666666668,0.035917283333309534,0.07636608161852922,0.020625502364371908,"{""none"": 20, ""residual+conditioning+solver_failure"": 20, ""conditioning"": 4, ""conditioning+solver_failure"": 4}"
0.9791666666666666,0.9791666666666667,0.9787234042553191,1.0,0.0019841999999243853,digits_2_vs_7,hybrid_aggressive_no_detector_logreg,hybrid_aggressive_no_detector,logreg,0,4,4,16,2.0,1.1,True,no_detector,aggressive,80,,,,,,,10.422720199999958,,,,,,,,,,,,,,,,0.5208333333333334,0.9375,0.6875,0.08054459248661208,2.0191794929769664e-12,35.416666666666664,23.0,0.08847698541666678,0.07636608161852922,0.07087142190720191,"{""conditioning"": 21, ""residual+conditioning+solver_failure"": 24, ""none"": 3}"
0.9791666666666666,0.9791666666666667,0.9787234042553191,1.0,0.00120399999991605,digits_2_vs_7,hybrid_aggressive_no_detector_svm_rbf,hybrid_aggressive_no_detector,svm_rbf,0,4,4,16,2.0,1.1,True,no_detector,aggressive,80,,,,,,,10.422720199999958,,,,,,,,,,,,,,,,0.5208333333333334,0.9375,0.6875,0.08054459248661208,2.0191794929769664e-12,35.416666666666664,23.0,0.08847698541666678,0.07636608161852922,0.07087142190720191,"{""conditioning"": 21, ""residual+conditioning+solver_failure"": 24, ""none"": 3}"
0.9791666666666666,0.9791666666666667,0.9787234042553191,1.0,45.697159000000056,digits_2_vs_7,hybrid_aggressive_no_detector_qnn,hybrid_aggressive_no_detector,qnn,0,4,4,16,2.0,1.1,True,no_detector,aggressive,80,,,,,,,10.422720199999958,,,,,,,,,,,,,,,,0.5208333333333334,0.9375,0.6875,0.08054459248661208,2.0191794929769664e-12,35.416666666666664,23.0,0.08847698541666678,0.07636608161852922,0.07087142190720191,"{""conditioning"": 21, ""residual+conditioning+solver_failure"": 24, ""none"": 3}"
1.0,1.0,1.0,1.0,0.002371300000049814,digits_2_vs_7,hybrid_always_trigger_no_detector_logreg,hybrid_always_trigger_no_detector,logreg,0,4,4,16,2.0,1.1,True,no_detector,always_trigger,80,,,,,,,15.180714199999784,,,,,,,,,,,,,,,,0.5208333333333334,1.0,0.7291666666666666,0.08054459248659586,1.942777052162217e-12,35.416666666666664,22.125,0.09497413333332361,0.07636608161852922,0.07584827313517528,"{""residual+conditioning"": 24, ""residual+conditioning+solver_failure"": 24}"
1.0,1.0,1.0,1.0,0.0012114999999539577,digits_2_vs_7,hybrid_always_trigger_no_detector_svm_rbf,hybrid_always_trigger_no_detector,svm_rbf,0,4,4,16,2.0,1.1,True,no_detector,always_trigger,80,,,,,,,15.180714199999784,,,,,,,,,,,,,,,,0.5208333333333334,1.0,0.7291666666666666,0.08054459248659586,1.942777052162217e-12,35.416666666666664,22.125,0.09497413333332361,0.07636608161852922,0.07584827313517528,"{""residual+conditioning"": 24, ""residual+conditioning+solver_failure"": 24}"
0.9791666666666666,0.9791666666666667,0.9787234042553191,1.0,44.4452768000001,digits_2_vs_7,hybrid_always_trigger_no_detector_qnn,hybrid_always_trigger_no_detector,qnn,0,4,4,16,2.0,1.1,True,no_detector,always_trigger,80,,,,,,,15.180714199999784,,,,,,,,,,,,,,,,0.5208333333333334,1.0,0.7291666666666666,0.08054459248659586,1.942777052162217e-12,35.416666666666664,22.125,0.09497413333332361,0.07636608161852922,0.07584827313517528,"{""residual+conditioning"": 24, ""residual+conditioning+solver_failure"": 24}"
1.0,1.0,1.0,1.0,0.0018473000000085449,digits_2_vs_7,hybrid_qnn_lenient_no_detector_logreg,hybrid_qnn_lenient_no_detector,logreg,0,4,4,16,2.0,1.1,True,no_detector,qnn_lenient,80,,,,,,,15.165796699999646,,,,,,,,,,,,,,,,0.5208333333333334,1.0,0.7291666666666666,0.08054459248659586,1.942777052162217e-12,35.416666666666664,22.125,0.09519235208332096,0.07636608161852922,0.07584827313517528,"{""residual+conditioning"": 24, ""residual+conditioning+solver_failure"": 24}"
1.0,1.0,1.0,1.0,0.0017124999999396096,digits_2_vs_7,hybrid_qnn_lenient_no_detector_svm_rbf,hybrid_qnn_lenient_no_detector,svm_rbf,0,4,4,16,2.0,1.1,True,no_detector,qnn_lenient,80,,,,,,,15.165796699999646,,,,,,,,,,,,,,,,0.5208333333333334,1.0,0.7291666666666666,0.08054459248659586,1.942777052162217e-12,35.416666666666664,22.125,0.09519235208332096,0.07636608161852922,0.07584827313517528,"{""residual+conditioning"": 24, ""residual+conditioning+solver_failure"": 24}"
0.9791666666666666,0.9791666666666667,0.9787234042553191,1.0,43.74995609999996,digits_2_vs_7,hybrid_qnn_lenient_no_detector_qnn,hybrid_qnn_lenient_no_detector,qnn,0,4,4,16,2.0,1.1,True,no_detector,qnn_lenient,80,,,,,,,15.165796699999646,,,,,,,,,,,,,,,,0.5208333333333334,1.0,0.7291666666666666,0.08054459248659586,1.942777052162217e-12,35.416666666666664,22.125,0.09519235208332096,0.07636608161852922,0.07584827313517528,"{""residual+conditioning"": 24, ""residual+conditioning+solver_failure"": 24}"
1.0,1.0,1.0,1.0,0.0027076999999735563,digits_2_vs_7,forced_residual_only_logreg,forced_residual_only,logreg,0,4,4,16,2.0,1.1,True,residual_only,standard,80,,,,,,,6.975599599999896,0.5416666666666666,0.9791666666666666,0.5,0.5208333333333334,0.09412440241508437,0.08985000620193996,0.07975203420774524,0.004773900605733729,4.972157461280814e-16,35.416666666666664,11.479166666666666,2393.0416666666665,0.043908387500039225,0.07636608161852922,0.08775360438249614,,,,,,,,,,,
0.9791666666666666,0.9791666666666667,0.9787234042553191,1.0,0.0017064999997273844,digits_2_vs_7,forced_residual_only_svm_rbf,forced_residual_only,svm_rbf,0,4,4,16,2.0,1.1,True,residual_only,standard,80,,,,,,,6.975599599999896,0.5416666666666666,0.9791666666666666,0.5,0.5208333333333334,0.09412440241508437,0.08985000620193996,0.07975203420774524,0.004773900605733729,4.972157461280814e-16,35.416666666666664,11.479166666666666,2393.0416666666665,0.043908387500039225,0.07636608161852922,0.08775360438249614,,,,,,,,,,,
0.9583333333333334,0.9583333333333333,0.9565217391304348,0.9947916666666666,45.40626179999981,digits_2_vs_7,forced_residual_only_qnn,forced_residual_only,qnn,0,4,4,16,2.0,1.1,True,residual_only,standard,80,,,,,,,6.975599599999896,0.5416666666666666,0.9791666666666666,0.5,0.5208333333333334,0.09412440241508437,0.08985000620193996,0.07975203420774524,0.004773900605733729,4.972157461280814e-16,35.416666666666664,11.479166666666666,2393.0416666666665,0.043908387500039225,0.07636608161852922,0.08775360438249614,,,,,,,,,,,
0.9791666666666666,0.9791666666666667,0.9787234042553191,1.0,0.0022122000000308617,digits_2_vs_7,hybrid_standard_residual_only_logreg,hybrid_standard_residual_only,logreg,0,4,4,16,2.0,1.1,True,residual_only,standard,80,,,,,,,2.324273799999901,,,,,,,,,,,,,,,,0.5416666666666666,0.5833333333333334,0.4166666666666667,0.07999094823469134,9.063687319034736e-12,35.416666666666664,23.708333333333332,0.019000881249960837,0.07636608161852922,0.041027238062677364,"{""none"": 20, ""residual+conditioning+solver_failure"": 20, ""conditioning"": 4, ""conditioning+solver_failure"": 4}"
0.9791666666666666,0.9791666666666667,0.9787234042553191,1.0,0.0011743999998543586,digits_2_vs_7,hybrid_standard_residual_only_svm_rbf,hybrid_standard_residual_only,svm_rbf,0,4,4,16,2.0,1.1,True,residual_only,standard,80,,,,,,,2.324273799999901,,,,,,,,,,,,,,,,0.5416666666666666,0.5833333333333334,0.4166666666666667,0.07999094823469134,9.063687319034736e-12,35.416666666666664,23.708333333333332,0.019000881249960837,0.07636608161852922,0.041027238062677364,"{""none"": 20, ""residual+conditioning+solver_failure"": 20, ""conditioning"": 4, ""conditioning+solver_failure"": 4}"
1.0,1.0,1.0,1.0,43.96644430000015,digits_2_vs_7,hybrid_standard_residual_only_qnn,hybrid_standard_residual_only,qnn,0,4,4,16,2.0,1.1,True,residual_only,standard,80,,,,,,,2.324273799999901,,,,,,,,,,,,,,,,0.5416666666666666,0.5833333333333334,0.4166666666666667,0.07999094823469134,9.063687319034736e-12,35.416666666666664,23.708333333333332,0.019000881249960837,0.07636608161852922,0.041027238062677364,"{""none"": 20, ""residual+conditioning+solver_failure"": 20, ""conditioning"": 4, ""conditioning+solver_failure"": 4}"
0.9791666666666666,0.9791666666666667,0.9787234042553191,1.0,0.0028075000000171713,digits_2_vs_7,hybrid_aggressive_residual_only_logreg,hybrid_aggressive_residual_only,logreg,0,4,4,16,2.0,1.1,True,residual_only,aggressive,80,,,,,,,4.79646159999993,,,,,,,,,,,,,,,,0.5416666666666666,0.9375,0.7708333333333334,0.07999094823323442,3.892892367835185e-13,35.416666666666664,17.666666666666668,0.0409245062500266,0.07636608161852922,0.08356583523059197,"{""conditioning"": 21, ""residual+conditioning+solver_failure"": 24, ""none"": 3}"
0.9791666666666666,0.9791666666666667,0.9787234042553191,1.0,0.0011712999998962914,digits_2_vs_7,hybrid_aggressive_residual_only_svm_rbf,hybrid_aggressive_residual_only,svm_rbf,0,4,4,16,2.0,1.1,True,residual_only,aggressive,80,,,,,,,4.79646159999993,,,,,,,,,,,,,,,,0.5416666666666666,0.9375,0.7708333333333334,0.07999094823323442,3.892892367835185e-13,35.416666666666664,17.666666666666668,0.0409245062500266,0.07636608161852922,0.08356583523059197,"{""conditioning"": 21, ""residual+conditioning+solver_failure"": 24, ""none"": 3}"
1.0,1.0,1.0,1.0,45.397779600000376,digits_2_vs_7,hybrid_aggressive_residual_only_qnn,hybrid_aggressive_residual_only,qnn,0,4,4,16,2.0,1.1,True,residual_only,aggressive,80,,,,,,,4.79646159999993,,,,,,,,,,,,,,,,0.5416666666666666,0.9375,0.7708333333333334,0.07999094823323442,3.892892367835185e-13,35.416666666666664,17.666666666666668,0.0409245062500266,0.07636608161852922,0.08356583523059197,"{""conditioning"": 21, ""residual+conditioning+solver_failure"": 24, ""none"": 3}"
1.0,1.0,1.0,1.0,0.002263200000015786,digits_2_vs_7,hybrid_always_trigger_residual_only_logreg,hybrid_always_trigger_residual_only,logreg,0,4,4,16,2.0,1.1,True,residual_only,always_trigger,80,,,,,,,6.971632299999783,,,,,,,,,,,,,,,,0.5416666666666666,1.0,0.8125,0.07999094823321821,4.972157461280814e-16,35.416666666666664,16.791666666666668,0.04374853958333347,0.07636608161852922,0.08775360438249614,"{""residual+conditioning"": 24, ""residual+conditioning+solver_failure"": 24}"
0.9791666666666666,0.9791666666666667,0.9787234042553191,1.0,0.0011761000000660715,digits_2_vs_7,hybrid_always_trigger_residual_only_svm_rbf,hybrid_always_trigger_residual_only,svm_rbf,0,4,4,16,2.0,1.1,True,residual_only,always_trigger,80,,,,,,,6.971632299999783,,,,,,,,,,,,,,,,0.5416666666666666,1.0,0.8125,0.07999094823321821,4.972157461280814e-16,35.416666666666664,16.791666666666668,0.04374853958333347,0.07636608161852922,0.08775360438249614,"{""residual+conditioning"": 24, ""residual+conditioning+solver_failure"": 24}"
0.9791666666666666,0.9791666666666667,0.9787234042553191,1.0,45.722239100000024,digits_2_vs_7,hybrid_always_trigger_residual_only_qnn,hybrid_always_trigger_residual_only,qnn,0,4,4,16,2.0,1.1,True,residual_only,always_trigger,80,,,,,,,6.971632299999783,,,,,,,,,,,,,,,,0.5416666666666666,1.0,0.8125,0.07999094823321821,4.972157461280814e-16,35.416666666666664,16.791666666666668,0.04374853958333347,0.07636608161852922,0.08775360438249614,"{""residual+conditioning"": 24, ""residual+conditioning+solver_failure"": 24}"
1.0,1.0,1.0,1.0,0.0023816999996597588,digits_2_vs_7,hybrid_qnn_lenient_residual_only_logreg,hybrid_qnn_lenient_residual_only,logreg,0,4,4,16,2.0,1.1,True,residual_only,qnn_lenient,80,,,,,,,7.0390142999999625,,,,,,,,,,,,,,,,0.5416666666666666,1.0,0.8125,0.07999094823321821,4.972157461280814e-16,35.416666666666664,16.791666666666668,0.04380563124999526,0.07636608161852922,0.08775360438249614,"{""residual+conditioning"": 24, ""residual+conditioning+solver_failure"": 24}"
0.9791666666666666,0.9791666666666667,0.9787234042553191,1.0,0.001192599999740196,digits_2_vs_7,hybrid_qnn_lenient_residual_only_svm_rbf,hybrid_qnn_lenient_residual_only,svm_rbf,0,4,4,16,2.0,1.1,True,residual_only,qnn_lenient,80,,,,,,,7.0390142999999625,,,,,,,,,,,,,,,,0.5416666666666666,1.0,0.8125,0.07999094823321821,4.972157461280814e-16,35.416666666666664,16.791666666666668,0.04380563124999526,0.07636608161852922,0.08775360438249614,"{""residual+conditioning"": 24, ""residual+conditioning+solver_failure"": 24}"
0.9791666666666666,0.9791666666666667,0.9787234042553191,1.0,43.055877699999655,digits_2_vs_7,hybrid_qnn_lenient_residual_only_qnn,hybrid_qnn_lenient_residual_only,qnn,0,4,4,16,2.0,1.1,True,residual_only,qnn_lenient,80,,,,,,,7.0390142999999625,,,,,,,,,,,,,,,,0.5416666666666666,1.0,0.8125,0.07999094823321821,4.972157461280814e-16,35.416666666666664,16.791666666666668,0.04380563124999526,0.07636608161852922,0.08775360438249614,"{""residual+conditioning"": 24, ""residual+conditioning+solver_failure"": 24}"
0.9791666666666666,0.9791666666666667,0.9795918367346939,0.998263888888889,0.0016132000000652624,digits_2_vs_7,pca_logreg,pca,logreg,1,4,4,16,2.0,1.1,True,full_balanced,standard,80,,,,,,,,,,,,,,,,,,,,,,,,,,,,,,,,,
1.0,1.0,1.0,1.0,0.045218499999919004,digits_2_vs_7,pca_mlp,pca,mlp,1,4,4,16,2.0,1.1,True,full_balanced,standard,80,,,,,,,,,,,,,,,,,,,,,,,,,,,,,,,,,
0.9583333333333334,0.9583333333333333,0.96,0.9947916666666666,0.001098900000215508,digits_2_vs_7,pca_svm_rbf,pca,svm_rbf,1,4,4,16,2.0,1.1,True,full_balanced,standard,80,,,,,,,,,,,,,,,,,,,,,,,,,,,,,,,,,
1.0,1.0,1.0,1.0,44.103781100000106,digits_2_vs_7,pca_qnn,pca,qnn,1,4,4,16,2.0,1.1,True,full_balanced,standard,80,,,,,,,,,,,,,,,,,,,,,,,,,,,,,,,,,
0.9375,0.9375,0.9387755102040817,0.9947916666666666,0.0031361999999717227,digits_2_vs_7,implicit_zero_logreg,implicit_zero,logreg,1,4,4,16,2.0,1.1,True,full_balanced,standard,80,0.8333333333333334,0.03309165874678135,3.0295000180785343e-12,34.0,0.00021205624996885794,0.16495743099580573,0.04273120000016206,,,,,,,,,,,,,,,,,,,,,,,,,,
0.9375,0.9375,0.9387755102040817,0.982638888888889,0.0014111000000411877,digits_2_vs_7,implicit_zero_svm_rbf,implicit_zero,svm_rbf,1,4,4,16,2.0,1.1,True,full_balanced,standard,80,0.8333333333333334,0.03309165874678135,3.0295000180785343e-12,34.0,0.00021205624996885794,0.16495743099580573,0.04273120000016206,,,,,,,,,,,,,,,,,,,,,,,,,,
0.9583333333333334,0.9583333333333333,0.96,0.9913194444444444,43.851822900000116,digits_2_vs_7,implicit_zero_qnn,implicit_zero,qnn,1,4,4,16,2.0,1.1,True,full_balanced,standard,80,0.8333333333333334,0.03309165874678135,3.0295000180785343e-12,34.0,0.00021205624996885794,0.16495743099580573,0.04273120000016206,,,,,,,,,,,,,,,,,,,,,,,,,,
0.9375,0.9375,0.9387755102040817,0.9913194444444444,0.002127600000221719,digits_2_vs_7,forced_full_light_logreg,forced_full_light,logreg,1,4,4,16,2.0,1.1,True,full_light,standard,80,,,,,,,26.384322999999767,0.875,0.4583333333333333,0.8333333333333334,0.3958333333333333,0.03309165874678135,0.17308264358087055,0.02571918974067086,3.0295000180785343e-12,0.08902017474784127,34.0,24.979166666666668,1753.0625,0.16494836874995636,0.16495743099580573,0.0623797894181336,,,,,,,,,,,
0.9375,0.9375,0.9387755102040817,0.984375,0.0015159999998104468,digits_2_vs_7,forced_full_light_svm_rbf,forced_full_light,svm_rbf,1,4,4,16,2.0,1.1,True,full_light,standard,80,,,,,,,26.384322999999767,0.875,0.4583333333333333,0.8333333333333334,0.3958333333333333,0.03309165874678135,0.17308264358087055,0.02571918974067086,3.0295000180785343e-12,0.08902017474784127,34.0,24.979166666666668,1753.0625,0.16494836874995636,0.16495743099580573,0.0623797894181336,,,,,,,,,,,
0.9166666666666666,0.9166666666666666,0.9166666666666666,0.9565972222222222,46.230420700000195,digits_2_vs_7,forced_full_light_qnn,forced_full_light,qnn,1,4,4,16,2.0,1.1,True,full_light,standard,80,,,,,,,26.384322999999767,0.875,0.4583333333333333,0.8333333333333334,0.3958333333333333,0.03309165874678135,0.17308264358087055,0.02571918974067086,3.0295000180785343e-12,0.08902017474784127,34.0,24.979166666666668,1753.0625,0.16494836874995636,0.16495743099580573,0.0623797894181336,,,,,,,,,,,
0.9375,0.9375,0.9387755102040817,0.9913194444444444,0.002549299999827781,digits_2_vs_7,hybrid_standard_full_light_logreg,hybrid_standard_full_light,logreg,1,4,4,16,2.0,1.1,True,full_light,standard,80,,,,,,,7.813874299999952,,,,,,,,,,,,,,,,0.875,0.2916666666666667,0.22916666666666666,0.026119063517539797,2.8369144810746295e-12,34.0,28.520833333333332,0.06198520000003782,0.16495743099580573,0.030949382408967115,"{""none"": 34, ""conditioning"": 6, ""residual+conditioning+solver_failure"": 8}"
0.9375,0.9375,0.9387755102040817,0.984375,0.0013309999999364663,digits_2_vs_7,hybrid_standard_full_light_svm_rbf,hybrid_standard_full_light,svm_rbf,1,4,4,16,2.0,1.1,True,full_light,standard,80,,,,,,,7.813874299999952,,,,,,,,,,,,,,,,0.875,0.2916666666666667,0.22916666666666666,0.026119063517539797,2.8369144810746295e-12,34.0,28.520833333333332,0.06198520000003782,0.16495743099580573,0.030949382408967115,"{""none"": 34, ""conditioning"": 6, ""residual+conditioning+solver_failure"": 8}"
0.8333333333333334,0.8333333333333333,0.8461538461538461,0.9427083333333333,45.41024689999995,digits_2_vs_7,hybrid_standard_full_light_qnn,hybrid_standard_full_light,qnn,1,4,4,16,2.0,1.1,True,full_light,standard,80,,,,,,,7.813874299999952,,,,,,,,,,,,,,,,0.875,0.2916666666666667,0.22916666666666666,0.026119063517539797,2.8369144810746295e-12,34.0,28.520833333333332,0.06198520000003782,0.16495743099580573,0.030949382408967115,"{""none"": 34, ""conditioning"": 6, ""residual+conditioning+solver_failure"": 8}"
0.9375,0.9375,0.9387755102040817,0.9913194444444444,0.001967500000318978,digits_2_vs_7,hybrid_aggressive_full_light_logreg,hybrid_aggressive_full_light,logreg,1,4,4,16,2.0,1.1,True,full_light,aggressive,80,,,,,,,16.484766200000195,,,,,,,,,,,,,,,,0.875,0.5208333333333334,0.3333333333333333,0.025711625711682794,1.894794331293927e-12,34.0,30.020833333333332,0.09496257916662405,0.16495743099580573,0.05035386791287361,"{""conditioning"": 17, ""none"": 23, ""residual+conditioning+solver_failure"": 8}"
0.9375,0.9375,0.9387755102040817,0.984375,0.0013509999998859712,digits_2_vs_7,hybrid_aggressive_full_light_svm_rbf,hybrid_aggressive_full_light,svm_rbf,1,4,4,16,2.0,1.1,True,full_light,aggressive,80,,,,,,,16.484766200000195,,,,,,,,,,,,,,,,0.875,0.5208333333333334,0.3333333333333333,0.025711625711682794,1.894794331293927e-12,34.0,30.020833333333332,0.09496257916662405,0.16495743099580573,0.05035386791287361,"{""conditioning"": 17, ""none"": 23, ""residual+conditioning+solver_failure"": 8}"
0.9375,0.9375,0.9387755102040817,0.9930555555555556,45.8474255000001,digits_2_vs_7,hybrid_aggressive_full_light_qnn,hybrid_aggressive_full_light,qnn,1,4,4,16,2.0,1.1,True,full_light,aggressive,80,,,,,,,16.484766200000195,,,,,,,,,,,,,,,,0.875,0.5208333333333334,0.3333333333333333,0.025711625711682794,1.894794331293927e-12,34.0,30.020833333333332,0.09496257916662405,0.16495743099580573,0.05035386791287361,"{""conditioning"": 17, ""none"": 23, ""residual+conditioning+solver_failure"": 8}"
0.9166666666666666,0.9166666666666666,0.9166666666666666,0.9913194444444444,0.0021632000002682616,digits_2_vs_7,hybrid_always_trigger_full_light_logreg,hybrid_always_trigger_full_light,logreg,1,4,4,16,2.0,1.1,True,full_light,always_trigger,80,,,,,,,26.135897000000114,,,,,,,,,,,,,,,,0.875,1.0,0.4375,0.025756037423297403,1.6260727654354791e-12,34.0,28.458333333333332,0.1661479395833775,0.16495743099580573,0.06261359510128177,"{""residual+conditioning"": 40, ""residual+conditioning+solver_failure"": 8}"
0.9375,0.9375,0.9387755102040817,0.984375,0.00140449999980774,digits_2_vs_7,hybrid_always_trigger_full_light_svm_rbf,hybrid_always_trigger_full_light,svm_rbf,1,4,4,16,2.0,1.1,True,full_light,always_trigger,80,,,,,,,26.135897000000114,,,,,,,,,,,,,,,,0.875,1.0,0.4375,0.025756037423297403,1.6260727654354791e-12,34.0,28.458333333333332,0.1661479395833775,0.16495743099580573,0.06261359510128177,"{""residual+conditioning"": 40, ""residual+conditioning+solver_failure"": 8}"
0.9375,0.9375,0.9387755102040817,0.9444444444444444,44.63219949999984,digits_2_vs_7,hybrid_always_trigger_full_light_qnn,hybrid_always_trigger_full_light,qnn,1,4,4,16,2.0,1.1,True,full_light,always_trigger,80,,,,,,,26.135897000000114,,,,,,,,,,,,,,,,0.875,1.0,0.4375,0.025756037423297403,1.6260727654354791e-12,34.0,28.458333333333332,0.1661479395833775,0.16495743099580573,0.06261359510128177,"{""residual+conditioning"": 40, ""residual+conditioning+solver_failure"": 8}"
0.9166666666666666,0.9166666666666666,0.9166666666666666,0.9913194444444444,0.0020786000000043714,digits_2_vs_7,hybrid_qnn_lenient_full_light_logreg,hybrid_qnn_lenient_full_light,logreg,1,4,4,16,2.0,1.1,True,full_light,qnn_lenient,80,,,,,,,26.13931599999978,,,,,,,,,,,,,,,,0.875,1.0,0.4375,0.025756037423297403,1.6260727654354791e-12,34.0,28.458333333333332,0.16597011249999127,0.16495743099580573,0.06261359510128177,"{""residual+conditioning"": 40, ""residual+conditioning+solver_failure"": 8}"
0.9375,0.9375,0.9387755102040817,0.984375,0.0013674000001628883,digits_2_vs_7,hybrid_qnn_lenient_full_light_svm_rbf,hybrid_qnn_lenient_full_light,svm_rbf,1,4,4,16,2.0,1.1,True,full_light,qnn_lenient,80,,,,,,,26.13931599999978,,,,,,,,,,,,,,,,0.875,1.0,0.4375,0.025756037423297403,1.6260727654354791e-12,34.0,28.458333333333332,0.16597011249999127,0.16495743099580573,0.06261359510128177,"{""residual+conditioning"": 40, ""residual+conditioning+solver_failure"": 8}"
0.9375,0.9375,0.9387755102040817,0.9444444444444444,45.6770947,digits_2_vs_7,hybrid_qnn_lenient_full_light_qnn,hybrid_qnn_lenient_full_light,qnn,1,4,4,16,2.0,1.1,True,full_light,qnn_lenient,80,,,,,,,26.13931599999978,,,,,,,,,,,,,,,,0.875,1.0,0.4375,0.025756037423297403,1.6260727654354791e-12,34.0,28.458333333333332,0.16597011249999127,0.16495743099580573,0.06261359510128177,"{""residual+conditioning"": 40, ""residual+conditioning+solver_failure"": 8}"
0.9375,0.9375,0.9387755102040817,0.9947916666666666,0.002349400000184687,digits_2_vs_7,forced_full_balanced_logreg,forced_full_balanced,logreg,1,4,4,16,2.0,1.1,True,full_balanced,standard,80,,,,,,,35.25663620000023,0.875,0.4375,0.8333333333333334,0.4375,0.03309165874678135,0.16771250788344963,0.025998342410586312,3.0295000180785343e-12,0.07021724472987025,34.0,21.833333333333332,1982.2083333333333,0.22372331875002752,0.16495743099580573,0.0734738817540528,,,,,,,,,,,
0.9166666666666666,0.9166666666666666,0.9166666666666666,0.9791666666666666,0.0014068999998926301,digits_2_vs_7,forced_full_balanced_svm_rbf,forced_full_balanced,svm_rbf,1,4,4,16,2.0,1.1,True,full_balanced,standard,80,,,,,,,35.25663620000023,0.875,0.4375,0.8333333333333334,0.4375,0.03309165874678135,0.16771250788344963,0.025998342410586312,3.0295000180785343e-12,0.07021724472987025,34.0,21.833333333333332,1982.2083333333333,0.22372331875002752,0.16495743099580573,0.0734738817540528,,,,,,,,,,,
0.8958333333333334,0.8958333333333333,0.8936170212765957,0.9461805555555556,44.23766049999995,digits_2_vs_7,forced_full_balanced_qnn,forced_full_balanced,qnn,1,4,4,16,2.0,1.1,True,full_balanced,standard,80,,,,,,,35.25663620000023,0.875,0.4375,0.8333333333333334,0.4375,0.03309165874678135,0.16771250788344963,0.025998342410586312,3.0295000180785343e-12,0.07021724472987025,34.0,21.833333333333332,1982.2083333333333,0.22372331875002752,0.16495743099580573,0.0734738817540528,,,,,,,,,,,
0.9375,0.9375,0.9387755102040817,0.9947916666666666,0.002782099999876664,digits_2_vs_7,hybrid_standard_full_balanced_logreg,hybrid_standard_full_balanced,logreg,1,4,4,16,2.0,1.1,True,full_balanced,standard,80,,,,,,,10.457493200000044,,,,,,,,,,,,,,,,0.875,0.2916666666666667,0.22916666666666666,0.026018223281164914,2.8369144810746295e-12,34.0,29.0625,0.09290885000002429,0.16495743099580573,0.030763905467461713,"{""none"": 34, ""conditioning"": 6, ""residual+conditioning+solver_failure"": 8}"
0.9166666666666666,0.9166666666666666,0.9166666666666666,0.9774305555555556,0.0014716000000589702,digits_2_vs_7,hybrid_standard_full_balanced_svm_rbf,hybrid_standard_full_balanced,svm_rbf,1,4,4,16,2.0,1.1,True,full_balanced,standard,80,,,,,,,10.457493200000044,,,,,,,,,,,,,,,,0.875,0.2916666666666667,0.22916666666666666,0.026018223281164914,2.8369144810746295e-12,34.0,29.0625,0.09290885000002429,0.16495743099580573,0.030763905467461713,"{""none"": 34, ""conditioning"": 6, ""residual+conditioning+solver_failure"": 8}"
0.8125,0.8125,0.8235294117647058,0.9427083333333334,45.67978549999998,digits_2_vs_7,hybrid_standard_full_balanced_qnn,hybrid_standard_full_balanced,qnn,1,4,4,16,2.0,1.1,True,full_balanced,standard,80,,,,,,,10.457493200000044,,,,,,,,,,,,,,,,0.875,0.2916666666666667,0.22916666666666666,0.026018223281164914,2.8369144810746295e-12,34.0,29.0625,0.09290885000002429,0.16495743099580573,0.030763905467461713,"{""none"": 34, ""conditioning"": 6, ""residual+conditioning+solver_failure"": 8}"
0.9375,0.9375,0.9387755102040817,0.9947916666666666,0.002701500000057422,digits_2_vs_7,hybrid_aggressive_full_balanced_logreg,hybrid_aggressive_full_balanced,logreg,1,4,4,16,2.0,1.1,True,full_balanced,aggressive,80,,,,,,,22.20404950000011,,,,,,,,,,,,,,,,0.875,0.5208333333333334,0.2708333333333333,0.02601367471974322,2.534208512525352e-12,34.0,28.333333333333332,0.13270858125004756,0.16495743099580573,0.04200414559820951,"{""conditioning"": 17, ""none"": 23, ""residual+conditioning+solver_failure"": 8}"
0.9166666666666666,0.9166666666666666,0.9166666666666666,0.9826388888888888,0.0013647999999193416,digits_2_vs_7,hybrid_aggressive_full_balanced_svm_rbf,hybrid_aggressive_full_balanced,svm_rbf,1,4,4,16,2.0,1.1,True,full_balanced,aggressive,80,,,,,,,22.20404950000011,,,,,,,,,,,,,,,,0.875,0.5208333333333334,0.2708333333333333,0.02601367471974322,2.534208512525352e-12,34.0,28.333333333333332,0.13270858125004756,0.16495743099580573,0.04200414559820951,"{""conditioning"": 17, ""none"": 23, ""residual+conditioning+solver_failure"": 8}"
0.9583333333333334,0.9583333333333334,0.9583333333333334,0.9930555555555556,45.049297900000056,digits_2_vs_7,hybrid_aggressive_full_balanced_qnn,hybrid_aggressive_full_balanced,qnn,1,4,4,16,2.0,1.1,True,full_balanced,aggressive,80,,,,,,,22.20404950000011,,,,,,,,,,,,,,,,0.875,0.5208333333333334,0.2708333333333333,0.02601367471974322,2.534208512525352e-12,34.0,28.333333333333332,0.13270858125004756,0.16495743099580573,0.04200414559820951,"{""conditioning"": 17, ""none"": 23, ""residual+conditioning+solver_failure"": 8}"
0.9375,0.9375,0.9387755102040817,0.9947916666666666,0.002817999999933818,digits_2_vs_7,hybrid_always_trigger_full_balanced_logreg,hybrid_always_trigger_full_balanced,logreg,1,4,4,16,2.0,1.1,True,full_balanced,always_trigger,80,,,,,,,34.676177599999846,,,,,,,,,,,,,,,,0.875,1.0,0.375,0.026028907756915493,1.894794331293927e-12,34.0,25.979166666666668,0.2204821458333678,0.16495743099580573,0.07333911149808824,"{""residual+conditioning"": 40, ""residual+conditioning+solver_failure"": 8}"
0.9166666666666666,0.9166666666666666,0.9166666666666666,0.9826388888888888,0.0013291999998727988,digits_2_vs_7,hybrid_always_trigger_full_balanced_svm_rbf,hybrid_always_trigger_full_balanced,svm_rbf,1,4,4,16,2.0,1.1,True,full_balanced,always_trigger,80,,,,,,,34.676177599999846,,,,,,,,,,,,,,,,0.875,1.0,0.375,0.026028907756915493,1.894794331293927e-12,34.0,25.979166666666668,0.2204821458333678,0.16495743099580573,0.07333911149808824,"{""residual+conditioning"": 40, ""residual+conditioning+solver_failure"": 8}"
0.9166666666666666,0.9166666666666667,0.9130434782608695,0.9722222222222222,44.20999740000025,digits_2_vs_7,hybrid_always_trigger_full_balanced_qnn,hybrid_always_trigger_full_balanced,qnn,1,4,4,16,2.0,1.1,True,full_balanced,always_trigger,80,,,,,,,34.676177599999846,,,,,,,,,,,,,,,,0.875,1.0,0.375,0.026028907756915493,1.894794331293927e-12,34.0,25.979166666666668,0.2204821458333678,0.16495743099580573,0.07333911149808824,"{""residual+conditioning"": 40, ""residual+conditioning+solver_failure"": 8}"
0.9583333333333334,0.9583333333333334,0.9583333333333334,0.9947916666666666,0.002699900000152411,digits_2_vs_7,hybrid_qnn_lenient_full_balanced_logreg,hybrid_qnn_lenient_full_balanced,logreg,1,4,4,16,2.0,1.1,True,full_balanced,qnn_lenient,80,,,,,,,34.653880599999866,,,,,,,,,,,,,,,,0.875,1.0,0.375,0.026028907756915493,1.894794331293927e-12,34.0,25.979166666666668,0.22205369374997494,0.16495743099580573,0.07333911149808824,"{""residual+conditioning"": 40, ""residual+conditioning+solver_failure"": 8}"
0.8958333333333334,0.8958333333333333,0.8936170212765957,0.9861111111111112,0.001414099999692553,digits_2_vs_7,hybrid_qnn_lenient_full_balanced_svm_rbf,hybrid_qnn_lenient_full_balanced,svm_rbf,1,4,4,16,2.0,1.1,True,full_balanced,qnn_lenient,80,,,,,,,34.653880599999866,,,,,,,,,,,,,,,,0.875,1.0,0.375,0.026028907756915493,1.894794331293927e-12,34.0,25.979166666666668,0.22205369374997494,0.16495743099580573,0.07333911149808824,"{""residual+conditioning"": 40, ""residual+conditioning+solver_failure"": 8}"
0.9166666666666666,0.9166666666666667,0.92,0.984375,44.255663899999945,digits_2_vs_7,hybrid_qnn_lenient_full_balanced_qnn,hybrid_qnn_lenient_full_balanced,qnn,1,4,4,16,2.0,1.1,True,full_balanced,qnn_lenient,80,,,,,,,34.653880599999866,,,,,,,,,,,,,,,,0.875,1.0,0.375,0.026028907756915493,1.894794331293927e-12,34.0,25.979166666666668,0.22205369374997494,0.16495743099580573,0.07333911149808824,"{""residual+conditioning"": 40, ""residual+conditioning+solver_failure"": 8}"
0.9375,0.9375,0.9387755102040817,0.9913194444444444,0.0028190000002723536,digits_2_vs_7,forced_qnn_oriented_logreg,forced_qnn_oriented,logreg,1,4,4,16,2.0,1.1,True,qnn_oriented,standard,80,,,,,,,44.504276299999674,0.8958333333333334,0.3958333333333333,0.8333333333333334,0.3958333333333333,0.03309165874678135,0.1789643693709606,0.021382278824948062,3.0295000180785343e-12,0.08886596317616245,34.0,20.458333333333332,2099.0833333333335,0.2934796312499657,0.16495743099580573,0.0618205113053805,,,,,,,,,,,
0.9375,0.9375,0.9387755102040817,0.984375,0.001362299999982497,digits_2_vs_7,forced_qnn_oriented_svm_rbf,forced_qnn_oriented,svm_rbf,1,4,4,16,2.0,1.1,True,qnn_oriented,standard,80,,,,,,,44.504276299999674,0.8958333333333334,0.3958333333333333,0.8333333333333334,0.3958333333333333,0.03309165874678135,0.1789643693709606,0.021382278824948062,3.0295000180785343e-12,0.08886596317616245,34.0,20.458333333333332,2099.0833333333335,0.2934796312499657,0.16495743099580573,0.0618205113053805,,,,,,,,,,,
0.8958333333333334,0.8958333333333333,0.8936170212765957,0.9618055555555555,44.37722960000019,digits_2_vs_7,forced_qnn_oriented_qnn,forced_qnn_oriented,qnn,1,4,4,16,2.0,1.1,True,qnn_oriented,standard,80,,,,,,,44.504276299999674,0.8958333333333334,0.3958333333333333,0.8333333333333334,0.3958333333333333,0.03309165874678135,0.1789643693709606,0.021382278824948062,3.0295000180785343e-12,0.08886596317616245,34.0,20.458333333333332,2099.0833333333335,0.2934796312499657,0.16495743099580573,0.0618205113053805,,,,,,,,,,,
0.9375,0.9375,0.9387755102040817,0.9913194444444444,0.0026416999999128166,digits_2_vs_7,hybrid_standard_qnn_oriented_logreg,hybrid_standard_qnn_oriented,logreg,1,4,4,16,2.0,1.1,True,qnn_oriented,standard,80,,,,,,,14.206769500000064,,,,,,,,,,,,,,,,0.8958333333333334,0.2916666666666667,0.22916666666666666,0.02141746473769007,2.534208512525352e-12,34.0,27.5625,0.1400367958333201,0.16495743099580573,0.045081245185543024,"{""none"": 34, ""conditioning"": 6, ""residual+conditioning+solver_failure"": 8}"
0.9375,0.9375,0.9387755102040817,0.984375,0.0013415999997050676,digits_2_vs_7,hybrid_standard_qnn_oriented_svm_rbf,hybrid_standard_qnn_oriented,svm_rbf,1,4,4,16,2.0,1.1,True,qnn_oriented,standard,80,,,,,,,14.206769500000064,,,,,,,,,,,,,,,,0.8958333333333334,0.2916666666666667,0.22916666666666666,0.02141746473769007,2.534208512525352e-12,34.0,27.5625,0.1400367958333201,0.16495743099580573,0.045081245185543024,"{""none"": 34, ""conditioning"": 6, ""residual+conditioning+solver_failure"": 8}"
0.8333333333333334,0.8333333333333333,0.8461538461538461,0.9375,45.60543690000031,digits_2_vs_7,hybrid_standard_qnn_oriented_qnn,hybrid_standard_qnn_oriented,qnn,1,4,4,16,2.0,1.1,True,qnn_oriented,standard,80,,,,,,,14.206769500000064,,,,,,,,,,,,,,,,0.8958333333333334,0.2916666666666667,0.22916666666666666,0.02141746473769007,2.534208512525352e-12,34.0,27.5625,0.1400367958333201,0.16495743099580573,0.045081245185543024,"{""none"": 34, ""conditioning"": 6, ""residual+conditioning+solver_failure"": 8}"
0.9375,0.9375,0.9387755102040817,0.9913194444444444,0.0026880000000346627,digits_2_vs_7,hybrid_aggressive_qnn_oriented_logreg,hybrid_aggressive_qnn_oriented,logreg,1,4,4,16,2.0,1.1,True,qnn_oriented,aggressive,80,,,,,,,28.792277900000045,,,,,,,,,,,,,,,,0.8958333333333334,0.5208333333333334,0.2916666666666667,0.02141718704588862,1.894794331293927e-12,34.0,26.416666666666668,0.19665660208337954,0.16495743099580573,0.04999628943107884,"{""conditioning"": 17, ""none"": 23, ""residual+conditioning+solver_failure"": 8}"
0.9375,0.9375,0.9387755102040817,0.984375,0.0013820999997733452,digits_2_vs_7,hybrid_aggressive_qnn_oriented_svm_rbf,hybrid_aggressive_qnn_oriented,svm_rbf,1,4,4,16,2.0,1.1,True,qnn_oriented,aggressive,80,,,,,,,28.792277900000045,,,,,,,,,,,,,,,,0.8958333333333334,0.5208333333333334,0.2916666666666667,0.02141718704588862,1.894794331293927e-12,34.0,26.416666666666668,0.19665660208337954,0.16495743099580573,0.04999628943107884,"{""conditioning"": 17, ""none"": 23, ""residual+conditioning+solver_failure"": 8}"
0.9166666666666666,0.9166666666666667,0.92,0.9722222222222222,45.01637359999995,digits_2_vs_7,hybrid_aggressive_qnn_oriented_qnn,hybrid_aggressive_qnn_oriented,qnn,1,4,4,16,2.0,1.1,True,qnn_oriented,aggressive,80,,,,,,,28.792277900000045,,,,,,,,,,,,,,,,0.8958333333333334,0.5208333333333334,0.2916666666666667,0.02141718704588862,1.894794331293927e-12,34.0,26.416666666666668,0.19665660208337954,0.16495743099580573,0.04999628943107884,"{""conditioning"": 17, ""none"": 23, ""residual+conditioning+solver_failure"": 8}"
0.9375,0.9375,0.9387755102040817,0.9913194444444444,0.002642699999796605,digits_2_vs_7,hybrid_always_trigger_qnn_oriented_logreg,hybrid_always_trigger_qnn_oriented,logreg,1,4,4,16,2.0,1.1,True,qnn_oriented,always_trigger,80,,,,,,,43.57372620000024,,,,,,,,,,,,,,,,0.8958333333333334,1.0,0.3541666666666667,0.021417334412545747,1.862373302202054e-12,34.0,26.104166666666668,0.28768084374999603,0.16495743099580573,0.060756024302985885,"{""residual+conditioning"": 40, ""residual+conditioning+solver_failure"": 8}"
0.9375,0.9375,0.9387755102040817,0.984375,0.001349099999970349,digits_2_vs_7,hybrid_always_trigger_qnn_oriented_svm_rbf,hybrid_always_trigger_qnn_oriented,svm_rbf,1,4,4,16,2.0,1.1,True,qnn_oriented,always_trigger,80,,,,,,,43.57372620000024,,,,,,,,,,,,,,,,0.8958333333333334,1.0,0.3541666666666667,0.021417334412545747,1.862373302202054e-12,34.0,26.104166666666668,0.28768084374999603,0.16495743099580573,0.060756024302985885,"{""residual+conditioning"": 40, ""residual+conditioning+solver_failure"": 8}"
0.8958333333333334,0.8958333333333333,0.8936170212765957,0.9635416666666666,43.751984600000014,digits_2_vs_7,hybrid_always_trigger_qnn_oriented_qnn,hybrid_always_trigger_qnn_oriented,qnn,1,4,4,16,2.0,1.1,True,qnn_oriented,always_trigger,80,,,,,,,43.57372620000024,,,,,,,,,,,,,,,,0.8958333333333334,1.0,0.3541666666666667,0.021417334412545747,1.862373302202054e-12,34.0,26.104166666666668,0.28768084374999603,0.16495743099580573,0.060756024302985885,"{""residual+conditioning"": 40, ""residual+conditioning+solver_failure"": 8}"
0.9166666666666666,0.9166666666666666,0.9166666666666666,0.9913194444444444,0.0020580999998855987,digits_2_vs_7,hybrid_qnn_lenient_qnn_oriented_logreg,hybrid_qnn_lenient_qnn_oriented,logreg,1,4,4,16,2.0,1.1,True,qnn_oriented,qnn_lenient,80,,,,,,,43.64384700000028,,,,,,,,,,,,,,,,0.8958333333333334,1.0,0.3541666666666667,0.021417334412545747,1.862373302202054e-12,34.0,26.104166666666668,0.2889841833333359,0.16495743099580573,0.060756024302985885,"{""residual+conditioning"": 40, ""residual+conditioning+solver_failure"": 8}"
0.8958333333333334,0.8958333333333333,0.8936170212765957,0.986111111111111,0.001320800000030431,digits_2_vs_7,hybrid_qnn_lenient_qnn_oriented_svm_rbf,hybrid_qnn_lenient_qnn_oriented,svm_rbf,1,4,4,16,2.0,1.1,True,qnn_oriented,qnn_lenient,80,,,,,,,43.64384700000028,,,,,,,,,,,,,,,,0.8958333333333334,1.0,0.3541666666666667,0.021417334412545747,1.862373302202054e-12,34.0,26.104166666666668,0.2889841833333359,0.16495743099580573,0.060756024302985885,"{""residual+conditioning"": 40, ""residual+conditioning+solver_failure"": 8}"
0.875,0.875,0.8695652173913043,0.9496527777777778,45.19141549999995,digits_2_vs_7,hybrid_qnn_lenient_qnn_oriented_qnn,hybrid_qnn_lenient_qnn_oriented,qnn,1,4,4,16,2.0,1.1,True,qnn_oriented,qnn_lenient,80,,,,,,,43.64384700000028,,,,,,,,,,,,,,,,0.8958333333333334,1.0,0.3541666666666667,0.021417334412545747,1.862373302202054e-12,34.0,26.104166666666668,0.2889841833333359,0.16495743099580573,0.060756024302985885,"{""residual+conditioning"": 40, ""residual+conditioning+solver_failure"": 8}"
0.9166666666666666,0.9166666666666666,0.9166666666666666,0.9913194444444444,0.0027842999998028972,digits_2_vs_7,forced_qnn_exploratory_logreg,forced_qnn_exploratory,logreg,1,4,4,16,2.0,1.1,True,qnn_exploratory,standard,80,,,,,,,51.33471099999997,0.875,0.4375,0.8333333333333334,0.375,0.03309165874678135,0.19753250831806246,0.025974467618961983,3.0295000180785343e-12,0.10048400729040438,34.0,20.8125,2148.3125,0.33785612708331314,0.16495743099580573,0.059116444308123635,,,,,,,,,,,
0.9375,0.9375,0.9387755102040817,0.984375,0.0013246000003164227,digits_2_vs_7,forced_qnn_exploratory_svm_rbf,forced_qnn_exploratory,svm_rbf,1,4,4,16,2.0,1.1,True,qnn_exploratory,standard,80,,,,,,,51.33471099999997,0.875,0.4375,0.8333333333333334,0.375,0.03309165874678135,0.19753250831806246,0.025974467618961983,3.0295000180785343e-12,0.10048400729040438,34.0,20.8125,2148.3125,0.33785612708331314,0.16495743099580573,0.059116444308123635,,,,,,,,,,,
0.9166666666666666,0.9166666666666666,0.9166666666666666,0.96875,44.891935600000124,digits_2_vs_7,forced_qnn_exploratory_qnn,forced_qnn_exploratory,qnn,1,4,4,16,2.0,1.1,True,qnn_exploratory,standard,80,,,,,,,51.33471099999997,0.875,0.4375,0.8333333333333334,0.375,0.03309165874678135,0.19753250831806246,0.025974467618961983,3.0295000180785343e-12,0.10048400729040438,34.0,20.8125,2148.3125,0.33785612708331314,0.16495743099580573,0.059116444308123635,,,,,,,,,,,
0.9166666666666666,0.9166666666666666,0.9166666666666666,0.9895833333333334,0.0027617999999165477,digits_2_vs_7,hybrid_standard_qnn_exploratory_logreg,hybrid_standard_qnn_exploratory,logreg,1,4,4,16,2.0,1.1,True,qnn_exploratory,standard,80,,,,,,,15.200463499999842,,,,,,,,,,,,,,,,0.8541666666666666,0.2916666666666667,0.20833333333333334,0.02856148443184477,3.011977261914231e-12,34.0,28.8125,0.12489547916664871,0.16495743099580573,0.02394160970218764,"{""none"": 34, ""conditioning"": 6, ""residual+conditioning+solver_failure"": 8}"
0.9375,0.9375,0.9387755102040817,0.984375,0.0013441999999486143,digits_2_vs_7,hybrid_standard_qnn_exploratory_svm_rbf,hybrid_standard_qnn_exploratory,svm_rbf,1,4,4,16,2.0,1.1,True,qnn_exploratory,standard,80,,,,,,,15.200463499999842,,,,,,,,,,,,,,,,0.8541666666666666,0.2916666666666667,0.20833333333333334,0.02856148443184477,3.011977261914231e-12,34.0,28.8125,0.12489547916664871,0.16495743099580573,0.02394160970218764,"{""none"": 34, ""conditioning"": 6, ""residual+conditioning+solver_failure"": 8}"
0.8958333333333334,0.8958333333333333,0.8979591836734694,0.9756944444444444,44.75556979999965,digits_2_vs_7,hybrid_standard_qnn_exploratory_qnn,hybrid_standard_qnn_exploratory,qnn,1,4,4,16,2.0,1.1,True,qnn_exploratory,standard,80,,,,,,,15.200463499999842,,,,,,,,,,,,,,,,0.8541666666666666,0.2916666666666667,0.20833333333333334,0.02856148443184477,3.011977261914231e-12,34.0,28.8125,0.12489547916664871,0.16495743099580573,0.02394160970218764,"{""none"": 34, ""conditioning"": 6, ""residual+conditioning+solver_failure"": 8}"
0.9166666666666666,0.9166666666666666,0.9166666666666666,0.9913194444444444,0.002540599999974802,digits_2_vs_7,hybrid_aggressive_qnn_exploratory_logreg,hybrid_aggressive_qnn_exploratory,logreg,1,4,4,16,2.0,1.1,True,qnn_exploratory,aggressive,80,,,,,,,31.390673400000196,,,,,,,,,,,,,,,,0.8333333333333334,0.5208333333333334,0.2916666666666667,0.03063976261935829,2.8369144810746295e-12,34.0,27.270833333333332,0.1918622375000325,0.16495743099580573,0.0379443925642975,"{""conditioning"": 17, ""none"": 23, ""residual+conditioning+solver_failure"": 8}"
0.9375,0.9375,0.9387755102040817,0.984375,0.001339899999948102,digits_2_vs_7,hybrid_aggressive_qnn_exploratory_svm_rbf,hybrid_aggressive_qnn_exploratory,svm_rbf,1,4,4,16,2.0,1.1,True,qnn_exploratory,aggressive,80,,,,,,,31.390673400000196,,,,,,,,,,,,,,,,0.8333333333333334,0.5208333333333334,0.2916666666666667,0.03063976261935829,2.8369144810746295e-12,34.0,27.270833333333332,0.1918622375000325,0.16495743099580573,0.0379443925642975,"{""conditioning"": 17, ""none"": 23, ""residual+conditioning+solver_failure"": 8}"
0.9375,0.9375,0.9361702127659575,0.9895833333333333,45.04352689999996,digits_2_vs_7,hybrid_aggressive_qnn_exploratory_qnn,hybrid_aggressive_qnn_exploratory,qnn,1,4,4,16,2.0,1.1,True,qnn_exploratory,aggressive,80,,,,,,,31.390673400000196,,,,,,,,,,,,,,,,0.8333333333333334,0.5208333333333334,0.2916666666666667,0.03063976261935829,2.8369144810746295e-12,34.0,27.270833333333332,0.1918622375000325,0.16495743099580573,0.0379443925642975,"{""conditioning"": 17, ""none"": 23, ""residual+conditioning+solver_failure"": 8}"
0.9166666666666666,0.9166666666666666,0.9166666666666666,0.9913194444444444,0.002341299999898183,digits_2_vs_7,hybrid_always_trigger_qnn_exploratory_logreg,hybrid_always_trigger_qnn_exploratory,logreg,1,4,4,16,2.0,1.1,True,qnn_exploratory,always_trigger,80,,,,,,,50.319650999999794,,,,,,,,,,,,,,,,0.8333333333333334,1.0,0.375,0.030639932824460463,2.8369144810746295e-12,34.0,25.875,0.32316186874998226,0.16495743099580573,0.05692096483264449,"{""residual+conditioning"": 40, ""residual+conditioning+solver_failure"": 8}"
0.9375,0.9375,0.9387755102040817,0.9826388888888888,0.0014685999999528576,digits_2_vs_7,hybrid_always_trigger_qnn_exploratory_svm_rbf,hybrid_always_trigger_qnn_exploratory,svm_rbf,1,4,4,16,2.0,1.1,True,qnn_exploratory,always_trigger,80,,,,,,,50.319650999999794,,,,,,,,,,,,,,,,0.8333333333333334,1.0,0.375,0.030639932824460463,2.8369144810746295e-12,34.0,25.875,0.32316186874998226,0.16495743099580573,0.05692096483264449,"{""residual+conditioning"": 40, ""residual+conditioning+solver_failure"": 8}"
0.875,0.875,0.875,0.9409722222222222,45.23719320000009,digits_2_vs_7,hybrid_always_trigger_qnn_exploratory_qnn,hybrid_always_trigger_qnn_exploratory,qnn,1,4,4,16,2.0,1.1,True,qnn_exploratory,always_trigger,80,,,,,,,50.319650999999794,,,,,,,,,,,,,,,,0.8333333333333334,1.0,0.375,0.030639932824460463,2.8369144810746295e-12,34.0,25.875,0.32316186874998226,0.16495743099580573,0.05692096483264449,"{""residual+conditioning"": 40, ""residual+conditioning+solver_failure"": 8}"
0.9166666666666666,0.9166666666666666,0.9166666666666666,0.9913194444444444,0.002377699999669858,digits_2_vs_7,hybrid_qnn_lenient_qnn_exploratory_logreg,hybrid_qnn_lenient_qnn_exploratory,logreg,1,4,4,16,2.0,1.1,True,qnn_exploratory,qnn_lenient,80,,,,,,,50.37252310000031,,,,,,,,,,,,,,,,0.8333333333333334,1.0,0.375,0.030639932824460463,2.8369144810746295e-12,34.0,25.875,0.3228394729166837,0.16495743099580573,0.05692096483264449,"{""residual+conditioning"": 40, ""residual+conditioning+solver_failure"": 8}"
0.9375,0.9375,0.9387755102040817,0.9826388888888888,0.0013341999997464882,digits_2_vs_7,hybrid_qnn_lenient_qnn_exploratory_svm_rbf,hybrid_qnn_lenient_qnn_exploratory,svm_rbf,1,4,4,16,2.0,1.1,True,qnn_exploratory,qnn_lenient,80,,,,,,,50.37252310000031,,,,,,,,,,,,,,,,0.8333333333333334,1.0,0.375,0.030639932824460463,2.8369144810746295e-12,34.0,25.875,0.3228394729166837,0.16495743099580573,0.05692096483264449,"{""residual+conditioning"": 40, ""residual+conditioning+solver_failure"": 8}"
0.875,0.875,0.875,0.9409722222222222,45.151539400000274,digits_2_vs_7,hybrid_qnn_lenient_qnn_exploratory_qnn,hybrid_qnn_lenient_qnn_exploratory,qnn,1,4,4,16,2.0,1.1,True,qnn_exploratory,qnn_lenient,80,,,,,,,50.37252310000031,,,,,,,,,,,,,,,,0.8333333333333334,1.0,0.375,0.030639932824460463,2.8369144810746295e-12,34.0,25.875,0.3228394729166837,0.16495743099580573,0.05692096483264449,"{""residual+conditioning"": 40, ""residual+conditioning+solver_failure"": 8}"
0.9375,0.9375,0.9387755102040817,0.9947916666666666,0.0024717000001146516,digits_2_vs_7,forced_no_detector_logreg,forced_no_detector,logreg,1,4,4,16,2.0,1.1,True,no_detector,standard,80,,,,,,,13.247806699999728,0.875,0.4166666666666667,0.8333333333333334,0.4375,0.03309165874678135,0.16810583477247912,0.025982538840092672,3.0295000180785343e-12,0.07012572801896474,34.0,22.520833333333332,2026.125,0.08664076874999675,0.16495743099580573,0.07295213395219134,,,,,,,,,,,
0.9166666666666666,0.9166666666666666,0.9166666666666666,0.9791666666666666,0.001434899999821937,digits_2_vs_7,forced_no_detector_svm_rbf,forced_no_detector,svm_rbf,1,4,4,16,2.0,1.1,True,no_detector,standard,80,,,,,,,13.247806699999728,0.875,0.4166666666666667,0.8333333333333334,0.4375,0.03309165874678135,0.16810583477247912,0.025982538840092672,3.0295000180785343e-12,0.07012572801896474,34.0,22.520833333333332,2026.125,0.08664076874999675,0.16495743099580573,0.07295213395219134,,,,,,,,,,,
0.8958333333333334,0.8958333333333333,0.8936170212765957,0.9461805555555556,44.93617540000014,digits_2_vs_7,forced_no_detector_qnn,forced_no_detector,qnn,1,4,4,16,2.0,1.1,True,no_detector,standard,80,,,,,,,13.247806699999728,0.875,0.4166666666666667,0.8333333333333334,0.4375,0.03309165874678135,0.16810583477247912,0.025982538840092672,3.0295000180785343e-12,0.07012572801896474,34.0,22.520833333333332,2026.125,0.08664076874999675,0.16495743099580573,0.07295213395219134,,,,,,,,,,,
0.9375,0.9375,0.9387755102040817,0.9947916666666666,0.002443200000016077,digits_2_vs_7,hybrid_standard_no_detector_logreg,hybrid_standard_no_detector,logreg,1,4,4,16,2.0,1.1,True,no_detector,standard,80,,,,,,,3.9290572999998403,,,,,,,,,,,,,,,,0.875,0.2916666666666667,0.22916666666666666,0.026013480151425388,2.8369144810746295e-12,34.0,29.125,0.035963706249939754,0.16495743099580573,0.030300832919963765,"{""none"": 34, ""conditioning"": 6, ""residual+conditioning+solver_failure"": 8}"
0.9166666666666666,0.9166666666666666,0.9166666666666666,0.9774305555555556,0.0014533999992636382,digits_2_vs_7,hybrid_standard_no_detector_svm_rbf,hybrid_standard_no_detector,svm_rbf,1,4,4,16,2.0,1.1,True,no_detector,standard,80,,,,,,,3.9290572999998403,,,,,,,,,,,,,,,,0.875,0.2916666666666667,0.22916666666666666,0.026013480151425388,2.8369144810746295e-12,34.0,29.125,0.035963706249939754,0.16495743099580573,0.030300832919963765,"{""none"": 34, ""conditioning"": 6, ""residual+conditioning+solver_failure"": 8}"
0.8333333333333334,0.8333333333333333,0.84,0.9427083333333334,44.20934420000049,digits_2_vs_7,hybrid_standard_no_detector_qnn,hybrid_standard_no_detector,qnn,1,4,4,16,2.0,1.1,True,no_detector,standard,80,,,,,,,3.9290572999998403,,,,,,,,,,,,,,,,0.875,0.2916666666666667,0.22916666666666666,0.026013480151425388,2.8369144810746295e-12,34.0,29.125,0.035963706249939754,0.16495743099580573,0.030300832919963765,"{""none"": 34, ""conditioning"": 6, ""residual+conditioning+solver_failure"": 8}"
0.9375,0.9375,0.9387755102040817,0.9947916666666666,0.002626299999974435,digits_2_vs_7,hybrid_aggressive_no_detector_logreg,hybrid_aggressive_no_detector,logreg,1,4,4,16,2.0,1.1,True,no_detector,aggressive,80,,,,,,,8.294109199999184,,,,,,,,,,,,,,,,0.875,0.5208333333333334,0.2708333333333333,0.02601348015120702,2.164413027572752e-12,34.0,28.541666666666668,0.051603195833327696,0.16495743099580573,0.04161424770971379,"{""conditioning"": 17, ""none"": 23, ""residual+conditioning+solver_failure"": 8}"
0.9166666666666666,0.9166666666666666,0.9166666666666666,0.9791666666666666,0.0013542999995479477,digits_2_vs_7,hybrid_aggressive_no_detector_svm_rbf,hybrid_aggressive_no_detector,svm_rbf,1,4,4,16,2.0,1.1,True,no_detector,aggressive,80,,,,,,,8.294109199999184,,,,,,,,,,,,,,,,0.875,0.5208333333333334,0.2708333333333333,0.02601348015120702,2.164413027572752e-12,34.0,28.541666666666668,0.051603195833327696,0.16495743099580573,0.04161424770971379,"{""conditioning"": 17, ""none"": 23, ""residual+conditioning+solver_failure"": 8}"
0.9791666666666666,0.9791666666666667,0.9787234042553191,0.9913194444444444,44.322070899999744,digits_2_vs_7,hybrid_aggressive_no_detector_qnn,hybrid_aggressive_no_detector,qnn,1,4,4,16,2.0,1.1,True,no_detector,aggressive,80,,,,,,,8.294109199999184,,,,,,,,,,,,,,,,0.875,0.5208333333333334,0.2708333333333333,0.02601348015120702,2.164413027572752e-12,34.0,28.541666666666668,0.051603195833327696,0.16495743099580573,0.04161424770971379,"{""conditioning"": 17, ""none"": 23, ""residual+conditioning+solver_failure"": 8}"
0.9375,0.9375,0.9387755102040817,0.9947916666666666,0.003034299999853829,digits_2_vs_7,hybrid_always_trigger_no_detector_logreg,hybrid_always_trigger_no_detector,logreg,1,4,4,16,2.0,1.1,True,no_detector,always_trigger,80,,,,,,,13.298418100000163,,,,,,,,,,,,,,,,0.875,1.0,0.375,0.026013480151051593,1.701860252358556e-12,34.0,26.4375,0.08666250000004538,0.16495743099580573,0.07295213395219134,"{""residual+conditioning"": 40, ""residual+conditioning+solver_failure"": 8}"
0.9166666666666666,0.9166666666666666,0.9166666666666666,0.9791666666666666,0.0013470000003508176,digits_2_vs_7,hybrid_always_trigger_no_detector_svm_rbf,hybrid_always_trigger_no_detector,svm_rbf,1,4,4,16,2.0,1.1,True,no_detector,always_trigger,80,,,,,,,13.298418100000163,,,,,,,,,,,,,,,,0.875,1.0,0.375,0.026013480151051593,1.701860252358556e-12,34.0,26.4375,0.08666250000004538,0.16495743099580573,0.07295213395219134,"{""residual+conditioning"": 40, ""residual+conditioning+solver_failure"": 8}"
0.8958333333333334,0.8958333333333333,0.8936170212765957,0.9461805555555556,43.37262499999997,digits_2_vs_7,hybrid_always_trigger_no_detector_qnn,hybrid_always_trigger_no_detector,qnn,1,4,4,16,2.0,1.1,True,no_detector,always_trigger,80,,,,,,,13.298418100000163,,,,,,,,,,,,,,,,0.875,1.0,0.375,0.026013480151051593,1.701860252358556e-12,34.0,26.4375,0.08666250000004538,0.16495743099580573,0.07295213395219134,"{""residual+conditioning"": 40, ""residual+conditioning+solver_failure"": 8}"
0.9375,0.9375,0.9387755102040817,0.9947916666666666,0.002811199999996461,digits_2_vs_7,hybrid_qnn_lenient_no_detector_logreg,hybrid_qnn_lenient_no_detector,logreg,1,4,4,16,2.0,1.1,True,no_detector,qnn_lenient,80,,,,,,,13.280949899999541,,,,,,,,,,,,,,,,0.875,1.0,0.375,0.026013480151051593,1.701860252358556e-12,34.0,26.4375,0.08707393124990404,0.16495743099580573,0.07295213395219134,"{""residual+conditioning"": 40, ""residual+conditioning+solver_failure"": 8}"
0.9166666666666666,0.9166666666666666,0.9166666666666666,0.9826388888888888,0.0013933000000179163,digits_2_vs_7,hybrid_qnn_lenient_no_detector_svm_rbf,hybrid_qnn_lenient_no_detector,svm_rbf,1,4,4,16,2.0,1.1,True,no_detector,qnn_lenient,80,,,,,,,13.280949899999541,,,,,,,,,,,,,,,,0.875,1.0,0.375,0.026013480151051593,1.701860252358556e-12,34.0,26.4375,0.08707393124990404,0.16495743099580573,0.07295213395219134,"{""residual+conditioning"": 40, ""residual+conditioning+solver_failure"": 8}"
0.9166666666666666,0.9166666666666666,0.9166666666666666,0.96875,45.43595430000005,digits_2_vs_7,hybrid_qnn_lenient_no_detector_qnn,hybrid_qnn_lenient_no_detector,qnn,1,4,4,16,2.0,1.1,True,no_detector,qnn_lenient,80,,,,,,,13.280949899999541,,,,,,,,,,,,,,,,0.875,1.0,0.375,0.026013480151051593,1.701860252358556e-12,34.0,26.4375,0.08707393124990404,0.16495743099580573,0.07295213395219134,"{""residual+conditioning"": 40, ""residual+conditioning+solver_failure"": 8}"
0.9166666666666666,0.9166666666666666,0.9166666666666666,0.9913194444444444,0.002179499999328982,digits_2_vs_7,forced_residual_only_logreg,forced_residual_only,logreg,1,4,4,16,2.0,1.1,True,residual_only,standard,80,,,,,,,7.241366399999606,0.8333333333333334,0.5,0.8333333333333334,0.3333333333333333,0.03309165874678135,0.17132501762168154,0.030103185428829813,3.0295000180785343e-12,0.10933013808685918,34.0,13.9375,2272.625,0.04280241041669797,0.16495743099580573,0.05809858696336865,,,,,,,,,,,
0.9166666666666666,0.9166666666666666,0.9166666666666666,0.984375,0.001383699999678356,digits_2_vs_7,forced_residual_only_svm_rbf,forced_residual_only,svm_rbf,1,4,4,16,2.0,1.1,True,residual_only,standard,80,,,,,,,7.241366399999606,0.8333333333333334,0.5,0.8333333333333334,0.3333333333333333,0.03309165874678135,0.17132501762168154,0.030103185428829813,3.0295000180785343e-12,0.10933013808685918,34.0,13.9375,2272.625,0.04280241041669797,0.16495743099580573,0.05809858696336865,,,,,,,,,,,
0.875,0.875,0.875,0.939236111111111,45.23132280000027,digits_2_vs_7,forced_residual_only_qnn,forced_residual_only,qnn,1,4,4,16,2.0,1.1,True,residual_only,standard,80,,,,,,,7.241366399999606,0.8333333333333334,0.5,0.8333333333333334,0.3333333333333333,0.03309165874678135,0.17132501762168154,0.030103185428829813,3.0295000180785343e-12,0.10933013808685918,34.0,13.9375,2272.625,0.04280241041669797,0.16495743099580573,0.05809858696336865,,,,,,,,,,,
0.9166666666666666,0.9166666666666666,0.9166666666666666,0.9913194444444444,0.00241580000056274,digits_2_vs_7,hybrid_standard_residual_only_logreg,hybrid_standard_residual_only,logreg,1,4,4,16,2.0,1.1,True,residual_only,standard,80,,,,,,,1.9297059000000445,,,,,,,,,,,,,,,,0.8333333333333334,0.2916666666666667,0.22916666666666666,0.030137795879809515,3.0219441785006315e-12,34.0,28.125,0.014491166666630306,0.16495743099580573,0.024363383172190327,"{""none"": 34, ""conditioning"": 6, ""residual+conditioning+solver_failure"": 8}"
0.9166666666666666,0.9166666666666666,0.9166666666666666,0.984375,0.001391699999658158,digits_2_vs_7,hybrid_standard_residual_only_svm_rbf,hybrid_standard_residual_only,svm_rbf,1,4,4,16,2.0,1.1,True,residual_only,standard,80,,,,,,,1.9297059000000445,,,,,,,,,,,,,,,,0.8333333333333334,0.2916666666666667,0.22916666666666666,0.030137795879809515,3.0219441785006315e-12,34.0,28.125,0.014491166666630306,0.16495743099580573,0.024363383172190327,"{""none"": 34, ""conditioning"": 6, ""residual+conditioning+solver_failure"": 8}"
0.8958333333333334,0.8958333333333333,0.8979591836734694,0.9652777777777779,44.26131859999987,digits_2_vs_7,hybrid_standard_residual_only_qnn,hybrid_standard_residual_only,qnn,1,4,4,16,2.0,1.1,True,residual_only,standard,80,,,,,,,1.9297059000000445,,,,,,,,,,,,,,,,0.8333333333333334,0.2916666666666667,0.22916666666666666,0.030137795879809515,3.0219441785006315e-12,34.0,28.125,0.014491166666630306,0.16495743099580573,0.024363383172190327,"{""none"": 34, ""conditioning"": 6, ""residual+conditioning+solver_failure"": 8}"
0.9166666666666666,0.9166666666666666,0.9166666666666666,0.9913194444444444,0.002294400000209862,digits_2_vs_7,hybrid_aggressive_residual_only_logreg,hybrid_aggressive_residual_only,logreg,1,4,4,16,2.0,1.1,True,residual_only,aggressive,80,,,,,,,4.195228499999757,,,,,,,,,,,,,,,,0.8333333333333334,0.5208333333333334,0.3125,0.030137795879565273,2.8369144810746295e-12,34.0,25.958333333333332,0.024643062499895525,0.16495743099580573,0.03928825155846852,"{""conditioning"": 17, ""none"": 23, ""residual+conditioning+solver_failure"": 8}"
0.9375,0.9375,0.9387755102040817,0.984375,0.0013614999998026178,digits_2_vs_7,hybrid_aggressive_residual_only_svm_rbf,hybrid_aggressive_residual_only,svm_rbf,1,4,4,16,2.0,1.1,True,residual_only,aggressive,80,,,,,,,4.195228499999757,,,,,,,,,,,,,,,,0.8333333333333334,0.5208333333333334,0.3125,0.030137795879565273,2.8369144810746295e-12,34.0,25.958333333333332,0.024643062499895525,0.16495743099580573,0.03928825155846852,"{""conditioning"": 17, ""none"": 23, ""residual+conditioning+solver_failure"": 8}"
0.9166666666666666,0.9166666666666666,0.9166666666666666,0.9791666666666667,44.47744900000089,digits_2_vs_7,hybrid_aggressive_residual_only_qnn,hybrid_aggressive_residual_only,qnn,1,4,4,16,2.0,1.1,True,residual_only,aggressive,80,,,,,,,4.195228499999757,,,,,,,,,,,,,,,,0.8333333333333334,0.5208333333333334,0.3125,0.030137795879565273,2.8369144810746295e-12,34.0,25.958333333333332,0.024643062499895525,0.16495743099580573,0.03928825155846852,"{""conditioning"": 17, ""none"": 23, ""residual+conditioning+solver_failure"": 8}"
0.9166666666666666,0.9166666666666666,0.9166666666666666,0.9913194444444444,0.002555000000029395,digits_2_vs_7,hybrid_always_trigger_residual_only_logreg,hybrid_always_trigger_residual_only,logreg,1,4,4,16,2.0,1.1,True,residual_only,always_trigger,80,,,,,,,7.227333100000578,,,,,,,,,,,,,,,,0.8333333333333334,1.0,0.4375,0.03013779587930016,1.894794331293927e-12,34.0,23.020833333333332,0.042503047916701085,0.16495743099580573,0.05809858696336865,"{""residual+conditioning"": 40, ""residual+conditioning+solver_failure"": 8}"
0.9166666666666666,0.9166666666666666,0.9166666666666666,0.984375,0.0013293000001795008,digits_2_vs_7,hybrid_always_trigger_residual_only_svm_rbf,hybrid_always_trigger_residual_only,svm_rbf,1,4,4,16,2.0,1.1,True,residual_only,always_trigger,80,,,,,,,7.227333100000578,,,,,,,,,,,,,,,,0.8333333333333334,1.0,0.4375,0.03013779587930016,1.894794331293927e-12,34.0,23.020833333333332,0.042503047916701085,0.16495743099580573,0.05809858696336865,"{""residual+conditioning"": 40, ""residual+conditioning+solver_failure"": 8}"
0.9166666666666666,0.9166666666666666,0.9166666666666666,0.954861111111111,45.95624740000039,digits_2_vs_7,hybrid_always_trigger_residual_only_qnn,hybrid_always_trigger_residual_only,qnn,1,4,4,16,2.0,1.1,True,residual_only,always_trigger,80,,,,,,,7.227333100000578,,,,,,,,,,,,,,,,0.8333333333333334,1.0,0.4375,0.03013779587930016,1.894794331293927e-12,34.0,23.020833333333332,0.042503047916701085,0.16495743099580573,0.05809858696336865,"{""residual+conditioning"": 40, ""residual+conditioning+solver_failure"": 8}"
0.9166666666666666,0.9166666666666666,0.9166666666666666,0.9913194444444444,0.0019787999999607564,digits_2_vs_7,hybrid_qnn_lenient_residual_only_logreg,hybrid_qnn_lenient_residual_only,logreg,1,4,4,16,2.0,1.1,True,residual_only,qnn_lenient,80,,,,,,,7.248226099999556,,,,,,,,,,,,,,,,0.8333333333333334,1.0,0.4375,0.03013779587930016,1.894794331293927e-12,34.0,23.020833333333332,0.042487108333394495,0.16495743099580573,0.05809858696336865,"{""residual+conditioning"": 40, ""residual+conditioning+solver_failure"": 8}"
0.9166666666666666,0.9166666666666666,0.9166666666666666,0.984375,0.0013139999991835793,digits_2_vs_7,hybrid_qnn_lenient_residual_only_svm_rbf,hybrid_qnn_lenient_residual_only,svm_rbf,1,4,4,16,2.0,1.1,True,residual_only,qnn_lenient,80,,,,,,,7.248226099999556,,,,,,,,,,,,,,,,0.8333333333333334,1.0,0.4375,0.03013779587930016,1.894794331293927e-12,34.0,23.020833333333332,0.042487108333394495,0.16495743099580573,0.05809858696336865,"{""residual+conditioning"": 40, ""residual+conditioning+solver_failure"": 8}"
0.9166666666666666,0.9166666666666666,0.9166666666666666,0.954861111111111,45.92496089999986,digits_2_vs_7,hybrid_qnn_lenient_residual_only_qnn,hybrid_qnn_lenient_residual_only,qnn,1,4,4,16,2.0,1.1,True,residual_only,qnn_lenient,80,,,,,,,7.248226099999556,,,,,,,,,,,,,,,,0.8333333333333334,1.0,0.4375,0.03013779587930016,1.894794331293927e-12,34.0,23.020833333333332,0.042487108333394495,0.16495743099580573,0.05809858696336865,"{""residual+conditioning"": 40, ""residual+conditioning+solver_failure"": 8}"
1.0,1.0,1.0,1.0,0.0018447000002197456,digits_2_vs_7,pca_logreg,pca,logreg,2,4,4,16,2.0,1.1,True,full_balanced,standard,80,,,,,,,,,,,,,,,,,,,,,,,,,,,,,,,,,
1.0,1.0,1.0,1.0,0.058599900000444904,digits_2_vs_7,pca_mlp,pca,mlp,2,4,4,16,2.0,1.1,True,full_balanced,standard,80,,,,,,,,,,,,,,,,,,,,,,,,,,,,,,,,,
1.0,1.0,1.0,1.0,0.0013937000003352296,digits_2_vs_7,pca_svm_rbf,pca,svm_rbf,2,4,4,16,2.0,1.1,True,full_balanced,standard,80,,,,,,,,,,,,,,,,,,,,,,,,,,,,,,,,,
0.9791666666666666,0.9791666666666667,0.9787234042553191,1.0,45.480308299999706,digits_2_vs_7,pca_qnn,pca,qnn,2,4,4,16,2.0,1.1,True,full_balanced,standard,80,,,,,,,,,,,,,,,,,,,,,,,,,,,,,,,,,
1.0,1.0,1.0,1.0,0.0026811000007000985,digits_2_vs_7,implicit_zero_logreg,implicit_zero,logreg,2,4,4,16,2.0,1.1,True,full_balanced,standard,80,0.7083333333333334,0.029285867674863048,4.120308508058689e-12,35.395833333333336,0.00025707708327142126,0.15379489921176248,0.04885460000059538,,,,,,,,,,,,,,,,,,,,,,,,,,
0.9583333333333334,0.9583333333333333,0.96,1.0,0.0018176000003222725,digits_2_vs_7,implicit_zero_svm_rbf,implicit_zero,svm_rbf,2,4,4,16,2.0,1.1,True,full_balanced,standard,80,0.7083333333333334,0.029285867674863048,4.120308508058689e-12,35.395833333333336,0.00025707708327142126,0.15379489921176248,0.04885460000059538,,,,,,,,,,,,,,,,,,,,,,,,,,
0.9375,0.9375,0.9333333333333333,0.984375,46.26274530000046,digits_2_vs_7,implicit_zero_qnn,implicit_zero,qnn,2,4,4,16,2.0,1.1,True,full_balanced,standard,80,0.7083333333333334,0.029285867674863048,4.120308508058689e-12,35.395833333333336,0.00025707708327142126,0.15379489921176248,0.04885460000059538,,,,,,,,,,,,,,,,,,,,,,,,,,
1.0,1.0,1.0,1.0,0.002566799999840441,digits_2_vs_7,forced_full_light_logreg,forced_full_light,logreg,2,4,4,16,2.0,1.1,True,full_light,standard,80,,,,,,,29.470293200000015,0.7708333333333334,0.75,0.7083333333333334,0.5625,0.029285867674863048,0.06522982192720382,0.020265763717543225,4.120308508058689e-12,4.764109340073663e-16,35.395833333333336,14.291666666666666,2043.8333333333333,0.18984810624993997,0.15379489921176248,0.10062204509641366,,,,,,,,,,,
0.9583333333333334,0.9583333333333333,0.96,1.0,0.0012319000006755232,digits_2_vs_7,forced_full_light_svm_rbf,forced_full_light,svm_rbf,2,4,4,16,2.0,1.1,True,full_light,standard,80,,,,,,,29.470293200000015,0.7708333333333334,0.75,0.7083333333333334,0.5625,0.029285867674863048,0.06522982192720382,0.020265763717543225,4.120308508058689e-12,4.764109340073663e-16,35.395833333333336,14.291666666666666,2043.8333333333333,0.18984810624993997,0.15379489921176248,0.10062204509641366,,,,,,,,,,,
0.9166666666666666,0.9166666666666666,0.9166666666666666,0.9930555555555555,45.99148210000021,digits_2_vs_7,forced_full_light_qnn,forced_full_light,qnn,2,4,4,16,2.0,1.1,True,full_light,standard,80,,,,,,,29.470293200000015,0.7708333333333334,0.75,0.7083333333333334,0.5625,0.029285867674863048,0.06522982192720382,0.020265763717543225,4.120308508058689e-12,4.764109340073663e-16,35.395833333333336,14.291666666666666,2043.8333333333333,0.18984810624993997,0.15379489921176248,0.10062204509641366,,,,,,,,,,,
1.0,1.0,1.0,1.0,0.0029610999999931664,digits_2_vs_7,hybrid_standard_full_light_logreg,hybrid_standard_full_light,logreg,2,4,4,16,2.0,1.1,True,full_light,standard,80,,,,,,,7.894741899999644,,,,,,,,,,,,,,,,0.7916666666666666,0.3333333333333333,0.1875,0.01965041943856712,2.911440416116244e-12,35.395833333333336,28.020833333333332,0.05208951250000382,0.15379489921176248,0.045170410321593635,"{""conditioning+solver_failure"": 5, ""none"": 32, ""conditioning"": 2, ""residual+conditioning+solver_failure"": 9}"
0.9583333333333334,0.9583333333333333,0.96,1.0,0.0012534999996205443,digits_2_vs_7,hybrid_standard_full_light_svm_rbf,hybrid_standard_full_light,svm_rbf,2,4,4,16,2.0,1.1,True,full_light,standard,80,,,,,,,7.894741899999644,,,,,,,,,,,,,,,,0.7916666666666666,0.3333333333333333,0.1875,0.01965041943856712,2.911440416116244e-12,35.395833333333336,28.020833333333332,0.05208951250000382,0.15379489921176248,0.045170410321593635,"{""conditioning+solver_failure"": 5, ""none"": 32, ""conditioning"": 2, ""residual+conditioning+solver_failure"": 9}"
0.9583333333333334,0.9583333333333333,0.9565217391304348,0.984375,43.86049639999965,digits_2_vs_7,hybrid_standard_full_light_qnn,hybrid_standard_full_light,qnn,2,4,4,16,2.0,1.1,True,full_light,standard,80,,,,,,,7.894741899999644,,,,,,,,,,,,,,,,0.7916666666666666,0.3333333333333333,0.1875,0.01965041943856712,2.911440416116244e-12,35.395833333333336,28.020833333333332,0.05208951250000382,0.15379489921176248,0.045170410321593635,"{""conditioning+solver_failure"": 5, ""none"": 32, ""conditioning"": 2, ""residual+conditioning+solver_failure"": 9}"
1.0,1.0,1.0,1.0,0.0025134999996225815,digits_2_vs_7,hybrid_aggressive_full_light_logreg,hybrid_aggressive_full_light,logreg,2,4,4,16,2.0,1.1,True,full_light,aggressive,80,,,,,,,20.176055099999758,,,,,,,,,,,,,,,,0.7916666666666666,0.6041666666666666,0.4375,0.019650248749381805,1.2715938076126018e-12,35.395833333333336,23.25,0.11707546041670487,0.15379489921176248,0.07672523105646631,"{""residual+conditioning+solver_failure"": 14, ""none"": 19, ""conditioning"": 15}"
0.9583333333333334,0.9583333333333333,0.96,1.0,0.001260099999853992,digits_2_vs_7,hybrid_aggressive_full_light_svm_rbf,hybrid_aggressive_full_light,svm_rbf,2,4,4,16,2.0,1.1,True,full_light,aggressive,80,,,,,,,20.176055099999758,,,,,,,,,,,,,,,,0.7916666666666666,0.6041666666666666,0.4375,0.019650248749381805,1.2715938076126018e-12,35.395833333333336,23.25,0.11707546041670487,0.15379489921176248,0.07672523105646631,"{""residual+conditioning+solver_failure"": 14, ""none"": 19, ""conditioning"": 15}"
0.9375,0.9375,0.9361702127659575,0.9895833333333334,44.18834109999989,digits_2_vs_7,hybrid_aggressive_full_light_qnn,hybrid_aggressive_full_light,qnn,2,4,4,16,2.0,1.1,True,full_light,aggressive,80,,,,,,,20.176055099999758,,,,,,,,,,,,,,,,0.7916666666666666,0.6041666666666666,0.4375,0.019650248749381805,1.2715938076126018e-12,35.395833333333336,23.25,0.11707546041670487,0.15379489921176248,0.07672523105646631,"{""residual+conditioning+solver_failure"": 14, ""none"": 19, ""conditioning"": 15}"
1.0,1.0,1.0,1.0,0.002404699999715376,digits_2_vs_7,hybrid_always_trigger_full_light_logreg,hybrid_always_trigger_full_light,logreg,2,4,4,16,2.0,1.1,True,full_light,always_trigger,80,,,,,,,29.717819799999234,,,,,,,,,,,,,,,,0.7916666666666666,1.0,0.6666666666666666,0.019646299001496434,4.877143845169652e-16,35.395833333333336,17.375,0.19091933333343528,0.15379489921176248,0.10391618284962811,"{""residual+conditioning+solver_failure"": 14, ""residual+conditioning"": 34}"
0.9583333333333334,0.9583333333333333,0.96,1.0,0.0012527999997473671,digits_2_vs_7,hybrid_always_trigger_full_light_svm_rbf,hybrid_always_trigger_full_light,svm_rbf,2,4,4,16,2.0,1.1,True,full_light,always_trigger,80,,,,,,,29.717819799999234,,,,,,,,,,,,,,,,0.7916666666666666,1.0,0.6666666666666666,0.019646299001496434,4.877143845169652e-16,35.395833333333336,17.375,0.19091933333343528,0.15379489921176248,0.10391618284962811,"{""residual+conditioning+solver_failure"": 14, ""residual+conditioning"": 34}"
0.9166666666666666,0.9166666666666666,0.9166666666666666,0.9878472222222222,45.322205600000416,digits_2_vs_7,hybrid_always_trigger_full_light_qnn,hybrid_always_trigger_full_light,qnn,2,4,4,16,2.0,1.1,True,full_light,always_trigger,80,,,,,,,29.717819799999234,,,,,,,,,,,,,,,,0.7916666666666666,1.0,0.6666666666666666,0.019646299001496434,4.877143845169652e-16,35.395833333333336,17.375,0.19091933333343528,0.15379489921176248,0.10391618284962811,"{""residual+conditioning+solver_failure"": 14, ""residual+conditioning"": 34}"
1.0,1.0,1.0,1.0,0.0021125000002939487,digits_2_vs_7,hybrid_qnn_lenient_full_light_logreg,hybrid_qnn_lenient_full_light,logreg,2,4,4,16,2.0,1.1,True,full_light,qnn_lenient,80,,,,,,,29.663237200000367,,,,,,,,,,,,,,,,0.7916666666666666,1.0,0.6875,0.01964629900155136,4.877143845169652e-16,35.395833333333336,17.458333333333332,0.19060606249998577,0.15379489921176248,0.10391618284962811,"{""residual+conditioning+solver_failure"": 14, ""residual+conditioning"": 34}"
0.9583333333333334,0.9583333333333333,0.96,1.0,0.0013650000000779983,digits_2_vs_7,hybrid_qnn_lenient_full_light_svm_rbf,hybrid_qnn_lenient_full_light,svm_rbf,2,4,4,16,2.0,1.1,True,full_light,qnn_lenient,80,,,,,,,29.663237200000367,,,,,,,,,,,,,,,,0.7916666666666666,1.0,0.6875,0.01964629900155136,4.877143845169652e-16,35.395833333333336,17.458333333333332,0.19060606249998577,0.15379489921176248,0.10391618284962811,"{""residual+conditioning+solver_failure"": 14, ""residual+conditioning"": 34}"
0.9166666666666666,0.9166666666666666,0.9166666666666666,0.9913194444444444,44.723382900000615,digits_2_vs_7,hybrid_qnn_lenient_full_light_qnn,hybrid_qnn_lenient_full_light,qnn,2,4,4,16,2.0,1.1,True,full_light,qnn_lenient,80,,,,,,,29.663237200000367,,,,,,,,,,,,,,,,0.7916666666666666,1.0,0.6875,0.01964629900155136,4.877143845169652e-16,35.395833333333336,17.458333333333332,0.19060606249998577,0.15379489921176248,0.10391618284962811,"{""residual+conditioning+solver_failure"": 14, ""residual+conditioning"": 34}"
1.0,1.0,1.0,1.0,0.0025759000000107335,digits_2_vs_7,forced_full_balanced_logreg,forced_full_balanced,logreg,2,4,4,16,2.0,1.1,True,full_balanced,standard,80,,,,,,,40.179459200000565,0.7291666666666666,0.6875,0.7083333333333334,0.4583333333333333,0.029285867674863048,0.07873492420970128,0.023227350514876205,4.120308508058689e-12,0.0272845694168177,35.395833333333336,17.916666666666668,2172.3958333333335,0.2392076229165999,0.15379489921176248,0.08104796616976272,,,,,,,,,,,
0.9791666666666666,0.9791666666666667,0.9795918367346939,1.0,0.0012628000004042406,digits_2_vs_7,forced_full_balanced_svm_rbf,forced_full_balanced,svm_rbf,2,4,4,16,2.0,1.1,True,full_balanced,standard,80,,,,,,,40.179459200000565,0.7291666666666666,0.6875,0.7083333333333334,0.4583333333333333,0.029285867674863048,0.07873492420970128,0.023227350514876205,4.120308508058689e-12,0.0272845694168177,35.395833333333336,17.916666666666668,2172.3958333333335,0.2392076229165999,0.15379489921176248,0.08104796616976272,,,,,,,,,,,
0.9583333333333334,0.9583333333333334,0.9583333333333334,0.9947916666666666,45.69466990000001,digits_2_vs_7,forced_full_balanced_qnn,forced_full_balanced,qnn,2,4,4,16,2.0,1.1,True,full_balanced,standard,80,,,,,,,40.179459200000565,0.7291666666666666,0.6875,0.7083333333333334,0.4583333333333333,0.029285867674863048,0.07873492420970128,0.023227350514876205,4.120308508058689e-12,0.0272845694168177,35.395833333333336,17.916666666666668,2172.3958333333335,0.2392076229165999,0.15379489921176248,0.08104796616976272,,,,,,,,,,,
1.0,1.0,1.0,1.0,0.0023234999998749117,digits_2_vs_7,hybrid_standard_full_balanced_logreg,hybrid_standard_full_balanced,logreg,2,4,4,16,2.0,1.1,True,full_balanced,standard,80,,,,,,,10.354930199999217,,,,,,,,,,,,,,,,0.7291666666666666,0.3333333333333333,0.20833333333333334,0.023238600415062205,3.3686971292358444e-12,35.395833333333336,29.0,0.05812715416669789,0.15379489921176248,0.019537854771603573,"{""conditioning+solver_failure"": 5, ""none"": 32, ""conditioning"": 2, ""residual+conditioning+solver_failure"": 9}"
0.9791666666666666,0.9791666666666667,0.9795918367346939,1.0,0.0012419999993653619,digits_2_vs_7,hybrid_standard_full_balanced_svm_rbf,hybrid_standard_full_balanced,svm_rbf,2,4,4,16,2.0,1.1,True,full_balanced,standard,80,,,,,,,10.354930199999217,,,,,,,,,,,,,,,,0.7291666666666666,0.3333333333333333,0.20833333333333334,0.023238600415062205,3.3686971292358444e-12,35.395833333333336,29.0,0.05812715416669789,0.15379489921176248,0.019537854771603573,"{""conditioning+solver_failure"": 5, ""none"": 32, ""conditioning"": 2, ""residual+conditioning+solver_failure"": 9}"
0.9375,0.9375,0.9333333333333333,0.9965277777777778,45.92930940000042,digits_2_vs_7,hybrid_standard_full_balanced_qnn,hybrid_standard_full_balanced,qnn,2,4,4,16,2.0,1.1,True,full_balanced,standard,80,,,,,,,10.354930199999217,,,,,,,,,,,,,,,,0.7291666666666666,0.3333333333333333,0.20833333333333334,0.023238600415062205,3.3686971292358444e-12,35.395833333333336,29.0,0.05812715416669789,0.15379489921176248,0.019537854771603573,"{""conditioning+solver_failure"": 5, ""none"": 32, ""conditioning"": 2, ""residual+conditioning+solver_failure"": 9}"
1.0,1.0,1.0,1.0,0.002488699999958044,digits_2_vs_7,hybrid_aggressive_full_balanced_logreg,hybrid_aggressive_full_balanced,logreg,2,4,4,16,2.0,1.1,True,full_balanced,aggressive,80,,,,,,,28.750347799999872,,,,,,,,,,,,,,,,0.75,0.6041666666666666,0.4375,0.022374131116453783,2.6724093332813647e-12,35.395833333333336,23.291666666666668,0.1445215937499711,0.15379489921176248,0.06794310715292753,"{""residual+conditioning+solver_failure"": 14, ""none"": 19, ""conditioning"": 15}"
0.9791666666666666,0.9791666666666667,0.9795918367346939,1.0,0.0012668999997913488,digits_2_vs_7,hybrid_aggressive_full_balanced_svm_rbf,hybrid_aggressive_full_balanced,svm_rbf,2,4,4,16,2.0,1.1,True,full_balanced,aggressive,80,,,,,,,28.750347799999872,,,,,,,,,,,,,,,,0.75,0.6041666666666666,0.4375,0.022374131116453783,2.6724093332813647e-12,35.395833333333336,23.291666666666668,0.1445215937499711,0.15379489921176248,0.06794310715292753,"{""residual+conditioning+solver_failure"": 14, ""none"": 19, ""conditioning"": 15}"
0.9583333333333334,0.9583333333333333,0.9565217391304348,1.0,46.142227499999535,digits_2_vs_7,hybrid_aggressive_full_balanced_qnn,hybrid_aggressive_full_balanced,qnn,2,4,4,16,2.0,1.1,True,full_balanced,aggressive,80,,,,,,,28.750347799999872,,,,,,,,,,,,,,,,0.75,0.6041666666666666,0.4375,0.022374131116453783,2.6724093332813647e-12,35.395833333333336,23.291666666666668,0.1445215937499711,0.15379489921176248,0.06794310715292753,"{""residual+conditioning+solver_failure"": 14, ""none"": 19, ""conditioning"": 15}"
1.0,1.0,1.0,1.0,0.002007400000366033,digits_2_vs_7,hybrid_always_trigger_full_balanced_logreg,hybrid_always_trigger_full_balanced,logreg,2,4,4,16,2.0,1.1,True,full_balanced,always_trigger,80,,,,,,,39.90738500000043,,,,,,,,,,,,,,,,0.7291666666666666,1.0,0.6041666666666666,0.023268917468876035,9.293250016516194e-13,35.395833333333336,21.375,0.2344850187501303,0.15379489921176248,0.08102658613922287,"{""residual+conditioning+solver_failure"": 14, ""residual+conditioning"": 34}"
0.9791666666666666,0.9791666666666667,0.9795918367346939,1.0,0.0012618000000657048,digits_2_vs_7,hybrid_always_trigger_full_balanced_svm_rbf,hybrid_always_trigger_full_balanced,svm_rbf,2,4,4,16,2.0,1.1,True,full_balanced,always_trigger,80,,,,,,,39.90738500000043,,,,,,,,,,,,,,,,0.7291666666666666,1.0,0.6041666666666666,0.023268917468876035,9.293250016516194e-13,35.395833333333336,21.375,0.2344850187501303,0.15379489921176248,0.08102658613922287,"{""residual+conditioning+solver_failure"": 14, ""residual+conditioning"": 34}"
0.9791666666666666,0.9791666666666667,0.9787234042553191,0.9965277777777777,46.02008139999998,digits_2_vs_7,hybrid_always_trigger_full_balanced_qnn,hybrid_always_trigger_full_balanced,qnn,2,4,4,16,2.0,1.1,True,full_balanced,always_trigger,80,,,,,,,39.90738500000043,,,,,,,,,,,,,,,,0.7291666666666666,1.0,0.6041666666666666,0.023268917468876035,9.293250016516194e-13,35.395833333333336,21.375,0.2344850187501303,0.15379489921176248,0.08102658613922287,"{""residual+conditioning+solver_failure"": 14, ""residual+conditioning"": 34}"
1.0,1.0,1.0,1.0,0.0023167999997895095,digits_2_vs_7,hybrid_qnn_lenient_full_balanced_logreg,hybrid_qnn_lenient_full_balanced,logreg,2,4,4,16,2.0,1.1,True,full_balanced,qnn_lenient,80,,,,,,,39.84604829999989,,,,,,,,,,,,,,,,0.7291666666666666,1.0,0.6041666666666666,0.023268917468876035,9.293250016516194e-13,35.395833333333336,21.375,0.23397321250007508,0.15379489921176248,0.08102658613922287,"{""residual+conditioning+solver_failure"": 14, ""residual+conditioning"": 34}"
0.9791666666666666,0.9791666666666667,0.9795918367346939,1.0,0.0012621000005310634,digits_2_vs_7,hybrid_qnn_lenient_full_balanced_svm_rbf,hybrid_qnn_lenient_full_balanced,svm_rbf,2,4,4,16,2.0,1.1,True,full_balanced,qnn_lenient,80,,,,,,,39.84604829999989,,,,,,,,,,,,,,,,0.7291666666666666,1.0,0.6041666666666666,0.023268917468876035,9.293250016516194e-13,35.395833333333336,21.375,0.23397321250007508,0.15379489921176248,0.08102658613922287,"{""residual+conditioning+solver_failure"": 14, ""residual+conditioning"": 34}"
0.9791666666666666,0.9791666666666667,0.9787234042553191,0.9965277777777777,43.388658200000464,digits_2_vs_7,hybrid_qnn_lenient_full_balanced_qnn,hybrid_qnn_lenient_full_balanced,qnn,2,4,4,16,2.0,1.1,True,full_balanced,qnn_lenient,80,,,,,,,39.84604829999989,,,,,,,,,,,,,,,,0.7291666666666666,1.0,0.6041666666666666,0.023268917468876035,9.293250016516194e-13,35.395833333333336,21.375,0.23397321250007508,0.15379489921176248,0.08102658613922287,"{""residual+conditioning+solver_failure"": 14, ""residual+conditioning"": 34}"
1.0,1.0,1.0,1.0,0.0022717000001648557,digits_2_vs_7,forced_qnn_oriented_logreg,forced_qnn_oriented,logreg,2,4,4,16,2.0,1.1,True,qnn_oriented,standard,80,,,,,,,56.789654600000176,0.7916666666666666,0.7291666666666666,0.7083333333333334,0.5625,0.029285867674863048,0.06402479011071895,0.020303540754015702,4.120308508058689e-12,5.197597189662647e-16,35.395833333333336,14.083333333333334,2738.3541666666665,0.37111841666666123,0.15379489921176248,0.09823800366267195,,,,,,,,,,,
0.9583333333333334,0.9583333333333333,0.96,1.0,0.0017890999997689505,digits_2_vs_7,forced_qnn_oriented_svm_rbf,forced_qnn_oriented,svm_rbf,2,4,4,16,2.0,1.1,True,qnn_oriented,standard,80,,,,,,,56.789654600000176,0.7916666666666666,0.7291666666666666,0.7083333333333334,0.5625,0.029285867674863048,0.06402479011071895,0.020303540754015702,4.120308508058689e-12,5.197597189662647e-16,35.395833333333336,14.083333333333334,2738.3541666666665,0.37111841666666123,0.15379489921176248,0.09823800366267195,,,,,,,,,,,
0.9166666666666666,0.9166666666666666,0.9166666666666666,0.9895833333333333,45.663686300000336,digits_2_vs_7,forced_qnn_oriented_qnn,forced_qnn_oriented,qnn,2,4,4,16,2.0,1.1,True,qnn_oriented,standard,80,,,,,,,56.789654600000176,0.7916666666666666,0.7291666666666666,0.7083333333333334,0.5625,0.029285867674863048,0.06402479011071895,0.020303540754015702,4.120308508058689e-12,5.197597189662647e-16,35.395833333333336,14.083333333333334,2738.3541666666665,0.37111841666666123,0.15379489921176248,0.09823800366267195,,,,,,,,,,,
1.0,1.0,1.0,1.0,0.0021913999999014777,digits_2_vs_7,hybrid_standard_qnn_oriented_logreg,hybrid_standard_qnn_oriented,logreg,2,4,4,16,2.0,1.1,True,qnn_oriented,standard,80,,,,,,,13.86942739999995,,,,,,,,,,,,,,,,0.7708333333333334,0.3333333333333333,0.25,0.020981766096529294,3.0495107048637138e-12,35.395833333333336,26.229166666666668,0.09323390625003943,0.15379489921176248,0.03820587180864331,"{""conditioning+solver_failure"": 5, ""none"": 32, ""conditioning"": 2, ""residual+conditioning+solver_failure"": 9}"
0.9583333333333334,0.9583333333333333,0.96,1.0,0.001268500000151107,digits_2_vs_7,hybrid_standard_qnn_oriented_svm_rbf,hybrid_standard_qnn_oriented,svm_rbf,2,4,4,16,2.0,1.1,True,qnn_oriented,standard,80,,,,,,,13.86942739999995,,,,,,,,,,,,,,,,0.7708333333333334,0.3333333333333333,0.25,0.020981766096529294,3.0495107048637138e-12,35.395833333333336,26.229166666666668,0.09323390625003943,0.15379489921176248,0.03820587180864331,"{""conditioning+solver_failure"": 5, ""none"": 32, ""conditioning"": 2, ""residual+conditioning+solver_failure"": 9}"
0.9583333333333334,0.9583333333333333,0.9565217391304348,0.9913194444444444,43.829018800000085,digits_2_vs_7,hybrid_standard_qnn_oriented_qnn,hybrid_standard_qnn_oriented,qnn,2,4,4,16,2.0,1.1,True,qnn_oriented,standard,80,,,,,,,13.86942739999995,,,,,,,,,,,,,,,,0.7708333333333334,0.3333333333333333,0.25,0.020981766096529294,3.0495107048637138e-12,35.395833333333336,26.229166666666668,0.09323390625003943,0.15379489921176248,0.03820587180864331,"{""conditioning+solver_failure"": 5, ""none"": 32, ""conditioning"": 2, ""residual+conditioning+solver_failure"": 9}"
1.0,1.0,1.0,1.0,0.0019332000001668348,digits_2_vs_7,hybrid_aggressive_qnn_oriented_logreg,hybrid_aggressive_qnn_oriented,logreg,2,4,4,16,2.0,1.1,True,qnn_oriented,aggressive,80,,,,,,,38.220852899999954,,,,,,,,,,,,,,,,0.75,0.6041666666666666,0.3958333333333333,0.022346952656129432,2.6724093332813647e-12,35.395833333333336,24.1875,0.20973902500007094,0.15379489921176248,0.06744367478543206,"{""residual+conditioning+solver_failure"": 14, ""none"": 19, ""conditioning"": 15}"
0.9583333333333334,0.9583333333333333,0.96,1.0,0.0012637999998332816,digits_2_vs_7,hybrid_aggressive_qnn_oriented_svm_rbf,hybrid_aggressive_qnn_oriented,svm_rbf,2,4,4,16,2.0,1.1,True,qnn_oriented,aggressive,80,,,,,,,38.220852899999954,,,,,,,,,,,,,,,,0.75,0.6041666666666666,0.3958333333333333,0.022346952656129432,2.6724093332813647e-12,35.395833333333336,24.1875,0.20973902500007094,0.15379489921176248,0.06744367478543206,"{""residual+conditioning+solver_failure"": 14, ""none"": 19, ""conditioning"": 15}"
0.9375,0.9375,0.9361702127659575,0.9861111111111112,45.11914210000032,digits_2_vs_7,hybrid_aggressive_qnn_oriented_qnn,hybrid_aggressive_qnn_oriented,qnn,2,4,4,16,2.0,1.1,True,qnn_oriented,aggressive,80,,,,,,,38.220852899999954,,,,,,,,,,,,,,,,0.75,0.6041666666666666,0.3958333333333333,0.022346952656129432,2.6724093332813647e-12,35.395833333333336,24.1875,0.20973902500007094,0.15379489921176248,0.06744367478543206,"{""residual+conditioning+solver_failure"": 14, ""none"": 19, ""conditioning"": 15}"
1.0,1.0,1.0,1.0,0.002328300000044692,digits_2_vs_7,hybrid_always_trigger_qnn_oriented_logreg,hybrid_always_trigger_qnn_oriented,logreg,2,4,4,16,2.0,1.1,True,qnn_oriented,always_trigger,80,,,,,,,55.327000000000226,,,,,,,,,,,,,,,,0.7708333333333334,1.0,0.6458333333333334,0.021244589754742818,6.059421804831525e-16,35.395833333333336,18.416666666666668,0.3522403583334229,0.15379489921176248,0.09647145358373878,"{""residual+conditioning+solver_failure"": 14, ""residual+conditioning"": 34}"
0.9583333333333334,0.9583333333333333,0.96,1.0,0.0012575000000651926,digits_2_vs_7,hybrid_always_trigger_qnn_oriented_svm_rbf,hybrid_always_trigger_qnn_oriented,svm_rbf,2,4,4,16,2.0,1.1,True,qnn_oriented,always_trigger,80,,,,,,,55.327000000000226,,,,,,,,,,,,,,,,0.7708333333333334,1.0,0.6458333333333334,0.021244589754742818,6.059421804831525e-16,35.395833333333336,18.416666666666668,0.3522403583334229,0.15379489921176248,0.09647145358373878,"{""residual+conditioning+solver_failure"": 14, ""residual+conditioning"": 34}"
0.9166666666666666,0.9166666666666666,0.9166666666666666,0.9895833333333333,45.86059839999962,digits_2_vs_7,hybrid_always_trigger_qnn_oriented_qnn,hybrid_always_trigger_qnn_oriented,qnn,2,4,4,16,2.0,1.1,True,qnn_oriented,always_trigger,80,,,,,,,55.327000000000226,,,,,,,,,,,,,,,,0.7708333333333334,1.0,0.6458333333333334,0.021244589754742818,6.059421804831525e-16,35.395833333333336,18.416666666666668,0.3522403583334229,0.15379489921176248,0.09647145358373878,"{""residual+conditioning+solver_failure"": 14, ""residual+conditioning"": 34}"
1.0,1.0,1.0,1.0,0.002285900000060792,digits_2_vs_7,hybrid_qnn_lenient_qnn_oriented_logreg,hybrid_qnn_lenient_qnn_oriented,logreg,2,4,4,16,2.0,1.1,True,qnn_oriented,qnn_lenient,80,,,,,,,55.387180400000034,,,,,,,,,,,,,,,,0.7708333333333334,1.0,0.6458333333333334,0.021244589754742818,6.059421804831525e-16,35.395833333333336,18.416666666666668,0.3536735229167031,0.15379489921176248,0.09647145358373878,"{""residual+conditioning+solver_failure"": 14, ""residual+conditioning"": 34}"
0.9583333333333334,0.9583333333333333,0.96,1.0,0.0012692999998762389,digits_2_vs_7,hybrid_qnn_lenient_qnn_oriented_svm_rbf,hybrid_qnn_lenient_qnn_oriented,svm_rbf,2,4,4,16,2.0,1.1,True,qnn_oriented,qnn_lenient,80,,,,,,,55.387180400000034,,,,,,,,,,,,,,,,0.7708333333333334,1.0,0.6458333333333334,0.021244589754742818,6.059421804831525e-16,35.395833333333336,18.416666666666668,0.3536735229167031,0.15379489921176248,0.09647145358373878,"{""residual+conditioning+solver_failure"": 14, ""residual+conditioning"": 34}"
0.9166666666666666,0.9166666666666666,0.9166666666666666,0.9895833333333333,44.72135490000073,digits_2_vs_7,hybrid_qnn_lenient_qnn_oriented_qnn,hybrid_qnn_lenient_qnn_oriented,qnn,2,4,4,16,2.0,1.1,True,qnn_oriented,qnn_lenient,80,,,,,,,55.387180400000034,,,,,,,,,,,,,,,,0.7708333333333334,1.0,0.6458333333333334,0.021244589754742818,6.059421804831525e-16,35.395833333333336,18.416666666666668,0.3536735229167031,0.15379489921176248,0.09647145358373878,"{""residual+conditioning+solver_failure"": 14, ""residual+conditioning"": 34}"
1.0,1.0,1.0,1.0,0.002448700000059034,digits_2_vs_7,forced_qnn_exploratory_logreg,forced_qnn_exploratory,logreg,2,4,4,16,2.0,1.1,True,qnn_exploratory,standard,80,,,,,,,65.98587790000056,0.7708333333333334,0.75,0.7083333333333334,0.5416666666666666,0.029285867674863048,0.06515376491280928,0.02094393863903099,4.120308508058689e-12,6.293880330962807e-16,35.395833333333336,13.625,2795.375,0.4291582854166715,0.15379489921176248,0.0955323348901974,,,,,,,,,,,
0.9583333333333334,0.9583333333333333,0.96,1.0,0.001222099999722559,digits_2_vs_7,forced_qnn_exploratory_svm_rbf,forced_qnn_exploratory,svm_rbf,2,4,4,16,2.0,1.1,True,qnn_exploratory,standard,80,,,,,,,65.98587790000056,0.7708333333333334,0.75,0.7083333333333334,0.5416666666666666,0.029285867674863048,0.06515376491280928,0.02094393863903099,4.120308508058689e-12,6.293880330962807e-16,35.395833333333336,13.625,2795.375,0.4291582854166715,0.15379489921176248,0.0955323348901974,,,,,,,,,,,
0.9375,0.9375,0.9333333333333333,0.9913194444444444,45.34503459999996,digits_2_vs_7,forced_qnn_exploratory_qnn,forced_qnn_exploratory,qnn,2,4,4,16,2.0,1.1,True,qnn_exploratory,standard,80,,,,,,,65.98587790000056,0.7708333333333334,0.75,0.7083333333333334,0.5416666666666666,0.029285867674863048,0.06515376491280928,0.02094393863903099,4.120308508058689e-12,6.293880330962807e-16,35.395833333333336,13.625,2795.375,0.4291582854166715,0.15379489921176248,0.0955323348901974,,,,,,,,,,,
1.0,1.0,1.0,1.0,0.002665099999831,digits_2_vs_7,hybrid_standard_qnn_exploratory_logreg,hybrid_standard_qnn_exploratory,logreg,2,4,4,16,2.0,1.1,True,qnn_exploratory,standard,80,,,,,,,15.45356129999982,,,,,,,,,,,,,,,,0.7708333333333334,0.3333333333333333,0.25,0.020975377369762613,3.0495107048637138e-12,35.395833333333336,26.4375,0.100116941666613,0.15379489921176248,0.02884994522020099,"{""conditioning+solver_failure"": 5, ""none"": 32, ""conditioning"": 2, ""residual+conditioning+solver_failure"": 9}"
0.9791666666666666,0.9791666666666667,0.9795918367346939,1.0,0.0014203000000634347,digits_2_vs_7,hybrid_standard_qnn_exploratory_svm_rbf,hybrid_standard_qnn_exploratory,svm_rbf,2,4,4,16,2.0,1.1,True,qnn_exploratory,standard,80,,,,,,,15.45356129999982,,,,,,,,,,,,,,,,0.7708333333333334,0.3333333333333333,0.25,0.020975377369762613,3.0495107048637138e-12,35.395833333333336,26.4375,0.100116941666613,0.15379489921176248,0.02884994522020099,"{""conditioning+solver_failure"": 5, ""none"": 32, ""conditioning"": 2, ""residual+conditioning+solver_failure"": 9}"
0.9375,0.9375,0.9333333333333333,0.998263888888889,44.163260000000264,digits_2_vs_7,hybrid_standard_qnn_exploratory_qnn,hybrid_standard_qnn_exploratory,qnn,2,4,4,16,2.0,1.1,True,qnn_exploratory,standard,80,,,,,,,15.45356129999982,,,,,,,,,,,,,,,,0.7708333333333334,0.3333333333333333,0.25,0.020975377369762613,3.0495107048637138e-12,35.395833333333336,26.4375,0.100116941666613,0.15379489921176248,0.02884994522020099,"{""conditioning+solver_failure"": 5, ""none"": 32, ""conditioning"": 2, ""residual+conditioning+solver_failure"": 9}"
1.0,1.0,1.0,1.0,0.002386099999966973,digits_2_vs_7,hybrid_aggressive_qnn_exploratory_logreg,hybrid_aggressive_qnn_exploratory,logreg,2,4,4,16,2.0,1.1,True,qnn_exploratory,aggressive,80,,,,,,,45.25433509999948,,,,,,,,,,,,,,,,0.7708333333333334,0.6041666666666666,0.5,0.020980319595910416,1.977535637004332e-12,35.395833333333336,20.729166666666668,0.25814919583334967,0.15379489921176248,0.07126264793864599,"{""residual+conditioning+solver_failure"": 14, ""none"": 19, ""conditioning"": 15}"
0.9583333333333334,0.9583333333333333,0.96,0.998263888888889,0.0012243000001035398,digits_2_vs_7,hybrid_aggressive_qnn_exploratory_svm_rbf,hybrid_aggressive_qnn_exploratory,svm_rbf,2,4,4,16,2.0,1.1,True,qnn_exploratory,aggressive,80,,,,,,,45.25433509999948,,,,,,,,,,,,,,,,0.7708333333333334,0.6041666666666666,0.5,0.020980319595910416,1.977535637004332e-12,35.395833333333336,20.729166666666668,0.25814919583334967,0.15379489921176248,0.07126264793864599,"{""residual+conditioning+solver_failure"": 14, ""none"": 19, ""conditioning"": 15}"
0.9583333333333334,0.9583333333333333,0.9565217391304348,0.998263888888889,45.581868700000086,digits_2_vs_7,hybrid_aggressive_qnn_exploratory_qnn,hybrid_aggressive_qnn_exploratory,qnn,2,4,4,16,2.0,1.1,True,qnn_exploratory,aggressive,80,,,,,,,45.25433509999948,,,,,,,,,,,,,,,,0.7708333333333334,0.6041666666666666,0.5,0.020980319595910416,1.977535637004332e-12,35.395833333333336,20.729166666666668,0.25814919583334967,0.15379489921176248,0.07126264793864599,"{""residual+conditioning+solver_failure"": 14, ""none"": 19, ""conditioning"": 15}"
1.0,1.0,1.0,1.0,0.0025604000002203975,digits_2_vs_7,hybrid_always_trigger_qnn_exploratory_logreg,hybrid_always_trigger_qnn_exploratory,logreg,2,4,4,16,2.0,1.1,True,qnn_exploratory,always_trigger,80,,,,,,,67.20435129999987,,,,,,,,,,,,,,,,0.7708333333333334,1.0,0.6875,0.020979780495856772,5.792618468687219e-16,35.395833333333336,17.3125,0.4218765999999808,0.15379489921176248,0.09400685844796347,"{""residual+conditioning+solver_failure"": 14, ""residual+conditioning"": 34}"
0.9583333333333334,0.9583333333333333,0.96,1.0,0.0013693999999304651,digits_2_vs_7,hybrid_always_trigger_qnn_exploratory_svm_rbf,hybrid_always_trigger_qnn_exploratory,svm_rbf,2,4,4,16,2.0,1.1,True,qnn_exploratory,always_trigger,80,,,,,,,67.20435129999987,,,,,,,,,,,,,,,,0.7708333333333334,1.0,0.6875,0.020979780495856772,5.792618468687219e-16,35.395833333333336,17.3125,0.4218765999999808,0.15379489921176248,0.09400685844796347,"{""residual+conditioning+solver_failure"": 14, ""residual+conditioning"": 34}"
0.9791666666666666,0.9791666666666667,0.9787234042553191,1.0,43.75922679999985,digits_2_vs_7,hybrid_always_trigger_qnn_exploratory_qnn,hybrid_always_trigger_qnn_exploratory,qnn,2,4,4,16,2.0,1.1,True,qnn_exploratory,always_trigger,80,,,,,,,67.20435129999987,,,,,,,,,,,,,,,,0.7708333333333334,1.0,0.6875,0.020979780495856772,5.792618468687219e-16,35.395833333333336,17.3125,0.4218765999999808,0.15379489921176248,0.09400685844796347,"{""residual+conditioning+solver_failure"": 14, ""residual+conditioning"": 34}"
1.0,1.0,1.0,1.0,0.0026797000000442495,digits_2_vs_7,hybrid_qnn_lenient_qnn_exploratory_logreg,hybrid_qnn_lenient_qnn_exploratory,logreg,2,4,4,16,2.0,1.1,True,qnn_exploratory,qnn_lenient,80,,,,,,,67.22278029999961,,,,,,,,,,,,,,,,0.7708333333333334,1.0,0.6875,0.020979780495856772,5.792618468687219e-16,35.395833333333336,17.3125,0.4218750124999815,0.15379489921176248,0.09400685844796347,"{""residual+conditioning+solver_failure"": 14, ""residual+conditioning"": 34}"
0.9583333333333334,0.9583333333333333,0.96,1.0,0.0012512999992395635,digits_2_vs_7,hybrid_qnn_lenient_qnn_exploratory_svm_rbf,hybrid_qnn_lenient_qnn_exploratory,svm_rbf,2,4,4,16,2.0,1.1,True,qnn_exploratory,qnn_lenient,80,,,,,,,67.22278029999961,,,,,,,,,,,,,,,,0.7708333333333334,1.0,0.6875,0.020979780495856772,5.792618468687219e-16,35.395833333333336,17.3125,0.4218750124999815,0.15379489921176248,0.09400685844796347,"{""residual+conditioning+solver_failure"": 14, ""residual+conditioning"": 34}"
0.9791666666666666,0.9791666666666667,0.9787234042553191,1.0,46.2362906999997,digits_2_vs_7,hybrid_qnn_lenient_qnn_exploratory_qnn,hybrid_qnn_lenient_qnn_exploratory,qnn,2,4,4,16,2.0,1.1,True,qnn_exploratory,qnn_lenient,80,,,,,,,67.22278029999961,,,,,,,,,,,,,,,,0.7708333333333334,1.0,0.6875,0.020979780495856772,5.792618468687219e-16,35.395833333333336,17.3125,0.4218750124999815,0.15379489921176248,0.09400685844796347,"{""residual+conditioning+solver_failure"": 14, ""residual+conditioning"": 34}"
1.0,1.0,1.0,1.0,0.0027362999999240856,digits_2_vs_7,forced_no_detector_logreg,forced_no_detector,logreg,2,4,4,16,2.0,1.1,True,no_detector,standard,80,,,,,,,15.377755800000159,0.7708333333333334,0.7291666666666666,0.7083333333333334,0.5208333333333334,0.029285867674863048,0.07458427317821274,0.021686828908561762,4.120308508058689e-12,3.639885782202932e-12,35.395833333333336,17.354166666666668,2253.5,0.09506905208335563,0.15379489921176248,0.09139206315108166,,,,,,,,,,,
0.9791666666666666,0.9791666666666667,0.9795918367346939,1.0,0.0017402999992555124,digits_2_vs_7,forced_no_detector_svm_rbf,forced_no_detector,svm_rbf,2,4,4,16,2.0,1.1,True,no_detector,standard,80,,,,,,,15.377755800000159,0.7708333333333334,0.7291666666666666,0.7083333333333334,0.5208333333333334,0.029285867674863048,0.07458427317821274,0.021686828908561762,4.120308508058689e-12,3.639885782202932e-12,35.395833333333336,17.354166666666668,2253.5,0.09506905208335563,0.15379489921176248,0.09139206315108166,,,,,,,,,,,
0.9791666666666666,0.9791666666666667,0.9787234042553191,0.9965277777777777,44.240481900000304,digits_2_vs_7,forced_no_detector_qnn,forced_no_detector,qnn,2,4,4,16,2.0,1.1,True,no_detector,standard,80,,,,,,,15.377755800000159,0.7708333333333334,0.7291666666666666,0.7083333333333334,0.5208333333333334,0.029285867674863048,0.07458427317821274,0.021686828908561762,4.120308508058689e-12,3.639885782202932e-12,35.395833333333336,17.354166666666668,2253.5,0.09506905208335563,0.15379489921176248,0.09139206315108166,,,,,,,,,,,
1.0,1.0,1.0,1.0,0.002355600000555569,digits_2_vs_7,hybrid_standard_no_detector_logreg,hybrid_standard_no_detector,logreg,2,4,4,16,2.0,1.1,True,no_detector,standard,80,,,,,,,4.126509099999566,,,,,,,,,,,,,,,,0.7708333333333334,0.3333333333333333,0.1875,0.021703281527719897,3.0495107048637138e-12,35.395833333333336,28.625,0.026934789583416812,0.15379489921176248,0.038982250173133524,"{""conditioning+solver_failure"": 5, ""none"": 32, ""conditioning"": 2, ""residual+conditioning+solver_failure"": 9}"
0.9791666666666666,0.9791666666666667,0.9795918367346939,1.0,0.0012471999998524552,digits_2_vs_7,hybrid_standard_no_detector_svm_rbf,hybrid_standard_no_detector,svm_rbf,2,4,4,16,2.0,1.1,True,no_detector,standard,80,,,,,,,4.126509099999566,,,,,,,,,,,,,,,,0.7708333333333334,0.3333333333333333,0.1875,0.021703281527719897,3.0495107048637138e-12,35.395833333333336,28.625,0.026934789583416812,0.15379489921176248,0.038982250173133524,"{""conditioning+solver_failure"": 5, ""none"": 32, ""conditioning"": 2, ""residual+conditioning+solver_failure"": 9}"
0.9375,0.9375,0.9361702127659575,0.9913194444444444,45.96873979999964,digits_2_vs_7,hybrid_standard_no_detector_qnn,hybrid_standard_no_detector,qnn,2,4,4,16,2.0,1.1,True,no_detector,standard,80,,,,,,,4.126509099999566,,,,,,,,,,,,,,,,0.7708333333333334,0.3333333333333333,0.1875,0.021703281527719897,3.0495107048637138e-12,35.395833333333336,28.625,0.026934789583416812,0.15379489921176248,0.038982250173133524,"{""conditioning+solver_failure"": 5, ""none"": 32, ""conditioning"": 2, ""residual+conditioning+solver_failure"": 9}"
1.0,1.0,1.0,1.0,0.0026402000003145076,digits_2_vs_7,hybrid_aggressive_no_detector_logreg,hybrid_aggressive_no_detector,logreg,2,4,4,16,2.0,1.1,True,no_detector,aggressive,80,,,,,,,11.137454800000341,,,,,,,,,,,,,,,,0.7708333333333334,0.6041666666666666,0.4375,0.021732219693546884,1.977535637004332e-12,35.395833333333336,24.145833333333332,0.0601078812499812,0.15379489921176248,0.07977972734653119,"{""residual+conditioning+solver_failure"": 14, ""none"": 19, ""conditioning"": 15}"
0.9791666666666666,0.9791666666666667,0.9795918367346939,1.0,0.0012876999999207328,digits_2_vs_7,hybrid_aggressive_no_detector_svm_rbf,hybrid_aggressive_no_detector,svm_rbf,2,4,4,16,2.0,1.1,True,no_detector,aggressive,80,,,,,,,11.137454800000341,,,,,,,,,,,,,,,,0.7708333333333334,0.6041666666666666,0.4375,0.021732219693546884,1.977535637004332e-12,35.395833333333336,24.145833333333332,0.0601078812499812,0.15379489921176248,0.07977972734653119,"{""residual+conditioning+solver_failure"": 14, ""none"": 19, ""conditioning"": 15}"
0.9583333333333334,0.9583333333333333,0.9565217391304348,1.0,44.04592759999923,digits_2_vs_7,hybrid_aggressive_no_detector_qnn,hybrid_aggressive_no_detector,qnn,2,4,4,16,2.0,1.1,True,no_detector,aggressive,80,,,,,,,11.137454800000341,,,,,,,,,,,,,,,,0.7708333333333334,0.6041666666666666,0.4375,0.021732219693546884,1.977535637004332e-12,35.395833333333336,24.145833333333332,0.0601078812499812,0.15379489921176248,0.07977972734653119,"{""residual+conditioning+solver_failure"": 14, ""none"": 19, ""conditioning"": 15}"
1.0,1.0,1.0,1.0,0.002424799999971583,digits_2_vs_7,hybrid_always_trigger_no_detector_logreg,hybrid_always_trigger_no_detector,logreg,2,4,4,16,2.0,1.1,True,no_detector,always_trigger,80,,,,,,,15.310582800000702,,,,,,,,,,,,,,,,0.7708333333333334,1.0,0.6041666666666666,0.02173221969291474,4.3251289778506427e-13,35.395833333333336,20.791666666666668,0.09435365833335634,0.15379489921176248,0.09139206315108166,"{""residual+conditioning+solver_failure"": 14, ""residual+conditioning"": 34}"
0.9791666666666666,0.9791666666666667,0.9795918367346939,1.0,0.0013809000001856475,digits_2_vs_7,hybrid_always_trigger_no_detector_svm_rbf,hybrid_always_trigger_no_detector,svm_rbf,2,4,4,16,2.0,1.1,True,no_detector,always_trigger,80,,,,,,,15.310582800000702,,,,,,,,,,,,,,,,0.7708333333333334,1.0,0.6041666666666666,0.02173221969291474,4.3251289778506427e-13,35.395833333333336,20.791666666666668,0.09435365833335634,0.15379489921176248,0.09139206315108166,"{""residual+conditioning+solver_failure"": 14, ""residual+conditioning"": 34}"
0.9791666666666666,0.9791666666666667,0.9787234042553191,0.998263888888889,45.956170000000384,digits_2_vs_7,hybrid_always_trigger_no_detector_qnn,hybrid_always_trigger_no_detector,qnn,2,4,4,16,2.0,1.1,True,no_detector,always_trigger,80,,,,,,,15.310582800000702,,,,,,,,,,,,,,,,0.7708333333333334,1.0,0.6041666666666666,0.02173221969291474,4.3251289778506427e-13,35.395833333333336,20.791666666666668,0.09435365833335634,0.15379489921176248,0.09139206315108166,"{""residual+conditioning+solver_failure"": 14, ""residual+conditioning"": 34}"
1.0,1.0,1.0,1.0,0.0024835000003804453,digits_2_vs_7,hybrid_qnn_lenient_no_detector_logreg,hybrid_qnn_lenient_no_detector,logreg,2,4,4,16,2.0,1.1,True,no_detector,qnn_lenient,80,,,,,,,15.421002199999748,,,,,,,,,,,,,,,,0.7708333333333334,1.0,0.6041666666666666,0.02173221969291474,4.3251289778506427e-13,35.395833333333336,20.791666666666668,0.09490914583337447,0.15379489921176248,0.09139206315108166,"{""residual+conditioning+solver_failure"": 14, ""residual+conditioning"": 34}"
0.9791666666666666,0.9791666666666667,0.9795918367346939,1.0,0.0012757999993482372,digits_2_vs_7,hybrid_qnn_lenient_no_detector_svm_rbf,hybrid_qnn_lenient_no_detector,svm_rbf,2,4,4,16,2.0,1.1,True,no_detector,qnn_lenient,80,,,,,,,15.421002199999748,,,,,,,,,,,,,,,,0.7708333333333334,1.0,0.6041666666666666,0.02173221969291474,4.3251289778506427e-13,35.395833333333336,20.791666666666668,0.09490914583337447,0.15379489921176248,0.09139206315108166,"{""residual+conditioning+solver_failure"": 14, ""residual+conditioning"": 34}"
0.9791666666666666,0.9791666666666667,0.9787234042553191,0.998263888888889,43.15134599999965,digits_2_vs_7,hybrid_qnn_lenient_no_detector_qnn,hybrid_qnn_lenient_no_detector,qnn,2,4,4,16,2.0,1.1,True,no_detector,qnn_lenient,80,,,,,,,15.421002199999748,,,,,,,,,,,,,,,,0.7708333333333334,1.0,0.6041666666666666,0.02173221969291474,4.3251289778506427e-13,35.395833333333336,20.791666666666668,0.09490914583337447,0.15379489921176248,0.09139206315108166,"{""residual+conditioning+solver_failure"": 14, ""residual+conditioning"": 34}"
1.0,1.0,1.0,1.0,0.0022248999994189944,digits_2_vs_7,forced_residual_only_logreg,forced_residual_only,logreg,2,4,4,16,2.0,1.1,True,residual_only,standard,80,,,,,,,7.402053600000727,0.7916666666666666,0.7083333333333334,0.7083333333333334,0.5,0.029285867674863048,0.06373990463778512,0.01835667710380081,4.120308508058689e-12,0.0005219705206338483,35.395833333333336,11.104166666666666,2424.2083333333335,0.045300818750130624,0.15379489921176248,0.0930147762211073,,,,,,,,,,,
0.9583333333333334,0.9583333333333333,0.96,1.0,0.0012867000004916918,digits_2_vs_7,forced_residual_only_svm_rbf,forced_residual_only,svm_rbf,2,4,4,16,2.0,1.1,True,residual_only,standard,80,,,,,,,7.402053600000727,0.7916666666666666,0.7083333333333334,0.7083333333333334,0.5,0.029285867674863048,0.06373990463778512,0.01835667710380081,4.120308508058689e-12,0.0005219705206338483,35.395833333333336,11.104166666666666,2424.2083333333335,0.045300818750130624,0.15379489921176248,0.0930147762211073,,,,,,,,,,,
0.9791666666666666,0.9791666666666667,0.9787234042553191,0.9930555555555556,45.270629599999666,digits_2_vs_7,forced_residual_only_qnn,forced_residual_only,qnn,2,4,4,16,2.0,1.1,True,residual_only,standard,80,,,,,,,7.402053600000727,0.7916666666666666,0.7083333333333334,0.7083333333333334,0.5,0.029285867674863048,0.06373990463778512,0.01835667710380081,4.120308508058689e-12,0.0005219705206338483,35.395833333333336,11.104166666666666,2424.2083333333335,0.045300818750130624,0.15379489921176248,0.0930147762211073,,,,,,,,,,,
1.0,1.0,1.0,1.0,0.002462999999806925,digits_2_vs_7,hybrid_standard_residual_only_logreg,hybrid_standard_residual_only,logreg,2,4,4,16,2.0,1.1,True,residual_only,standard,80,,,,,,,1.797978000000512,,,,,,,,,,,,,,,,0.7916666666666666,0.3333333333333333,0.2916666666666667,0.01836831566296259,2.911440416116244e-12,35.395833333333336,23.375,0.012790031249987047,0.15379489921176248,0.04946846118931446,"{""conditioning+solver_failure"": 5, ""none"": 32, ""conditioning"": 2, ""residual+conditioning+solver_failure"": 9}"
0.9583333333333334,0.9583333333333333,0.96,1.0,0.0012383000002955669,digits_2_vs_7,hybrid_standard_residual_only_svm_rbf,hybrid_standard_residual_only,svm_rbf,2,4,4,16,2.0,1.1,True,residual_only,standard,80,,,,,,,1.797978000000512,,,,,,,,,,,,,,,,0.7916666666666666,0.3333333333333333,0.2916666666666667,0.01836831566296259,2.911440416116244e-12,35.395833333333336,23.375,0.012790031249987047,0.15379489921176248,0.04946846118931446,"{""conditioning+solver_failure"": 5, ""none"": 32, ""conditioning"": 2, ""residual+conditioning+solver_failure"": 9}"
0.9583333333333334,0.9583333333333333,0.9565217391304348,0.998263888888889,45.14399019999928,digits_2_vs_7,hybrid_standard_residual_only_qnn,hybrid_standard_residual_only,qnn,2,4,4,16,2.0,1.1,True,residual_only,standard,80,,,,,,,1.797978000000512,,,,,,,,,,,,,,,,0.7916666666666666,0.3333333333333333,0.2916666666666667,0.01836831566296259,2.911440416116244e-12,35.395833333333336,23.375,0.012790031249987047,0.15379489921176248,0.04946846118931446,"{""conditioning+solver_failure"": 5, ""none"": 32, ""conditioning"": 2, ""residual+conditioning+solver_failure"": 9}"
0.9791666666666666,0.9791666666666667,0.9795918367346939,1.0,0.002406100000371225,digits_2_vs_7,hybrid_aggressive_residual_only_logreg,hybrid_aggressive_residual_only,logreg,2,4,4,16,2.0,1.1,True,residual_only,aggressive,80,,,,,,,4.9886279000002105,,,,,,,,,,,,,,,,0.7916666666666666,0.6041666666666666,0.5,0.018368315662226724,1.3766905354423755e-12,35.395833333333336,19.083333333333332,0.027735008333308997,0.15379489921176248,0.07380340835272174,"{""residual+conditioning+solver_failure"": 14, ""none"": 19, ""conditioning"": 15}"
0.9583333333333334,0.9583333333333333,0.96,0.998263888888889,0.0012728000001516193,digits_2_vs_7,hybrid_aggressive_residual_only_svm_rbf,hybrid_aggressive_residual_only,svm_rbf,2,4,4,16,2.0,1.1,True,residual_only,aggressive,80,,,,,,,4.9886279000002105,,,,,,,,,,,,,,,,0.7916666666666666,0.6041666666666666,0.5,0.018368315662226724,1.3766905354423755e-12,35.395833333333336,19.083333333333332,0.027735008333308997,0.15379489921176248,0.07380340835272174,"{""residual+conditioning+solver_failure"": 14, ""none"": 19, ""conditioning"": 15}"
0.8125,0.8125,0.7906976744186046,0.8802083333333333,45.51378509999995,digits_2_vs_7,hybrid_aggressive_residual_only_qnn,hybrid_aggressive_residual_only,qnn,2,4,4,16,2.0,1.1,True,residual_only,aggressive,80,,,,,,,4.9886279000002105,,,,,,,,,,,,,,,,0.7916666666666666,0.6041666666666666,0.5,0.018368315662226724,1.3766905354423755e-12,35.395833333333336,19.083333333333332,0.027735008333308997,0.15379489921176248,0.07380340835272174,"{""residual+conditioning+solver_failure"": 14, ""none"": 19, ""conditioning"": 15}"
1.0,1.0,1.0,1.0,0.0026073999997606734,digits_2_vs_7,hybrid_always_trigger_residual_only_logreg,hybrid_always_trigger_residual_only,logreg,2,4,4,16,2.0,1.1,True,residual_only,always_trigger,80,,,,,,,7.345810699999674,,,,,,,,,,,,,,,,0.7916666666666666,1.0,0.6875,0.018368315661572272,1.9389723027955718e-13,35.395833333333336,15.770833333333334,0.0442472937499474,0.15379489921176248,0.0930147762211073,"{""residual+conditioning+solver_failure"": 14, ""residual+conditioning"": 34}"
0.9583333333333334,0.9583333333333333,0.96,1.0,0.0012796999999409309,digits_2_vs_7,hybrid_always_trigger_residual_only_svm_rbf,hybrid_always_trigger_residual_only,svm_rbf,2,4,4,16,2.0,1.1,True,residual_only,always_trigger,80,,,,,,,7.345810699999674,,,,,,,,,,,,,,,,0.7916666666666666,1.0,0.6875,0.018368315661572272,1.9389723027955718e-13,35.395833333333336,15.770833333333334,0.0442472937499474,0.15379489921176248,0.0930147762211073,"{""residual+conditioning+solver_failure"": 14, ""residual+conditioning"": 34}"
0.9583333333333334,0.9583333333333334,0.9583333333333334,0.9930555555555556,45.174503499999446,digits_2_vs_7,hybrid_always_trigger_residual_only_qnn,hybrid_always_trigger_residual_only,qnn,2,4,4,16,2.0,1.1,True,residual_only,always_trigger,80,,,,,,,7.345810699999674,,,,,,,,,,,,,,,,0.7916666666666666,1.0,0.6875,0.018368315661572272,1.9389723027955718e-13,35.395833333333336,15.770833333333334,0.0442472937499474,0.15379489921176248,0.0930147762211073,"{""residual+conditioning+solver_failure"": 14, ""residual+conditioning"": 34}"
1.0,1.0,1.0,1.0,0.00249690000055125,digits_2_vs_7,hybrid_qnn_lenient_residual_only_logreg,hybrid_qnn_lenient_residual_only,logreg,2,4,4,16,2.0,1.1,True,residual_only,qnn_lenient,80,,,,,,,7.371108800000002,,,,,,,,,,,,,,,,0.7916666666666666,1.0,0.6875,0.018368315661572272,1.9389723027955718e-13,35.395833333333336,15.770833333333334,0.044550714583238005,0.15379489921176248,0.0930147762211073,"{""residual+conditioning+solver_failure"": 14, ""residual+conditioning"": 34}"
0.9583333333333334,0.9583333333333333,0.96,1.0,0.001280399999814108,digits_2_vs_7,hybrid_qnn_lenient_residual_only_svm_rbf,hybrid_qnn_lenient_residual_only,svm_rbf,2,4,4,16,2.0,1.1,True,residual_only,qnn_lenient,80,,,,,,,7.371108800000002,,,,,,,,,,,,,,,,0.7916666666666666,1.0,0.6875,0.018368315661572272,1.9389723027955718e-13,35.395833333333336,15.770833333333334,0.044550714583238005,0.15379489921176248,0.0930147762211073,"{""residual+conditioning+solver_failure"": 14, ""residual+conditioning"": 34}"
0.9583333333333334,0.9583333333333334,0.9583333333333334,0.9930555555555556,43.72815559999981,digits_2_vs_7,hybrid_qnn_lenient_residual_only_qnn,hybrid_qnn_lenient_residual_only,qnn,2,4,4,16,2.0,1.1,True,residual_only,qnn_lenient,80,,,,,,,7.371108800000002,,,,,,,,,,,,,,,,0.7916666666666666,1.0,0.6875,0.018368315661572272,1.9389723027955718e-13,35.395833333333336,15.770833333333334,0.044550714583238005,0.15379489921176248,0.0930147762211073,"{""residual+conditioning+solver_failure"": 14, ""residual+conditioning"": 34}"
0.9791666666666666,0.9791666666666667,0.9795918367346939,0.998263888888889,0.0016380999995817547,digits_2_vs_7,pca_logreg,pca,logreg,3,4,4,16,2.0,1.1,True,full_balanced,standard,80,,,,,,,,,,,,,,,,,,,,,,,,,,,,,,,,,
0.9791666666666666,0.9791666666666667,0.9795918367346939,0.998263888888889,0.05109489999995276,digits_2_vs_7,pca_mlp,pca,mlp,3,4,4,16,2.0,1.1,True,full_balanced,standard,80,,,,,,,,,,,,,,,,,,,,,,,,,,,,,,,,,
0.9791666666666666,0.9791666666666667,0.9795918367346939,0.9947916666666667,0.001280399999814108,digits_2_vs_7,pca_svm_rbf,pca,svm_rbf,3,4,4,16,2.0,1.1,True,full_balanced,standard,80,,,,,,,,,,,,,,,,,,,,,,,,,,,,,,,,,
0.9791666666666666,0.9791666666666667,0.9795918367346939,0.9861111111111112,43.75826099999995,digits_2_vs_7,pca_qnn,pca,qnn,3,4,4,16,2.0,1.1,True,full_balanced,standard,80,,,,,,,,,,,,,,,,,,,,,,,,,,,,,,,,,
0.9791666666666666,0.9791666666666667,0.9795918367346939,0.9878472222222222,0.002161500000511296,digits_2_vs_7,implicit_zero_logreg,implicit_zero,logreg,3,4,4,16,2.0,1.1,True,full_balanced,standard,80,0.75,0.029944243757421784,3.60115013802917e-12,27.8125,0.00017191041666819729,0.16598522599191495,0.03389530000004015,,,,,,,,,,,,,,,,,,,,,,,,,,
0.9791666666666666,0.9791666666666667,0.9795918367346939,0.9791666666666667,0.0014834999992672238,digits_2_vs_7,implicit_zero_svm_rbf,implicit_zero,svm_rbf,3,4,4,16,2.0,1.1,True,full_balanced,standard,80,0.75,0.029944243757421784,3.60115013802917e-12,27.8125,0.00017191041666819729,0.16598522599191495,0.03389530000004015,,,,,,,,,,,,,,,,,,,,,,,,,,
0.9583333333333334,0.9583333333333334,0.9583333333333334,0.9774305555555555,43.78668949999974,digits_2_vs_7,implicit_zero_qnn,implicit_zero,qnn,3,4,4,16,2.0,1.1,True,full_balanced,standard,80,0.75,0.029944243757421784,3.60115013802917e-12,27.8125,0.00017191041666819729,0.16598522599191495,0.03389530000004015,,,,,,,,,,,,,,,,,,,,,,,,,,
0.9791666666666666,0.9791666666666667,0.9795918367346939,0.9913194444444444,0.0019516000002113287,digits_2_vs_7,forced_full_light_logreg,forced_full_light,logreg,3,4,4,16,2.0,1.1,True,full_light,standard,80,,,,,,,32.21666980000009,0.75,0.9166666666666666,0.75,0.7083333333333334,0.029944243757421784,0.04878520710274951,0.029317945092470255,3.60115013802917e-12,3.839731473169606e-16,27.8125,11.166666666666666,2226.5833333333335,0.20708923125008974,0.16598522599191495,0.15592101009921058,,,,,,,,,,,
0.9791666666666666,0.9791666666666667,0.9795918367346939,0.9791666666666667,0.001215299999785202,digits_2_vs_7,forced_full_light_svm_rbf,forced_full_light,svm_rbf,3,4,4,16,2.0,1.1,True,full_light,standard,80,,,,,,,32.21666980000009,0.75,0.9166666666666666,0.75,0.7083333333333334,0.029944243757421784,0.04878520710274951,0.029317945092470255,3.60115013802917e-12,3.839731473169606e-16,27.8125,11.166666666666666,2226.5833333333335,0.20708923125008974,0.16598522599191495,0.15592101009921058,,,,,,,,,,,
0.9583333333333334,0.9583333333333334,0.9583333333333334,0.9756944444444445,44.740530600000056,digits_2_vs_7,forced_full_light_qnn,forced_full_light,qnn,3,4,4,16,2.0,1.1,True,full_light,standard,80,,,,,,,32.21666980000009,0.75,0.9166666666666666,0.75,0.7083333333333334,0.029944243757421784,0.04878520710274951,0.029317945092470255,3.60115013802917e-12,3.839731473169606e-16,27.8125,11.166666666666666,2226.5833333333335,0.20708923125008974,0.16598522599191495,0.15592101009921058,,,,,,,,,,,
0.9791666666666666,0.9791666666666667,0.9795918367346939,0.9930555555555556,0.002275799999551964,digits_2_vs_7,hybrid_standard_full_light_logreg,hybrid_standard_full_light,logreg,3,4,4,16,2.0,1.1,True,full_light,standard,80,,,,,,,6.413383400000384,,,,,,,,,,,,,,,,0.75,0.2916666666666667,0.1875,0.02937692322444389,3.0889112990689706e-12,27.8125,23.375,0.03726760833332795,0.16598522599191495,0.014554390286549677,"{""none"": 34, ""residual+conditioning+solver_failure"": 8, ""conditioning+solver_failure"": 4, ""conditioning"": 2}"
0.9791666666666666,0.9791666666666667,0.9795918367346939,0.9791666666666667,0.0017992000002777786,digits_2_vs_7,hybrid_standard_full_light_svm_rbf,hybrid_standard_full_light,svm_rbf,3,4,4,16,2.0,1.1,True,full_light,standard,80,,,,,,,6.413383400000384,,,,,,,,,,,,,,,,0.75,0.2916666666666667,0.1875,0.02937692322444389,3.0889112990689706e-12,27.8125,23.375,0.03726760833332795,0.16598522599191495,0.014554390286549677,"{""none"": 34, ""residual+conditioning+solver_failure"": 8, ""conditioning+solver_failure"": 4, ""conditioning"": 2}"
0.9583333333333334,0.9583333333333334,0.9583333333333334,0.9791666666666667,43.05241409999962,digits_2_vs_7,hybrid_standard_full_light_qnn,hybrid_standard_full_light,qnn,3,4,4,16,2.0,1.1,True,full_light,standard,80,,,,,,,6.413383400000384,,,,,,,,,,,,,,,,0.75,0.2916666666666667,0.1875,0.02937692322444389,3.0889112990689706e-12,27.8125,23.375,0.03726760833332795,0.16598522599191495,0.014554390286549677,"{""none"": 34, ""residual+conditioning+solver_failure"": 8, ""conditioning+solver_failure"": 4, ""conditioning"": 2}"
0.9791666666666666,0.9791666666666667,0.9795918367346939,0.9930555555555556,0.0018859000001612003,digits_2_vs_7,hybrid_aggressive_full_light_logreg,hybrid_aggressive_full_light,logreg,3,4,4,16,2.0,1.1,True,full_light,aggressive,80,,,,,,,12.764499300000352,,,,,,,,,,,,,,,,0.75,0.4583333333333333,0.3541666666666667,0.0293769211805688,2.460896741104748e-12,27.8125,20.8125,0.08017577708335466,0.16598522599191495,0.07092931628446343,"{""none"": 26, ""residual+conditioning+solver_failure"": 12, ""conditioning"": 10}"
0.9791666666666666,0.9791666666666667,0.9795918367346939,0.9791666666666667,0.0011114999997516861,digits_2_vs_7,hybrid_aggressive_full_light_svm_rbf,hybrid_aggressive_full_light,svm_rbf,3,4,4,16,2.0,1.1,True,full_light,aggressive,80,,,,,,,12.764499300000352,,,,,,,,,,,,,,,,0.75,0.4583333333333333,0.3541666666666667,0.0293769211805688,2.460896741104748e-12,27.8125,20.8125,0.08017577708335466,0.16598522599191495,0.07092931628446343,"{""none"": 26, ""residual+conditioning+solver_failure"": 12, ""conditioning"": 10}"
0.9583333333333334,0.9583333333333334,0.9583333333333334,0.9791666666666667,43.69969209999999,digits_2_vs_7,hybrid_aggressive_full_light_qnn,hybrid_aggressive_full_light,qnn,3,4,4,16,2.0,1.1,True,full_light,aggressive,80,,,,,,,12.764499300000352,,,,,,,,,,,,,,,,0.75,0.4583333333333333,0.3541666666666667,0.0293769211805688,2.460896741104748e-12,27.8125,20.8125,0.08017577708335466,0.16598522599191495,0.07092931628446343,"{""none"": 26, ""residual+conditioning+solver_failure"": 12, ""conditioning"": 10}"
0.9791666666666666,0.9791666666666667,0.9795918367346939,0.9930555555555556,0.00212550000014744,digits_2_vs_7,hybrid_always_trigger_full_light_logreg,hybrid_always_trigger_full_light,logreg,3,4,4,16,2.0,1.1,True,full_light,always_trigger,80,,,,,,,32.36460139999963,,,,,,,,,,,,,,,,0.75,1.0,0.8541666666666666,0.02937696609021372,3.726257264743298e-16,27.8125,13.791666666666666,0.20824512500001902,0.16598522599191495,0.15594293561264308,"{""residual+conditioning"": 36, ""residual+conditioning+solver_failure"": 12}"
0.9791666666666666,0.9791666666666667,0.9795918367346939,0.9791666666666667,0.0013001999996049562,digits_2_vs_7,hybrid_always_trigger_full_light_svm_rbf,hybrid_always_trigger_full_light,svm_rbf,3,4,4,16,2.0,1.1,True,full_light,always_trigger,80,,,,,,,32.36460139999963,,,,,,,,,,,,,,,,0.75,1.0,0.8541666666666666,0.02937696609021372,3.726257264743298e-16,27.8125,13.791666666666666,0.20824512500001902,0.16598522599191495,0.15594293561264308,"{""residual+conditioning"": 36, ""residual+conditioning+solver_failure"": 12}"
0.9583333333333334,0.9583333333333334,0.9583333333333334,0.9791666666666667,44.52981980000004,digits_2_vs_7,hybrid_always_trigger_full_light_qnn,hybrid_always_trigger_full_light,qnn,3,4,4,16,2.0,1.1,True,full_light,always_trigger,80,,,,,,,32.36460139999963,,,,,,,,,,,,,,,,0.75,1.0,0.8541666666666666,0.02937696609021372,3.726257264743298e-16,27.8125,13.791666666666666,0.20824512500001902,0.16598522599191495,0.15594293561264308,"{""residual+conditioning"": 36, ""residual+conditioning+solver_failure"": 12}"
0.9791666666666666,0.9791666666666667,0.9795918367346939,0.9930555555555556,0.0021919999999227002,digits_2_vs_7,hybrid_qnn_lenient_full_light_logreg,hybrid_qnn_lenient_full_light,logreg,3,4,4,16,2.0,1.1,True,full_light,qnn_lenient,80,,,,,,,32.36374869999963,,,,,,,,,,,,,,,,0.75,1.0,0.8541666666666666,0.02937696609021372,3.726257264743298e-16,27.8125,13.791666666666666,0.20847311250001135,0.16598522599191495,0.15594293561264308,"{""residual+conditioning"": 36, ""residual+conditioning+solver_failure"": 12}"
0.9791666666666666,0.9791666666666667,0.9795918367346939,0.9791666666666667,0.0011120999997729086,digits_2_vs_7,hybrid_qnn_lenient_full_light_svm_rbf,hybrid_qnn_lenient_full_light,svm_rbf,3,4,4,16,2.0,1.1,True,full_light,qnn_lenient,80,,,,,,,32.36374869999963,,,,,,,,,,,,,,,,0.75,1.0,0.8541666666666666,0.02937696609021372,3.726257264743298e-16,27.8125,13.791666666666666,0.20847311250001135,0.16598522599191495,0.15594293561264308,"{""residual+conditioning"": 36, ""residual+conditioning+solver_failure"": 12}"
0.9583333333333334,0.9583333333333334,0.9583333333333334,0.9791666666666667,43.77992460000041,digits_2_vs_7,hybrid_qnn_lenient_full_light_qnn,hybrid_qnn_lenient_full_light,qnn,3,4,4,16,2.0,1.1,True,full_light,qnn_lenient,80,,,,,,,32.36374869999963,,,,,,,,,,,,,,,,0.75,1.0,0.8541666666666666,0.02937696609021372,3.726257264743298e-16,27.8125,13.791666666666666,0.20847311250001135,0.16598522599191495,0.15594293561264308,"{""residual+conditioning"": 36, ""residual+conditioning+solver_failure"": 12}"
0.9791666666666666,0.9791666666666667,0.9795918367346939,0.9913194444444444,0.0027097999991383404,digits_2_vs_7,forced_full_balanced_logreg,forced_full_balanced,logreg,3,4,4,16,2.0,1.1,True,full_balanced,standard,80,,,,,,,46.240718000000015,0.75,0.875,0.75,0.6875,0.029944243757421784,0.06408026752189817,0.0293778203093568,3.60115013802917e-12,3.869244188185939e-16,27.8125,13.104166666666666,2655.4791666666665,0.29050616250003714,0.16598522599191495,0.14959135176424285,,,,,,,,,,,
0.9791666666666666,0.9791666666666667,0.9795918367346939,0.9791666666666667,0.0011849000002257526,digits_2_vs_7,forced_full_balanced_svm_rbf,forced_full_balanced,svm_rbf,3,4,4,16,2.0,1.1,True,full_balanced,standard,80,,,,,,,46.240718000000015,0.75,0.875,0.75,0.6875,0.029944243757421784,0.06408026752189817,0.0293778203093568,3.60115013802917e-12,3.869244188185939e-16,27.8125,13.104166666666666,2655.4791666666665,0.29050616250003714,0.16598522599191495,0.14959135176424285,,,,,,,,,,,
0.9583333333333334,0.9583333333333334,0.9583333333333334,0.9774305555555556,45.43242160000045,digits_2_vs_7,forced_full_balanced_qnn,forced_full_balanced,qnn,3,4,4,16,2.0,1.1,True,full_balanced,standard,80,,,,,,,46.240718000000015,0.75,0.875,0.75,0.6875,0.029944243757421784,0.06408026752189817,0.0293778203093568,3.60115013802917e-12,3.869244188185939e-16,27.8125,13.104166666666666,2655.4791666666665,0.29050616250003714,0.16598522599191495,0.14959135176424285,,,,,,,,,,,
0.9791666666666666,0.9791666666666667,0.9795918367346939,0.9930555555555556,0.0022691000003760564,digits_2_vs_7,hybrid_standard_full_balanced_logreg,hybrid_standard_full_balanced,logreg,3,4,4,16,2.0,1.1,True,full_balanced,standard,80,,,,,,,7.663087200000518,,,,,,,,,,,,,,,,0.75,0.2916666666666667,0.1875,0.029439545500204195,3.0889112990689706e-12,27.8125,23.1875,0.04662441666670247,0.16598522599191495,0.014669396926206266,"{""none"": 34, ""residual+conditioning+solver_failure"": 8, ""conditioning+solver_failure"": 4, ""conditioning"": 2}"
0.9791666666666666,0.9791666666666667,0.9795918367346939,0.9791666666666667,0.0012181999991298653,digits_2_vs_7,hybrid_standard_full_balanced_svm_rbf,hybrid_standard_full_balanced,svm_rbf,3,4,4,16,2.0,1.1,True,full_balanced,standard,80,,,,,,,7.663087200000518,,,,,,,,,,,,,,,,0.75,0.2916666666666667,0.1875,0.029439545500204195,3.0889112990689706e-12,27.8125,23.1875,0.04662441666670247,0.16598522599191495,0.014669396926206266,"{""none"": 34, ""residual+conditioning+solver_failure"": 8, ""conditioning+solver_failure"": 4, ""conditioning"": 2}"
0.9583333333333334,0.9583333333333334,0.9583333333333334,0.9774305555555556,46.03100019999965,digits_2_vs_7,hybrid_standard_full_balanced_qnn,hybrid_standard_full_balanced,qnn,3,4,4,16,2.0,1.1,True,full_balanced,standard,80,,,,,,,7.663087200000518,,,,,,,,,,,,,,,,0.75,0.2916666666666667,0.1875,0.029439545500204195,3.0889112990689706e-12,27.8125,23.1875,0.04662441666670247,0.16598522599191495,0.014669396926206266,"{""none"": 34, ""residual+conditioning+solver_failure"": 8, ""conditioning+solver_failure"": 4, ""conditioning"": 2}"
0.9791666666666666,0.9791666666666667,0.9795918367346939,0.9930555555555556,0.002106800000547082,digits_2_vs_7,hybrid_aggressive_full_balanced_logreg,hybrid_aggressive_full_balanced,logreg,3,4,4,16,2.0,1.1,True,full_balanced,aggressive,80,,,,,,,16.585783000000447,,,,,,,,,,,,,,,,0.75,0.4583333333333333,0.3541666666666667,0.029440132582139733,2.460896741104748e-12,27.8125,21.145833333333332,0.10075674166660065,0.16598522599191495,0.07099833586772099,"{""none"": 26, ""residual+conditioning+solver_failure"": 12, ""conditioning"": 10}"
0.9791666666666666,0.9791666666666667,0.9795918367346939,0.9791666666666667,0.0011282999994364218,digits_2_vs_7,hybrid_aggressive_full_balanced_svm_rbf,hybrid_aggressive_full_balanced,svm_rbf,3,4,4,16,2.0,1.1,True,full_balanced,aggressive,80,,,,,,,16.585783000000447,,,,,,,,,,,,,,,,0.75,0.4583333333333333,0.3541666666666667,0.029440132582139733,2.460896741104748e-12,27.8125,21.145833333333332,0.10075674166660065,0.16598522599191495,0.07099833586772099,"{""none"": 26, ""residual+conditioning+solver_failure"": 12, ""conditioning"": 10}"
0.9583333333333334,0.9583333333333334,0.9583333333333334,0.9774305555555556,43.902570000000196,digits_2_vs_7,hybrid_aggressive_full_balanced_qnn,hybrid_aggressive_full_balanced,qnn,3,4,4,16,2.0,1.1,True,full_balanced,aggressive,80,,,,,,,16.585783000000447,,,,,,,,,,,,,,,,0.75,0.4583333333333333,0.3541666666666667,0.029440132582139733,2.460896741104748e-12,27.8125,21.145833333333332,0.10075674166660065,0.16598522599191495,0.07099833586772099,"{""none"": 26, ""residual+conditioning+solver_failure"": 12, ""conditioning"": 10}"
0.9791666666666666,0.9791666666666667,0.9795918367346939,0.9930555555555556,0.0025456000003032386,digits_2_vs_7,hybrid_always_trigger_full_balanced_logreg,hybrid_always_trigger_full_balanced,logreg,3,4,4,16,2.0,1.1,True,full_balanced,always_trigger,80,,,,,,,45.91840669999965,,,,,,,,,,,,,,,,0.75,1.0,0.8333333333333334,0.029440016488937477,4.0808260687370256e-16,27.8125,14.375,0.2845604458333355,0.16598522599191495,0.14962304771875581,"{""residual+conditioning"": 36, ""residual+conditioning+solver_failure"": 12}"
0.9791666666666666,0.9791666666666667,0.9795918367346939,0.9791666666666667,0.0011139000007460709,digits_2_vs_7,hybrid_always_trigger_full_balanced_svm_rbf,hybrid_always_trigger_full_balanced,svm_rbf,3,4,4,16,2.0,1.1,True,full_balanced,always_trigger,80,,,,,,,45.91840669999965,,,,,,,,,,,,,,,,0.75,1.0,0.8333333333333334,0.029440016488937477,4.0808260687370256e-16,27.8125,14.375,0.2845604458333355,0.16598522599191495,0.14962304771875581,"{""residual+conditioning"": 36, ""residual+conditioning+solver_failure"": 12}"
0.9583333333333334,0.9583333333333334,0.9583333333333334,0.9774305555555556,45.79819959999986,digits_2_vs_7,hybrid_always_trigger_full_balanced_qnn,hybrid_always_trigger_full_balanced,qnn,3,4,4,16,2.0,1.1,True,full_balanced,always_trigger,80,,,,,,,45.91840669999965,,,,,,,,,,,,,,,,0.75,1.0,0.8333333333333334,0.029440016488937477,4.0808260687370256e-16,27.8125,14.375,0.2845604458333355,0.16598522599191495,0.14962304771875581,"{""residual+conditioning"": 36, ""residual+conditioning+solver_failure"": 12}"
0.9791666666666666,0.9791666666666667,0.9795918367346939,0.9930555555555556,0.002008899999964342,digits_2_vs_7,hybrid_qnn_lenient_full_balanced_logreg,hybrid_qnn_lenient_full_balanced,logreg,3,4,4,16,2.0,1.1,True,full_balanced,qnn_lenient,80,,,,,,,45.8388358000002,,,,,,,,,,,,,,,,0.75,1.0,0.8333333333333334,0.029440016488937477,4.0808260687370256e-16,27.8125,14.375,0.2833403937499952,0.16598522599191495,0.14962304771875581,"{""residual+conditioning"": 36, ""residual+conditioning+solver_failure"": 12}"
0.9791666666666666,0.9791666666666667,0.9795918367346939,0.9791666666666667,0.001128699999753735,digits_2_vs_7,hybrid_qnn_lenient_full_balanced_svm_rbf,hybrid_qnn_lenient_full_balanced,svm_rbf,3,4,4,16,2.0,1.1,True,full_balanced,qnn_lenient,80,,,,,,,45.8388358000002,,,,,,,,,,,,,,,,0.75,1.0,0.8333333333333334,0.029440016488937477,4.0808260687370256e-16,27.8125,14.375,0.2833403937499952,0.16598522599191495,0.14962304771875581,"{""residual+conditioning"": 36, ""residual+conditioning+solver_failure"": 12}"
0.9583333333333334,0.9583333333333334,0.9583333333333334,0.9774305555555556,44.51249949999965,digits_2_vs_7,hybrid_qnn_lenient_full_balanced_qnn,hybrid_qnn_lenient_full_balanced,qnn,3,4,4,16,2.0,1.1,True,full_balanced,qnn_lenient,80,,,,,,,45.8388358000002,,,,,,,,,,,,,,,,0.75,1.0,0.8333333333333334,0.029440016488937477,4.0808260687370256e-16,27.8125,14.375,0.2833403937499952,0.16598522599191495,0.14962304771875581,"{""residual+conditioning"": 36, ""residual+conditioning+solver_failure"": 12}"
0.9791666666666666,0.9791666666666667,0.9795918367346939,0.9913194444444444,0.0023598999996465864,digits_2_vs_7,forced_qnn_oriented_logreg,forced_qnn_oriented,logreg,3,4,4,16,2.0,1.1,True,qnn_oriented,standard,80,,,,,,,66.92438110000057,0.75,0.8958333333333334,0.75,0.6875,0.029944243757421784,0.0639747144120419,0.029297453248080082,3.60115013802917e-12,3.781952635227472e-16,27.8125,11.333333333333334,3106.6875,0.41664867291666496,0.16598522599191495,0.14918347204807356,,,,,,,,,,,
0.9791666666666666,0.9791666666666667,0.9795918367346939,0.9791666666666667,0.0011150999998790212,digits_2_vs_7,forced_qnn_oriented_svm_rbf,forced_qnn_oriented,svm_rbf,3,4,4,16,2.0,1.1,True,qnn_oriented,standard,80,,,,,,,66.92438110000057,0.75,0.8958333333333334,0.75,0.6875,0.029944243757421784,0.0639747144120419,0.029297453248080082,3.60115013802917e-12,3.781952635227472e-16,27.8125,11.333333333333334,3106.6875,0.41664867291666496,0.16598522599191495,0.14918347204807356,,,,,,,,,,,
0.9583333333333334,0.9583333333333334,0.9583333333333334,0.9756944444444445,46.37926310000057,digits_2_vs_7,forced_qnn_oriented_qnn,forced_qnn_oriented,qnn,3,4,4,16,2.0,1.1,True,qnn_oriented,standard,80,,,,,,,66.92438110000057,0.75,0.8958333333333334,0.75,0.6875,0.029944243757421784,0.0639747144120419,0.029297453248080082,3.60115013802917e-12,3.781952635227472e-16,27.8125,11.333333333333334,3106.6875,0.41664867291666496,0.16598522599191495,0.14918347204807356,,,,,,,,,,,
0.9791666666666666,0.9791666666666667,0.9795918367346939,0.9913194444444444,0.0024055000003500027,digits_2_vs_7,hybrid_standard_qnn_oriented_logreg,hybrid_standard_qnn_oriented,logreg,3,4,4,16,2.0,1.1,True,qnn_oriented,standard,80,,,,,,,9.810727299999598,,,,,,,,,,,,,,,,0.75,0.2916666666666667,0.1875,0.02935599526797611,3.0889112990689706e-12,27.8125,23.166666666666668,0.061498335416615646,0.16598522599191495,0.01335682356452573,"{""none"": 34, ""residual+conditioning+solver_failure"": 8, ""conditioning+solver_failure"": 4, ""conditioning"": 2}"
0.9791666666666666,0.9791666666666667,0.9795918367346939,0.9791666666666667,0.0011317000007693423,digits_2_vs_7,hybrid_standard_qnn_oriented_svm_rbf,hybrid_standard_qnn_oriented,svm_rbf,3,4,4,16,2.0,1.1,True,qnn_oriented,standard,80,,,,,,,9.810727299999598,,,,,,,,,,,,,,,,0.75,0.2916666666666667,0.1875,0.02935599526797611,3.0889112990689706e-12,27.8125,23.166666666666668,0.061498335416615646,0.16598522599191495,0.01335682356452573,"{""none"": 34, ""residual+conditioning+solver_failure"": 8, ""conditioning+solver_failure"": 4, ""conditioning"": 2}"
0.9583333333333334,0.9583333333333334,0.9583333333333334,0.9756944444444445,45.77208100000007,digits_2_vs_7,hybrid_standard_qnn_oriented_qnn,hybrid_standard_qnn_oriented,qnn,3,4,4,16,2.0,1.1,True,qnn_oriented,standard,80,,,,,,,9.810727299999598,,,,,,,,,,,,,,,,0.75,0.2916666666666667,0.1875,0.02935599526797611,3.0889112990689706e-12,27.8125,23.166666666666668,0.061498335416615646,0.16598522599191495,0.01335682356452573,"{""none"": 34, ""residual+conditioning+solver_failure"": 8, ""conditioning+solver_failure"": 4, ""conditioning"": 2}"
0.9791666666666666,0.9791666666666667,0.9795918367346939,0.9913194444444444,0.001861000000644708,digits_2_vs_7,hybrid_aggressive_qnn_oriented_logreg,hybrid_aggressive_qnn_oriented,logreg,3,4,4,16,2.0,1.1,True,qnn_oriented,aggressive,80,,,,,,,23.070397200000116,,,,,,,,,,,,,,,,0.75,0.4583333333333333,0.375,0.029355206227158037,2.460896741104748e-12,27.8125,19.979166666666668,0.1455326916666877,0.16598522599191495,0.07023927798234031,"{""none"": 26, ""residual+conditioning+solver_failure"": 12, ""conditioning"": 10}"
0.9791666666666666,0.9791666666666667,0.9795918367346939,0.9791666666666667,0.0011388000002625631,digits_2_vs_7,hybrid_aggressive_qnn_oriented_svm_rbf,hybrid_aggressive_qnn_oriented,svm_rbf,3,4,4,16,2.0,1.1,True,qnn_oriented,aggressive,80,,,,,,,23.070397200000116,,,,,,,,,,,,,,,,0.75,0.4583333333333333,0.375,0.029355206227158037,2.460896741104748e-12,27.8125,19.979166666666668,0.1455326916666877,0.16598522599191495,0.07023927798234031,"{""none"": 26, ""residual+conditioning+solver_failure"": 12, ""conditioning"": 10}"
0.9583333333333334,0.9583333333333334,0.9583333333333334,0.9756944444444445,44.7163872000001,digits_2_vs_7,hybrid_aggressive_qnn_oriented_qnn,hybrid_aggressive_qnn_oriented,qnn,3,4,4,16,2.0,1.1,True,qnn_oriented,aggressive,80,,,,,,,23.070397200000116,,,,,,,,,,,,,,,,0.75,0.4583333333333333,0.375,0.029355206227158037,2.460896741104748e-12,27.8125,19.979166666666668,0.1455326916666877,0.16598522599191495,0.07023927798234031,"{""none"": 26, ""residual+conditioning+solver_failure"": 12, ""conditioning"": 10}"
0.9791666666666666,0.9791666666666667,0.9795918367346939,0.9913194444444444,0.0016912999999476597,digits_2_vs_7,hybrid_always_trigger_qnn_oriented_logreg,hybrid_always_trigger_qnn_oriented,logreg,3,4,4,16,2.0,1.1,True,qnn_oriented,always_trigger,80,,,,,,,66.0995812000001,,,,,,,,,,,,,,,,0.75,1.0,0.8541666666666666,0.02935518675155424,3.5722802045275197e-16,27.8125,13.0,0.4157202875000697,0.16598522599191495,0.14910498748709883,"{""residual+conditioning"": 36, ""residual+conditioning+solver_failure"": 12}"
0.9791666666666666,0.9791666666666667,0.9795918367346939,0.9791666666666667,0.0011300999995000893,digits_2_vs_7,hybrid_always_trigger_qnn_oriented_svm_rbf,hybrid_always_trigger_qnn_oriented,svm_rbf,3,4,4,16,2.0,1.1,True,qnn_oriented,always_trigger,80,,,,,,,66.0995812000001,,,,,,,,,,,,,,,,0.75,1.0,0.8541666666666666,0.02935518675155424,3.5722802045275197e-16,27.8125,13.0,0.4157202875000697,0.16598522599191495,0.14910498748709883,"{""residual+conditioning"": 36, ""residual+conditioning+solver_failure"": 12}"
0.9583333333333334,0.9583333333333334,0.9583333333333334,0.9756944444444445,45.811582199999975,digits_2_vs_7,hybrid_always_trigger_qnn_oriented_qnn,hybrid_always_trigger_qnn_oriented,qnn,3,4,4,16,2.0,1.1,True,qnn_oriented,always_trigger,80,,,,,,,66.0995812000001,,,,,,,,,,,,,,,,0.75,1.0,0.8541666666666666,0.02935518675155424,3.5722802045275197e-16,27.8125,13.0,0.4157202875000697,0.16598522599191495,0.14910498748709883,"{""residual+conditioning"": 36, ""residual+conditioning+solver_failure"": 12}"
0.9791666666666666,0.9791666666666667,0.9795918367346939,0.9913194444444444,0.002368899999964924,digits_2_vs_7,hybrid_qnn_lenient_qnn_oriented_logreg,hybrid_qnn_lenient_qnn_oriented,logreg,3,4,4,16,2.0,1.1,True,qnn_oriented,qnn_lenient,80,,,,,,,66.12096259999998,,,,,,,,,,,,,,,,0.75,1.0,0.8541666666666666,0.02935518675155424,3.5722802045275197e-16,27.8125,13.0,0.41649884166668016,0.16598522599191495,0.14910498748709883,"{""residual+conditioning"": 36, ""residual+conditioning+solver_failure"": 12}"
0.9791666666666666,0.9791666666666667,0.9795918367346939,0.9791666666666667,0.0011261999998168903,digits_2_vs_7,hybrid_qnn_lenient_qnn_oriented_svm_rbf,hybrid_qnn_lenient_qnn_oriented,svm_rbf,3,4,4,16,2.0,1.1,True,qnn_oriented,qnn_lenient,80,,,,,,,66.12096259999998,,,,,,,,,,,,,,,,0.75,1.0,0.8541666666666666,0.02935518675155424,3.5722802045275197e-16,27.8125,13.0,0.41649884166668016,0.16598522599191495,0.14910498748709883,"{""residual+conditioning"": 36, ""residual+conditioning+solver_failure"": 12}"
0.9583333333333334,0.9583333333333334,0.9583333333333334,0.9756944444444445,44.22652870000002,digits_2_vs_7,hybrid_qnn_lenient_qnn_oriented_qnn,hybrid_qnn_lenient_qnn_oriented,qnn,3,4,4,16,2.0,1.1,True,qnn_oriented,qnn_lenient,80,,,,,,,66.12096259999998,,,,,,,,,,,,,,,,0.75,1.0,0.8541666666666666,0.02935518675155424,3.5722802045275197e-16,27.8125,13.0,0.41649884166668016,0.16598522599191495,0.14910498748709883,"{""residual+conditioning"": 36, ""residual+conditioning+solver_failure"": 12}"
0.9791666666666666,0.9791666666666667,0.9795918367346939,0.9913194444444444,0.0019272000008641044,digits_2_vs_7,forced_qnn_exploratory_logreg,forced_qnn_exploratory,logreg,3,4,4,16,2.0,1.1,True,qnn_exploratory,standard,80,,,,,,,74.8381057000006,0.75,0.9166666666666666,0.75,0.7083333333333334,0.029944243757421784,0.048749546567148194,0.02929671347494137,3.60115013802917e-12,3.597401151343428e-16,27.8125,11.770833333333334,3091.4583333333335,0.4691829083332853,0.16598522599191495,0.15561506529263439,,,,,,,,,,,
0.9791666666666666,0.9791666666666667,0.9795918367346939,0.9791666666666667,0.0011038000011467375,digits_2_vs_7,forced_qnn_exploratory_svm_rbf,forced_qnn_exploratory,svm_rbf,3,4,4,16,2.0,1.1,True,qnn_exploratory,standard,80,,,,,,,74.8381057000006,0.75,0.9166666666666666,0.75,0.7083333333333334,0.029944243757421784,0.048749546567148194,0.02929671347494137,3.60115013802917e-12,3.597401151343428e-16,27.8125,11.770833333333334,3091.4583333333335,0.4691829083332853,0.16598522599191495,0.15561506529263439,,,,,,,,,,,
0.9583333333333334,0.9583333333333334,0.9583333333333334,0.9756944444444445,45.0092767999995,digits_2_vs_7,forced_qnn_exploratory_qnn,forced_qnn_exploratory,qnn,3,4,4,16,2.0,1.1,True,qnn_exploratory,standard,80,,,,,,,74.8381057000006,0.75,0.9166666666666666,0.75,0.7083333333333334,0.029944243757421784,0.048749546567148194,0.02929671347494137,3.60115013802917e-12,3.597401151343428e-16,27.8125,11.770833333333334,3091.4583333333335,0.4691829083332853,0.16598522599191495,0.15561506529263439,,,,,,,,,,,
0.9791666666666666,0.9791666666666667,0.9795918367346939,0.9913194444444444,0.0020963000006304355,digits_2_vs_7,hybrid_standard_qnn_exploratory_logreg,hybrid_standard_qnn_exploratory,logreg,3,4,4,16,2.0,1.1,True,qnn_exploratory,standard,80,,,,,,,11.40305520000038,,,,,,,,,,,,,,,,0.75,0.2916666666666667,0.20833333333333334,0.02935572830991189,3.0889112990689706e-12,27.8125,22.708333333333332,0.06688159166670478,0.16598522599191495,0.01385407636016853,"{""none"": 34, ""residual+conditioning+solver_failure"": 8, ""conditioning+solver_failure"": 4, ""conditioning"": 2}"
0.9791666666666666,0.9791666666666667,0.9795918367346939,0.9791666666666667,0.0011288000005151844,digits_2_vs_7,hybrid_standard_qnn_exploratory_svm_rbf,hybrid_standard_qnn_exploratory,svm_rbf,3,4,4,16,2.0,1.1,True,qnn_exploratory,standard,80,,,,,,,11.40305520000038,,,,,,,,,,,,,,,,0.75,0.2916666666666667,0.20833333333333334,0.02935572830991189,3.0889112990689706e-12,27.8125,22.708333333333332,0.06688159166670478,0.16598522599191495,0.01385407636016853,"{""none"": 34, ""residual+conditioning+solver_failure"": 8, ""conditioning+solver_failure"": 4, ""conditioning"": 2}"
0.9583333333333334,0.9583333333333334,0.9583333333333334,0.9774305555555556,45.97148019999986,digits_2_vs_7,hybrid_standard_qnn_exploratory_qnn,hybrid_standard_qnn_exploratory,qnn,3,4,4,16,2.0,1.1,True,qnn_exploratory,standard,80,,,,,,,11.40305520000038,,,,,,,,,,,,,,,,0.75,0.2916666666666667,0.20833333333333334,0.02935572830991189,3.0889112990689706e-12,27.8125,22.708333333333332,0.06688159166670478,0.16598522599191495,0.01385407636016853,"{""none"": 34, ""residual+conditioning+solver_failure"": 8, ""conditioning+solver_failure"": 4, ""conditioning"": 2}"
0.9791666666666666,0.9791666666666667,0.9795918367346939,0.9913194444444444,0.0020887999999104068,digits_2_vs_7,hybrid_aggressive_qnn_exploratory_logreg,hybrid_aggressive_qnn_exploratory,logreg,3,4,4,16,2.0,1.1,True,qnn_exploratory,aggressive,80,,,,,,,25.959002699999473,,,,,,,,,,,,,,,,0.75,0.4583333333333333,0.375,0.02935571923967116,2.460896741104748e-12,27.8125,19.875,0.16768452083329066,0.16598522599191495,0.07045801208244784,"{""none"": 26, ""residual+conditioning+solver_failure"": 12, ""conditioning"": 10}"
0.9791666666666666,0.9791666666666667,0.9795918367346939,0.9791666666666667,0.0011033000009774696,digits_2_vs_7,hybrid_aggressive_qnn_exploratory_svm_rbf,hybrid_aggressive_qnn_exploratory,svm_rbf,3,4,4,16,2.0,1.1,True,qnn_exploratory,aggressive,80,,,,,,,25.959002699999473,,,,,,,,,,,,,,,,0.75,0.4583333333333333,0.375,0.02935571923967116,2.460896741104748e-12,27.8125,19.875,0.16768452083329066,0.16598522599191495,0.07045801208244784,"{""none"": 26, ""residual+conditioning+solver_failure"": 12, ""conditioning"": 10}"
0.9583333333333334,0.9583333333333334,0.9583333333333334,0.9774305555555556,44.97720590000063,digits_2_vs_7,hybrid_aggressive_qnn_exploratory_qnn,hybrid_aggressive_qnn_exploratory,qnn,3,4,4,16,2.0,1.1,True,qnn_exploratory,aggressive,80,,,,,,,25.959002699999473,,,,,,,,,,,,,,,,0.75,0.4583333333333333,0.375,0.02935571923967116,2.460896741104748e-12,27.8125,19.875,0.16768452083329066,0.16598522599191495,0.07045801208244784,"{""none"": 26, ""residual+conditioning+solver_failure"": 12, ""conditioning"": 10}"
0.9791666666666666,0.9791666666666667,0.9795918367346939,0.9913194444444444,0.002543599999626167,digits_2_vs_7,hybrid_always_trigger_qnn_exploratory_logreg,hybrid_always_trigger_qnn_exploratory,logreg,3,4,4,16,2.0,1.1,True,qnn_exploratory,always_trigger,80,,,,,,,74.58662280000135,,,,,,,,,,,,,,,,0.7291666666666666,1.0,0.875,0.029355704708395585,3.6182786835175165e-16,27.8125,13.270833333333334,0.4695172979167334,0.16598522599191495,0.15562092371526418,"{""residual+conditioning"": 36, ""residual+conditioning+solver_failure"": 12}"
0.9791666666666666,0.9791666666666667,0.9795918367346939,0.9791666666666667,0.0011180000001331791,digits_2_vs_7,hybrid_always_trigger_qnn_exploratory_svm_rbf,hybrid_always_trigger_qnn_exploratory,svm_rbf,3,4,4,16,2.0,1.1,True,qnn_exploratory,always_trigger,80,,,,,,,74.58662280000135,,,,,,,,,,,,,,,,0.7291666666666666,1.0,0.875,0.029355704708395585,3.6182786835175165e-16,27.8125,13.270833333333334,0.4695172979167334,0.16598522599191495,0.15562092371526418,"{""residual+conditioning"": 36, ""residual+conditioning+solver_failure"": 12}"
0.9583333333333334,0.9583333333333334,0.9583333333333334,0.9774305555555556,44.69526410000071,digits_2_vs_7,hybrid_always_trigger_qnn_exploratory_qnn,hybrid_always_trigger_qnn_exploratory,qnn,3,4,4,16,2.0,1.1,True,qnn_exploratory,always_trigger,80,,,,,,,74.58662280000135,,,,,,,,,,,,,,,,0.7291666666666666,1.0,0.875,0.029355704708395585,3.6182786835175165e-16,27.8125,13.270833333333334,0.4695172979167334,0.16598522599191495,0.15562092371526418,"{""residual+conditioning"": 36, ""residual+conditioning+solver_failure"": 12}"
0.9791666666666666,0.9791666666666667,0.9795918367346939,0.9913194444444444,0.0016300000006594928,digits_2_vs_7,hybrid_qnn_lenient_qnn_exploratory_logreg,hybrid_qnn_lenient_qnn_exploratory,logreg,3,4,4,16,2.0,1.1,True,qnn_exploratory,qnn_lenient,80,,,,,,,74.5469250999995,,,,,,,,,,,,,,,,0.7291666666666666,1.0,0.875,0.029355704708395585,3.6182786835175165e-16,27.8125,13.270833333333334,0.4696294749998818,0.16598522599191495,0.15562092371526418,"{""residual+conditioning"": 36, ""residual+conditioning+solver_failure"": 12}"
0.9791666666666666,0.9791666666666667,0.9795918367346939,0.9791666666666667,0.0011300000005576294,digits_2_vs_7,hybrid_qnn_lenient_qnn_exploratory_svm_rbf,hybrid_qnn_lenient_qnn_exploratory,svm_rbf,3,4,4,16,2.0,1.1,True,qnn_exploratory,qnn_lenient,80,,,,,,,74.5469250999995,,,,,,,,,,,,,,,,0.7291666666666666,1.0,0.875,0.029355704708395585,3.6182786835175165e-16,27.8125,13.270833333333334,0.4696294749998818,0.16598522599191495,0.15562092371526418,"{""residual+conditioning"": 36, ""residual+conditioning+solver_failure"": 12}"
0.9583333333333334,0.9583333333333334,0.9583333333333334,0.9774305555555556,44.08455469999899,digits_2_vs_7,hybrid_qnn_lenient_qnn_exploratory_qnn,hybrid_qnn_lenient_qnn_exploratory,qnn,3,4,4,16,2.0,1.1,True,qnn_exploratory,qnn_lenient,80,,,,,,,74.5469250999995,,,,,,,,,,,,,,,,0.7291666666666666,1.0,0.875,0.029355704708395585,3.6182786835175165e-16,27.8125,13.270833333333334,0.4696294749998818,0.16598522599191495,0.15562092371526418,"{""residual+conditioning"": 36, ""residual+conditioning+solver_failure"": 12}"
0.9791666666666666,0.9791666666666667,0.9795918367346939,0.9913194444444444,0.0016887000001588603,digits_2_vs_7,forced_no_detector_logreg,forced_no_detector,logreg,3,4,4,16,2.0,1.1,True,no_detector,standard,80,,,,,,,17.58763739999995,0.75,0.875,0.75,0.6875,0.029944243757421784,0.0640786513527729,0.029375821197133112,3.60115013802917e-12,3.6899972268983916e-16,27.8125,13.020833333333334,2623.9583333333335,0.109229731250025,0.16598522599191495,0.14955218110367827,,,,,,,,,,,
0.9791666666666666,0.9791666666666667,0.9795918367346939,0.9791666666666667,0.001112099998863414,digits_2_vs_7,forced_no_detector_svm_rbf,forced_no_detector,svm_rbf,3,4,4,16,2.0,1.1,True,no_detector,standard,80,,,,,,,17.58763739999995,0.75,0.875,0.75,0.6875,0.029944243757421784,0.0640786513527729,0.029375821197133112,3.60115013802917e-12,3.6899972268983916e-16,27.8125,13.020833333333334,2623.9583333333335,0.109229731250025,0.16598522599191495,0.14955218110367827,,,,,,,,,,,
0.9583333333333334,0.9583333333333334,0.9583333333333334,0.9756944444444445,44.844363399999565,digits_2_vs_7,forced_no_detector_qnn,forced_no_detector,qnn,3,4,4,16,2.0,1.1,True,no_detector,standard,80,,,,,,,17.58763739999995,0.75,0.875,0.75,0.6875,0.029944243757421784,0.0640786513527729,0.029375821197133112,3.60115013802917e-12,3.6899972268983916e-16,27.8125,13.020833333333334,2623.9583333333335,0.109229731250025,0.16598522599191495,0.14955218110367827,,,,,,,,,,,
0.9791666666666666,0.9791666666666667,0.9795918367346939,0.9930555555555556,0.0021414000002550893,digits_2_vs_7,hybrid_standard_no_detector_logreg,hybrid_standard_no_detector,logreg,3,4,4,16,2.0,1.1,True,no_detector,standard,80,,,,,,,2.901179000000411,,,,,,,,,,,,,,,,0.75,0.2916666666666667,0.1875,0.02943898199809637,3.0889112990689706e-12,27.8125,23.229166666666668,0.017730027083302957,0.16598522599191495,0.014420714232275708,"{""none"": 34, ""residual+conditioning+solver_failure"": 8, ""conditioning+solver_failure"": 4, ""conditioning"": 2}"
0.9791666666666666,0.9791666666666667,0.9795918367346939,0.9791666666666667,0.0011280999988230178,digits_2_vs_7,hybrid_standard_no_detector_svm_rbf,hybrid_standard_no_detector,svm_rbf,3,4,4,16,2.0,1.1,True,no_detector,standard,80,,,,,,,2.901179000000411,,,,,,,,,,,,,,,,0.75,0.2916666666666667,0.1875,0.02943898199809637,3.0889112990689706e-12,27.8125,23.229166666666668,0.017730027083302957,0.16598522599191495,0.014420714232275708,"{""none"": 34, ""residual+conditioning+solver_failure"": 8, ""conditioning+solver_failure"": 4, ""conditioning"": 2}"
0.9583333333333334,0.9583333333333334,0.9583333333333334,0.9774305555555556,44.15390110000044,digits_2_vs_7,hybrid_standard_no_detector_qnn,hybrid_standard_no_detector,qnn,3,4,4,16,2.0,1.1,True,no_detector,standard,80,,,,,,,2.901179000000411,,,,,,,,,,,,,,,,0.75,0.2916666666666667,0.1875,0.02943898199809637,3.0889112990689706e-12,27.8125,23.229166666666668,0.017730027083302957,0.16598522599191495,0.014420714232275708,"{""none"": 34, ""residual+conditioning+solver_failure"": 8, ""conditioning+solver_failure"": 4, ""conditioning"": 2}"
0.9791666666666666,0.9791666666666667,0.9795918367346939,0.9930555555555556,0.0023693000002822373,digits_2_vs_7,hybrid_aggressive_no_detector_logreg,hybrid_aggressive_no_detector,logreg,3,4,4,16,2.0,1.1,True,no_detector,aggressive,80,,,,,,,6.413139999998748,,,,,,,,,,,,,,,,0.75,0.4583333333333333,0.3333333333333333,0.02943898199766253,2.460896741104748e-12,27.8125,20.833333333333332,0.03914201249991341,0.16598522599191495,0.07083372205060193,"{""none"": 26, ""residual+conditioning+solver_failure"": 12, ""conditioning"": 10}"
0.9791666666666666,0.9791666666666667,0.9795918367346939,0.9791666666666667,0.0011126000008516712,digits_2_vs_7,hybrid_aggressive_no_detector_svm_rbf,hybrid_aggressive_no_detector,svm_rbf,3,4,4,16,2.0,1.1,True,no_detector,aggressive,80,,,,,,,6.413139999998748,,,,,,,,,,,,,,,,0.75,0.4583333333333333,0.3333333333333333,0.02943898199766253,2.460896741104748e-12,27.8125,20.833333333333332,0.03914201249991341,0.16598522599191495,0.07083372205060193,"{""none"": 26, ""residual+conditioning+solver_failure"": 12, ""conditioning"": 10}"
0.9583333333333334,0.9583333333333334,0.9583333333333334,0.9774305555555556,46.064011200000095,digits_2_vs_7,hybrid_aggressive_no_detector_qnn,hybrid_aggressive_no_detector,qnn,3,4,4,16,2.0,1.1,True,no_detector,aggressive,80,,,,,,,6.413139999998748,,,,,,,,,,,,,,,,0.75,0.4583333333333333,0.3333333333333333,0.02943898199766253,2.460896741104748e-12,27.8125,20.833333333333332,0.03914201249991341,0.16598522599191495,0.07083372205060193,"{""none"": 26, ""residual+conditioning+solver_failure"": 12, ""conditioning"": 10}"
0.9791666666666666,0.9791666666666667,0.9795918367346939,0.9930555555555556,0.002298299999893061,digits_2_vs_7,hybrid_always_trigger_no_detector_logreg,hybrid_always_trigger_no_detector,logreg,3,4,4,16,2.0,1.1,True,no_detector,always_trigger,80,,,,,,,17.606005699999514,,,,,,,,,,,,,,,,0.75,1.0,0.8125,0.029438981995987223,3.6899972268983916e-16,27.8125,14.958333333333334,0.11010134791642183,0.16598522599191495,0.14955218110367827,"{""residual+conditioning"": 36, ""residual+conditioning+solver_failure"": 12}"
0.9791666666666666,0.9791666666666667,0.9795918367346939,0.9791666666666667,0.0011398000006010989,digits_2_vs_7,hybrid_always_trigger_no_detector_svm_rbf,hybrid_always_trigger_no_detector,svm_rbf,3,4,4,16,2.0,1.1,True,no_detector,always_trigger,80,,,,,,,17.606005699999514,,,,,,,,,,,,,,,,0.75,1.0,0.8125,0.029438981995987223,3.6899972268983916e-16,27.8125,14.958333333333334,0.11010134791642183,0.16598522599191495,0.14955218110367827,"{""residual+conditioning"": 36, ""residual+conditioning+solver_failure"": 12}"
0.9583333333333334,0.9583333333333334,0.9583333333333334,0.9774305555555556,44.62607030000072,digits_2_vs_7,hybrid_always_trigger_no_detector_qnn,hybrid_always_trigger_no_detector,qnn,3,4,4,16,2.0,1.1,True,no_detector,always_trigger,80,,,,,,,17.606005699999514,,,,,,,,,,,,,,,,0.75,1.0,0.8125,0.029438981995987223,3.6899972268983916e-16,27.8125,14.958333333333334,0.11010134791642183,0.16598522599191495,0.14955218110367827,"{""residual+conditioning"": 36, ""residual+conditioning+solver_failure"": 12}"
0.9791666666666666,0.9791666666666667,0.9795918367346939,0.9930555555555556,0.0022134000009828014,digits_2_vs_7,hybrid_qnn_lenient_no_detector_logreg,hybrid_qnn_lenient_no_detector,logreg,3,4,4,16,2.0,1.1,True,no_detector,qnn_lenient,80,,,,,,,17.669823300000644,,,,,,,,,,,,,,,,0.75,1.0,0.8125,0.029438981995987223,3.6899972268983916e-16,27.8125,14.958333333333334,0.11162287083326798,0.16598522599191495,0.14955218110367827,"{""residual+conditioning"": 36, ""residual+conditioning+solver_failure"": 12}"
0.9791666666666666,0.9791666666666667,0.9795918367346939,0.9791666666666667,0.0016419999992649537,digits_2_vs_7,hybrid_qnn_lenient_no_detector_svm_rbf,hybrid_qnn_lenient_no_detector,svm_rbf,3,4,4,16,2.0,1.1,True,no_detector,qnn_lenient,80,,,,,,,17.669823300000644,,,,,,,,,,,,,,,,0.75,1.0,0.8125,0.029438981995987223,3.6899972268983916e-16,27.8125,14.958333333333334,0.11162287083326798,0.16598522599191495,0.14955218110367827,"{""residual+conditioning"": 36, ""residual+conditioning+solver_failure"": 12}"
0.9583333333333334,0.9583333333333334,0.9583333333333334,0.9774305555555556,44.87661010000011,digits_2_vs_7,hybrid_qnn_lenient_no_detector_qnn,hybrid_qnn_lenient_no_detector,qnn,3,4,4,16,2.0,1.1,True,no_detector,qnn_lenient,80,,,,,,,17.669823300000644,,,,,,,,,,,,,,,,0.75,1.0,0.8125,0.029438981995987223,3.6899972268983916e-16,27.8125,14.958333333333334,0.11162287083326798,0.16598522599191495,0.14955218110367827,"{""residual+conditioning"": 36, ""residual+conditioning+solver_failure"": 12}"
0.9791666666666666,0.9791666666666667,0.9795918367346939,0.9913194444444444,0.0021331999996618833,digits_2_vs_7,forced_residual_only_logreg,forced_residual_only,logreg,3,4,4,16,2.0,1.1,True,residual_only,standard,80,,,,,,,8.08327939999981,0.75,0.9375,0.75,0.7291666666666666,0.029944243757421784,0.03727262106340764,0.027090821436448868,3.60115013802917e-12,3.823039289498051e-16,27.8125,10.354166666666666,2808.8333333333335,0.05044224583336169,0.16598522599191495,0.16174343466243524,,,,,,,,,,,
0.9791666666666666,0.9791666666666667,0.9795918367346939,0.9791666666666667,0.0011985999990429264,digits_2_vs_7,forced_residual_only_svm_rbf,forced_residual_only,svm_rbf,3,4,4,16,2.0,1.1,True,residual_only,standard,80,,,,,,,8.08327939999981,0.75,0.9375,0.75,0.7291666666666666,0.029944243757421784,0.03727262106340764,0.027090821436448868,3.60115013802917e-12,3.823039289498051e-16,27.8125,10.354166666666666,2808.8333333333335,0.05044224583336169,0.16598522599191495,0.16174343466243524,,,,,,,,,,,
0.9375,0.9375,0.9361702127659575,0.9722222222222222,44.04115559999991,digits_2_vs_7,forced_residual_only_qnn,forced_residual_only,qnn,3,4,4,16,2.0,1.1,True,residual_only,standard,80,,,,,,,8.08327939999981,0.75,0.9375,0.75,0.7291666666666666,0.029944243757421784,0.03727262106340764,0.027090821436448868,3.60115013802917e-12,3.823039289498051e-16,27.8125,10.354166666666666,2808.8333333333335,0.05044224583336169,0.16598522599191495,0.16174343466243524,,,,,,,,,,,
0.9791666666666666,0.9791666666666667,0.9795918367346939,0.9913194444444444,0.0017594000000826782,digits_2_vs_7,hybrid_standard_residual_only_logreg,hybrid_standard_residual_only,logreg,3,4,4,16,2.0,1.1,True,residual_only,standard,80,,,,,,,1.3984073999999964,,,,,,,,,,,,,,,,0.75,0.2916666666666667,0.22916666666666666,0.027120419157865745,3.0889112990689706e-12,27.8125,22.125,0.008097143750129968,0.16598522599191495,0.013505019173549624,"{""none"": 34, ""residual+conditioning+solver_failure"": 8, ""conditioning+solver_failure"": 4, ""conditioning"": 2}"
0.9791666666666666,0.9791666666666667,0.9795918367346939,0.9791666666666667,0.0011432999999669846,digits_2_vs_7,hybrid_standard_residual_only_svm_rbf,hybrid_standard_residual_only,svm_rbf,3,4,4,16,2.0,1.1,True,residual_only,standard,80,,,,,,,1.3984073999999964,,,,,,,,,,,,,,,,0.75,0.2916666666666667,0.22916666666666666,0.027120419157865745,3.0889112990689706e-12,27.8125,22.125,0.008097143750129968,0.16598522599191495,0.013505019173549624,"{""none"": 34, ""residual+conditioning+solver_failure"": 8, ""conditioning+solver_failure"": 4, ""conditioning"": 2}"
0.9583333333333334,0.9583333333333334,0.9583333333333334,0.9947916666666667,45.34032719999959,digits_2_vs_7,hybrid_standard_residual_only_qnn,hybrid_standard_residual_only,qnn,3,4,4,16,2.0,1.1,True,residual_only,standard,80,,,,,,,1.3984073999999964,,,,,,,,,,,,,,,,0.75,0.2916666666666667,0.22916666666666666,0.027120419157865745,3.0889112990689706e-12,27.8125,22.125,0.008097143750129968,0.16598522599191495,0.013505019173549624,"{""none"": 34, ""residual+conditioning+solver_failure"": 8, ""conditioning+solver_failure"": 4, ""conditioning"": 2}"
0.9791666666666666,0.9791666666666667,0.9795918367346939,0.9913194444444444,0.0022950000002310844,digits_2_vs_7,hybrid_aggressive_residual_only_logreg,hybrid_aggressive_residual_only,logreg,3,4,4,16,2.0,1.1,True,residual_only,aggressive,80,,,,,,,3.0046731999991607,,,,,,,,,,,,,,,,0.75,0.4583333333333333,0.3958333333333333,0.02712041915742196,2.460896741104748e-12,27.8125,19.5625,0.01842695833340713,0.16598522599191495,0.0702510070132595,"{""none"": 26, ""residual+conditioning+solver_failure"": 12, ""conditioning"": 10}"
0.9791666666666666,0.9791666666666667,0.9795918367346939,0.9791666666666667,0.0011592999999265885,digits_2_vs_7,hybrid_aggressive_residual_only_svm_rbf,hybrid_aggressive_residual_only,svm_rbf,3,4,4,16,2.0,1.1,True,residual_only,aggressive,80,,,,,,,3.0046731999991607,,,,,,,,,,,,,,,,0.75,0.4583333333333333,0.3958333333333333,0.02712041915742196,2.460896741104748e-12,27.8125,19.5625,0.01842695833340713,0.16598522599191495,0.0702510070132595,"{""none"": 26, ""residual+conditioning+solver_failure"": 12, ""conditioning"": 10}"
0.9583333333333334,0.9583333333333334,0.9583333333333334,0.9947916666666667,44.142355199999656,digits_2_vs_7,hybrid_aggressive_residual_only_qnn,hybrid_aggressive_residual_only,qnn,3,4,4,16,2.0,1.1,True,residual_only,aggressive,80,,,,,,,3.0046731999991607,,,,,,,,,,,,,,,,0.75,0.4583333333333333,0.3958333333333333,0.02712041915742196,2.460896741104748e-12,27.8125,19.5625,0.01842695833340713,0.16598522599191495,0.0702510070132595,"{""none"": 26, ""residual+conditioning+solver_failure"": 12, ""conditioning"": 10}"
0.9791666666666666,0.9791666666666667,0.9795918367346939,0.9913194444444444,0.001761100000294391,digits_2_vs_7,hybrid_always_trigger_residual_only_logreg,hybrid_always_trigger_residual_only,logreg,3,4,4,16,2.0,1.1,True,residual_only,always_trigger,80,,,,,,,8.117583600000216,,,,,,,,,,,,,,,,0.75,1.0,0.9166666666666666,0.027120419155494457,3.823039289498051e-16,27.8125,12.270833333333334,0.05070653958360557,0.16598522599191495,0.16174343466243524,"{""residual+conditioning"": 36, ""residual+conditioning+solver_failure"": 12}"
0.9791666666666666,0.9791666666666667,0.9795918367346939,0.9791666666666667,0.0010963000004267087,digits_2_vs_7,hybrid_always_trigger_residual_only_svm_rbf,hybrid_always_trigger_residual_only,svm_rbf,3,4,4,16,2.0,1.1,True,residual_only,always_trigger,80,,,,,,,8.117583600000216,,,,,,,,,,,,,,,,0.75,1.0,0.9166666666666666,0.027120419155494457,3.823039289498051e-16,27.8125,12.270833333333334,0.05070653958360557,0.16598522599191495,0.16174343466243524,"{""residual+conditioning"": 36, ""residual+conditioning+solver_failure"": 12}"
0.9583333333333334,0.9583333333333334,0.9583333333333334,0.9947916666666667,45.893018499999016,digits_2_vs_7,hybrid_always_trigger_residual_only_qnn,hybrid_always_trigger_residual_only,qnn,3,4,4,16,2.0,1.1,True,residual_only,always_trigger,80,,,,,,,8.117583600000216,,,,,,,,,,,,,,,,0.75,1.0,0.9166666666666666,0.027120419155494457,3.823039289498051e-16,27.8125,12.270833333333334,0.05070653958360557,0.16598522599191495,0.16174343466243524,"{""residual+conditioning"": 36, ""residual+conditioning+solver_failure"": 12}"
0.9791666666666666,0.9791666666666667,0.9795918367346939,0.9913194444444444,0.0017772999999579042,digits_2_vs_7,hybrid_qnn_lenient_residual_only_logreg,hybrid_qnn_lenient_residual_only,logreg,3,4,4,16,2.0,1.1,True,residual_only,qnn_lenient,80,,,,,,,8.082967899999858,,,,,,,,,,,,,,,,0.75,1.0,0.9166666666666666,0.027120419155494457,3.823039289498051e-16,27.8125,12.270833333333334,0.05062356250001206,0.16598522599191495,0.16174343466243524,"{""residual+conditioning"": 36, ""residual+conditioning+solver_failure"": 12}"
0.9791666666666666,0.9791666666666667,0.9795918367346939,0.9791666666666667,0.0011056999992433703,digits_2_vs_7,hybrid_qnn_lenient_residual_only_svm_rbf,hybrid_qnn_lenient_residual_only,svm_rbf,3,4,4,16,2.0,1.1,True,residual_only,qnn_lenient,80,,,,,,,8.082967899999858,,,,,,,,,,,,,,,,0.75,1.0,0.9166666666666666,0.027120419155494457,3.823039289498051e-16,27.8125,12.270833333333334,0.05062356250001206,0.16598522599191495,0.16174343466243524,"{""residual+conditioning"": 36, ""residual+conditioning+solver_failure"": 12}"
0.9583333333333334,0.9583333333333334,0.9583333333333334,0.9947916666666667,44.98102040000049,digits_2_vs_7,hybrid_qnn_lenient_residual_only_qnn,hybrid_qnn_lenient_residual_only,qnn,3,4,4,16,2.0,1.1,True,residual_only,qnn_lenient,80,,,,,,,8.082967899999858,,,,,,,,,,,,,,,,0.75,1.0,0.9166666666666666,0.027120419155494457,3.823039289498051e-16,27.8125,12.270833333333334,0.05062356250001206,0.16598522599191495,0.16174343466243524,"{""residual+conditioning"": 36, ""residual+conditioning+solver_failure"": 12}"
0.9791666666666666,0.9791666666666667,0.9795918367346939,1.0,0.001525499999843305,digits_2_vs_7,pca_logreg,pca,logreg,4,4,4,16,2.0,1.1,True,full_balanced,standard,80,,,,,,,,,,,,,,,,,,,,,,,,,,,,,,,,,
1.0,1.0,1.0,1.0,0.04635169999892241,digits_2_vs_7,pca_mlp,pca,mlp,4,4,4,16,2.0,1.1,True,full_balanced,standard,80,,,,,,,,,,,,,,,,,,,,,,,,,,,,,,,,,
1.0,1.0,1.0,1.0,0.001194799999211682,digits_2_vs_7,pca_svm_rbf,pca,svm_rbf,4,4,4,16,2.0,1.1,True,full_balanced,standard,80,,,,,,,,,,,,,,,,,,,,,,,,,,,,,,,,,
0.9791666666666666,0.9791666666666667,0.9787234042553191,0.998263888888889,45.498310000000856,digits_2_vs_7,pca_qnn,pca,qnn,4,4,4,16,2.0,1.1,True,full_balanced,standard,80,,,,,,,,,,,,,,,,,,,,,,,,,,,,,,,,,
0.9583333333333334,0.9583333333333333,0.96,0.9965277777777778,0.0026574000003165565,digits_2_vs_7,implicit_zero_logreg,implicit_zero,logreg,4,4,4,16,2.0,1.1,True,full_balanced,standard,80,0.8541666666666666,0.009325529222078015,2.667840557068644e-12,31.083333333333332,0.0002555708334739393,0.19680345080774173,0.04783840000163764,,,,,,,,,,,,,,,,,,,,,,,,,,
1.0,1.0,1.0,1.0,0.0015024000003904803,digits_2_vs_7,implicit_zero_svm_rbf,implicit_zero,svm_rbf,4,4,4,16,2.0,1.1,True,full_balanced,standard,80,0.8541666666666666,0.009325529222078015,2.667840557068644e-12,31.083333333333332,0.0002555708334739393,0.19680345080774173,0.04783840000163764,,,,,,,,,,,,,,,,,,,,,,,,,,
0.875,0.875,0.8636363636363636,0.9583333333333334,45.51857779999955,digits_2_vs_7,implicit_zero_qnn,implicit_zero,qnn,4,4,4,16,2.0,1.1,True,full_balanced,standard,80,0.8541666666666666,0.009325529222078015,2.667840557068644e-12,31.083333333333332,0.0002555708334739393,0.19680345080774173,0.04783840000163764,,,,,,,,,,,,,,,,,,,,,,,,,,
1.0,1.0,1.0,1.0,0.002128899999661371,digits_2_vs_7,forced_full_light_logreg,forced_full_light,logreg,4,4,4,16,2.0,1.1,True,full_light,standard,80,,,,,,,32.7582835000012,0.8541666666666666,0.7916666666666666,0.8541666666666666,0.7291666666666666,0.009325529222078015,0.03352734515080854,0.009297354733154095,2.667840557068644e-12,4.4370278288186664e-16,31.083333333333332,12.541666666666666,2318.3125,0.21496962083335802,0.19680345080774173,0.1520788597795771,,,,,,,,,,,
1.0,1.0,1.0,1.0,0.0010091000003740191,digits_2_vs_7,forced_full_light_svm_rbf,forced_full_light,svm_rbf,4,4,4,16,2.0,1.1,True,full_light,standard,80,,,,,,,32.7582835000012,0.8541666666666666,0.7916666666666666,0.8541666666666666,0.7291666666666666,0.009325529222078015,0.03352734515080854,0.009297354733154095,2.667840557068644e-12,4.4370278288186664e-16,31.083333333333332,12.541666666666666,2318.3125,0.21496962083335802,0.19680345080774173,0.1520788597795771,,,,,,,,,,,
0.9375,0.9375,0.9361702127659575,0.9895833333333333,45.512832599999456,digits_2_vs_7,forced_full_light_qnn,forced_full_light,qnn,4,4,4,16,2.0,1.1,True,full_light,standard,80,,,,,,,32.7582835000012,0.8541666666666666,0.7916666666666666,0.8541666666666666,0.7291666666666666,0.009325529222078015,0.03352734515080854,0.009297354733154095,2.667840557068644e-12,4.4370278288186664e-16,31.083333333333332,12.541666666666666,2318.3125,0.21496962083335802,0.19680345080774173,0.1520788597795771,,,,,,,,,,,
0.9583333333333334,0.9583333333333333,0.96,0.9965277777777778,0.002065299999230774,digits_2_vs_7,hybrid_standard_full_light_logreg,hybrid_standard_full_light,logreg,4,4,4,16,2.0,1.1,True,full_light,standard,80,,,,,,,6.045319599999857,,,,,,,,,,,,,,,,0.8541666666666666,0.16666666666666666,0.08333333333333333,0.009310193293143608,2.667840557068644e-12,31.083333333333332,29.666666666666668,0.025143116666640708,0.19680345080774173,0.010852461927413284,"{""none"": 40, ""conditioning+solver_failure"": 3, ""conditioning"": 1, ""residual+conditioning+solver_failure"": 4}"
1.0,1.0,1.0,1.0,0.0010751999998319661,digits_2_vs_7,hybrid_standard_full_light_svm_rbf,hybrid_standard_full_light,svm_rbf,4,4,4,16,2.0,1.1,True,full_light,standard,80,,,,,,,6.045319599999857,,,,,,,,,,,,,,,,0.8541666666666666,0.16666666666666666,0.08333333333333333,0.009310193293143608,2.667840557068644e-12,31.083333333333332,29.666666666666668,0.025143116666640708,0.19680345080774173,0.010852461927413284,"{""none"": 40, ""conditioning+solver_failure"": 3, ""conditioning"": 1, ""residual+conditioning+solver_failure"": 4}"
0.9375,0.9375,0.9333333333333333,0.9965277777777777,43.770831499999986,digits_2_vs_7,hybrid_standard_full_light_qnn,hybrid_standard_full_light,qnn,4,4,4,16,2.0,1.1,True,full_light,standard,80,,,,,,,6.045319599999857,,,,,,,,,,,,,,,,0.8541666666666666,0.16666666666666666,0.08333333333333333,0.009310193293143608,2.667840557068644e-12,31.083333333333332,29.666666666666668,0.025143116666640708,0.19680345080774173,0.010852461927413284,"{""none"": 40, ""conditioning+solver_failure"": 3, ""conditioning"": 1, ""residual+conditioning+solver_failure"": 4}"
0.9791666666666666,0.9791666666666667,0.9795918367346939,1.0,0.0021254000002954854,digits_2_vs_7,hybrid_aggressive_full_light_logreg,hybrid_aggressive_full_light,logreg,4,4,4,16,2.0,1.1,True,full_light,aggressive,80,,,,,,,15.113586800000121,,,,,,,,,,,,,,,,0.8541666666666666,0.4583333333333333,0.3333333333333333,0.009307411764278515,1.7364785468374626e-12,31.083333333333332,24.8125,0.08860291666671098,0.19680345080774173,0.08361264084010055,"{""none"": 26, ""conditioning"": 15, ""residual+conditioning+solver_failure"": 7}"
1.0,1.0,1.0,1.0,0.0010612000005494338,digits_2_vs_7,hybrid_aggressive_full_light_svm_rbf,hybrid_aggressive_full_light,svm_rbf,4,4,4,16,2.0,1.1,True,full_light,aggressive,80,,,,,,,15.113586800000121,,,,,,,,,,,,,,,,0.8541666666666666,0.4583333333333333,0.3333333333333333,0.009307411764278515,1.7364785468374626e-12,31.083333333333332,24.8125,0.08860291666671098,0.19680345080774173,0.08361264084010055,"{""none"": 26, ""conditioning"": 15, ""residual+conditioning+solver_failure"": 7}"
0.9583333333333334,0.9583333333333333,0.9565217391304348,0.9965277777777778,46.22383459999946,digits_2_vs_7,hybrid_aggressive_full_light_qnn,hybrid_aggressive_full_light,qnn,4,4,4,16,2.0,1.1,True,full_light,aggressive,80,,,,,,,15.113586800000121,,,,,,,,,,,,,,,,0.8541666666666666,0.4583333333333333,0.3333333333333333,0.009307411764278515,1.7364785468374626e-12,31.083333333333332,24.8125,0.08860291666671098,0.19680345080774173,0.08361264084010055,"{""none"": 26, ""conditioning"": 15, ""residual+conditioning+solver_failure"": 7}"
1.0,1.0,1.0,1.0,0.002122800000506686,digits_2_vs_7,hybrid_always_trigger_full_light_logreg,hybrid_always_trigger_full_light,logreg,4,4,4,16,2.0,1.1,True,full_light,always_trigger,80,,,,,,,32.589711600001465,,,,,,,,,,,,,,,,0.8541666666666666,1.0,0.7291666666666666,0.009310201803550987,4.621254397202442e-16,31.083333333333332,15.729166666666666,0.2101876270833524,0.19680345080774173,0.1531263225018399,"{""residual+conditioning"": 41, ""residual+conditioning+solver_failure"": 7}"
1.0,1.0,1.0,1.0,0.0009996999997383682,digits_2_vs_7,hybrid_always_trigger_full_light_svm_rbf,hybrid_always_trigger_full_light,svm_rbf,4,4,4,16,2.0,1.1,True,full_light,always_trigger,80,,,,,,,32.589711600001465,,,,,,,,,,,,,,,,0.8541666666666666,1.0,0.7291666666666666,0.009310201803550987,4.621254397202442e-16,31.083333333333332,15.729166666666666,0.2101876270833524,0.19680345080774173,0.1531263225018399,"{""residual+conditioning"": 41, ""residual+conditioning+solver_failure"": 7}"
0.9375,0.9375,0.9333333333333333,0.9826388888888888,45.29732429999967,digits_2_vs_7,hybrid_always_trigger_full_light_qnn,hybrid_always_trigger_full_light,qnn,4,4,4,16,2.0,1.1,True,full_light,always_trigger,80,,,,,,,32.589711600001465,,,,,,,,,,,,,,,,0.8541666666666666,1.0,0.7291666666666666,0.009310201803550987,4.621254397202442e-16,31.083333333333332,15.729166666666666,0.2101876270833524,0.19680345080774173,0.1531263225018399,"{""residual+conditioning"": 41, ""residual+conditioning+solver_failure"": 7}"
1.0,1.0,1.0,1.0,0.0019489999995130347,digits_2_vs_7,hybrid_qnn_lenient_full_light_logreg,hybrid_qnn_lenient_full_light,logreg,4,4,4,16,2.0,1.1,True,full_light,qnn_lenient,80,,,,,,,32.59128289999899,,,,,,,,,,,,,,,,0.8541666666666666,1.0,0.7291666666666666,0.009310201803550987,4.621254397202442e-16,31.083333333333332,15.729166666666666,0.21128786874983993,0.19680345080774173,0.1531263225018399,"{""residual+conditioning"": 41, ""residual+conditioning+solver_failure"": 7}"
1.0,1.0,1.0,1.0,0.0010038000000349712,digits_2_vs_7,hybrid_qnn_lenient_full_light_svm_rbf,hybrid_qnn_lenient_full_light,svm_rbf,4,4,4,16,2.0,1.1,True,full_light,qnn_lenient,80,,,,,,,32.59128289999899,,,,,,,,,,,,,,,,0.8541666666666666,1.0,0.7291666666666666,0.009310201803550987,4.621254397202442e-16,31.083333333333332,15.729166666666666,0.21128786874983993,0.19680345080774173,0.1531263225018399,"{""residual+conditioning"": 41, ""residual+conditioning+solver_failure"": 7}"
0.9375,0.9375,0.9333333333333333,0.9826388888888888,44.6519548999986,digits_2_vs_7,hybrid_qnn_lenient_full_light_qnn,hybrid_qnn_lenient_full_light,qnn,4,4,4,16,2.0,1.1,True,full_light,qnn_lenient,80,,,,,,,32.59128289999899,,,,,,,,,,,,,,,,0.8541666666666666,1.0,0.7291666666666666,0.009310201803550987,4.621254397202442e-16,31.083333333333332,15.729166666666666,0.21128786874983993,0.19680345080774173,0.1531263225018399,"{""residual+conditioning"": 41, ""residual+conditioning+solver_failure"": 7}"
1.0,1.0,1.0,1.0,0.0017472999988967786,digits_2_vs_7,forced_full_balanced_logreg,forced_full_balanced,logreg,4,4,4,16,2.0,1.1,True,full_balanced,standard,80,,,,,,,46.72488940000039,0.8541666666666666,0.7708333333333334,0.8541666666666666,0.7291666666666666,0.009325529222078015,0.041106065078956804,0.009298943026777308,2.667840557068644e-12,4.519146020160895e-16,31.083333333333332,14.0,2729.5,0.29934585625001847,0.19680345080774173,0.16653363511309707,,,,,,,,,,,
1.0,1.0,1.0,1.0,0.0009738999997352948,digits_2_vs_7,forced_full_balanced_svm_rbf,forced_full_balanced,svm_rbf,4,4,4,16,2.0,1.1,True,full_balanced,standard,80,,,,,,,46.72488940000039,0.8541666666666666,0.7708333333333334,0.8541666666666666,0.7291666666666666,0.009325529222078015,0.041106065078956804,0.009298943026777308,2.667840557068644e-12,4.519146020160895e-16,31.083333333333332,14.0,2729.5,0.29934585625001847,0.19680345080774173,0.16653363511309707,,,,,,,,,,,
0.9166666666666666,0.9166666666666667,0.9130434782608695,0.9565972222222222,44.288861899998665,digits_2_vs_7,forced_full_balanced_qnn,forced_full_balanced,qnn,4,4,4,16,2.0,1.1,True,full_balanced,standard,80,,,,,,,46.72488940000039,0.8541666666666666,0.7708333333333334,0.8541666666666666,0.7291666666666666,0.009325529222078015,0.041106065078956804,0.009298943026777308,2.667840557068644e-12,4.519146020160895e-16,31.083333333333332,14.0,2729.5,0.29934585625001847,0.19680345080774173,0.16653363511309707,,,,,,,,,,,
0.9583333333333334,0.9583333333333333,0.96,0.9965277777777778,0.002215000000433065,digits_2_vs_7,hybrid_standard_full_balanced_logreg,hybrid_standard_full_balanced,logreg,4,4,4,16,2.0,1.1,True,full_balanced,standard,80,,,,,,,7.205243200000041,,,,,,,,,,,,,,,,0.8541666666666666,0.16666666666666666,0.0625,0.009313890770518697,2.667840557068644e-12,31.083333333333332,30.104166666666668,0.029962466666537086,0.19680345080774173,0.010444922361632367,"{""none"": 40, ""conditioning+solver_failure"": 3, ""conditioning"": 1, ""residual+conditioning+solver_failure"": 4}"
1.0,1.0,1.0,1.0,0.0010507000006327871,digits_2_vs_7,hybrid_standard_full_balanced_svm_rbf,hybrid_standard_full_balanced,svm_rbf,4,4,4,16,2.0,1.1,True,full_balanced,standard,80,,,,,,,7.205243200000041,,,,,,,,,,,,,,,,0.8541666666666666,0.16666666666666666,0.0625,0.009313890770518697,2.667840557068644e-12,31.083333333333332,30.104166666666668,0.029962466666537086,0.19680345080774173,0.010444922361632367,"{""none"": 40, ""conditioning+solver_failure"": 3, ""conditioning"": 1, ""residual+conditioning+solver_failure"": 4}"
0.9375,0.9375,0.9333333333333333,0.9965277777777777,45.878105900001174,digits_2_vs_7,hybrid_standard_full_balanced_qnn,hybrid_standard_full_balanced,qnn,4,4,4,16,2.0,1.1,True,full_balanced,standard,80,,,,,,,7.205243200000041,,,,,,,,,,,,,,,,0.8541666666666666,0.16666666666666666,0.0625,0.009313890770518697,2.667840557068644e-12,31.083333333333332,30.104166666666668,0.029962466666537086,0.19680345080774173,0.010444922361632367,"{""none"": 40, ""conditioning+solver_failure"": 3, ""conditioning"": 1, ""residual+conditioning+solver_failure"": 4}"
0.9791666666666666,0.9791666666666667,0.9795918367346939,1.0,0.0022759000003134133,digits_2_vs_7,hybrid_aggressive_full_balanced_logreg,hybrid_aggressive_full_balanced,logreg,4,4,4,16,2.0,1.1,True,full_balanced,aggressive,80,,,,,,,20.904281499999342,,,,,,,,,,,,,,,,0.8541666666666666,0.4583333333333333,0.2916666666666667,0.009313888426031907,1.5856942254945133e-12,31.083333333333332,25.8125,0.12885357083344692,0.19680345080774173,0.08953456076088263,"{""none"": 26, ""conditioning"": 15, ""residual+conditioning+solver_failure"": 7}"
1.0,1.0,1.0,1.0,0.0010814999986905605,digits_2_vs_7,hybrid_aggressive_full_balanced_svm_rbf,hybrid_aggressive_full_balanced,svm_rbf,4,4,4,16,2.0,1.1,True,full_balanced,aggressive,80,,,,,,,20.904281499999342,,,,,,,,,,,,,,,,0.8541666666666666,0.4583333333333333,0.2916666666666667,0.009313888426031907,1.5856942254945133e-12,31.083333333333332,25.8125,0.12885357083344692,0.19680345080774173,0.08953456076088263,"{""none"": 26, ""conditioning"": 15, ""residual+conditioning+solver_failure"": 7}"
0.9166666666666666,0.9166666666666667,0.9130434782608695,0.9913194444444444,46.06009719999929,digits_2_vs_7,hybrid_aggressive_full_balanced_qnn,hybrid_aggressive_full_balanced,qnn,4,4,4,16,2.0,1.1,True,full_balanced,aggressive,80,,,,,,,20.904281499999342,,,,,,,,,,,,,,,,0.8541666666666666,0.4583333333333333,0.2916666666666667,0.009313888426031907,1.5856942254945133e-12,31.083333333333332,25.8125,0.12885357083344692,0.19680345080774173,0.08953456076088263,"{""none"": 26, ""conditioning"": 15, ""residual+conditioning+solver_failure"": 7}"
1.0,1.0,1.0,1.0,0.002285700000356883,digits_2_vs_7,hybrid_always_trigger_full_balanced_logreg,hybrid_always_trigger_full_balanced,logreg,4,4,4,16,2.0,1.1,True,full_balanced,always_trigger,80,,,,,,,46.059843199998795,,,,,,,,,,,,,,,,0.8541666666666666,1.0,0.75,0.009313535233822256,4.0459656520670264e-16,31.083333333333332,15.333333333333334,0.2925977729166789,0.19680345080774173,0.16652120321401656,"{""residual+conditioning"": 41, ""residual+conditioning+solver_failure"": 7}"
1.0,1.0,1.0,1.0,0.001009199999316479,digits_2_vs_7,hybrid_always_trigger_full_balanced_svm_rbf,hybrid_always_trigger_full_balanced,svm_rbf,4,4,4,16,2.0,1.1,True,full_balanced,always_trigger,80,,,,,,,46.059843199998795,,,,,,,,,,,,,,,,0.8541666666666666,1.0,0.75,0.009313535233822256,4.0459656520670264e-16,31.083333333333332,15.333333333333334,0.2925977729166789,0.19680345080774173,0.16652120321401656,"{""residual+conditioning"": 41, ""residual+conditioning+solver_failure"": 7}"
0.9375,0.9375,0.9361702127659575,0.9809027777777777,45.456420499998785,digits_2_vs_7,hybrid_always_trigger_full_balanced_qnn,hybrid_always_trigger_full_balanced,qnn,4,4,4,16,2.0,1.1,True,full_balanced,always_trigger,80,,,,,,,46.059843199998795,,,,,,,,,,,,,,,,0.8541666666666666,1.0,0.75,0.009313535233822256,4.0459656520670264e-16,31.083333333333332,15.333333333333334,0.2925977729166789,0.19680345080774173,0.16652120321401656,"{""residual+conditioning"": 41, ""residual+conditioning+solver_failure"": 7}"
1.0,1.0,1.0,1.0,0.0018834000002243556,digits_2_vs_7,hybrid_qnn_lenient_full_balanced_logreg,hybrid_qnn_lenient_full_balanced,logreg,4,4,4,16,2.0,1.1,True,full_balanced,qnn_lenient,80,,,,,,,46.03914740000073,,,,,,,,,,,,,,,,0.8541666666666666,1.0,0.75,0.009313535233822256,4.0459656520670264e-16,31.083333333333332,15.333333333333334,0.2937914270834578,0.19680345080774173,0.16652120321401656,"{""residual+conditioning"": 41, ""residual+conditioning+solver_failure"": 7}"
1.0,1.0,1.0,1.0,0.0010012000002461718,digits_2_vs_7,hybrid_qnn_lenient_full_balanced_svm_rbf,hybrid_qnn_lenient_full_balanced,svm_rbf,4,4,4,16,2.0,1.1,True,full_balanced,qnn_lenient,80,,,,,,,46.03914740000073,,,,,,,,,,,,,,,,0.8541666666666666,1.0,0.75,0.009313535233822256,4.0459656520670264e-16,31.083333333333332,15.333333333333334,0.2937914270834578,0.19680345080774173,0.16652120321401656,"{""residual+conditioning"": 41, ""residual+conditioning+solver_failure"": 7}"
0.9375,0.9375,0.9361702127659575,0.9809027777777777,44.48896020000029,digits_2_vs_7,hybrid_qnn_lenient_full_balanced_qnn,hybrid_qnn_lenient_full_balanced,qnn,4,4,4,16,2.0,1.1,True,full_balanced,qnn_lenient,80,,,,,,,46.03914740000073,,,,,,,,,,,,,,,,0.8541666666666666,1.0,0.75,0.009313535233822256,4.0459656520670264e-16,31.083333333333332,15.333333333333334,0.2937914270834578,0.19680345080774173,0.16652120321401656,"{""residual+conditioning"": 41, ""residual+conditioning+solver_failure"": 7}"
1.0,1.0,1.0,1.0,0.00206879999859666,digits_2_vs_7,forced_qnn_oriented_logreg,forced_qnn_oriented,logreg,4,4,4,16,2.0,1.1,True,qnn_oriented,standard,80,,,,,,,64.65579670000079,0.8541666666666666,0.7916666666666666,0.8541666666666666,0.7291666666666666,0.009325529222078015,0.03351773633913916,0.009294947533833052,2.667840557068644e-12,4.70155058353302e-16,31.083333333333332,12.291666666666666,3115.8958333333335,0.41892873333347325,0.19680345080774173,0.15169963193140876,,,,,,,,,,,
1.0,1.0,1.0,1.0,0.0010196000002906658,digits_2_vs_7,forced_qnn_oriented_svm_rbf,forced_qnn_oriented,svm_rbf,4,4,4,16,2.0,1.1,True,qnn_oriented,standard,80,,,,,,,64.65579670000079,0.8541666666666666,0.7916666666666666,0.8541666666666666,0.7291666666666666,0.009325529222078015,0.03351773633913916,0.009294947533833052,2.667840557068644e-12,4.70155058353302e-16,31.083333333333332,12.291666666666666,3115.8958333333335,0.41892873333347325,0.19680345080774173,0.15169963193140876,,,,,,,,,,,
0.9375,0.9375,0.9333333333333333,0.984375,44.30274879999888,digits_2_vs_7,forced_qnn_oriented_qnn,forced_qnn_oriented,qnn,4,4,4,16,2.0,1.1,True,qnn_oriented,standard,80,,,,,,,64.65579670000079,0.8541666666666666,0.7916666666666666,0.8541666666666666,0.7291666666666666,0.009325529222078015,0.03351773633913916,0.009294947533833052,2.667840557068644e-12,4.70155058353302e-16,31.083333333333332,12.291666666666666,3115.8958333333335,0.41892873333347325,0.19680345080774173,0.15169963193140876,,,,,,,,,,,
0.9583333333333334,0.9583333333333333,0.96,0.9965277777777778,0.0022986999993008794,digits_2_vs_7,hybrid_standard_qnn_oriented_logreg,hybrid_standard_qnn_oriented,logreg,4,4,4,16,2.0,1.1,True,qnn_oriented,standard,80,,,,,,,9.279695600000196,,,,,,,,,,,,,,,,0.8541666666666666,0.16666666666666666,0.08333333333333333,0.009313368079486533,2.667840557068644e-12,31.083333333333332,29.520833333333332,0.03859164375001001,0.19680345080774173,0.010245534111924913,"{""none"": 40, ""conditioning+solver_failure"": 3, ""conditioning"": 1, ""residual+conditioning+solver_failure"": 4}"
1.0,1.0,1.0,1.0,0.0010660000007192139,digits_2_vs_7,hybrid_standard_qnn_oriented_svm_rbf,hybrid_standard_qnn_oriented,svm_rbf,4,4,4,16,2.0,1.1,True,qnn_oriented,standard,80,,,,,,,9.279695600000196,,,,,,,,,,,,,,,,0.8541666666666666,0.16666666666666666,0.08333333333333333,0.009313368079486533,2.667840557068644e-12,31.083333333333332,29.520833333333332,0.03859164375001001,0.19680345080774173,0.010245534111924913,"{""none"": 40, ""conditioning+solver_failure"": 3, ""conditioning"": 1, ""residual+conditioning+solver_failure"": 4}"
0.9375,0.9375,0.9333333333333333,0.9965277777777777,45.3366447999997,digits_2_vs_7,hybrid_standard_qnn_oriented_qnn,hybrid_standard_qnn_oriented,qnn,4,4,4,16,2.0,1.1,True,qnn_oriented,standard,80,,,,,,,9.279695600000196,,,,,,,,,,,,,,,,0.8541666666666666,0.16666666666666666,0.08333333333333333,0.009313368079486533,2.667840557068644e-12,31.083333333333332,29.520833333333332,0.03859164375001001,0.19680345080774173,0.010245534111924913,"{""none"": 40, ""conditioning+solver_failure"": 3, ""conditioning"": 1, ""residual+conditioning+solver_failure"": 4}"
0.9791666666666666,0.9791666666666667,0.9795918367346939,1.0,0.002505399999790825,digits_2_vs_7,hybrid_aggressive_qnn_oriented_logreg,hybrid_aggressive_qnn_oriented,logreg,4,4,4,16,2.0,1.1,True,qnn_oriented,aggressive,80,,,,,,,27.7364951999989,,,,,,,,,,,,,,,,0.8541666666666666,0.4583333333333333,0.3125,0.009313438452244402,1.645868193957005e-12,31.083333333333332,25.395833333333332,0.16170563125005324,0.19680345080774173,0.08090695372224321,"{""none"": 26, ""conditioning"": 15, ""residual+conditioning+solver_failure"": 7}"
1.0,1.0,1.0,1.0,0.00104760000067472,digits_2_vs_7,hybrid_aggressive_qnn_oriented_svm_rbf,hybrid_aggressive_qnn_oriented,svm_rbf,4,4,4,16,2.0,1.1,True,qnn_oriented,aggressive,80,,,,,,,27.7364951999989,,,,,,,,,,,,,,,,0.8541666666666666,0.4583333333333333,0.3125,0.009313438452244402,1.645868193957005e-12,31.083333333333332,25.395833333333332,0.16170563125005324,0.19680345080774173,0.08090695372224321,"{""none"": 26, ""conditioning"": 15, ""residual+conditioning+solver_failure"": 7}"
0.9166666666666666,0.9166666666666667,0.9090909090909091,0.9930555555555556,45.35637390000011,digits_2_vs_7,hybrid_aggressive_qnn_oriented_qnn,hybrid_aggressive_qnn_oriented,qnn,4,4,4,16,2.0,1.1,True,qnn_oriented,aggressive,80,,,,,,,27.7364951999989,,,,,,,,,,,,,,,,0.8541666666666666,0.4583333333333333,0.3125,0.009313438452244402,1.645868193957005e-12,31.083333333333332,25.395833333333332,0.16170563125005324,0.19680345080774173,0.08090695372224321,"{""none"": 26, ""conditioning"": 15, ""residual+conditioning+solver_failure"": 7}"
1.0,1.0,1.0,1.0,0.0020107000000280095,digits_2_vs_7,hybrid_always_trigger_qnn_oriented_logreg,hybrid_always_trigger_qnn_oriented,logreg,4,4,4,16,2.0,1.1,True,qnn_oriented,always_trigger,80,,,,,,,63.93101939999906,,,,,,,,,,,,,,,,0.8541666666666666,1.0,0.7708333333333334,0.00931338551681747,4.435955116990699e-16,31.083333333333332,15.645833333333334,0.4108702687499317,0.19680345080774173,0.15168902007417062,"{""residual+conditioning"": 41, ""residual+conditioning+solver_failure"": 7}"
1.0,1.0,1.0,1.0,0.001081000000340282,digits_2_vs_7,hybrid_always_trigger_qnn_oriented_svm_rbf,hybrid_always_trigger_qnn_oriented,svm_rbf,4,4,4,16,2.0,1.1,True,qnn_oriented,always_trigger,80,,,,,,,63.93101939999906,,,,,,,,,,,,,,,,0.8541666666666666,1.0,0.7708333333333334,0.00931338551681747,4.435955116990699e-16,31.083333333333332,15.645833333333334,0.4108702687499317,0.19680345080774173,0.15168902007417062,"{""residual+conditioning"": 41, ""residual+conditioning+solver_failure"": 7}"
0.9375,0.9375,0.9333333333333333,0.998263888888889,45.338324599999396,digits_2_vs_7,hybrid_always_trigger_qnn_oriented_qnn,hybrid_always_trigger_qnn_oriented,qnn,4,4,4,16,2.0,1.1,True,qnn_oriented,always_trigger,80,,,,,,,63.93101939999906,,,,,,,,,,,,,,,,0.8541666666666666,1.0,0.7708333333333334,0.00931338551681747,4.435955116990699e-16,31.083333333333332,15.645833333333334,0.4108702687499317,0.19680345080774173,0.15168902007417062,"{""residual+conditioning"": 41, ""residual+conditioning+solver_failure"": 7}"
1.0,1.0,1.0,1.0,0.002004300000407966,digits_2_vs_7,hybrid_qnn_lenient_qnn_oriented_logreg,hybrid_qnn_lenient_qnn_oriented,logreg,4,4,4,16,2.0,1.1,True,qnn_oriented,qnn_lenient,80,,,,,,,63.60562570000002,,,,,,,,,,,,,,,,0.8541666666666666,1.0,0.7708333333333334,0.00931338551681747,4.435955116990699e-16,31.083333333333332,15.645833333333334,0.4080606041665836,0.19680345080774173,0.15168902007417062,"{""residual+conditioning"": 41, ""residual+conditioning+solver_failure"": 7}"
1.0,1.0,1.0,1.0,0.0011467000003904104,digits_2_vs_7,hybrid_qnn_lenient_qnn_oriented_svm_rbf,hybrid_qnn_lenient_qnn_oriented,svm_rbf,4,4,4,16,2.0,1.1,True,qnn_oriented,qnn_lenient,80,,,,,,,63.60562570000002,,,,,,,,,,,,,,,,0.8541666666666666,1.0,0.7708333333333334,0.00931338551681747,4.435955116990699e-16,31.083333333333332,15.645833333333334,0.4080606041665836,0.19680345080774173,0.15168902007417062,"{""residual+conditioning"": 41, ""residual+conditioning+solver_failure"": 7}"
0.9375,0.9375,0.9333333333333333,0.998263888888889,43.79070299999876,digits_2_vs_7,hybrid_qnn_lenient_qnn_oriented_qnn,hybrid_qnn_lenient_qnn_oriented,qnn,4,4,4,16,2.0,1.1,True,qnn_oriented,qnn_lenient,80,,,,,,,63.60562570000002,,,,,,,,,,,,,,,,0.8541666666666666,1.0,0.7708333333333334,0.00931338551681747,4.435955116990699e-16,31.083333333333332,15.645833333333334,0.4080606041665836,0.19680345080774173,0.15168902007417062,"{""residual+conditioning"": 41, ""residual+conditioning+solver_failure"": 7}"
1.0,1.0,1.0,1.0,0.002481600000464823,digits_2_vs_7,forced_qnn_exploratory_logreg,forced_qnn_exploratory,logreg,4,4,4,16,2.0,1.1,True,qnn_exploratory,standard,80,,,,,,,74.14736349999839,0.8541666666666666,0.8125,0.8541666666666666,0.7291666666666666,0.009325529222078015,0.03352009005998466,0.009302408009252488,2.667840557068644e-12,4.458741206350474e-16,31.083333333333332,11.770833333333334,3218.25,0.4862066750000243,0.19680345080774173,0.15093212425690392,,,,,,,,,,,
1.0,1.0,1.0,1.0,0.001041899999108864,digits_2_vs_7,forced_qnn_exploratory_svm_rbf,forced_qnn_exploratory,svm_rbf,4,4,4,16,2.0,1.1,True,qnn_exploratory,standard,80,,,,,,,74.14736349999839,0.8541666666666666,0.8125,0.8541666666666666,0.7291666666666666,0.009325529222078015,0.03352009005998466,0.009302408009252488,2.667840557068644e-12,4.458741206350474e-16,31.083333333333332,11.770833333333334,3218.25,0.4862066750000243,0.19680345080774173,0.15093212425690392,,,,,,,,,,,
0.9375,0.9375,0.9333333333333333,0.998263888888889,44.96292799999901,digits_2_vs_7,forced_qnn_exploratory_qnn,forced_qnn_exploratory,qnn,4,4,4,16,2.0,1.1,True,qnn_exploratory,standard,80,,,,,,,74.14736349999839,0.8541666666666666,0.8125,0.8541666666666666,0.7291666666666666,0.009325529222078015,0.03352009005998466,0.009302408009252488,2.667840557068644e-12,4.458741206350474e-16,31.083333333333332,11.770833333333334,3218.25,0.4862066750000243,0.19680345080774173,0.15093212425690392,,,,,,,,,,,
0.9583333333333334,0.9583333333333333,0.96,0.9965277777777778,0.002456599999277387,digits_2_vs_7,hybrid_standard_qnn_exploratory_logreg,hybrid_standard_qnn_exploratory,logreg,4,4,4,16,2.0,1.1,True,qnn_exploratory,standard,80,,,,,,,10.758343100000275,,,,,,,,,,,,,,,,0.8541666666666666,0.16666666666666666,0.08333333333333333,0.009312519312493585,2.667840557068644e-12,31.083333333333332,29.125,0.044074750000163476,0.19680345080774173,0.010324944717272824,"{""none"": 40, ""conditioning+solver_failure"": 3, ""conditioning"": 1, ""residual+conditioning+solver_failure"": 4}"
1.0,1.0,1.0,1.0,0.0011028000008082017,digits_2_vs_7,hybrid_standard_qnn_exploratory_svm_rbf,hybrid_standard_qnn_exploratory,svm_rbf,4,4,4,16,2.0,1.1,True,qnn_exploratory,standard,80,,,,,,,10.758343100000275,,,,,,,,,,,,,,,,0.8541666666666666,0.16666666666666666,0.08333333333333333,0.009312519312493585,2.667840557068644e-12,31.083333333333332,29.125,0.044074750000163476,0.19680345080774173,0.010324944717272824,"{""none"": 40, ""conditioning+solver_failure"": 3, ""conditioning"": 1, ""residual+conditioning+solver_failure"": 4}"
0.9375,0.9375,0.9333333333333333,0.9947916666666666,45.03072289999909,digits_2_vs_7,hybrid_standard_qnn_exploratory_qnn,hybrid_standard_qnn_exploratory,qnn,4,4,4,16,2.0,1.1,True,qnn_exploratory,standard,80,,,,,,,10.758343100000275,,,,,,,,,,,,,,,,0.8541666666666666,0.16666666666666666,0.08333333333333333,0.009312519312493585,2.667840557068644e-12,31.083333333333332,29.125,0.044074750000163476,0.19680345080774173,0.010324944717272824,"{""none"": 40, ""conditioning+solver_failure"": 3, ""conditioning"": 1, ""residual+conditioning+solver_failure"": 4}"
0.9791666666666666,0.9791666666666667,0.9795918367346939,1.0,0.0018952999998873565,digits_2_vs_7,hybrid_aggressive_qnn_exploratory_logreg,hybrid_aggressive_qnn_exploratory,logreg,4,4,4,16,2.0,1.1,True,qnn_exploratory,aggressive,80,,,,,,,31.849526500000138,,,,,,,,,,,,,,,,0.8541666666666666,0.4583333333333333,0.3125,0.009312539921928103,1.5856942254945133e-12,31.083333333333332,24.5625,0.1924247458334397,0.19680345080774173,0.08097611819764261,"{""none"": 26, ""conditioning"": 15, ""residual+conditioning+solver_failure"": 7}"
1.0,1.0,1.0,1.0,0.0010956000005535316,digits_2_vs_7,hybrid_aggressive_qnn_exploratory_svm_rbf,hybrid_aggressive_qnn_exploratory,svm_rbf,4,4,4,16,2.0,1.1,True,qnn_exploratory,aggressive,80,,,,,,,31.849526500000138,,,,,,,,,,,,,,,,0.8541666666666666,0.4583333333333333,0.3125,0.009312539921928103,1.5856942254945133e-12,31.083333333333332,24.5625,0.1924247458334397,0.19680345080774173,0.08097611819764261,"{""none"": 26, ""conditioning"": 15, ""residual+conditioning+solver_failure"": 7}"
0.9166666666666666,0.9166666666666667,0.9090909090909091,0.9930555555555556,46.00754270000107,digits_2_vs_7,hybrid_aggressive_qnn_exploratory_qnn,hybrid_aggressive_qnn_exploratory,qnn,4,4,4,16,2.0,1.1,True,qnn_exploratory,aggressive,80,,,,,,,31.849526500000138,,,,,,,,,,,,,,,,0.8541666666666666,0.4583333333333333,0.3125,0.009312539921928103,1.5856942254945133e-12,31.083333333333332,24.5625,0.1924247458334397,0.19680345080774173,0.08097611819764261,"{""none"": 26, ""conditioning"": 15, ""residual+conditioning+solver_failure"": 7}"
1.0,1.0,1.0,1.0,0.0018681999990803888,digits_2_vs_7,hybrid_always_trigger_qnn_exploratory_logreg,hybrid_always_trigger_qnn_exploratory,logreg,4,4,4,16,2.0,1.1,True,qnn_exploratory,always_trigger,80,,,,,,,73.79615249999915,,,,,,,,,,,,,,,,0.8541666666666666,1.0,0.7708333333333334,0.009312532316635166,4.3132706646561386e-16,31.083333333333332,13.958333333333334,0.4869541604166064,0.19680345080774173,0.15169022647189415,"{""residual+conditioning"": 41, ""residual+conditioning+solver_failure"": 7}"
1.0,1.0,1.0,1.0,0.0010217999988526572,digits_2_vs_7,hybrid_always_trigger_qnn_exploratory_svm_rbf,hybrid_always_trigger_qnn_exploratory,svm_rbf,4,4,4,16,2.0,1.1,True,qnn_exploratory,always_trigger,80,,,,,,,73.79615249999915,,,,,,,,,,,,,,,,0.8541666666666666,1.0,0.7708333333333334,0.009312532316635166,4.3132706646561386e-16,31.083333333333332,13.958333333333334,0.4869541604166064,0.19680345080774173,0.15169022647189415,"{""residual+conditioning"": 41, ""residual+conditioning+solver_failure"": 7}"
0.9375,0.9375,0.9333333333333333,0.998263888888889,45.24274299999888,digits_2_vs_7,hybrid_always_trigger_qnn_exploratory_qnn,hybrid_always_trigger_qnn_exploratory,qnn,4,4,4,16,2.0,1.1,True,qnn_exploratory,always_trigger,80,,,,,,,73.79615249999915,,,,,,,,,,,,,,,,0.8541666666666666,1.0,0.7708333333333334,0.009312532316635166,4.3132706646561386e-16,31.083333333333332,13.958333333333334,0.4869541604166064,0.19680345080774173,0.15169022647189415,"{""residual+conditioning"": 41, ""residual+conditioning+solver_failure"": 7}"
1.0,1.0,1.0,1.0,0.0015533999994659098,digits_2_vs_7,hybrid_qnn_lenient_qnn_exploratory_logreg,hybrid_qnn_lenient_qnn_exploratory,logreg,4,4,4,16,2.0,1.1,True,qnn_exploratory,qnn_lenient,80,,,,,,,73.83849920000102,,,,,,,,,,,,,,,,0.8541666666666666,1.0,0.7708333333333334,0.009312532316635166,4.3132706646561386e-16,31.083333333333332,13.958333333333334,0.4867475020832899,0.19680345080774173,0.15169022647189415,"{""residual+conditioning"": 41, ""residual+conditioning+solver_failure"": 7}"
1.0,1.0,1.0,1.0,0.0010111000010510907,digits_2_vs_7,hybrid_qnn_lenient_qnn_exploratory_svm_rbf,hybrid_qnn_lenient_qnn_exploratory,svm_rbf,4,4,4,16,2.0,1.1,True,qnn_exploratory,qnn_lenient,80,,,,,,,73.83849920000102,,,,,,,,,,,,,,,,0.8541666666666666,1.0,0.7708333333333334,0.009312532316635166,4.3132706646561386e-16,31.083333333333332,13.958333333333334,0.4867475020832899,0.19680345080774173,0.15169022647189415,"{""residual+conditioning"": 41, ""residual+conditioning+solver_failure"": 7}"
0.9375,0.9375,0.9333333333333333,0.998263888888889,45.394793800000116,digits_2_vs_7,hybrid_qnn_lenient_qnn_exploratory_qnn,hybrid_qnn_lenient_qnn_exploratory,qnn,4,4,4,16,2.0,1.1,True,qnn_exploratory,qnn_lenient,80,,,,,,,73.83849920000102,,,,,,,,,,,,,,,,0.8541666666666666,1.0,0.7708333333333334,0.009312532316635166,4.3132706646561386e-16,31.083333333333332,13.958333333333334,0.4867475020832899,0.19680345080774173,0.15169022647189415,"{""residual+conditioning"": 41, ""residual+conditioning+solver_failure"": 7}"
1.0,1.0,1.0,1.0,0.0020048000005772337,digits_2_vs_7,forced_no_detector_logreg,forced_no_detector,logreg,4,4,4,16,2.0,1.1,True,no_detector,standard,80,,,,,,,17.774859099999958,0.8541666666666666,0.7916666666666666,0.8541666666666666,0.7291666666666666,0.009325529222078015,0.04109855849314422,0.009300208914295588,2.667840557068644e-12,4.441546377582574e-16,31.083333333333332,14.395833333333334,2696.9166666666665,0.11344083333339465,0.19680345080774173,0.16048871011492893,,,,,,,,,,,
1.0,1.0,1.0,1.0,0.000976999999693362,digits_2_vs_7,forced_no_detector_svm_rbf,forced_no_detector,svm_rbf,4,4,4,16,2.0,1.1,True,no_detector,standard,80,,,,,,,17.774859099999958,0.8541666666666666,0.7916666666666666,0.8541666666666666,0.7291666666666666,0.009325529222078015,0.04109855849314422,0.009300208914295588,2.667840557068644e-12,4.441546377582574e-16,31.083333333333332,14.395833333333334,2696.9166666666665,0.11344083333339465,0.19680345080774173,0.16048871011492893,,,,,,,,,,,
0.9166666666666666,0.9166666666666667,0.9130434782608695,0.9618055555555556,45.34744109999883,digits_2_vs_7,forced_no_detector_qnn,forced_no_detector,qnn,4,4,4,16,2.0,1.1,True,no_detector,standard,80,,,,,,,17.774859099999958,0.8541666666666666,0.7916666666666666,0.8541666666666666,0.7291666666666666,0.009325529222078015,0.04109855849314422,0.009300208914295588,2.667840557068644e-12,4.441546377582574e-16,31.083333333333332,14.395833333333334,2696.9166666666665,0.11344083333339465,0.19680345080774173,0.16048871011492893,,,,,,,,,,,
0.9583333333333334,0.9583333333333333,0.96,0.9965277777777778,0.001916900000651367,digits_2_vs_7,hybrid_standard_no_detector_logreg,hybrid_standard_no_detector,logreg,4,4,4,16,2.0,1.1,True,no_detector,standard,80,,,,,,,2.8347391999996034,,,,,,,,,,,,,,,,0.8541666666666666,0.16666666666666666,0.08333333333333333,0.009316409986419935,2.667840557068644e-12,31.083333333333332,29.416666666666668,0.011383852083592197,0.19680345080774173,0.010235289207502834,"{""none"": 40, ""conditioning+solver_failure"": 3, ""conditioning"": 1, ""residual+conditioning+solver_failure"": 4}"
1.0,1.0,1.0,1.0,0.0013564000000769738,digits_2_vs_7,hybrid_standard_no_detector_svm_rbf,hybrid_standard_no_detector,svm_rbf,4,4,4,16,2.0,1.1,True,no_detector,standard,80,,,,,,,2.8347391999996034,,,,,,,,,,,,,,,,0.8541666666666666,0.16666666666666666,0.08333333333333333,0.009316409986419935,2.667840557068644e-12,31.083333333333332,29.416666666666668,0.011383852083592197,0.19680345080774173,0.010235289207502834,"{""none"": 40, ""conditioning+solver_failure"": 3, ""conditioning"": 1, ""residual+conditioning+solver_failure"": 4}"
0.9375,0.9375,0.9333333333333333,0.9965277777777777,43.917908600000374,digits_2_vs_7,hybrid_standard_no_detector_qnn,hybrid_standard_no_detector,qnn,4,4,4,16,2.0,1.1,True,no_detector,standard,80,,,,,,,2.8347391999996034,,,,,,,,,,,,,,,,0.8541666666666666,0.16666666666666666,0.08333333333333333,0.009316409986419935,2.667840557068644e-12,31.083333333333332,29.416666666666668,0.011383852083592197,0.19680345080774173,0.010235289207502834,"{""none"": 40, ""conditioning+solver_failure"": 3, ""conditioning"": 1, ""residual+conditioning+solver_failure"": 4}"
0.9791666666666666,0.9791666666666667,0.9795918367346939,1.0,0.00233969999862893,digits_2_vs_7,hybrid_aggressive_no_detector_logreg,hybrid_aggressive_no_detector,logreg,4,4,4,16,2.0,1.1,True,no_detector,aggressive,80,,,,,,,8.001092300000892,,,,,,,,,,,,,,,,0.8541666666666666,0.4583333333333333,0.3125,0.009316409985530209,1.5856942254945133e-12,31.083333333333332,25.104166666666668,0.048402989583375224,0.19680345080774173,0.08942938306716731,"{""none"": 26, ""conditioning"": 15, ""residual+conditioning+solver_failure"": 7}"
1.0,1.0,1.0,1.0,0.001042300000335672,digits_2_vs_7,hybrid_aggressive_no_detector_svm_rbf,hybrid_aggressive_no_detector,svm_rbf,4,4,4,16,2.0,1.1,True,no_detector,aggressive,80,,,,,,,8.001092300000892,,,,,,,,,,,,,,,,0.8541666666666666,0.4583333333333333,0.3125,0.009316409985530209,1.5856942254945133e-12,31.083333333333332,25.104166666666668,0.048402989583375224,0.19680345080774173,0.08942938306716731,"{""none"": 26, ""conditioning"": 15, ""residual+conditioning+solver_failure"": 7}"
0.9166666666666666,0.9166666666666667,0.9130434782608695,0.9913194444444444,44.56310420000045,digits_2_vs_7,hybrid_aggressive_no_detector_qnn,hybrid_aggressive_no_detector,qnn,4,4,4,16,2.0,1.1,True,no_detector,aggressive,80,,,,,,,8.001092300000892,,,,,,,,,,,,,,,,0.8541666666666666,0.4583333333333333,0.3125,0.009316409985530209,1.5856942254945133e-12,31.083333333333332,25.104166666666668,0.048402989583375224,0.19680345080774173,0.08942938306716731,"{""none"": 26, ""conditioning"": 15, ""residual+conditioning+solver_failure"": 7}"
1.0,1.0,1.0,1.0,0.002164499999707914,digits_2_vs_7,hybrid_always_trigger_no_detector_logreg,hybrid_always_trigger_no_detector,logreg,4,4,4,16,2.0,1.1,True,no_detector,always_trigger,80,,,,,,,17.967272799998682,,,,,,,,,,,,,,,,0.8541666666666666,1.0,0.75,0.00931640998341402,4.441546377582574e-16,31.083333333333332,15.5625,0.11362240416660067,0.19680345080774173,0.16048871011492893,"{""residual+conditioning"": 41, ""residual+conditioning+solver_failure"": 7}"
1.0,1.0,1.0,1.0,0.0013424999997369014,digits_2_vs_7,hybrid_always_trigger_no_detector_svm_rbf,hybrid_always_trigger_no_detector,svm_rbf,4,4,4,16,2.0,1.1,True,no_detector,always_trigger,80,,,,,,,17.967272799998682,,,,,,,,,,,,,,,,0.8541666666666666,1.0,0.75,0.00931640998341402,4.441546377582574e-16,31.083333333333332,15.5625,0.11362240416660067,0.19680345080774173,0.16048871011492893,"{""residual+conditioning"": 41, ""residual+conditioning+solver_failure"": 7}"
0.9166666666666666,0.9166666666666667,0.9130434782608695,0.9618055555555556,44.35214690000066,digits_2_vs_7,hybrid_always_trigger_no_detector_qnn,hybrid_always_trigger_no_detector,qnn,4,4,4,16,2.0,1.1,True,no_detector,always_trigger,80,,,,,,,17.967272799998682,,,,,,,,,,,,,,,,0.8541666666666666,1.0,0.75,0.00931640998341402,4.441546377582574e-16,31.083333333333332,15.5625,0.11362240416660067,0.19680345080774173,0.16048871011492893,"{""residual+conditioning"": 41, ""residual+conditioning+solver_failure"": 7}"
1.0,1.0,1.0,1.0,0.0021389000012277393,digits_2_vs_7,hybrid_qnn_lenient_no_detector_logreg,hybrid_qnn_lenient_no_detector,logreg,4,4,4,16,2.0,1.1,True,no_detector,qnn_lenient,80,,,,,,,17.81575199999861,,,,,,,,,,,,,,,,0.8541666666666666,1.0,0.75,0.00931640998341402,4.441546377582574e-16,31.083333333333332,15.5625,0.11372645833341721,0.19680345080774173,0.16048871011492893,"{""residual+conditioning"": 41, ""residual+conditioning+solver_failure"": 7}"
1.0,1.0,1.0,1.0,0.0009750999997777399,digits_2_vs_7,hybrid_qnn_lenient_no_detector_svm_rbf,hybrid_qnn_lenient_no_detector,svm_rbf,4,4,4,16,2.0,1.1,True,no_detector,qnn_lenient,80,,,,,,,17.81575199999861,,,,,,,,,,,,,,,,0.8541666666666666,1.0,0.75,0.00931640998341402,4.441546377582574e-16,31.083333333333332,15.5625,0.11372645833341721,0.19680345080774173,0.16048871011492893,"{""residual+conditioning"": 41, ""residual+conditioning+solver_failure"": 7}"
0.9166666666666666,0.9166666666666667,0.9130434782608695,0.9618055555555556,44.11588290000145,digits_2_vs_7,hybrid_qnn_lenient_no_detector_qnn,hybrid_qnn_lenient_no_detector,qnn,4,4,4,16,2.0,1.1,True,no_detector,qnn_lenient,80,,,,,,,17.81575199999861,,,,,,,,,,,,,,,,0.8541666666666666,1.0,0.75,0.00931640998341402,4.441546377582574e-16,31.083333333333332,15.5625,0.11372645833341721,0.19680345080774173,0.16048871011492893,"{""residual+conditioning"": 41, ""residual+conditioning+solver_failure"": 7}"
0.9583333333333334,0.9583333333333333,0.96,0.9947916666666667,0.0022723000001860783,digits_2_vs_7,forced_residual_only_logreg,forced_residual_only,logreg,4,4,4,16,2.0,1.1,True,residual_only,standard,80,,,,,,,8.161976200000936,0.8541666666666666,0.7291666666666666,0.8541666666666666,0.625,0.009325529222078015,0.05575038885288335,0.009299809197733731,2.667840557068644e-12,4.90743766110381e-16,31.083333333333332,10.416666666666666,2679.2083333333335,0.04898963541647087,0.19680345080774173,0.1323591613402224,,,,,,,,,,,
1.0,1.0,1.0,1.0,0.0011868999990838347,digits_2_vs_7,forced_residual_only_svm_rbf,forced_residual_only,svm_rbf,4,4,4,16,2.0,1.1,True,residual_only,standard,80,,,,,,,8.161976200000936,0.8541666666666666,0.7291666666666666,0.8541666666666666,0.625,0.009325529222078015,0.05575038885288335,0.009299809197733731,2.667840557068644e-12,4.90743766110381e-16,31.083333333333332,10.416666666666666,2679.2083333333335,0.04898963541647087,0.19680345080774173,0.1323591613402224,,,,,,,,,,,
0.9166666666666666,0.9166666666666667,0.9130434782608695,0.9791666666666666,44.13060500000029,digits_2_vs_7,forced_residual_only_qnn,forced_residual_only,qnn,4,4,4,16,2.0,1.1,True,residual_only,standard,80,,,,,,,8.161976200000936,0.8541666666666666,0.7291666666666666,0.8541666666666666,0.625,0.009325529222078015,0.05575038885288335,0.009299809197733731,2.667840557068644e-12,4.90743766110381e-16,31.083333333333332,10.416666666666666,2679.2083333333335,0.04898963541647087,0.19680345080774173,0.1323591613402224,,,,,,,,,,,
0.9583333333333334,0.9583333333333333,0.96,0.9965277777777778,0.002064400001472677,digits_2_vs_7,hybrid_standard_residual_only_logreg,hybrid_standard_residual_only,logreg,4,4,4,16,2.0,1.1,True,residual_only,standard,80,,,,,,,1.3697687999992922,,,,,,,,,,,,,,,,0.8541666666666666,0.16666666666666666,0.10416666666666667,0.00930703578489542,2.667840557068644e-12,31.083333333333332,27.6875,0.0054985854167171055,0.19680345080774173,0.012207030262428906,"{""none"": 40, ""conditioning+solver_failure"": 3, ""conditioning"": 1, ""residual+conditioning+solver_failure"": 4}"
1.0,1.0,1.0,1.0,0.001157200000307057,digits_2_vs_7,hybrid_standard_residual_only_svm_rbf,hybrid_standard_residual_only,svm_rbf,4,4,4,16,2.0,1.1,True,residual_only,standard,80,,,,,,,1.3697687999992922,,,,,,,,,,,,,,,,0.8541666666666666,0.16666666666666666,0.10416666666666667,0.00930703578489542,2.667840557068644e-12,31.083333333333332,27.6875,0.0054985854167171055,0.19680345080774173,0.012207030262428906,"{""none"": 40, ""conditioning+solver_failure"": 3, ""conditioning"": 1, ""residual+conditioning+solver_failure"": 4}"
0.9375,0.9375,0.9333333333333333,0.9965277777777777,45.96014319999995,digits_2_vs_7,hybrid_standard_residual_only_qnn,hybrid_standard_residual_only,qnn,4,4,4,16,2.0,1.1,True,residual_only,standard,80,,,,,,,1.3697687999992922,,,,,,,,,,,,,,,,0.8541666666666666,0.16666666666666666,0.10416666666666667,0.00930703578489542,2.667840557068644e-12,31.083333333333332,27.6875,0.0054985854167171055,0.19680345080774173,0.012207030262428906,"{""none"": 40, ""conditioning+solver_failure"": 3, ""conditioning"": 1, ""residual+conditioning+solver_failure"": 4}"
0.9583333333333334,0.9583333333333333,0.96,0.9965277777777778,0.0021875000002182787,digits_2_vs_7,hybrid_aggressive_residual_only_logreg,hybrid_aggressive_residual_only,logreg,4,4,4,16,2.0,1.1,True,residual_only,aggressive,80,,,,,,,3.645228200000929,,,,,,,,,,,,,,,,0.8541666666666666,0.4583333333333333,0.2708333333333333,0.009307035784108257,1.762455940929756e-12,31.083333333333332,24.75,0.01887854166670877,0.19680345080774173,0.05785362060939092,"{""none"": 26, ""conditioning"": 15, ""residual+conditioning+solver_failure"": 7}"
1.0,1.0,1.0,1.0,0.0010566999990260229,digits_2_vs_7,hybrid_aggressive_residual_only_svm_rbf,hybrid_aggressive_residual_only,svm_rbf,4,4,4,16,2.0,1.1,True,residual_only,aggressive,80,,,,,,,3.645228200000929,,,,,,,,,,,,,,,,0.8541666666666666,0.4583333333333333,0.2708333333333333,0.009307035784108257,1.762455940929756e-12,31.083333333333332,24.75,0.01887854166670877,0.19680345080774173,0.05785362060939092,"{""none"": 26, ""conditioning"": 15, ""residual+conditioning+solver_failure"": 7}"
0.9166666666666666,0.9166666666666667,0.9130434782608695,0.9878472222222222,45.04226480000034,digits_2_vs_7,hybrid_aggressive_residual_only_qnn,hybrid_aggressive_residual_only,qnn,4,4,4,16,2.0,1.1,True,residual_only,aggressive,80,,,,,,,3.645228200000929,,,,,,,,,,,,,,,,0.8541666666666666,0.4583333333333333,0.2708333333333333,0.009307035784108257,1.762455940929756e-12,31.083333333333332,24.75,0.01887854166670877,0.19680345080774173,0.05785362060939092,"{""none"": 26, ""conditioning"": 15, ""residual+conditioning+solver_failure"": 7}"
0.9583333333333334,0.9583333333333333,0.96,0.9947916666666667,0.0018928999998024665,digits_2_vs_7,hybrid_always_trigger_residual_only_logreg,hybrid_always_trigger_residual_only,logreg,4,4,4,16,2.0,1.1,True,residual_only,always_trigger,80,,,,,,,8.178000300000349,,,,,,,,,,,,,,,,0.8541666666666666,1.0,0.7083333333333334,0.00930703578194046,4.90743766110381e-16,31.083333333333332,15.479166666666666,0.04937730416679642,0.19680345080774173,0.1323591613402224,"{""residual+conditioning"": 41, ""residual+conditioning+solver_failure"": 7}"
1.0,1.0,1.0,1.0,0.0012307000015425729,digits_2_vs_7,hybrid_always_trigger_residual_only_svm_rbf,hybrid_always_trigger_residual_only,svm_rbf,4,4,4,16,2.0,1.1,True,residual_only,always_trigger,80,,,,,,,8.178000300000349,,,,,,,,,,,,,,,,0.8541666666666666,1.0,0.7083333333333334,0.00930703578194046,4.90743766110381e-16,31.083333333333332,15.479166666666666,0.04937730416679642,0.19680345080774173,0.1323591613402224,"{""residual+conditioning"": 41, ""residual+conditioning+solver_failure"": 7}"
0.9166666666666666,0.9166666666666667,0.9130434782608695,0.9791666666666666,44.20499530000052,digits_2_vs_7,hybrid_always_trigger_residual_only_qnn,hybrid_always_trigger_residual_only,qnn,4,4,4,16,2.0,1.1,True,residual_only,always_trigger,80,,,,,,,8.178000300000349,,,,,,,,,,,,,,,,0.8541666666666666,1.0,0.7083333333333334,0.00930703578194046,4.90743766110381e-16,31.083333333333332,15.479166666666666,0.04937730416679642,0.19680345080774173,0.1323591613402224,"{""residual+conditioning"": 41, ""residual+conditioning+solver_failure"": 7}"
0.9583333333333334,0.9583333333333333,0.96,0.9947916666666667,0.0022367999990819953,digits_2_vs_7,hybrid_qnn_lenient_residual_only_logreg,hybrid_qnn_lenient_residual_only,logreg,4,4,4,16,2.0,1.1,True,residual_only,qnn_lenient,80,,,,,,,8.15625689999979,,,,,,,,,,,,,,,,0.8541666666666666,1.0,0.7083333333333334,0.00930703578194046,4.90743766110381e-16,31.083333333333332,15.479166666666666,0.04883575000004233,0.19680345080774173,0.1323591613402224,"{""residual+conditioning"": 41, ""residual+conditioning+solver_failure"": 7}"
1.0,1.0,1.0,1.0,0.0010915999991993885,digits_2_vs_7,hybrid_qnn_lenient_residual_only_svm_rbf,hybrid_qnn_lenient_residual_only,svm_rbf,4,4,4,16,2.0,1.1,True,residual_only,qnn_lenient,80,,,,,,,8.15625689999979,,,,,,,,,,,,,,,,0.8541666666666666,1.0,0.7083333333333334,0.00930703578194046,4.90743766110381e-16,31.083333333333332,15.479166666666666,0.04883575000004233,0.19680345080774173,0.1323591613402224,"{""residual+conditioning"": 41, ""residual+conditioning+solver_failure"": 7}"
0.9166666666666666,0.9166666666666667,0.9130434782608695,0.9791666666666666,44.81456960000105,digits_2_vs_7,hybrid_qnn_lenient_residual_only_qnn,hybrid_qnn_lenient_residual_only,qnn,4,4,4,16,2.0,1.1,True,residual_only,qnn_lenient,80,,,,,,,8.15625689999979,,,,,,,,,,,,,,,,0.8541666666666666,1.0,0.7083333333333334,0.00930703578194046,4.90743766110381e-16,31.083333333333332,15.479166666666666,0.04883575000004233,0.19680345080774173,0.1323591613402224,"{""residual+conditioning"": 41, ""residual+conditioning+solver_failure"": 7}"
0.9791666666666666,0.9791666666666667,0.9795918367346939,0.998263888888889,0.0017478999998274958,digits_3_vs_8,pca_logreg,pca,logreg,0,4,4,16,2.0,1.1,True,full_balanced,standard,80,,,,,,,,,,,,,,,,,,,,,,,,,,,,,,,,,
0.9791666666666666,0.9791666666666667,0.9787234042553191,1.0,0.06144730000050913,digits_3_vs_8,pca_mlp,pca,mlp,0,4,4,16,2.0,1.1,True,full_balanced,standard,80,,,,,,,,,,,,,,,,,,,,,,,,,,,,,,,,,
0.9791666666666666,0.9791666666666667,0.9787234042553191,0.998263888888889,0.0012385000009089708,digits_3_vs_8,pca_svm_rbf,pca,svm_rbf,0,4,4,16,2.0,1.1,True,full_balanced,standard,80,,,,,,,,,,,,,,,,,,,,,,,,,,,,,,,,,
0.9791666666666666,0.9791666666666667,0.9787234042553191,1.0,44.26614320000044,digits_3_vs_8,pca_qnn,pca,qnn,0,4,4,16,2.0,1.1,True,full_balanced,standard,80,,,,,,,,,,,,,,,,,,,,,,,,,,,,,,,,,
0.9583333333333334,0.9583333333333333,0.96,0.9861111111111112,0.002581099999588332,digits_3_vs_8,implicit_zero_logreg,implicit_zero,logreg,0,4,4,16,2.0,1.1,True,full_balanced,standard,80,0.375,0.16296903803707422,0.12653236026177714,40.791666666666664,0.0003088104167924636,0.08407962174800408,0.05802229999972042,,,,,,,,,,,,,,,,,,,,,,,,,,
0.9375,0.9375,0.9411764705882353,0.9878472222222222,0.0012108999999327352,digits_3_vs_8,implicit_zero_svm_rbf,implicit_zero,svm_rbf,0,4,4,16,2.0,1.1,True,full_balanced,standard,80,0.375,0.16296903803707422,0.12653236026177714,40.791666666666664,0.0003088104167924636,0.08407962174800408,0.05802229999972042,,,,,,,,,,,,,,,,,,,,,,,,,,
0.9791666666666666,0.9791666666666667,0.9795918367346939,0.9965277777777778,45.61145630000101,digits_3_vs_8,implicit_zero_qnn,implicit_zero,qnn,0,4,4,16,2.0,1.1,True,full_balanced,standard,80,0.375,0.16296903803707422,0.12653236026177714,40.791666666666664,0.0003088104167924636,0.08407962174800408,0.05802229999972042,,,,,,,,,,,,,,,,,,,,,,,,,,
0.9583333333333334,0.9583333333333333,0.96,0.9913194444444444,0.0024609000010968884,digits_3_vs_8,forced_full_light_logreg,forced_full_light,logreg,0,4,4,16,2.0,1.1,True,full_light,standard,80,,,,,,,25.175446000001102,0.3958333333333333,0.8958333333333334,0.375,0.3333333333333333,0.16296903803707422,0.1655261394568304,0.15013311014808373,0.12653236026177714,0.13461129000021252,40.791666666666664,19.270833333333332,1629.1041666666667,0.15238922499997898,0.08407962174800408,0.06581201144644076,,,,,,,,,,,
0.9583333333333334,0.9583333333333333,0.96,0.9930555555555555,0.0011763000002247281,digits_3_vs_8,forced_full_light_svm_rbf,forced_full_light,svm_rbf,0,4,4,16,2.0,1.1,True,full_light,standard,80,,,,,,,25.175446000001102,0.3958333333333333,0.8958333333333334,0.375,0.3333333333333333,0.16296903803707422,0.1655261394568304,0.15013311014808373,0.12653236026177714,0.13461129000021252,40.791666666666664,19.270833333333332,1629.1041666666667,0.15238922499997898,0.08407962174800408,0.06581201144644076,,,,,,,,,,,
0.9583333333333334,0.9583333333333334,0.9583333333333334,0.9965277777777778,45.586355399998865,digits_3_vs_8,forced_full_light_qnn,forced_full_light,qnn,0,4,4,16,2.0,1.1,True,full_light,standard,80,,,,,,,25.175446000001102,0.3958333333333333,0.8958333333333334,0.375,0.3333333333333333,0.16296903803707422,0.1655261394568304,0.15013311014808373,0.12653236026177714,0.13461129000021252,40.791666666666664,19.270833333333332,1629.1041666666667,0.15238922499997898,0.08407962174800408,0.06581201144644076,,,,,,,,,,,
0.9583333333333334,0.9583333333333333,0.96,0.9913194444444444,0.0023151000004872913,digits_3_vs_8,hybrid_standard_full_light_logreg,hybrid_standard_full_light,logreg,0,4,4,16,2.0,1.1,True,full_light,standard,80,,,,,,,12.781002600000647,,,,,,,,,,,,,,,,0.3958333333333333,0.6875,0.3958333333333333,0.1506085245628486,0.10601944677795747,40.791666666666664,28.895833333333332,0.08731086250008957,0.08407962174800408,0.013531883386369244,"{""residual+conditioning+solver_failure"": 28, ""conditioning"": 3, ""conditioning+solver_failure"": 2, ""none"": 15}"
0.9583333333333334,0.9583333333333333,0.96,0.9930555555555555,0.0012635000002774177,digits_3_vs_8,hybrid_standard_full_light_svm_rbf,hybrid_standard_full_light,svm_rbf,0,4,4,16,2.0,1.1,True,full_light,standard,80,,,,,,,12.781002600000647,,,,,,,,,,,,,,,,0.3958333333333333,0.6875,0.3958333333333333,0.1506085245628486,0.10601944677795747,40.791666666666664,28.895833333333332,0.08731086250008957,0.08407962174800408,0.013531883386369244,"{""residual+conditioning+solver_failure"": 28, ""conditioning"": 3, ""conditioning+solver_failure"": 2, ""none"": 15}"
0.9791666666666666,0.9791666666666667,0.9795918367346939,0.9878472222222222,45.08443420000003,digits_3_vs_8,hybrid_standard_full_light_qnn,hybrid_standard_full_light,qnn,0,4,4,16,2.0,1.1,True,full_light,standard,80,,,,,,,12.781002600000647,,,,,,,,,,,,,,,,0.3958333333333333,0.6875,0.3958333333333333,0.1506085245628486,0.10601944677795747,40.791666666666664,28.895833333333332,0.08731086250008957,0.08407962174800408,0.013531883386369244,"{""residual+conditioning+solver_failure"": 28, ""conditioning"": 3, ""conditioning+solver_failure"": 2, ""none"": 15}"
0.9583333333333334,0.9583333333333333,0.96,0.9913194444444444,0.0019135000002279412,digits_3_vs_8,hybrid_aggressive_full_light_logreg,hybrid_aggressive_full_light,logreg,0,4,4,16,2.0,1.1,True,full_light,aggressive,80,,,,,,,18.562822800000504,,,,,,,,,,,,,,,,0.3958333333333333,0.7708333333333334,0.4583333333333333,0.15135319853475257,0.10601944677795747,40.791666666666664,27.729166666666668,0.10573291666670077,0.08407962174800408,0.03008631648399035,"{""residual+conditioning+solver_failure"": 30, ""conditioning"": 7, ""none"": 11}"
0.9583333333333334,0.9583333333333333,0.96,0.9930555555555555,0.0011510000003909227,digits_3_vs_8,hybrid_aggressive_full_light_svm_rbf,hybrid_aggressive_full_light,svm_rbf,0,4,4,16,2.0,1.1,True,full_light,aggressive,80,,,,,,,18.562822800000504,,,,,,,,,,,,,,,,0.3958333333333333,0.7708333333333334,0.4583333333333333,0.15135319853475257,0.10601944677795747,40.791666666666664,27.729166666666668,0.10573291666670077,0.08407962174800408,0.03008631648399035,"{""residual+conditioning+solver_failure"": 30, ""conditioning"": 7, ""none"": 11}"
0.9583333333333334,0.9583333333333334,0.9583333333333334,0.9913194444444444,44.194030500000736,digits_3_vs_8,hybrid_aggressive_full_light_qnn,hybrid_aggressive_full_light,qnn,0,4,4,16,2.0,1.1,True,full_light,aggressive,80,,,,,,,18.562822800000504,,,,,,,,,,,,,,,,0.3958333333333333,0.7708333333333334,0.4583333333333333,0.15135319853475257,0.10601944677795747,40.791666666666664,27.729166666666668,0.10573291666670077,0.08407962174800408,0.03008631648399035,"{""residual+conditioning+solver_failure"": 30, ""conditioning"": 7, ""none"": 11}"
0.9583333333333334,0.9583333333333333,0.96,0.9913194444444444,0.00260580000031041,digits_3_vs_8,hybrid_always_trigger_full_light_logreg,hybrid_always_trigger_full_light,logreg,0,4,4,16,2.0,1.1,True,full_light,always_trigger,80,,,,,,,25.271969200000967,,,,,,,,,,,,,,,,0.3958333333333333,1.0,0.625,0.15134126474707216,0.10601944677795747,40.791666666666664,25.0625,0.1505745687500545,0.08407962174800408,0.06595370995635026,"{""residual+conditioning+solver_failure"": 30, ""residual+conditioning"": 18}"
0.9583333333333334,0.9583333333333333,0.96,0.9930555555555555,0.0011672000000544358,digits_3_vs_8,hybrid_always_trigger_full_light_svm_rbf,hybrid_always_trigger_full_light,svm_rbf,0,4,4,16,2.0,1.1,True,full_light,always_trigger,80,,,,,,,25.271969200000967,,,,,,,,,,,,,,,,0.3958333333333333,1.0,0.625,0.15134126474707216,0.10601944677795747,40.791666666666664,25.0625,0.1505745687500545,0.08407962174800408,0.06595370995635026,"{""residual+conditioning+solver_failure"": 30, ""residual+conditioning"": 18}"
0.9583333333333334,0.9583333333333334,0.9583333333333334,0.9913194444444444,45.757703299999775,digits_3_vs_8,hybrid_always_trigger_full_light_qnn,hybrid_always_trigger_full_light,qnn,0,4,4,16,2.0,1.1,True,full_light,always_trigger,80,,,,,,,25.271969200000967,,,,,,,,,,,,,,,,0.3958333333333333,1.0,0.625,0.15134126474707216,0.10601944677795747,40.791666666666664,25.0625,0.1505745687500545,0.08407962174800408,0.06595370995635026,"{""residual+conditioning+solver_failure"": 30, ""residual+conditioning"": 18}"
0.9583333333333334,0.9583333333333333,0.96,0.9913194444444444,0.002203999998528161,digits_3_vs_8,hybrid_qnn_lenient_full_light_logreg,hybrid_qnn_lenient_full_light,logreg,0,4,4,16,2.0,1.1,True,full_light,qnn_lenient,80,,,,,,,25.24326899999869,,,,,,,,,,,,,,,,0.3958333333333333,1.0,0.625,0.15134126474707216,0.10601944677795747,40.791666666666664,25.0625,0.15025162499993408,0.08407962174800408,0.06595370995635026,"{""residual+conditioning+solver_failure"": 30, ""residual+conditioning"": 18}"
0.9583333333333334,0.9583333333333333,0.96,0.9930555555555555,0.0013872999988961965,digits_3_vs_8,hybrid_qnn_lenient_full_light_svm_rbf,hybrid_qnn_lenient_full_light,svm_rbf,0,4,4,16,2.0,1.1,True,full_light,qnn_lenient,80,,,,,,,25.24326899999869,,,,,,,,,,,,,,,,0.3958333333333333,1.0,0.625,0.15134126474707216,0.10601944677795747,40.791666666666664,25.0625,0.15025162499993408,0.08407962174800408,0.06595370995635026,"{""residual+conditioning+solver_failure"": 30, ""residual+conditioning"": 18}"
0.9583333333333334,0.9583333333333334,0.9583333333333334,0.9913194444444444,43.10813020000023,digits_3_vs_8,hybrid_qnn_lenient_full_light_qnn,hybrid_qnn_lenient_full_light,qnn,0,4,4,16,2.0,1.1,True,full_light,qnn_lenient,80,,,,,,,25.24326899999869,,,,,,,,,,,,,,,,0.3958333333333333,1.0,0.625,0.15134126474707216,0.10601944677795747,40.791666666666664,25.0625,0.15025162499993408,0.08407962174800408,0.06595370995635026,"{""residual+conditioning+solver_failure"": 30, ""residual+conditioning"": 18}"
0.9583333333333334,0.9583333333333333,0.96,0.9930555555555556,0.0023975000003702007,digits_3_vs_8,forced_full_balanced_logreg,forced_full_balanced,logreg,0,4,4,16,2.0,1.1,True,full_balanced,standard,80,,,,,,,33.50483170000007,0.3958333333333333,0.9166666666666666,0.375,0.3333333333333333,0.16296903803707422,0.16560968828220798,0.15023285112674553,0.12653236026177714,0.13461868260829934,40.791666666666664,20.375,1772.1875,0.19658042291663,0.08407962174800408,0.06627979037044433,,,,,,,,,,,
0.9583333333333334,0.9583333333333333,0.96,0.9930555555555555,0.0011510000003909227,digits_3_vs_8,forced_full_balanced_svm_rbf,forced_full_balanced,svm_rbf,0,4,4,16,2.0,1.1,True,full_balanced,standard,80,,,,,,,33.50483170000007,0.3958333333333333,0.9166666666666666,0.375,0.3333333333333333,0.16296903803707422,0.16560968828220798,0.15023285112674553,0.12653236026177714,0.13461868260829934,40.791666666666664,20.375,1772.1875,0.19658042291663,0.08407962174800408,0.06627979037044433,,,,,,,,,,,
0.9583333333333334,0.9583333333333334,0.9583333333333334,0.9965277777777778,45.3949448000003,digits_3_vs_8,forced_full_balanced_qnn,forced_full_balanced,qnn,0,4,4,16,2.0,1.1,True,full_balanced,standard,80,,,,,,,33.50483170000007,0.3958333333333333,0.9166666666666666,0.375,0.3333333333333333,0.16296903803707422,0.16560968828220798,0.15023285112674553,0.12653236026177714,0.13461868260829934,40.791666666666664,20.375,1772.1875,0.19658042291663,0.08407962174800408,0.06627979037044433,,,,,,,,,,,
0.9583333333333334,0.9583333333333333,0.96,0.9913194444444444,0.002461399999447167,digits_3_vs_8,hybrid_standard_full_balanced_logreg,hybrid_standard_full_balanced,logreg,0,4,4,16,2.0,1.1,True,full_balanced,standard,80,,,,,,,14.628217500001483,,,,,,,,,,,,,,,,0.3958333333333333,0.6875,0.3541666666666667,0.1506692212819525,0.1060247135060545,40.791666666666664,31.916666666666668,0.10213823333337284,0.08407962174800408,0.014165572731340993,"{""residual+conditioning+solver_failure"": 28, ""conditioning"": 3, ""conditioning+solver_failure"": 2, ""none"": 15}"
0.9583333333333334,0.9583333333333333,0.96,0.9913194444444444,0.0012657999996008584,digits_3_vs_8,hybrid_standard_full_balanced_svm_rbf,hybrid_standard_full_balanced,svm_rbf,0,4,4,16,2.0,1.1,True,full_balanced,standard,80,,,,,,,14.628217500001483,,,,,,,,,,,,,,,,0.3958333333333333,0.6875,0.3541666666666667,0.1506692212819525,0.1060247135060545,40.791666666666664,31.916666666666668,0.10213823333337284,0.08407962174800408,0.014165572731340993,"{""residual+conditioning+solver_failure"": 28, ""conditioning"": 3, ""conditioning+solver_failure"": 2, ""none"": 15}"
0.9791666666666666,0.9791666666666667,0.9795918367346939,0.9930555555555556,44.567841599999156,digits_3_vs_8,hybrid_standard_full_balanced_qnn,hybrid_standard_full_balanced,qnn,0,4,4,16,2.0,1.1,True,full_balanced,standard,80,,,,,,,14.628217500001483,,,,,,,,,,,,,,,,0.3958333333333333,0.6875,0.3541666666666667,0.1506692212819525,0.1060247135060545,40.791666666666664,31.916666666666668,0.10213823333337284,0.08407962174800408,0.014165572731340993,"{""residual+conditioning+solver_failure"": 28, ""conditioning"": 3, ""conditioning+solver_failure"": 2, ""none"": 15}"
0.9583333333333334,0.9583333333333333,0.96,0.9913194444444444,0.0024104000003717374,digits_3_vs_8,hybrid_aggressive_full_balanced_logreg,hybrid_aggressive_full_balanced,logreg,0,4,4,16,2.0,1.1,True,full_balanced,aggressive,80,,,,,,,24.417391699998916,,,,,,,,,,,,,,,,0.3958333333333333,0.7708333333333334,0.4583333333333333,0.15138879907830824,0.1060247135060545,40.791666666666664,29.875,0.13450448333329254,0.08407962174800408,0.03051268724239675,"{""residual+conditioning+solver_failure"": 30, ""conditioning"": 7, ""none"": 11}"
0.9583333333333334,0.9583333333333333,0.96,0.9930555555555555,0.001172700000097393,digits_3_vs_8,hybrid_aggressive_full_balanced_svm_rbf,hybrid_aggressive_full_balanced,svm_rbf,0,4,4,16,2.0,1.1,True,full_balanced,aggressive,80,,,,,,,24.417391699998916,,,,,,,,,,,,,,,,0.3958333333333333,0.7708333333333334,0.4583333333333333,0.15138879907830824,0.1060247135060545,40.791666666666664,29.875,0.13450448333329254,0.08407962174800408,0.03051268724239675,"{""residual+conditioning+solver_failure"": 30, ""conditioning"": 7, ""none"": 11}"
0.9791666666666666,0.9791666666666667,0.9795918367346939,0.9809027777777778,43.6603398999996,digits_3_vs_8,hybrid_aggressive_full_balanced_qnn,hybrid_aggressive_full_balanced,qnn,0,4,4,16,2.0,1.1,True,full_balanced,aggressive,80,,,,,,,24.417391699998916,,,,,,,,,,,,,,,,0.3958333333333333,0.7708333333333334,0.4583333333333333,0.15138879907830824,0.1060247135060545,40.791666666666664,29.875,0.13450448333329254,0.08407962174800408,0.03051268724239675,"{""residual+conditioning+solver_failure"": 30, ""conditioning"": 7, ""none"": 11}"
0.9583333333333334,0.9583333333333333,0.96,0.9913194444444444,0.0029959000003145775,digits_3_vs_8,hybrid_always_trigger_full_balanced_logreg,hybrid_always_trigger_full_balanced,logreg,0,4,4,16,2.0,1.1,True,full_balanced,always_trigger,80,,,,,,,33.98348589999841,,,,,,,,,,,,,,,,0.3958333333333333,1.0,0.625,0.1513512184240048,0.1060247135060545,40.791666666666664,27.583333333333332,0.1994251458333641,0.08407962174800408,0.06627938123573411,"{""residual+conditioning+solver_failure"": 30, ""residual+conditioning"": 18}"
0.9583333333333334,0.9583333333333333,0.96,0.9913194444444444,0.0011529000003065448,digits_3_vs_8,hybrid_always_trigger_full_balanced_svm_rbf,hybrid_always_trigger_full_balanced,svm_rbf,0,4,4,16,2.0,1.1,True,full_balanced,always_trigger,80,,,,,,,33.98348589999841,,,,,,,,,,,,,,,,0.3958333333333333,1.0,0.625,0.1513512184240048,0.1060247135060545,40.791666666666664,27.583333333333332,0.1994251458333641,0.08407962174800408,0.06627938123573411,"{""residual+conditioning+solver_failure"": 30, ""residual+conditioning"": 18}"
0.9791666666666666,0.9791666666666667,0.9795918367346939,0.9722222222222222,43.82795989999977,digits_3_vs_8,hybrid_always_trigger_full_balanced_qnn,hybrid_always_trigger_full_balanced,qnn,0,4,4,16,2.0,1.1,True,full_balanced,always_trigger,80,,,,,,,33.98348589999841,,,,,,,,,,,,,,,,0.3958333333333333,1.0,0.625,0.1513512184240048,0.1060247135060545,40.791666666666664,27.583333333333332,0.1994251458333641,0.08407962174800408,0.06627938123573411,"{""residual+conditioning+solver_failure"": 30, ""residual+conditioning"": 18}"
0.9583333333333334,0.9583333333333333,0.96,0.9913194444444444,0.0025045000002137385,digits_3_vs_8,hybrid_qnn_lenient_full_balanced_logreg,hybrid_qnn_lenient_full_balanced,logreg,0,4,4,16,2.0,1.1,True,full_balanced,qnn_lenient,80,,,,,,,34.10939250000047,,,,,,,,,,,,,,,,0.3958333333333333,1.0,0.625,0.1513512184240048,0.1060247135060545,40.791666666666664,27.583333333333332,0.1994337520835264,0.08407962174800408,0.06627938123573411,"{""residual+conditioning+solver_failure"": 30, ""residual+conditioning"": 18}"
0.9583333333333334,0.9583333333333333,0.96,0.9913194444444444,0.0012642000001505949,digits_3_vs_8,hybrid_qnn_lenient_full_balanced_svm_rbf,hybrid_qnn_lenient_full_balanced,svm_rbf,0,4,4,16,2.0,1.1,True,full_balanced,qnn_lenient,80,,,,,,,34.10939250000047,,,,,,,,,,,,,,,,0.3958333333333333,1.0,0.625,0.1513512184240048,0.1060247135060545,40.791666666666664,27.583333333333332,0.1994337520835264,0.08407962174800408,0.06627938123573411,"{""residual+conditioning+solver_failure"": 30, ""residual+conditioning"": 18}"
0.9791666666666666,0.9791666666666667,0.9795918367346939,0.9722222222222222,45.5660001999986,digits_3_vs_8,hybrid_qnn_lenient_full_balanced_qnn,hybrid_qnn_lenient_full_balanced,qnn,0,4,4,16,2.0,1.1,True,full_balanced,qnn_lenient,80,,,,,,,34.10939250000047,,,,,,,,,,,,,,,,0.3958333333333333,1.0,0.625,0.1513512184240048,0.1060247135060545,40.791666666666664,27.583333333333332,0.1994337520835264,0.08407962174800408,0.06627938123573411,"{""residual+conditioning+solver_failure"": 30, ""residual+conditioning"": 18}"
0.9583333333333334,0.9583333333333333,0.96,0.9895833333333334,0.0021414000002550893,digits_3_vs_8,forced_qnn_oriented_logreg,forced_qnn_oriented,logreg,0,4,4,16,2.0,1.1,True,qnn_oriented,standard,80,,,,,,,47.82103610000013,0.4791666666666667,0.8958333333333334,0.375,0.4166666666666667,0.16296903803707422,0.1460212027142371,0.13065621047620424,0.12653236026177714,0.09860395463650155,40.791666666666664,17.583333333333332,2246.4166666666665,0.3059569812498542,0.08407962174800408,0.09845653331469018,,,,,,,,,,,
0.9583333333333334,0.9583333333333333,0.96,0.9913194444444444,0.001135200000135228,digits_3_vs_8,forced_qnn_oriented_svm_rbf,forced_qnn_oriented,svm_rbf,0,4,4,16,2.0,1.1,True,qnn_oriented,standard,80,,,,,,,47.82103610000013,0.4791666666666667,0.8958333333333334,0.375,0.4166666666666667,0.16296903803707422,0.1460212027142371,0.13065621047620424,0.12653236026177714,0.09860395463650155,40.791666666666664,17.583333333333332,2246.4166666666665,0.3059569812498542,0.08407962174800408,0.09845653331469018,,,,,,,,,,,
0.9583333333333334,0.9583333333333334,0.9583333333333334,0.9965277777777777,45.842228699999396,digits_3_vs_8,forced_qnn_oriented_qnn,forced_qnn_oriented,qnn,0,4,4,16,2.0,1.1,True,qnn_oriented,standard,80,,,,,,,47.82103610000013,0.4791666666666667,0.8958333333333334,0.375,0.4166666666666667,0.16296903803707422,0.1460212027142371,0.13065621047620424,0.12653236026177714,0.09860395463650155,40.791666666666664,17.583333333333332,2246.4166666666665,0.3059569812498542,0.08407962174800408,0.09845653331469018,,,,,,,,,,,
0.9583333333333334,0.9583333333333333,0.96,0.9895833333333334,0.0024670000002515735,digits_3_vs_8,hybrid_standard_qnn_oriented_logreg,hybrid_standard_qnn_oriented,logreg,0,4,4,16,2.0,1.1,True,qnn_oriented,standard,80,,,,,,,20.442863299998862,,,,,,,,,,,,,,,,0.4583333333333333,0.6875,0.3958333333333333,0.13288405314927254,0.03425684120097694,40.791666666666664,29.625,0.16226108541680637,0.08407962174800408,0.05000817344475783,"{""residual+conditioning+solver_failure"": 28, ""conditioning"": 3, ""conditioning+solver_failure"": 2, ""none"": 15}"
0.9583333333333334,0.9583333333333333,0.96,0.9913194444444444,0.0011993999996775528,digits_3_vs_8,hybrid_standard_qnn_oriented_svm_rbf,hybrid_standard_qnn_oriented,svm_rbf,0,4,4,16,2.0,1.1,True,qnn_oriented,standard,80,,,,,,,20.442863299998862,,,,,,,,,,,,,,,,0.4583333333333333,0.6875,0.3958333333333333,0.13288405314927254,0.03425684120097694,40.791666666666664,29.625,0.16226108541680637,0.08407962174800408,0.05000817344475783,"{""residual+conditioning+solver_failure"": 28, ""conditioning"": 3, ""conditioning+solver_failure"": 2, ""none"": 15}"
0.9791666666666666,0.9791666666666667,0.9795918367346939,0.9809027777777778,45.21157409999978,digits_3_vs_8,hybrid_standard_qnn_oriented_qnn,hybrid_standard_qnn_oriented,qnn,0,4,4,16,2.0,1.1,True,qnn_oriented,standard,80,,,,,,,20.442863299998862,,,,,,,,,,,,,,,,0.4583333333333333,0.6875,0.3958333333333333,0.13288405314927254,0.03425684120097694,40.791666666666664,29.625,0.16226108541680637,0.08407962174800408,0.05000817344475783,"{""residual+conditioning+solver_failure"": 28, ""conditioning"": 3, ""conditioning+solver_failure"": 2, ""none"": 15}"
0.9583333333333334,0.9583333333333333,0.96,0.9895833333333334,0.0024159000004146947,digits_3_vs_8,hybrid_aggressive_qnn_oriented_logreg,hybrid_aggressive_qnn_oriented,logreg,0,4,4,16,2.0,1.1,True,qnn_oriented,aggressive,80,,,,,,,33.28454479999891,,,,,,,,,,,,,,,,0.4583333333333333,0.7708333333333334,0.4791666666666667,0.1328638491569595,0.03425684120097694,40.791666666666664,29.0,0.20268404166661944,0.08407962174800408,0.06251209004600719,"{""residual+conditioning+solver_failure"": 30, ""conditioning"": 7, ""none"": 11}"
0.9583333333333334,0.9583333333333333,0.96,0.9913194444444444,0.0011709999998856802,digits_3_vs_8,hybrid_aggressive_qnn_oriented_svm_rbf,hybrid_aggressive_qnn_oriented,svm_rbf,0,4,4,16,2.0,1.1,True,qnn_oriented,aggressive,80,,,,,,,33.28454479999891,,,,,,,,,,,,,,,,0.4583333333333333,0.7708333333333334,0.4791666666666667,0.1328638491569595,0.03425684120097694,40.791666666666664,29.0,0.20268404166661944,0.08407962174800408,0.06251209004600719,"{""residual+conditioning+solver_failure"": 30, ""conditioning"": 7, ""none"": 11}"
0.9583333333333334,0.9583333333333334,0.9583333333333334,0.9930555555555556,45.54601580000053,digits_3_vs_8,hybrid_aggressive_qnn_oriented_qnn,hybrid_aggressive_qnn_oriented,qnn,0,4,4,16,2.0,1.1,True,qnn_oriented,aggressive,80,,,,,,,33.28454479999891,,,,,,,,,,,,,,,,0.4583333333333333,0.7708333333333334,0.4791666666666667,0.1328638491569595,0.03425684120097694,40.791666666666664,29.0,0.20268404166661944,0.08407962174800408,0.06251209004600719,"{""residual+conditioning+solver_failure"": 30, ""conditioning"": 7, ""none"": 11}"
0.9583333333333334,0.9583333333333333,0.96,0.9861111111111112,0.003387099999599741,digits_3_vs_8,hybrid_always_trigger_qnn_oriented_logreg,hybrid_always_trigger_qnn_oriented,logreg,0,4,4,16,2.0,1.1,True,qnn_oriented,always_trigger,80,,,,,,,47.75745310000093,,,,,,,,,,,,,,,,0.4583333333333333,1.0,0.625,0.13287924890731204,0.03425684120097694,40.791666666666664,25.9375,0.2944318770833358,0.08407962174800408,0.09092804634893836,"{""residual+conditioning+solver_failure"": 30, ""residual+conditioning"": 18}"
0.9583333333333334,0.9583333333333333,0.96,0.9878472222222222,0.0019929999998566927,digits_3_vs_8,hybrid_always_trigger_qnn_oriented_svm_rbf,hybrid_always_trigger_qnn_oriented,svm_rbf,0,4,4,16,2.0,1.1,True,qnn_oriented,always_trigger,80,,,,,,,47.75745310000093,,,,,,,,,,,,,,,,0.4583333333333333,1.0,0.625,0.13287924890731204,0.03425684120097694,40.791666666666664,25.9375,0.2944318770833358,0.08407962174800408,0.09092804634893836,"{""residual+conditioning+solver_failure"": 30, ""residual+conditioning"": 18}"
0.9791666666666666,0.9791666666666667,0.9795918367346939,0.9878472222222222,44.53126960000009,digits_3_vs_8,hybrid_always_trigger_qnn_oriented_qnn,hybrid_always_trigger_qnn_oriented,qnn,0,4,4,16,2.0,1.1,True,qnn_oriented,always_trigger,80,,,,,,,47.75745310000093,,,,,,,,,,,,,,,,0.4583333333333333,1.0,0.625,0.13287924890731204,0.03425684120097694,40.791666666666664,25.9375,0.2944318770833358,0.08407962174800408,0.09092804634893836,"{""residual+conditioning+solver_failure"": 30, ""residual+conditioning"": 18}"
0.9583333333333334,0.9583333333333333,0.96,0.9861111111111112,0.0024757999999565072,digits_3_vs_8,hybrid_qnn_lenient_qnn_oriented_logreg,hybrid_qnn_lenient_qnn_oriented,logreg,0,4,4,16,2.0,1.1,True,qnn_oriented,qnn_lenient,80,,,,,,,47.64034989999891,,,,,,,,,,,,,,,,0.4583333333333333,1.0,0.625,0.13287924890731204,0.03425684120097694,40.791666666666664,25.9375,0.29387769791685514,0.08407962174800408,0.09092804634893836,"{""residual+conditioning+solver_failure"": 30, ""residual+conditioning"": 18}"
0.9583333333333334,0.9583333333333333,0.96,0.9878472222222222,0.00116370000068855,digits_3_vs_8,hybrid_qnn_lenient_qnn_oriented_svm_rbf,hybrid_qnn_lenient_qnn_oriented,svm_rbf,0,4,4,16,2.0,1.1,True,qnn_oriented,qnn_lenient,80,,,,,,,47.64034989999891,,,,,,,,,,,,,,,,0.4583333333333333,1.0,0.625,0.13287924890731204,0.03425684120097694,40.791666666666664,25.9375,0.29387769791685514,0.08407962174800408,0.09092804634893836,"{""residual+conditioning+solver_failure"": 30, ""residual+conditioning"": 18}"
0.9791666666666666,0.9791666666666667,0.9795918367346939,0.9878472222222222,46.172502299999906,digits_3_vs_8,hybrid_qnn_lenient_qnn_oriented_qnn,hybrid_qnn_lenient_qnn_oriented,qnn,0,4,4,16,2.0,1.1,True,qnn_oriented,qnn_lenient,80,,,,,,,47.64034989999891,,,,,,,,,,,,,,,,0.4583333333333333,1.0,0.625,0.13287924890731204,0.03425684120097694,40.791666666666664,25.9375,0.29387769791685514,0.08407962174800408,0.09092804634893836,"{""residual+conditioning+solver_failure"": 30, ""residual+conditioning"": 18}"
0.9583333333333334,0.9583333333333333,0.96,0.984375,0.0022654000003967667,digits_3_vs_8,forced_qnn_exploratory_logreg,forced_qnn_exploratory,logreg,0,4,4,16,2.0,1.1,True,qnn_exploratory,standard,80,,,,,,,54.89305869999953,0.4375,0.8958333333333334,0.375,0.375,0.16296903803707422,0.15129153896652184,0.13594827750848013,0.12653236026177714,0.1256539359425215,40.791666666666664,16.625,2193.2916666666665,0.3410462625001098,0.08407962174800408,0.08285297261776042,,,,,,,,,,,
0.9583333333333334,0.9583333333333333,0.96,0.9930555555555555,0.0011610000001383014,digits_3_vs_8,forced_qnn_exploratory_svm_rbf,forced_qnn_exploratory,svm_rbf,0,4,4,16,2.0,1.1,True,qnn_exploratory,standard,80,,,,,,,54.89305869999953,0.4375,0.8958333333333334,0.375,0.375,0.16296903803707422,0.15129153896652184,0.13594827750848013,0.12653236026177714,0.1256539359425215,40.791666666666664,16.625,2193.2916666666665,0.3410462625001098,0.08407962174800408,0.08285297261776042,,,,,,,,,,,
0.9583333333333334,0.9583333333333333,0.9565217391304348,0.998263888888889,45.126531399999294,digits_3_vs_8,forced_qnn_exploratory_qnn,forced_qnn_exploratory,qnn,0,4,4,16,2.0,1.1,True,qnn_exploratory,standard,80,,,,,,,54.89305869999953,0.4375,0.8958333333333334,0.375,0.375,0.16296903803707422,0.15129153896652184,0.13594827750848013,0.12653236026177714,0.1256539359425215,40.791666666666664,16.625,2193.2916666666665,0.3410462625001098,0.08407962174800408,0.08285297261776042,,,,,,,,,,,
0.9583333333333334,0.9583333333333333,0.96,0.9861111111111112,0.0022860999997647014,digits_3_vs_8,hybrid_standard_qnn_exploratory_logreg,hybrid_standard_qnn_exploratory,logreg,0,4,4,16,2.0,1.1,True,qnn_exploratory,standard,80,,,,,,,24.193695500000103,,,,,,,,,,,,,,,,0.4375,0.6875,0.3958333333333333,0.13639145438285394,0.07092956579357562,40.791666666666664,29.125,0.17842118124989761,0.08407962174800408,0.03809854884649765,"{""residual+conditioning+solver_failure"": 28, ""conditioning"": 3, ""conditioning+solver_failure"": 2, ""none"": 15}"
0.9583333333333334,0.9583333333333333,0.96,0.9913194444444444,0.0011488999989524018,digits_3_vs_8,hybrid_standard_qnn_exploratory_svm_rbf,hybrid_standard_qnn_exploratory,svm_rbf,0,4,4,16,2.0,1.1,True,qnn_exploratory,standard,80,,,,,,,24.193695500000103,,,,,,,,,,,,,,,,0.4375,0.6875,0.3958333333333333,0.13639145438285394,0.07092956579357562,40.791666666666664,29.125,0.17842118124989761,0.08407962174800408,0.03809854884649765,"{""residual+conditioning+solver_failure"": 28, ""conditioning"": 3, ""conditioning+solver_failure"": 2, ""none"": 15}"
0.9791666666666666,0.9791666666666667,0.9795918367346939,0.9722222222222222,46.445609200000035,digits_3_vs_8,hybrid_standard_qnn_exploratory_qnn,hybrid_standard_qnn_exploratory,qnn,0,4,4,16,2.0,1.1,True,qnn_exploratory,standard,80,,,,,,,24.193695500000103,,,,,,,,,,,,,,,,0.4375,0.6875,0.3958333333333333,0.13639145438285394,0.07092956579357562,40.791666666666664,29.125,0.17842118124989761,0.08407962174800408,0.03809854884649765,"{""residual+conditioning+solver_failure"": 28, ""conditioning"": 3, ""conditioning+solver_failure"": 2, ""none"": 15}"
0.9583333333333334,0.9583333333333333,0.96,0.9861111111111112,0.0020060000006196788,digits_3_vs_8,hybrid_aggressive_qnn_exploratory_logreg,hybrid_aggressive_qnn_exploratory,logreg,0,4,4,16,2.0,1.1,True,qnn_exploratory,aggressive,80,,,,,,,38.79524119999951,,,,,,,,,,,,,,,,0.4375,0.7708333333333334,0.4791666666666667,0.1371152604949033,0.07092956579357562,40.791666666666664,27.604166666666668,0.22195637499999066,0.08407962174800408,0.051866577509251,"{""residual+conditioning+solver_failure"": 30, ""conditioning"": 7, ""none"": 11}"
0.9583333333333334,0.9583333333333333,0.96,0.9913194444444444,0.001678399999946123,digits_3_vs_8,hybrid_aggressive_qnn_exploratory_svm_rbf,hybrid_aggressive_qnn_exploratory,svm_rbf,0,4,4,16,2.0,1.1,True,qnn_exploratory,aggressive,80,,,,,,,38.79524119999951,,,,,,,,,,,,,,,,0.4375,0.7708333333333334,0.4791666666666667,0.1371152604949033,0.07092956579357562,40.791666666666664,27.604166666666668,0.22195637499999066,0.08407962174800408,0.051866577509251,"{""residual+conditioning+solver_failure"": 30, ""conditioning"": 7, ""none"": 11}"
0.9583333333333334,0.9583333333333334,0.9583333333333334,0.9965277777777778,44.745187200000146,digits_3_vs_8,hybrid_aggressive_qnn_exploratory_qnn,hybrid_aggressive_qnn_exploratory,qnn,0,4,4,16,2.0,1.1,True,qnn_exploratory,aggressive,80,,,,,,,38.79524119999951,,,,,,,,,,,,,,,,0.4375,0.7708333333333334,0.4791666666666667,0.1371152604949033,0.07092956579357562,40.791666666666664,27.604166666666668,0.22195637499999066,0.08407962174800408,0.051866577509251,"{""residual+conditioning+solver_failure"": 30, ""conditioning"": 7, ""none"": 11}"
0.9583333333333334,0.9583333333333333,0.96,0.9861111111111112,0.0023314999998547137,digits_3_vs_8,hybrid_always_trigger_qnn_exploratory_logreg,hybrid_always_trigger_qnn_exploratory,logreg,0,4,4,16,2.0,1.1,True,qnn_exploratory,always_trigger,80,,,,,,,55.08341859999928,,,,,,,,,,,,,,,,0.4375,1.0,0.6041666666666666,0.13713147614354168,0.07092956579357562,40.791666666666664,25.9375,0.3312082895832873,0.08407962174800408,0.08825192306931572,"{""residual+conditioning+solver_failure"": 30, ""residual+conditioning"": 18}"
0.9583333333333334,0.9583333333333333,0.96,0.9913194444444444,0.001143400000728434,digits_3_vs_8,hybrid_always_trigger_qnn_exploratory_svm_rbf,hybrid_always_trigger_qnn_exploratory,svm_rbf,0,4,4,16,2.0,1.1,True,qnn_exploratory,always_trigger,80,,,,,,,55.08341859999928,,,,,,,,,,,,,,,,0.4375,1.0,0.6041666666666666,0.13713147614354168,0.07092956579357562,40.791666666666664,25.9375,0.3312082895832873,0.08407962174800408,0.08825192306931572,"{""residual+conditioning+solver_failure"": 30, ""residual+conditioning"": 18}"
0.9583333333333334,0.9583333333333334,0.9583333333333334,0.9965277777777778,45.652222199998505,digits_3_vs_8,hybrid_always_trigger_qnn_exploratory_qnn,hybrid_always_trigger_qnn_exploratory,qnn,0,4,4,16,2.0,1.1,True,qnn_exploratory,always_trigger,80,,,,,,,55.08341859999928,,,,,,,,,,,,,,,,0.4375,1.0,0.6041666666666666,0.13713147614354168,0.07092956579357562,40.791666666666664,25.9375,0.3312082895832873,0.08407962174800408,0.08825192306931572,"{""residual+conditioning+solver_failure"": 30, ""residual+conditioning"": 18}"
0.9583333333333334,0.9583333333333333,0.96,0.9861111111111112,0.002210399999967194,digits_3_vs_8,hybrid_qnn_lenient_qnn_exploratory_logreg,hybrid_qnn_lenient_qnn_exploratory,logreg,0,4,4,16,2.0,1.1,True,qnn_exploratory,qnn_lenient,80,,,,,,,54.985464800000045,,,,,,,,,,,,,,,,0.4375,1.0,0.6041666666666666,0.13713147614354168,0.07092956579357562,40.791666666666664,25.9375,0.33056521458343013,0.08407962174800408,0.08825192306931572,"{""residual+conditioning+solver_failure"": 30, ""residual+conditioning"": 18}"
0.9583333333333334,0.9583333333333333,0.96,0.9913194444444444,0.0011663999994198093,digits_3_vs_8,hybrid_qnn_lenient_qnn_exploratory_svm_rbf,hybrid_qnn_lenient_qnn_exploratory,svm_rbf,0,4,4,16,2.0,1.1,True,qnn_exploratory,qnn_lenient,80,,,,,,,54.985464800000045,,,,,,,,,,,,,,,,0.4375,1.0,0.6041666666666666,0.13713147614354168,0.07092956579357562,40.791666666666664,25.9375,0.33056521458343013,0.08407962174800408,0.08825192306931572,"{""residual+conditioning+solver_failure"": 30, ""residual+conditioning"": 18}"
0.9583333333333334,0.9583333333333334,0.9583333333333334,0.9965277777777778,44.886010799998985,digits_3_vs_8,hybrid_qnn_lenient_qnn_exploratory_qnn,hybrid_qnn_lenient_qnn_exploratory,qnn,0,4,4,16,2.0,1.1,True,qnn_exploratory,qnn_lenient,80,,,,,,,54.985464800000045,,,,,,,,,,,,,,,,0.4375,1.0,0.6041666666666666,0.13713147614354168,0.07092956579357562,40.791666666666664,25.9375,0.33056521458343013,0.08407962174800408,0.08825192306931572,"{""residual+conditioning+solver_failure"": 30, ""residual+conditioning"": 18}"
0.9583333333333334,0.9583333333333333,0.96,0.9913194444444444,0.002672599999641534,digits_3_vs_8,forced_no_detector_logreg,forced_no_detector,logreg,0,4,4,16,2.0,1.1,True,no_detector,standard,80,,,,,,,12.780761199999688,0.3958333333333333,0.9166666666666666,0.375,0.3333333333333333,0.16296903803707422,0.1655667054802609,0.15018721378435348,0.12653236026177714,0.13462849096287688,40.791666666666664,20.75,1779.2708333333333,0.07516146666678954,0.08407962174800408,0.06574265788776763,,,,,,,,,,,
0.9583333333333334,0.9583333333333333,0.96,0.9930555555555555,0.0011615000003075693,digits_3_vs_8,forced_no_detector_svm_rbf,forced_no_detector,svm_rbf,0,4,4,16,2.0,1.1,True,no_detector,standard,80,,,,,,,12.780761199999688,0.3958333333333333,0.9166666666666666,0.375,0.3333333333333333,0.16296903803707422,0.1655667054802609,0.15018721378435348,0.12653236026177714,0.13462849096287688,40.791666666666664,20.75,1779.2708333333333,0.07516146666678954,0.08407962174800408,0.06574265788776763,,,,,,,,,,,
0.9583333333333334,0.9583333333333334,0.9583333333333334,0.9965277777777778,45.461418000000776,digits_3_vs_8,forced_no_detector_qnn,forced_no_detector,qnn,0,4,4,16,2.0,1.1,True,no_detector,standard,80,,,,,,,12.780761199999688,0.3958333333333333,0.9166666666666666,0.375,0.3333333333333333,0.16296903803707422,0.1655667054802609,0.15018721378435348,0.12653236026177714,0.13462849096287688,40.791666666666664,20.75,1779.2708333333333,0.07516146666678954,0.08407962174800408,0.06574265788776763,,,,,,,,,,,
0.9583333333333334,0.9583333333333333,0.96,0.9913194444444444,0.002471200001309626,digits_3_vs_8,hybrid_standard_no_detector_logreg,hybrid_standard_no_detector,logreg,0,4,4,16,2.0,1.1,True,no_detector,standard,80,,,,,,,5.647158100000524,,,,,,,,,,,,,,,,0.3958333333333333,0.6875,0.2708333333333333,0.15073850892143398,0.10606154554722193,40.791666666666664,33.958333333333336,0.039753427083458824,0.08407962174800408,0.013300320634646453,"{""residual+conditioning+solver_failure"": 28, ""conditioning"": 3, ""conditioning+solver_failure"": 2, ""none"": 15}"
0.9583333333333334,0.9583333333333333,0.96,0.9930555555555555,0.0011701000003085937,digits_3_vs_8,hybrid_standard_no_detector_svm_rbf,hybrid_standard_no_detector,svm_rbf,0,4,4,16,2.0,1.1,True,no_detector,standard,80,,,,,,,5.647158100000524,,,,,,,,,,,,,,,,0.3958333333333333,0.6875,0.2708333333333333,0.15073850892143398,0.10606154554722193,40.791666666666664,33.958333333333336,0.039753427083458824,0.08407962174800408,0.013300320634646453,"{""residual+conditioning+solver_failure"": 28, ""conditioning"": 3, ""conditioning+solver_failure"": 2, ""none"": 15}"
0.9791666666666666,0.9791666666666667,0.9795918367346939,0.9722222222222222,44.38503889999993,digits_3_vs_8,hybrid_standard_no_detector_qnn,hybrid_standard_no_detector,qnn,0,4,4,16,2.0,1.1,True,no_detector,standard,80,,,,,,,5.647158100000524,,,,,,,,,,,,,,,,0.3958333333333333,0.6875,0.2708333333333333,0.15073850892143398,0.10606154554722193,40.791666666666664,33.958333333333336,0.039753427083458824,0.08407962174800408,0.013300320634646453,"{""residual+conditioning+solver_failure"": 28, ""conditioning"": 3, ""conditioning+solver_failure"": 2, ""none"": 15}"
0.9583333333333334,0.9583333333333333,0.96,0.9913194444444444,0.002662599999894155,digits_3_vs_8,hybrid_aggressive_no_detector_logreg,hybrid_aggressive_no_detector,logreg,0,4,4,16,2.0,1.1,True,no_detector,aggressive,80,,,,,,,9.227969999999914,,,,,,,,,,,,,,,,0.3958333333333333,0.7708333333333334,0.375,0.15145051805595613,0.10606154554722193,40.791666666666664,31.979166666666668,0.05127197083322699,0.08407962174800408,0.02994011919802593,"{""residual+conditioning+solver_failure"": 30, ""conditioning"": 7, ""none"": 11}"
0.9583333333333334,0.9583333333333333,0.96,0.9930555555555555,0.0011733999999705702,digits_3_vs_8,hybrid_aggressive_no_detector_svm_rbf,hybrid_aggressive_no_detector,svm_rbf,0,4,4,16,2.0,1.1,True,no_detector,aggressive,80,,,,,,,9.227969999999914,,,,,,,,,,,,,,,,0.3958333333333333,0.7708333333333334,0.375,0.15145051805595613,0.10606154554722193,40.791666666666664,31.979166666666668,0.05127197083322699,0.08407962174800408,0.02994011919802593,"{""residual+conditioning+solver_failure"": 30, ""conditioning"": 7, ""none"": 11}"
0.9583333333333334,0.9583333333333334,0.9583333333333334,0.9930555555555556,43.626774399999704,digits_3_vs_8,hybrid_aggressive_no_detector_qnn,hybrid_aggressive_no_detector,qnn,0,4,4,16,2.0,1.1,True,no_detector,aggressive,80,,,,,,,9.227969999999914,,,,,,,,,,,,,,,,0.3958333333333333,0.7708333333333334,0.375,0.15145051805595613,0.10606154554722193,40.791666666666664,31.979166666666668,0.05127197083322699,0.08407962174800408,0.02994011919802593,"{""residual+conditioning+solver_failure"": 30, ""conditioning"": 7, ""none"": 11}"
0.9583333333333334,0.9583333333333333,0.96,0.9913194444444444,0.002637499999764259,digits_3_vs_8,hybrid_always_trigger_no_detector_logreg,hybrid_always_trigger_no_detector,logreg,0,4,4,16,2.0,1.1,True,no_detector,always_trigger,80,,,,,,,12.803195699998469,,,,,,,,,,,,,,,,0.3958333333333333,1.0,0.5416666666666666,0.15145051805544887,0.10606154554722193,40.791666666666664,29.604166666666668,0.07552171458329819,0.08407962174800408,0.06574265788776763,"{""residual+conditioning+solver_failure"": 30, ""residual+conditioning"": 18}"
0.9583333333333334,0.9583333333333333,0.96,0.9930555555555555,0.0013054999999440042,digits_3_vs_8,hybrid_always_trigger_no_detector_svm_rbf,hybrid_always_trigger_no_detector,svm_rbf,0,4,4,16,2.0,1.1,True,no_detector,always_trigger,80,,,,,,,12.803195699998469,,,,,,,,,,,,,,,,0.3958333333333333,1.0,0.5416666666666666,0.15145051805544887,0.10606154554722193,40.791666666666664,29.604166666666668,0.07552171458329819,0.08407962174800408,0.06574265788776763,"{""residual+conditioning+solver_failure"": 30, ""residual+conditioning"": 18}"
0.9583333333333334,0.9583333333333334,0.9583333333333334,0.9947916666666667,44.11738200000036,digits_3_vs_8,hybrid_always_trigger_no_detector_qnn,hybrid_always_trigger_no_detector,qnn,0,4,4,16,2.0,1.1,True,no_detector,always_trigger,80,,,,,,,12.803195699998469,,,,,,,,,,,,,,,,0.3958333333333333,1.0,0.5416666666666666,0.15145051805544887,0.10606154554722193,40.791666666666664,29.604166666666668,0.07552171458329819,0.08407962174800408,0.06574265788776763,"{""residual+conditioning+solver_failure"": 30, ""residual+conditioning"": 18}"
0.9583333333333334,0.9583333333333333,0.96,0.9913194444444444,0.0024091000013868324,digits_3_vs_8,hybrid_qnn_lenient_no_detector_logreg,hybrid_qnn_lenient_no_detector,logreg,0,4,4,16,2.0,1.1,True,no_detector,qnn_lenient,80,,,,,,,12.8282820000004,,,,,,,,,,,,,,,,0.3958333333333333,1.0,0.5416666666666666,0.15145051805544887,0.10606154554722193,40.791666666666664,29.604166666666668,0.07598919999994298,0.08407962174800408,0.06574265788776763,"{""residual+conditioning+solver_failure"": 30, ""residual+conditioning"": 18}"
0.9583333333333334,0.9583333333333333,0.96,0.9930555555555555,0.0011542000011104392,digits_3_vs_8,hybrid_qnn_lenient_no_detector_svm_rbf,hybrid_qnn_lenient_no_detector,svm_rbf,0,4,4,16,2.0,1.1,True,no_detector,qnn_lenient,80,,,,,,,12.8282820000004,,,,,,,,,,,,,,,,0.3958333333333333,1.0,0.5416666666666666,0.15145051805544887,0.10606154554722193,40.791666666666664,29.604166666666668,0.07598919999994298,0.08407962174800408,0.06574265788776763,"{""residual+conditioning+solver_failure"": 30, ""residual+conditioning"": 18}"
0.9583333333333334,0.9583333333333334,0.9583333333333334,0.9947916666666667,45.42855269999927,digits_3_vs_8,hybrid_qnn_lenient_no_detector_qnn,hybrid_qnn_lenient_no_detector,qnn,0,4,4,16,2.0,1.1,True,no_detector,qnn_lenient,80,,,,,,,12.8282820000004,,,,,,,,,,,,,,,,0.3958333333333333,1.0,0.5416666666666666,0.15145051805544887,0.10606154554722193,40.791666666666664,29.604166666666668,0.07598919999994298,0.08407962174800408,0.06574265788776763,"{""residual+conditioning+solver_failure"": 30, ""residual+conditioning"": 18}"
0.9583333333333334,0.9583333333333333,0.96,0.9861111111111112,0.002129899999999907,digits_3_vs_8,forced_residual_only_logreg,forced_residual_only,logreg,0,4,4,16,2.0,1.1,True,residual_only,standard,80,,,,,,,6.274253200001112,0.4375,0.9375,0.375,0.3958333333333333,0.16296903803707422,0.1440593806497409,0.13312455239414187,0.12653236026177714,0.10590934991482331,40.791666666666664,13.75,2024.0,0.03766391249981401,0.08407962174800408,0.09184451591422338,,,,,,,,,,,
0.9375,0.9375,0.9411764705882353,0.9895833333333333,0.0011617000000114786,digits_3_vs_8,forced_residual_only_svm_rbf,forced_residual_only,svm_rbf,0,4,4,16,2.0,1.1,True,residual_only,standard,80,,,,,,,6.274253200001112,0.4375,0.9375,0.375,0.3958333333333333,0.16296903803707422,0.1440593806497409,0.13312455239414187,0.12653236026177714,0.10590934991482331,40.791666666666664,13.75,2024.0,0.03766391249981401,0.08407962174800408,0.09184451591422338,,,,,,,,,,,
0.9583333333333334,0.9583333333333334,0.9583333333333334,0.9947916666666667,43.7554197999998,digits_3_vs_8,forced_residual_only_qnn,forced_residual_only,qnn,0,4,4,16,2.0,1.1,True,residual_only,standard,80,,,,,,,6.274253200001112,0.4375,0.9375,0.375,0.3958333333333333,0.16296903803707422,0.1440593806497409,0.13312455239414187,0.12653236026177714,0.10590934991482331,40.791666666666664,13.75,2024.0,0.03766391249981401,0.08407962174800408,0.09184451591422338,,,,,,,,,,,
0.9583333333333334,0.9583333333333333,0.96,0.984375,0.0021338000005926006,digits_3_vs_8,hybrid_standard_residual_only_logreg,hybrid_standard_residual_only,logreg,0,4,4,16,2.0,1.1,True,residual_only,standard,80,,,,,,,2.9670263999996678,,,,,,,,,,,,,,,,0.4375,0.6875,0.4583333333333333,0.13348427649917025,0.07092956579357562,40.791666666666664,26.083333333333332,0.019710104166544323,0.08407962174800408,0.040528137131153795,"{""residual+conditioning+solver_failure"": 28, ""conditioning"": 3, ""conditioning+solver_failure"": 2, ""none"": 15}"
0.9375,0.9375,0.9411764705882353,0.9913194444444444,0.0011110000014014076,digits_3_vs_8,hybrid_standard_residual_only_svm_rbf,hybrid_standard_residual_only,svm_rbf,0,4,4,16,2.0,1.1,True,residual_only,standard,80,,,,,,,2.9670263999996678,,,,,,,,,,,,,,,,0.4375,0.6875,0.4583333333333333,0.13348427649917025,0.07092956579357562,40.791666666666664,26.083333333333332,0.019710104166544323,0.08407962174800408,0.040528137131153795,"{""residual+conditioning+solver_failure"": 28, ""conditioning"": 3, ""conditioning+solver_failure"": 2, ""none"": 15}"
0.9791666666666666,0.9791666666666667,0.9795918367346939,0.9704861111111112,45.764690600000904,digits_3_vs_8,hybrid_standard_residual_only_qnn,hybrid_standard_residual_only,qnn,0,4,4,16,2.0,1.1,True,residual_only,standard,80,,,,,,,2.9670263999996678,,,,,,,,,,,,,,,,0.4375,0.6875,0.4583333333333333,0.13348427649917025,0.07092956579357562,40.791666666666664,26.083333333333332,0.019710104166544323,0.08407962174800408,0.040528137131153795,"{""residual+conditioning+solver_failure"": 28, ""conditioning"": 3, ""conditioning+solver_failure"": 2, ""none"": 15}"
0.9583333333333334,0.9583333333333333,0.96,0.9861111111111112,0.0018933000010292744,digits_3_vs_8,hybrid_aggressive_residual_only_logreg,hybrid_aggressive_residual_only,logreg,0,4,4,16,2.0,1.1,True,residual_only,aggressive,80,,,,,,,4.459781800000201,,,,,,,,,,,,,,,,0.4375,0.7708333333333334,0.5416666666666666,0.13348427649904562,0.07092956579357562,40.791666666666664,24.645833333333332,0.02492463541663407,0.08407962174800408,0.054224387965181135,"{""residual+conditioning+solver_failure"": 30, ""conditioning"": 7, ""none"": 11}"
0.9375,0.9375,0.9411764705882353,0.9913194444444444,0.0011360000007698545,digits_3_vs_8,hybrid_aggressive_residual_only_svm_rbf,hybrid_aggressive_residual_only,svm_rbf,0,4,4,16,2.0,1.1,True,residual_only,aggressive,80,,,,,,,4.459781800000201,,,,,,,,,,,,,,,,0.4375,0.7708333333333334,0.5416666666666666,0.13348427649904562,0.07092956579357562,40.791666666666664,24.645833333333332,0.02492463541663407,0.08407962174800408,0.054224387965181135,"{""residual+conditioning+solver_failure"": 30, ""conditioning"": 7, ""none"": 11}"
0.9583333333333334,0.9583333333333334,0.9583333333333334,0.9965277777777778,44.88640309999937,digits_3_vs_8,hybrid_aggressive_residual_only_qnn,hybrid_aggressive_residual_only,qnn,0,4,4,16,2.0,1.1,True,residual_only,aggressive,80,,,,,,,4.459781800000201,,,,,,,,,,,,,,,,0.4375,0.7708333333333334,0.5416666666666666,0.13348427649904562,0.07092956579357562,40.791666666666664,24.645833333333332,0.02492463541663407,0.08407962174800408,0.054224387965181135,"{""residual+conditioning+solver_failure"": 30, ""conditioning"": 7, ""none"": 11}"
0.9583333333333334,0.9583333333333333,0.96,0.984375,0.002663100000063423,digits_3_vs_8,hybrid_always_trigger_residual_only_logreg,hybrid_always_trigger_residual_only,logreg,0,4,4,16,2.0,1.1,True,residual_only,always_trigger,80,,,,,,,6.256356300000334,,,,,,,,,,,,,,,,0.4375,1.0,0.7291666666666666,0.1334842764985925,0.07092956579357562,40.791666666666664,20.604166666666668,0.03744631249988591,0.08407962174800408,0.09184451591422338,"{""residual+conditioning+solver_failure"": 30, ""residual+conditioning"": 18}"
0.9375,0.9375,0.9411764705882353,0.9913194444444444,0.0012394999994285172,digits_3_vs_8,hybrid_always_trigger_residual_only_svm_rbf,hybrid_always_trigger_residual_only,svm_rbf,0,4,4,16,2.0,1.1,True,residual_only,always_trigger,80,,,,,,,6.256356300000334,,,,,,,,,,,,,,,,0.4375,1.0,0.7291666666666666,0.1334842764985925,0.07092956579357562,40.791666666666664,20.604166666666668,0.03744631249988591,0.08407962174800408,0.09184451591422338,"{""residual+conditioning+solver_failure"": 30, ""residual+conditioning"": 18}"
0.9583333333333334,0.9583333333333334,0.9583333333333334,0.9965277777777778,43.91362039999876,digits_3_vs_8,hybrid_always_trigger_residual_only_qnn,hybrid_always_trigger_residual_only,qnn,0,4,4,16,2.0,1.1,True,residual_only,always_trigger,80,,,,,,,6.256356300000334,,,,,,,,,,,,,,,,0.4375,1.0,0.7291666666666666,0.1334842764985925,0.07092956579357562,40.791666666666664,20.604166666666668,0.03744631249988591,0.08407962174800408,0.09184451591422338,"{""residual+conditioning+solver_failure"": 30, ""residual+conditioning"": 18}"
0.9583333333333334,0.9583333333333333,0.96,0.984375,0.002205300001151045,digits_3_vs_8,hybrid_qnn_lenient_residual_only_logreg,hybrid_qnn_lenient_residual_only,logreg,0,4,4,16,2.0,1.1,True,residual_only,qnn_lenient,80,,,,,,,6.272154499998578,,,,,,,,,,,,,,,,0.4375,1.0,0.7291666666666666,0.1334842764985925,0.07092956579357562,40.791666666666664,20.604166666666668,0.03772214583329969,0.08407962174800408,0.09184451591422338,"{""residual+conditioning+solver_failure"": 30, ""residual+conditioning"": 18}"
0.9375,0.9375,0.9411764705882353,0.9913194444444444,0.00112500000068394,digits_3_vs_8,hybrid_qnn_lenient_residual_only_svm_rbf,hybrid_qnn_lenient_residual_only,svm_rbf,0,4,4,16,2.0,1.1,True,residual_only,qnn_lenient,80,,,,,,,6.272154499998578,,,,,,,,,,,,,,,,0.4375,1.0,0.7291666666666666,0.1334842764985925,0.07092956579357562,40.791666666666664,20.604166666666668,0.03772214583329969,0.08407962174800408,0.09184451591422338,"{""residual+conditioning+solver_failure"": 30, ""residual+conditioning"": 18}"
0.9583333333333334,0.9583333333333334,0.9583333333333334,0.9965277777777778,45.772141100000226,digits_3_vs_8,hybrid_qnn_lenient_residual_only_qnn,hybrid_qnn_lenient_residual_only,qnn,0,4,4,16,2.0,1.1,True,residual_only,qnn_lenient,80,,,,,,,6.272154499998578,,,,,,,,,,,,,,,,0.4375,1.0,0.7291666666666666,0.1334842764985925,0.07092956579357562,40.791666666666664,20.604166666666668,0.03772214583329969,0.08407962174800408,0.09184451591422338,"{""residual+conditioning+solver_failure"": 30, ""residual+conditioning"": 18}"
1.0,1.0,1.0,1.0,0.0014836999998806277,digits_3_vs_8,pca_logreg,pca,logreg,1,4,4,16,2.0,1.1,True,full_balanced,standard,80,,,,,,,,,,,,,,,,,,,,,,,,,,,,,,,,,
1.0,1.0,1.0,1.0,0.06962269999894488,digits_3_vs_8,pca_mlp,pca,mlp,1,4,4,16,2.0,1.1,True,full_balanced,standard,80,,,,,,,,,,,,,,,,,,,,,,,,,,,,,,,,,
1.0,1.0,1.0,1.0,0.0011866000004374655,digits_3_vs_8,pca_svm_rbf,pca,svm_rbf,1,4,4,16,2.0,1.1,True,full_balanced,standard,80,,,,,,,,,,,,,,,,,,,,,,,,,,,,,,,,,
1.0,1.0,1.0,1.0,45.0169719000005,digits_3_vs_8,pca_qnn,pca,qnn,1,4,4,16,2.0,1.1,True,full_balanced,standard,80,,,,,,,,,,,,,,,,,,,,,,,,,,,,,,,,,
0.9791666666666666,0.9791666666666667,0.9787234042553191,0.998263888888889,0.0030965000005380716,digits_3_vs_8,implicit_zero_logreg,implicit_zero,logreg,1,4,4,16,2.0,1.1,True,full_balanced,standard,80,0.75,0.041312810097076984,5.260192560046229e-12,35.625,0.0002948937499998768,0.1528503009479296,0.04326589999982389,,,,,,,,,,,,,,,,,,,,,,,,,,
0.9583333333333334,0.9583333333333333,0.9565217391304348,0.9965277777777777,0.001971600000615581,digits_3_vs_8,implicit_zero_svm_rbf,implicit_zero,svm_rbf,1,4,4,16,2.0,1.1,True,full_balanced,standard,80,0.75,0.041312810097076984,5.260192560046229e-12,35.625,0.0002948937499998768,0.1528503009479296,0.04326589999982389,,,,,,,,,,,,,,,,,,,,,,,,,,
0.9791666666666666,0.9791666666666667,0.9787234042553191,0.998263888888889,46.36561999999867,digits_3_vs_8,implicit_zero_qnn,implicit_zero,qnn,1,4,4,16,2.0,1.1,True,full_balanced,standard,80,0.75,0.041312810097076984,5.260192560046229e-12,35.625,0.0002948937499998768,0.1528503009479296,0.04326589999982389,,,,,,,,,,,,,,,,,,,,,,,,,,
0.9791666666666666,0.9791666666666667,0.9787234042553191,0.9947916666666666,0.0028383999997458886,digits_3_vs_8,forced_full_light_logreg,forced_full_light,logreg,1,4,4,16,2.0,1.1,True,full_light,standard,80,,,,,,,27.317987999998877,0.8125,0.5208333333333334,0.75,0.4166666666666667,0.041312810097076984,0.13838180667148742,0.03259882154026906,5.260192560046229e-12,0.06415995609496643,35.625,20.520833333333332,1914.9166666666667,0.17988788749979298,0.1528503009479296,0.06572269800525453,,,,,,,,,,,
0.9583333333333334,0.9583333333333333,0.9565217391304348,0.9913194444444444,0.001475699998991331,digits_3_vs_8,forced_full_light_svm_rbf,forced_full_light,svm_rbf,1,4,4,16,2.0,1.1,True,full_light,standard,80,,,,,,,27.317987999998877,0.8125,0.5208333333333334,0.75,0.4166666666666667,0.041312810097076984,0.13838180667148742,0.03259882154026906,5.260192560046229e-12,0.06415995609496643,35.625,20.520833333333332,1914.9166666666667,0.17988788749979298,0.1528503009479296,0.06572269800525453,,,,,,,,,,,
0.9375,0.9375,0.9361702127659575,0.9809027777777778,44.58446170000025,digits_3_vs_8,forced_full_light_qnn,forced_full_light,qnn,1,4,4,16,2.0,1.1,True,full_light,standard,80,,,,,,,27.317987999998877,0.8125,0.5208333333333334,0.75,0.4166666666666667,0.041312810097076984,0.13838180667148742,0.03259882154026906,5.260192560046229e-12,0.06415995609496643,35.625,20.520833333333332,1914.9166666666667,0.17988788749979298,0.1528503009479296,0.06572269800525453,,,,,,,,,,,
0.9791666666666666,0.9791666666666667,0.9787234042553191,0.9965277777777777,0.002675600000657141,digits_3_vs_8,hybrid_standard_full_light_logreg,hybrid_standard_full_light,logreg,1,4,4,16,2.0,1.1,True,full_light,standard,80,,,,,,,7.4826228999991145,,,,,,,,,,,,,,,,0.7916666666666666,0.3333333333333333,0.20833333333333334,0.03315122528945216,4.161762414760367e-12,35.625,29.666666666666668,0.062359268749901275,0.1528503009479296,0.03550005711023927,"{""none"": 32, ""residual+conditioning+solver_failure"": 11, ""conditioning"": 4, ""conditioning+solver_failure"": 1}"
0.9375,0.9375,0.9361702127659575,0.9947916666666666,0.0013799000007566065,digits_3_vs_8,hybrid_standard_full_light_svm_rbf,hybrid_standard_full_light,svm_rbf,1,4,4,16,2.0,1.1,True,full_light,standard,80,,,,,,,7.4826228999991145,,,,,,,,,,,,,,,,0.7916666666666666,0.3333333333333333,0.20833333333333334,0.03315122528945216,4.161762414760367e-12,35.625,29.666666666666668,0.062359268749901275,0.1528503009479296,0.03550005711023927,"{""none"": 32, ""residual+conditioning+solver_failure"": 11, ""conditioning"": 4, ""conditioning+solver_failure"": 1}"
0.8958333333333334,0.8958333333333334,0.8888888888888888,0.9722222222222221,45.18308260000049,digits_3_vs_8,hybrid_standard_full_light_qnn,hybrid_standard_full_light,qnn,1,4,4,16,2.0,1.1,True,full_light,standard,80,,,,,,,7.4826228999991145,,,,,,,,,,,,,,,,0.7916666666666666,0.3333333333333333,0.20833333333333334,0.03315122528945216,4.161762414760367e-12,35.625,29.666666666666668,0.062359268749901275,0.1528503009479296,0.03550005711023927,"{""none"": 32, ""residual+conditioning+solver_failure"": 11, ""conditioning"": 4, ""conditioning+solver_failure"": 1}"
0.9791666666666666,0.9791666666666667,0.9787234042553191,0.9947916666666666,0.002417900001091766,digits_3_vs_8,hybrid_aggressive_full_light_logreg,hybrid_aggressive_full_light,logreg,1,4,4,16,2.0,1.1,True,full_light,aggressive,80,,,,,,,15.033146100000522,,,,,,,,,,,,,,,,0.8125,0.5833333333333334,0.3541666666666667,0.03272090940180198,1.1941354185416745e-12,35.625,26.270833333333332,0.11256283124998845,0.1528503009479296,0.06001077762450681,"{""none"": 20, ""conditioning"": 16, ""residual+conditioning+solver_failure"": 12}"
0.9375,0.9375,0.9361702127659575,0.9878472222222222,0.0016381999994337093,digits_3_vs_8,hybrid_aggressive_full_light_svm_rbf,hybrid_aggressive_full_light,svm_rbf,1,4,4,16,2.0,1.1,True,full_light,aggressive,80,,,,,,,15.033146100000522,,,,,,,,,,,,,,,,0.8125,0.5833333333333334,0.3541666666666667,0.03272090940180198,1.1941354185416745e-12,35.625,26.270833333333332,0.11256283124998845,0.1528503009479296,0.06001077762450681,"{""none"": 20, ""conditioning"": 16, ""residual+conditioning+solver_failure"": 12}"
0.9166666666666666,0.9166666666666667,0.9130434782608695,0.953125,44.36141879999923,digits_3_vs_8,hybrid_aggressive_full_light_qnn,hybrid_aggressive_full_light,qnn,1,4,4,16,2.0,1.1,True,full_light,aggressive,80,,,,,,,15.033146100000522,,,,,,,,,,,,,,,,0.8125,0.5833333333333334,0.3541666666666667,0.03272090940180198,1.1941354185416745e-12,35.625,26.270833333333332,0.11256283124998845,0.1528503009479296,0.06001077762450681,"{""none"": 20, ""conditioning"": 16, ""residual+conditioning+solver_failure"": 12}"
0.9791666666666666,0.9791666666666667,0.9787234042553191,0.9947916666666666,0.003790400000070804,digits_3_vs_8,hybrid_always_trigger_full_light_logreg,hybrid_always_trigger_full_light,logreg,1,4,4,16,2.0,1.1,True,full_light,always_trigger,80,,,,,,,27.21292579999863,,,,,,,,,,,,,,,,0.7916666666666666,1.0,0.4375,0.033151097786820106,1.0052863043878504e-12,35.625,24.4375,0.18146146041669908,0.1528503009479296,0.06376431872405265,"{""residual+conditioning"": 36, ""residual+conditioning+solver_failure"": 12}"
0.9375,0.9375,0.9361702127659575,0.9878472222222222,0.001364399999147281,digits_3_vs_8,hybrid_always_trigger_full_light_svm_rbf,hybrid_always_trigger_full_light,svm_rbf,1,4,4,16,2.0,1.1,True,full_light,always_trigger,80,,,,,,,27.21292579999863,,,,,,,,,,,,,,,,0.7916666666666666,1.0,0.4375,0.033151097786820106,1.0052863043878504e-12,35.625,24.4375,0.18146146041669908,0.1528503009479296,0.06376431872405265,"{""residual+conditioning"": 36, ""residual+conditioning+solver_failure"": 12}"
0.9166666666666666,0.9166666666666667,0.9130434782608695,0.953125,45.13594019999982,digits_3_vs_8,hybrid_always_trigger_full_light_qnn,hybrid_always_trigger_full_light,qnn,1,4,4,16,2.0,1.1,True,full_light,always_trigger,80,,,,,,,27.21292579999863,,,,,,,,,,,,,,,,0.7916666666666666,1.0,0.4375,0.033151097786820106,1.0052863043878504e-12,35.625,24.4375,0.18146146041669908,0.1528503009479296,0.06376431872405265,"{""residual+conditioning"": 36, ""residual+conditioning+solver_failure"": 12}"
0.9791666666666666,0.9791666666666667,0.9787234042553191,0.9947916666666666,0.003034299999853829,digits_3_vs_8,hybrid_qnn_lenient_full_light_logreg,hybrid_qnn_lenient_full_light,logreg,1,4,4,16,2.0,1.1,True,full_light,qnn_lenient,80,,,,,,,27.214403400001174,,,,,,,,,,,,,,,,0.7916666666666666,1.0,0.4375,0.033151097786820106,1.0052863043878504e-12,35.625,24.4375,0.18072273124998142,0.1528503009479296,0.06376431872405265,"{""residual+conditioning"": 36, ""residual+conditioning+solver_failure"": 12}"
0.9375,0.9375,0.9361702127659575,0.9878472222222222,0.0014176000004226808,digits_3_vs_8,hybrid_qnn_lenient_full_light_svm_rbf,hybrid_qnn_lenient_full_light,svm_rbf,1,4,4,16,2.0,1.1,True,full_light,qnn_lenient,80,,,,,,,27.214403400001174,,,,,,,,,,,,,,,,0.7916666666666666,1.0,0.4375,0.033151097786820106,1.0052863043878504e-12,35.625,24.4375,0.18072273124998142,0.1528503009479296,0.06376431872405265,"{""residual+conditioning"": 36, ""residual+conditioning+solver_failure"": 12}"
0.9166666666666666,0.9166666666666667,0.9130434782608695,0.953125,45.60161979999975,digits_3_vs_8,hybrid_qnn_lenient_full_light_qnn,hybrid_qnn_lenient_full_light,qnn,1,4,4,16,2.0,1.1,True,full_light,qnn_lenient,80,,,,,,,27.214403400001174,,,,,,,,,,,,,,,,0.7916666666666666,1.0,0.4375,0.033151097786820106,1.0052863043878504e-12,35.625,24.4375,0.18072273124998142,0.1528503009479296,0.06376431872405265,"{""residual+conditioning"": 36, ""residual+conditioning+solver_failure"": 12}"
0.9791666666666666,0.9791666666666667,0.9787234042553191,0.9965277777777777,0.002700500001083128,digits_3_vs_8,forced_full_balanced_logreg,forced_full_balanced,logreg,1,4,4,16,2.0,1.1,True,full_balanced,standard,80,,,,,,,37.276456799998414,0.7916666666666666,0.4583333333333333,0.75,0.4375,0.041312810097076984,0.1155777461702987,0.03434544877530215,5.260192560046229e-12,0.030079173005650828,35.625,24.020833333333332,2027.1875,0.22743153749998632,0.1528503009479296,0.07465235543306196,,,,,,,,,,,
0.9375,0.9375,0.9361702127659575,0.9895833333333334,0.001377399999910267,digits_3_vs_8,forced_full_balanced_svm_rbf,forced_full_balanced,svm_rbf,1,4,4,16,2.0,1.1,True,full_balanced,standard,80,,,,,,,37.276456799998414,0.7916666666666666,0.4583333333333333,0.75,0.4375,0.041312810097076984,0.1155777461702987,0.03434544877530215,5.260192560046229e-12,0.030079173005650828,35.625,24.020833333333332,2027.1875,0.22743153749998632,0.1528503009479296,0.07465235543306196,,,,,,,,,,,
0.9375,0.9375,0.9361702127659575,0.9895833333333334,45.6514229000004,digits_3_vs_8,forced_full_balanced_qnn,forced_full_balanced,qnn,1,4,4,16,2.0,1.1,True,full_balanced,standard,80,,,,,,,37.276456799998414,0.7916666666666666,0.4583333333333333,0.75,0.4375,0.041312810097076984,0.1155777461702987,0.03434544877530215,5.260192560046229e-12,0.030079173005650828,35.625,24.020833333333332,2027.1875,0.22743153749998632,0.1528503009479296,0.07465235543306196,,,,,,,,,,,
0.9791666666666666,0.9791666666666667,0.9787234042553191,0.9965277777777777,0.002897599999414524,digits_3_vs_8,hybrid_standard_full_balanced_logreg,hybrid_standard_full_balanced,logreg,1,4,4,16,2.0,1.1,True,full_balanced,standard,80,,,,,,,9.799990699999398,,,,,,,,,,,,,,,,0.7916666666666666,0.3333333333333333,0.20833333333333334,0.03439330217565159,4.161762414760367e-12,35.625,30.583333333333332,0.08704654791673268,0.1528503009479296,0.04040730277976455,"{""none"": 32, ""residual+conditioning+solver_failure"": 11, ""conditioning"": 4, ""conditioning+solver_failure"": 1}"
0.9375,0.9375,0.9361702127659575,0.9947916666666667,0.0014068999989831354,digits_3_vs_8,hybrid_standard_full_balanced_svm_rbf,hybrid_standard_full_balanced,svm_rbf,1,4,4,16,2.0,1.1,True,full_balanced,standard,80,,,,,,,9.799990699999398,,,,,,,,,,,,,,,,0.7916666666666666,0.3333333333333333,0.20833333333333334,0.03439330217565159,4.161762414760367e-12,35.625,30.583333333333332,0.08704654791673268,0.1528503009479296,0.04040730277976455,"{""none"": 32, ""residual+conditioning+solver_failure"": 11, ""conditioning"": 4, ""conditioning+solver_failure"": 1}"
0.9166666666666666,0.9166666666666667,0.9130434782608695,0.9513888888888888,44.041567000000214,digits_3_vs_8,hybrid_standard_full_balanced_qnn,hybrid_standard_full_balanced,qnn,1,4,4,16,2.0,1.1,True,full_balanced,standard,80,,,,,,,9.799990699999398,,,,,,,,,,,,,,,,0.7916666666666666,0.3333333333333333,0.20833333333333334,0.03439330217565159,4.161762414760367e-12,35.625,30.583333333333332,0.08704654791673268,0.1528503009479296,0.04040730277976455,"{""none"": 32, ""residual+conditioning+solver_failure"": 11, ""conditioning"": 4, ""conditioning+solver_failure"": 1}"
0.9791666666666666,0.9791666666666667,0.9787234042553191,0.9965277777777777,0.003038500000911881,digits_3_vs_8,hybrid_aggressive_full_balanced_logreg,hybrid_aggressive_full_balanced,logreg,1,4,4,16,2.0,1.1,True,full_balanced,aggressive,80,,,,,,,21.743404000000737,,,,,,,,,,,,,,,,0.7916666666666666,0.5833333333333334,0.3333333333333333,0.03438961550789093,2.024805745939763e-12,35.625,28.041666666666668,0.15828836041669092,0.1528503009479296,0.06387419320686627,"{""none"": 20, ""conditioning"": 16, ""residual+conditioning+solver_failure"": 12}"
0.9375,0.9375,0.9361702127659575,0.9861111111111112,0.001458200000342913,digits_3_vs_8,hybrid_aggressive_full_balanced_svm_rbf,hybrid_aggressive_full_balanced,svm_rbf,1,4,4,16,2.0,1.1,True,full_balanced,aggressive,80,,,,,,,21.743404000000737,,,,,,,,,,,,,,,,0.7916666666666666,0.5833333333333334,0.3333333333333333,0.03438961550789093,2.024805745939763e-12,35.625,28.041666666666668,0.15828836041669092,0.1528503009479296,0.06387419320686627,"{""none"": 20, ""conditioning"": 16, ""residual+conditioning+solver_failure"": 12}"
0.8958333333333334,0.8958333333333333,0.8936170212765957,0.9548611111111112,44.67057299999942,digits_3_vs_8,hybrid_aggressive_full_balanced_qnn,hybrid_aggressive_full_balanced,qnn,1,4,4,16,2.0,1.1,True,full_balanced,aggressive,80,,,,,,,21.743404000000737,,,,,,,,,,,,,,,,0.7916666666666666,0.5833333333333334,0.3333333333333333,0.03438961550789093,2.024805745939763e-12,35.625,28.041666666666668,0.15828836041669092,0.1528503009479296,0.06387419320686627,"{""none"": 20, ""conditioning"": 16, ""residual+conditioning+solver_failure"": 12}"
0.9791666666666666,0.9791666666666667,0.9787234042553191,0.9965277777777777,0.0027881000005436363,digits_3_vs_8,hybrid_always_trigger_full_balanced_logreg,hybrid_always_trigger_full_balanced,logreg,1,4,4,16,2.0,1.1,True,full_balanced,always_trigger,80,,,,,,,37.68973410000035,,,,,,,,,,,,,,,,0.7916666666666666,1.0,0.3958333333333333,0.03439362986772677,1.1085132336895349e-12,35.625,26.104166666666668,0.23528644791698147,0.1528503009479296,0.07444684419868584,"{""residual+conditioning"": 36, ""residual+conditioning+solver_failure"": 12}"
0.9375,0.9375,0.9361702127659575,0.984375,0.0013988999999128282,digits_3_vs_8,hybrid_always_trigger_full_balanced_svm_rbf,hybrid_always_trigger_full_balanced,svm_rbf,1,4,4,16,2.0,1.1,True,full_balanced,always_trigger,80,,,,,,,37.68973410000035,,,,,,,,,,,,,,,,0.7916666666666666,1.0,0.3958333333333333,0.03439362986772677,1.1085132336895349e-12,35.625,26.104166666666668,0.23528644791698147,0.1528503009479296,0.07444684419868584,"{""residual+conditioning"": 36, ""residual+conditioning+solver_failure"": 12}"
0.8541666666666666,0.8541666666666667,0.8571428571428571,0.9496527777777779,45.494932999999946,digits_3_vs_8,hybrid_always_trigger_full_balanced_qnn,hybrid_always_trigger_full_balanced,qnn,1,4,4,16,2.0,1.1,True,full_balanced,always_trigger,80,,,,,,,37.68973410000035,,,,,,,,,,,,,,,,0.7916666666666666,1.0,0.3958333333333333,0.03439362986772677,1.1085132336895349e-12,35.625,26.104166666666668,0.23528644791698147,0.1528503009479296,0.07444684419868584,"{""residual+conditioning"": 36, ""residual+conditioning+solver_failure"": 12}"
0.9791666666666666,0.9791666666666667,0.9787234042553191,0.9965277777777777,0.002793800000290503,digits_3_vs_8,hybrid_qnn_lenient_full_balanced_logreg,hybrid_qnn_lenient_full_balanced,logreg,1,4,4,16,2.0,1.1,True,full_balanced,qnn_lenient,80,,,,,,,38.31440839999959,,,,,,,,,,,,,,,,0.7916666666666666,1.0,0.4166666666666667,0.0370367309167866,1.1085132336895349e-12,35.625,24.708333333333332,0.2460913541665756,0.1528503009479296,0.07444684419868584,"{""residual+conditioning"": 36, ""residual+conditioning+solver_failure"": 12}"
0.9375,0.9375,0.9361702127659575,0.9878472222222222,0.0014649000004283153,digits_3_vs_8,hybrid_qnn_lenient_full_balanced_svm_rbf,hybrid_qnn_lenient_full_balanced,svm_rbf,1,4,4,16,2.0,1.1,True,full_balanced,qnn_lenient,80,,,,,,,38.31440839999959,,,,,,,,,,,,,,,,0.7916666666666666,1.0,0.4166666666666667,0.0370367309167866,1.1085132336895349e-12,35.625,24.708333333333332,0.2460913541665756,0.1528503009479296,0.07444684419868584,"{""residual+conditioning"": 36, ""residual+conditioning+solver_failure"": 12}"
0.8541666666666666,0.8541666666666667,0.8571428571428571,0.9392361111111112,45.33741110000119,digits_3_vs_8,hybrid_qnn_lenient_full_balanced_qnn,hybrid_qnn_lenient_full_balanced,qnn,1,4,4,16,2.0,1.1,True,full_balanced,qnn_lenient,80,,,,,,,38.31440839999959,,,,,,,,,,,,,,,,0.7916666666666666,1.0,0.4166666666666667,0.0370367309167866,1.1085132336895349e-12,35.625,24.708333333333332,0.2460913541665756,0.1528503009479296,0.07444684419868584,"{""residual+conditioning"": 36, ""residual+conditioning+solver_failure"": 12}"
0.9791666666666666,0.9791666666666667,0.9787234042553191,0.9965277777777777,0.0028077000006305752,digits_3_vs_8,forced_qnn_oriented_logreg,forced_qnn_oriented,logreg,1,4,4,16,2.0,1.1,True,qnn_oriented,standard,80,,,,,,,47.7896798999991,0.8125,0.5208333333333334,0.75,0.4166666666666667,0.041312810097076984,0.1371081521590339,0.03207254732800574,5.260192560046229e-12,0.060155905059942075,35.625,19.1875,2309.8125,0.3197424645834417,0.1528503009479296,0.06834862357143216,,,,,,,,,,,
0.9375,0.9375,0.9361702127659575,0.9930555555555555,0.0014365999995789025,digits_3_vs_8,forced_qnn_oriented_svm_rbf,forced_qnn_oriented,svm_rbf,1,4,4,16,2.0,1.1,True,qnn_oriented,standard,80,,,,,,,47.7896798999991,0.8125,0.5208333333333334,0.75,0.4166666666666667,0.041312810097076984,0.1371081521590339,0.03207254732800574,5.260192560046229e-12,0.060155905059942075,35.625,19.1875,2309.8125,0.3197424645834417,0.1528503009479296,0.06834862357143216,,,,,,,,,,,
0.8541666666666666,0.8541666666666666,0.8444444444444444,0.9670138888888888,45.75312810000105,digits_3_vs_8,forced_qnn_oriented_qnn,forced_qnn_oriented,qnn,1,4,4,16,2.0,1.1,True,qnn_oriented,standard,80,,,,,,,47.7896798999991,0.8125,0.5208333333333334,0.75,0.4166666666666667,0.041312810097076984,0.1371081521590339,0.03207254732800574,5.260192560046229e-12,0.060155905059942075,35.625,19.1875,2309.8125,0.3197424645834417,0.1528503009479296,0.06834862357143216,,,,,,,,,,,
0.9791666666666666,0.9791666666666667,0.9787234042553191,0.9965277777777777,0.0031478999990213197,digits_3_vs_8,hybrid_standard_qnn_oriented_logreg,hybrid_standard_qnn_oriented,logreg,1,4,4,16,2.0,1.1,True,qnn_oriented,standard,80,,,,,,,11.927318800000648,,,,,,,,,,,,,,,,0.8125,0.3333333333333333,0.2708333333333333,0.03207643333783078,3.502024224879704e-12,35.625,28.104166666666668,0.11240015416660754,0.1528503009479296,0.04788534865736445,"{""none"": 32, ""residual+conditioning+solver_failure"": 11, ""conditioning"": 4, ""conditioning+solver_failure"": 1}"
0.9375,0.9375,0.9361702127659575,0.9913194444444444,0.0013581999992311466,digits_3_vs_8,hybrid_standard_qnn_oriented_svm_rbf,hybrid_standard_qnn_oriented,svm_rbf,1,4,4,16,2.0,1.1,True,qnn_oriented,standard,80,,,,,,,11.927318800000648,,,,,,,,,,,,,,,,0.8125,0.3333333333333333,0.2708333333333333,0.03207643333783078,3.502024224879704e-12,35.625,28.104166666666668,0.11240015416660754,0.1528503009479296,0.04788534865736445,"{""none"": 32, ""residual+conditioning+solver_failure"": 11, ""conditioning"": 4, ""conditioning+solver_failure"": 1}"
0.8958333333333334,0.8958333333333334,0.8888888888888888,0.96875,45.611034699999436,digits_3_vs_8,hybrid_standard_qnn_oriented_qnn,hybrid_standard_qnn_oriented,qnn,1,4,4,16,2.0,1.1,True,qnn_oriented,standard,80,,,,,,,11.927318800000648,,,,,,,,,,,,,,,,0.8125,0.3333333333333333,0.2708333333333333,0.03207643333783078,3.502024224879704e-12,35.625,28.104166666666668,0.11240015416660754,0.1528503009479296,0.04788534865736445,"{""none"": 32, ""residual+conditioning+solver_failure"": 11, ""conditioning"": 4, ""conditioning+solver_failure"": 1}"
0.9791666666666666,0.9791666666666667,0.9787234042553191,0.9965277777777777,0.002957699998660246,digits_3_vs_8,hybrid_aggressive_qnn_oriented_logreg,hybrid_aggressive_qnn_oriented,logreg,1,4,4,16,2.0,1.1,True,qnn_oriented,aggressive,80,,,,,,,27.7828384000004,,,,,,,,,,,,,,,,0.8333333333333334,0.5833333333333334,0.4166666666666667,0.03164182894905978,1.0052863043878504e-12,35.625,24.1875,0.2219375687500739,0.1528503009479296,0.06700513869491853,"{""none"": 20, ""conditioning"": 16, ""residual+conditioning+solver_failure"": 12}"
0.9375,0.9375,0.9361702127659575,0.9913194444444444,0.001357899998765788,digits_3_vs_8,hybrid_aggressive_qnn_oriented_svm_rbf,hybrid_aggressive_qnn_oriented,svm_rbf,1,4,4,16,2.0,1.1,True,qnn_oriented,aggressive,80,,,,,,,27.7828384000004,,,,,,,,,,,,,,,,0.8333333333333334,0.5833333333333334,0.4166666666666667,0.03164182894905978,1.0052863043878504e-12,35.625,24.1875,0.2219375687500739,0.1528503009479296,0.06700513869491853,"{""none"": 20, ""conditioning"": 16, ""residual+conditioning+solver_failure"": 12}"
0.9375,0.9375,0.9333333333333333,0.96875,45.491483800000424,digits_3_vs_8,hybrid_aggressive_qnn_oriented_qnn,hybrid_aggressive_qnn_oriented,qnn,1,4,4,16,2.0,1.1,True,qnn_oriented,aggressive,80,,,,,,,27.7828384000004,,,,,,,,,,,,,,,,0.8333333333333334,0.5833333333333334,0.4166666666666667,0.03164182894905978,1.0052863043878504e-12,35.625,24.1875,0.2219375687500739,0.1528503009479296,0.06700513869491853,"{""none"": 20, ""conditioning"": 16, ""residual+conditioning+solver_failure"": 12}"
0.9791666666666666,0.9791666666666667,0.9787234042553191,0.9947916666666666,0.00225259999933769,digits_3_vs_8,hybrid_always_trigger_qnn_oriented_logreg,hybrid_always_trigger_qnn_oriented,logreg,1,4,4,16,2.0,1.1,True,qnn_oriented,always_trigger,80,,,,,,,47.02625169999919,,,,,,,,,,,,,,,,0.8333333333333334,1.0,0.5,0.03164611671905713,8.819432282958975e-13,35.625,22.5,0.3268461708335811,0.1528503009479296,0.070489843149923,"{""residual+conditioning"": 36, ""residual+conditioning+solver_failure"": 12}"
0.9375,0.9375,0.9361702127659575,0.9895833333333334,0.0013502000001608394,digits_3_vs_8,hybrid_always_trigger_qnn_oriented_svm_rbf,hybrid_always_trigger_qnn_oriented,svm_rbf,1,4,4,16,2.0,1.1,True,qnn_oriented,always_trigger,80,,,,,,,47.02625169999919,,,,,,,,,,,,,,,,0.8333333333333334,1.0,0.5,0.03164611671905713,8.819432282958975e-13,35.625,22.5,0.3268461708335811,0.1528503009479296,0.070489843149923,"{""residual+conditioning"": 36, ""residual+conditioning+solver_failure"": 12}"
0.8958333333333334,0.8958333333333334,0.8888888888888888,0.9895833333333334,43.69392799999878,digits_3_vs_8,hybrid_always_trigger_qnn_oriented_qnn,hybrid_always_trigger_qnn_oriented,qnn,1,4,4,16,2.0,1.1,True,qnn_oriented,always_trigger,80,,,,,,,47.02625169999919,,,,,,,,,,,,,,,,0.8333333333333334,1.0,0.5,0.03164611671905713,8.819432282958975e-13,35.625,22.5,0.3268461708335811,0.1528503009479296,0.070489843149923,"{""residual+conditioning"": 36, ""residual+conditioning+solver_failure"": 12}"
0.9791666666666666,0.9791666666666667,0.9787234042553191,0.9947916666666666,0.002364500000112457,digits_3_vs_8,hybrid_qnn_lenient_qnn_oriented_logreg,hybrid_qnn_lenient_qnn_oriented,logreg,1,4,4,16,2.0,1.1,True,qnn_oriented,qnn_lenient,80,,,,,,,47.052254000000175,,,,,,,,,,,,,,,,0.8333333333333334,1.0,0.5,0.03164611671905713,8.819432282958975e-13,35.625,22.5,0.324999952083355,0.1528503009479296,0.070489843149923,"{""residual+conditioning"": 36, ""residual+conditioning+solver_failure"": 12}"
0.9375,0.9375,0.9361702127659575,0.9895833333333334,0.0013729999991483055,digits_3_vs_8,hybrid_qnn_lenient_qnn_oriented_svm_rbf,hybrid_qnn_lenient_qnn_oriented,svm_rbf,1,4,4,16,2.0,1.1,True,qnn_oriented,qnn_lenient,80,,,,,,,47.052254000000175,,,,,,,,,,,,,,,,0.8333333333333334,1.0,0.5,0.03164611671905713,8.819432282958975e-13,35.625,22.5,0.324999952083355,0.1528503009479296,0.070489843149923,"{""residual+conditioning"": 36, ""residual+conditioning+solver_failure"": 12}"
0.8958333333333334,0.8958333333333334,0.8888888888888888,0.9895833333333334,44.28225209999982,digits_3_vs_8,hybrid_qnn_lenient_qnn_oriented_qnn,hybrid_qnn_lenient_qnn_oriented,qnn,1,4,4,16,2.0,1.1,True,qnn_oriented,qnn_lenient,80,,,,,,,47.052254000000175,,,,,,,,,,,,,,,,0.8333333333333334,1.0,0.5,0.03164611671905713,8.819432282958975e-13,35.625,22.5,0.324999952083355,0.1528503009479296,0.070489843149923,"{""residual+conditioning"": 36, ""residual+conditioning+solver_failure"": 12}"
0.9791666666666666,0.9791666666666667,0.9787234042553191,1.0,0.002493500000127824,digits_3_vs_8,forced_qnn_exploratory_logreg,forced_qnn_exploratory,logreg,1,4,4,16,2.0,1.1,True,qnn_exploratory,standard,80,,,,,,,56.82643149999967,0.8333333333333334,0.5625,0.75,0.4583333333333333,0.041312810097076984,0.1328660302205527,0.03369690981345836,5.260192560046229e-12,0.05122365454751339,35.625,16.708333333333332,2412.5208333333335,0.38869673958330014,0.1528503009479296,0.07079130707991,,,,,,,,,,,
0.9375,0.9375,0.9333333333333333,0.9965277777777777,0.0013834000001224922,digits_3_vs_8,forced_qnn_exploratory_svm_rbf,forced_qnn_exploratory,svm_rbf,1,4,4,16,2.0,1.1,True,qnn_exploratory,standard,80,,,,,,,56.82643149999967,0.8333333333333334,0.5625,0.75,0.4583333333333333,0.041312810097076984,0.1328660302205527,0.03369690981345836,5.260192560046229e-12,0.05122365454751339,35.625,16.708333333333332,2412.5208333333335,0.38869673958330014,0.1528503009479296,0.07079130707991,,,,,,,,,,,
0.8333333333333334,0.8333333333333333,0.8260869565217391,0.9427083333333334,44.597284800000125,digits_3_vs_8,forced_qnn_exploratory_qnn,forced_qnn_exploratory,qnn,1,4,4,16,2.0,1.1,True,qnn_exploratory,standard,80,,,,,,,56.82643149999967,0.8333333333333334,0.5625,0.75,0.4583333333333333,0.041312810097076984,0.1328660302205527,0.03369690981345836,5.260192560046229e-12,0.05122365454751339,35.625,16.708333333333332,2412.5208333333335,0.38869673958330014,0.1528503009479296,0.07079130707991,,,,,,,,,,,
0.9791666666666666,0.9791666666666667,0.9787234042553191,0.9965277777777777,0.0024592999998276355,digits_3_vs_8,hybrid_standard_qnn_exploratory_logreg,hybrid_standard_qnn_exploratory,logreg,1,4,4,16,2.0,1.1,True,qnn_exploratory,standard,80,,,,,,,14.572912699999506,,,,,,,,,,,,,,,,0.8125,0.3333333333333333,0.20833333333333334,0.034956134691739825,3.502024224879704e-12,35.625,29.125,0.13615816875005748,0.1528503009479296,0.040866284467997165,"{""none"": 32, ""residual+conditioning+solver_failure"": 11, ""conditioning"": 4, ""conditioning+solver_failure"": 1}"
0.9583333333333334,0.9583333333333333,0.9565217391304348,0.9965277777777778,0.0014472000002569985,digits_3_vs_8,hybrid_standard_qnn_exploratory_svm_rbf,hybrid_standard_qnn_exploratory,svm_rbf,1,4,4,16,2.0,1.1,True,qnn_exploratory,standard,80,,,,,,,14.572912699999506,,,,,,,,,,,,,,,,0.8125,0.3333333333333333,0.20833333333333334,0.034956134691739825,3.502024224879704e-12,35.625,29.125,0.13615816875005748,0.1528503009479296,0.040866284467997165,"{""none"": 32, ""residual+conditioning+solver_failure"": 11, ""conditioning"": 4, ""conditioning+solver_failure"": 1}"
0.8958333333333334,0.8958333333333333,0.8936170212765957,0.9548611111111112,45.45218860000023,digits_3_vs_8,hybrid_standard_qnn_exploratory_qnn,hybrid_standard_qnn_exploratory,qnn,1,4,4,16,2.0,1.1,True,qnn_exploratory,standard,80,,,,,,,14.572912699999506,,,,,,,,,,,,,,,,0.8125,0.3333333333333333,0.20833333333333334,0.034956134691739825,3.502024224879704e-12,35.625,29.125,0.13615816875005748,0.1528503009479296,0.040866284467997165,"{""none"": 32, ""residual+conditioning+solver_failure"": 11, ""conditioning"": 4, ""conditioning+solver_failure"": 1}"
0.9791666666666666,0.9791666666666667,0.9787234042553191,0.9965277777777777,0.0025795000001380686,digits_3_vs_8,hybrid_aggressive_qnn_exploratory_logreg,hybrid_aggressive_qnn_exploratory,logreg,1,4,4,16,2.0,1.1,True,qnn_exploratory,aggressive,80,,,,,,,31.045296100000996,,,,,,,,,,,,,,,,0.8125,0.5833333333333334,0.3958333333333333,0.03432814624527804,1.1085132336895349e-12,35.625,24.4375,0.2630444437500425,0.1528503009479296,0.06291240290268217,"{""none"": 20, ""conditioning"": 16, ""residual+conditioning+solver_failure"": 12}"
0.9583333333333334,0.9583333333333333,0.9565217391304348,0.9930555555555556,0.0014866000001347857,digits_3_vs_8,hybrid_aggressive_qnn_exploratory_svm_rbf,hybrid_aggressive_qnn_exploratory,svm_rbf,1,4,4,16,2.0,1.1,True,qnn_exploratory,aggressive,80,,,,,,,31.045296100000996,,,,,,,,,,,,,,,,0.8125,0.5833333333333334,0.3958333333333333,0.03432814624527804,1.1085132336895349e-12,35.625,24.4375,0.2630444437500425,0.1528503009479296,0.06291240290268217,"{""none"": 20, ""conditioning"": 16, ""residual+conditioning+solver_failure"": 12}"
0.875,0.875,0.875,0.9635416666666666,44.215323599999465,digits_3_vs_8,hybrid_aggressive_qnn_exploratory_qnn,hybrid_aggressive_qnn_exploratory,qnn,1,4,4,16,2.0,1.1,True,qnn_exploratory,aggressive,80,,,,,,,31.045296100000996,,,,,,,,,,,,,,,,0.8125,0.5833333333333334,0.3958333333333333,0.03432814624527804,1.1085132336895349e-12,35.625,24.4375,0.2630444437500425,0.1528503009479296,0.06291240290268217,"{""none"": 20, ""conditioning"": 16, ""residual+conditioning+solver_failure"": 12}"
0.9791666666666666,0.9791666666666667,0.9787234042553191,0.9965277777777777,0.0026192999994236743,digits_3_vs_8,hybrid_always_trigger_qnn_exploratory_logreg,hybrid_always_trigger_qnn_exploratory,logreg,1,4,4,16,2.0,1.1,True,qnn_exploratory,always_trigger,80,,,,,,,56.00831400000061,,,,,,,,,,,,,,,,0.8125,1.0,0.4791666666666667,0.034461903933061026,7.930028229154376e-13,35.625,22.395833333333332,0.38375261041672576,0.1528503009479296,0.06772436711438069,"{""residual+conditioning"": 36, ""residual+conditioning+solver_failure"": 12}"
0.9583333333333334,0.9583333333333333,0.9565217391304348,0.9930555555555556,0.0014396999995369697,digits_3_vs_8,hybrid_always_trigger_qnn_exploratory_svm_rbf,hybrid_always_trigger_qnn_exploratory,svm_rbf,1,4,4,16,2.0,1.1,True,qnn_exploratory,always_trigger,80,,,,,,,56.00831400000061,,,,,,,,,,,,,,,,0.8125,1.0,0.4791666666666667,0.034461903933061026,7.930028229154376e-13,35.625,22.395833333333332,0.38375261041672576,0.1528503009479296,0.06772436711438069,"{""residual+conditioning"": 36, ""residual+conditioning+solver_failure"": 12}"
0.875,0.875,0.875,0.9496527777777779,45.893146099999285,digits_3_vs_8,hybrid_always_trigger_qnn_exploratory_qnn,hybrid_always_trigger_qnn_exploratory,qnn,1,4,4,16,2.0,1.1,True,qnn_exploratory,always_trigger,80,,,,,,,56.00831400000061,,,,,,,,,,,,,,,,0.8125,1.0,0.4791666666666667,0.034461903933061026,7.930028229154376e-13,35.625,22.395833333333332,0.38375261041672576,0.1528503009479296,0.06772436711438069,"{""residual+conditioning"": 36, ""residual+conditioning+solver_failure"": 12}"
0.9791666666666666,0.9791666666666667,0.9787234042553191,0.9965277777777777,0.00313070000083826,digits_3_vs_8,hybrid_qnn_lenient_qnn_exploratory_logreg,hybrid_qnn_lenient_qnn_exploratory,logreg,1,4,4,16,2.0,1.1,True,qnn_exploratory,qnn_lenient,80,,,,,,,55.9840918000009,,,,,,,,,,,,,,,,0.8125,1.0,0.4791666666666667,0.034461903933061026,7.930028229154376e-13,35.625,22.395833333333332,0.38245389375000133,0.1528503009479296,0.06772436711438069,"{""residual+conditioning"": 36, ""residual+conditioning+solver_failure"": 12}"
0.9583333333333334,0.9583333333333333,0.9565217391304348,0.9930555555555556,0.0013966000005893875,digits_3_vs_8,hybrid_qnn_lenient_qnn_exploratory_svm_rbf,hybrid_qnn_lenient_qnn_exploratory,svm_rbf,1,4,4,16,2.0,1.1,True,qnn_exploratory,qnn_lenient,80,,,,,,,55.9840918000009,,,,,,,,,,,,,,,,0.8125,1.0,0.4791666666666667,0.034461903933061026,7.930028229154376e-13,35.625,22.395833333333332,0.38245389375000133,0.1528503009479296,0.06772436711438069,"{""residual+conditioning"": 36, ""residual+conditioning+solver_failure"": 12}"
0.875,0.875,0.875,0.9496527777777779,44.26231740000003,digits_3_vs_8,hybrid_qnn_lenient_qnn_exploratory_qnn,hybrid_qnn_lenient_qnn_exploratory,qnn,1,4,4,16,2.0,1.1,True,qnn_exploratory,qnn_lenient,80,,,,,,,55.9840918000009,,,,,,,,,,,,,,,,0.8125,1.0,0.4791666666666667,0.034461903933061026,7.930028229154376e-13,35.625,22.395833333333332,0.38245389375000133,0.1528503009479296,0.06772436711438069,"{""residual+conditioning"": 36, ""residual+conditioning+solver_failure"": 12}"
0.9791666666666666,0.9791666666666667,0.9787234042553191,0.9965277777777777,0.0023153999991336605,digits_3_vs_8,forced_no_detector_logreg,forced_no_detector,logreg,1,4,4,16,2.0,1.1,True,no_detector,standard,80,,,,,,,14.07855329999984,0.7916666666666666,0.4791666666666667,0.75,0.4375,0.041312810097076984,0.11384094307350805,0.034332414295329704,5.260192560046229e-12,0.029974672525180397,35.625,24.979166666666668,2032.1458333333333,0.08742344791645944,0.1528503009479296,0.07412746773518783,,,,,,,,,,,
0.9375,0.9375,0.9361702127659575,0.9861111111111112,0.0015704999987065094,digits_3_vs_8,forced_no_detector_svm_rbf,forced_no_detector,svm_rbf,1,4,4,16,2.0,1.1,True,no_detector,standard,80,,,,,,,14.07855329999984,0.7916666666666666,0.4791666666666667,0.75,0.4375,0.041312810097076984,0.11384094307350805,0.034332414295329704,5.260192560046229e-12,0.029974672525180397,35.625,24.979166666666668,2032.1458333333333,0.08742344791645944,0.1528503009479296,0.07412746773518783,,,,,,,,,,,
0.8958333333333334,0.8958333333333333,0.8936170212765957,0.9288194444444444,44.64886740000111,digits_3_vs_8,forced_no_detector_qnn,forced_no_detector,qnn,1,4,4,16,2.0,1.1,True,no_detector,standard,80,,,,,,,14.07855329999984,0.7916666666666666,0.4791666666666667,0.75,0.4375,0.041312810097076984,0.11384094307350805,0.034332414295329704,5.260192560046229e-12,0.029974672525180397,35.625,24.979166666666668,2032.1458333333333,0.08742344791645944,0.1528503009479296,0.07412746773518783,,,,,,,,,,,
0.9791666666666666,0.9791666666666667,0.9787234042553191,0.9965277777777777,0.0028793000001314795,digits_3_vs_8,hybrid_standard_no_detector_logreg,hybrid_standard_no_detector,logreg,1,4,4,16,2.0,1.1,True,no_detector,standard,80,,,,,,,3.7126749999988533,,,,,,,,,,,,,,,,0.7916666666666666,0.3333333333333333,0.22916666666666666,0.03438132621559076,4.161762414760367e-12,35.625,31.333333333333332,0.033647931250053865,0.1528503009479296,0.040071247024632786,"{""none"": 32, ""residual+conditioning+solver_failure"": 11, ""conditioning"": 4, ""conditioning+solver_failure"": 1}"
0.9375,0.9375,0.9361702127659575,0.9947916666666666,0.001368900000670692,digits_3_vs_8,hybrid_standard_no_detector_svm_rbf,hybrid_standard_no_detector,svm_rbf,1,4,4,16,2.0,1.1,True,no_detector,standard,80,,,,,,,3.7126749999988533,,,,,,,,,,,,,,,,0.7916666666666666,0.3333333333333333,0.22916666666666666,0.03438132621559076,4.161762414760367e-12,35.625,31.333333333333332,0.033647931250053865,0.1528503009479296,0.040071247024632786,"{""none"": 32, ""residual+conditioning+solver_failure"": 11, ""conditioning"": 4, ""conditioning+solver_failure"": 1}"
0.9375,0.9375,0.9361702127659575,0.9722222222222222,44.086633099999744,digits_3_vs_8,hybrid_standard_no_detector_qnn,hybrid_standard_no_detector,qnn,1,4,4,16,2.0,1.1,True,no_detector,standard,80,,,,,,,3.7126749999988533,,,,,,,,,,,,,,,,0.7916666666666666,0.3333333333333333,0.22916666666666666,0.03438132621559076,4.161762414760367e-12,35.625,31.333333333333332,0.033647931250053865,0.1528503009479296,0.040071247024632786,"{""none"": 32, ""residual+conditioning+solver_failure"": 11, ""conditioning"": 4, ""conditioning+solver_failure"": 1}"
0.9791666666666666,0.9791666666666667,0.9787234042553191,0.9965277777777777,0.002827999998771702,digits_3_vs_8,hybrid_aggressive_no_detector_logreg,hybrid_aggressive_no_detector,logreg,1,4,4,16,2.0,1.1,True,no_detector,aggressive,80,,,,,,,8.007617799999935,,,,,,,,,,,,,,,,0.7916666666666666,0.5833333333333334,0.3541666666666667,0.034381326213948404,2.8050550190650955e-12,35.625,28.583333333333332,0.058426347916717226,0.1528503009479296,0.0638558118467487,"{""none"": 20, ""conditioning"": 16, ""residual+conditioning+solver_failure"": 12}"
0.9375,0.9375,0.9361702127659575,0.9861111111111112,0.0013859999999112915,digits_3_vs_8,hybrid_aggressive_no_detector_svm_rbf,hybrid_aggressive_no_detector,svm_rbf,1,4,4,16,2.0,1.1,True,no_detector,aggressive,80,,,,,,,8.007617799999935,,,,,,,,,,,,,,,,0.7916666666666666,0.5833333333333334,0.3541666666666667,0.034381326213948404,2.8050550190650955e-12,35.625,28.583333333333332,0.058426347916717226,0.1528503009479296,0.0638558118467487,"{""none"": 20, ""conditioning"": 16, ""residual+conditioning+solver_failure"": 12}"
0.9375,0.9375,0.9333333333333333,0.9652777777777778,43.763554200000726,digits_3_vs_8,hybrid_aggressive_no_detector_qnn,hybrid_aggressive_no_detector,qnn,1,4,4,16,2.0,1.1,True,no_detector,aggressive,80,,,,,,,8.007617799999935,,,,,,,,,,,,,,,,0.7916666666666666,0.5833333333333334,0.3541666666666667,0.034381326213948404,2.8050550190650955e-12,35.625,28.583333333333332,0.058426347916717226,0.1528503009479296,0.0638558118467487,"{""none"": 20, ""conditioning"": 16, ""residual+conditioning+solver_failure"": 12}"
0.9791666666666666,0.9791666666666667,0.9787234042553191,0.9965277777777777,0.0028961999996681698,digits_3_vs_8,hybrid_always_trigger_no_detector_logreg,hybrid_always_trigger_no_detector,logreg,1,4,4,16,2.0,1.1,True,no_detector,always_trigger,80,,,,,,,14.022104300000137,,,,,,,,,,,,,,,,0.7916666666666666,1.0,0.4166666666666667,0.03438132621287467,1.1085132336895349e-12,35.625,26.875,0.0870078229165756,0.1528503009479296,0.07412746773518783,"{""residual+conditioning"": 36, ""residual+conditioning+solver_failure"": 12}"
0.9166666666666666,0.9166666666666666,0.9166666666666666,0.9809027777777778,0.0013822000000800472,digits_3_vs_8,hybrid_always_trigger_no_detector_svm_rbf,hybrid_always_trigger_no_detector,svm_rbf,1,4,4,16,2.0,1.1,True,no_detector,always_trigger,80,,,,,,,14.022104300000137,,,,,,,,,,,,,,,,0.7916666666666666,1.0,0.4166666666666667,0.03438132621287467,1.1085132336895349e-12,35.625,26.875,0.0870078229165756,0.1528503009479296,0.07412746773518783,"{""residual+conditioning"": 36, ""residual+conditioning+solver_failure"": 12}"
0.9166666666666666,0.9166666666666666,0.9166666666666666,0.9635416666666666,44.957664400000795,digits_3_vs_8,hybrid_always_trigger_no_detector_qnn,hybrid_always_trigger_no_detector,qnn,1,4,4,16,2.0,1.1,True,no_detector,always_trigger,80,,,,,,,14.022104300000137,,,,,,,,,,,,,,,,0.7916666666666666,1.0,0.4166666666666667,0.03438132621287467,1.1085132336895349e-12,35.625,26.875,0.0870078229165756,0.1528503009479296,0.07412746773518783,"{""residual+conditioning"": 36, ""residual+conditioning+solver_failure"": 12}"
0.9791666666666666,0.9791666666666667,0.9787234042553191,0.9965277777777777,0.002621400000862195,digits_3_vs_8,hybrid_qnn_lenient_no_detector_logreg,hybrid_qnn_lenient_no_detector,logreg,1,4,4,16,2.0,1.1,True,no_detector,qnn_lenient,80,,,,,,,14.058695300000181,,,,,,,,,,,,,,,,0.7916666666666666,1.0,0.4375,0.03702485091500222,1.1085132336895349e-12,35.625,25.479166666666668,0.08721239999999852,0.1528503009479296,0.07412746773518783,"{""residual+conditioning"": 36, ""residual+conditioning+solver_failure"": 12}"
0.9375,0.9375,0.9361702127659575,0.9861111111111112,0.0013597000015579397,digits_3_vs_8,hybrid_qnn_lenient_no_detector_svm_rbf,hybrid_qnn_lenient_no_detector,svm_rbf,1,4,4,16,2.0,1.1,True,no_detector,qnn_lenient,80,,,,,,,14.058695300000181,,,,,,,,,,,,,,,,0.7916666666666666,1.0,0.4375,0.03702485091500222,1.1085132336895349e-12,35.625,25.479166666666668,0.08721239999999852,0.1528503009479296,0.07412746773518783,"{""residual+conditioning"": 36, ""residual+conditioning+solver_failure"": 12}"
0.9375,0.9375,0.9361702127659575,0.96875,45.57109019999916,digits_3_vs_8,hybrid_qnn_lenient_no_detector_qnn,hybrid_qnn_lenient_no_detector,qnn,1,4,4,16,2.0,1.1,True,no_detector,qnn_lenient,80,,,,,,,14.058695300000181,,,,,,,,,,,,,,,,0.7916666666666666,1.0,0.4375,0.03702485091500222,1.1085132336895349e-12,35.625,25.479166666666668,0.08721239999999852,0.1528503009479296,0.07412746773518783,"{""residual+conditioning"": 36, ""residual+conditioning+solver_failure"": 12}"
0.9791666666666666,0.9791666666666667,0.9787234042553191,0.9947916666666666,0.002972500000396394,digits_3_vs_8,forced_residual_only_logreg,forced_residual_only,logreg,1,4,4,16,2.0,1.1,True,residual_only,standard,80,,,,,,,7.252611500000057,0.8333333333333334,0.5625,0.75,0.4166666666666667,0.041312810097076984,0.1226564659518758,0.02346127082643522,5.260192560046229e-12,0.06027336676988571,35.625,13.333333333333334,2440.8541666666665,0.045396693750111204,0.1528503009479296,0.07175589320330489,,,,,,,,,,,
0.9166666666666666,0.9166666666666667,0.9130434782608695,0.9878472222222223,0.0013889000001654495,digits_3_vs_8,forced_residual_only_svm_rbf,forced_residual_only,svm_rbf,1,4,4,16,2.0,1.1,True,residual_only,standard,80,,,,,,,7.252611500000057,0.8333333333333334,0.5625,0.75,0.4166666666666667,0.041312810097076984,0.1226564659518758,0.02346127082643522,5.260192560046229e-12,0.06027336676988571,35.625,13.333333333333334,2440.8541666666665,0.045396693750111204,0.1528503009479296,0.07175589320330489,,,,,,,,,,,
0.9166666666666666,0.9166666666666667,0.9090909090909091,0.9704861111111112,46.179330999999365,digits_3_vs_8,forced_residual_only_qnn,forced_residual_only,qnn,1,4,4,16,2.0,1.1,True,residual_only,standard,80,,,,,,,7.252611500000057,0.8333333333333334,0.5625,0.75,0.4166666666666667,0.041312810097076984,0.1226564659518758,0.02346127082643522,5.260192560046229e-12,0.06027336676988571,35.625,13.333333333333334,2440.8541666666665,0.045396693750111204,0.1528503009479296,0.07175589320330489,,,,,,,,,,,
0.9791666666666666,0.9791666666666667,0.9787234042553191,0.9947916666666666,0.0026661000010790303,digits_3_vs_8,hybrid_standard_residual_only_logreg,hybrid_standard_residual_only,logreg,1,4,4,16,2.0,1.1,True,residual_only,standard,80,,,,,,,1.820499800000107,,,,,,,,,,,,,,,,0.8333333333333334,0.3333333333333333,0.2708333333333333,0.02346378906456903,2.8337030269232354e-12,35.625,27.208333333333332,0.016326087500109072,0.1528503009479296,0.06000102720109765,"{""none"": 32, ""residual+conditioning+solver_failure"": 11, ""conditioning"": 4, ""conditioning+solver_failure"": 1}"
0.9166666666666666,0.9166666666666667,0.9130434782608695,0.9930555555555555,0.0013830999996571336,digits_3_vs_8,hybrid_standard_residual_only_svm_rbf,hybrid_standard_residual_only,svm_rbf,1,4,4,16,2.0,1.1,True,residual_only,standard,80,,,,,,,1.820499800000107,,,,,,,,,,,,,,,,0.8333333333333334,0.3333333333333333,0.2708333333333333,0.02346378906456903,2.8337030269232354e-12,35.625,27.208333333333332,0.016326087500109072,0.1528503009479296,0.06000102720109765,"{""none"": 32, ""residual+conditioning+solver_failure"": 11, ""conditioning"": 4, ""conditioning+solver_failure"": 1}"
0.8541666666666666,0.8541666666666667,0.851063829787234,0.9496527777777779,44.43150710000009,digits_3_vs_8,hybrid_standard_residual_only_qnn,hybrid_standard_residual_only,qnn,1,4,4,16,2.0,1.1,True,residual_only,standard,80,,,,,,,1.820499800000107,,,,,,,,,,,,,,,,0.8333333333333334,0.3333333333333333,0.2708333333333333,0.02346378906456903,2.8337030269232354e-12,35.625,27.208333333333332,0.016326087500109072,0.1528503009479296,0.06000102720109765,"{""none"": 32, ""residual+conditioning+solver_failure"": 11, ""conditioning"": 4, ""conditioning+solver_failure"": 1}"
0.9791666666666666,0.9791666666666667,0.9787234042553191,0.9947916666666666,0.0027299000012135366,digits_3_vs_8,hybrid_aggressive_residual_only_logreg,hybrid_aggressive_residual_only,logreg,1,4,4,16,2.0,1.1,True,residual_only,aggressive,80,,,,,,,3.684408099999928,,,,,,,,,,,,,,,,0.8333333333333334,0.5833333333333334,0.4166666666666667,0.023463789063136873,1.0052863043878504e-12,35.625,23.6875,0.02909861874998872,0.1528503009479296,0.06578405005400992,"{""none"": 20, ""conditioning"": 16, ""residual+conditioning+solver_failure"": 12}"
0.9375,0.9375,0.9361702127659575,0.9878472222222223,0.001458299999285373,digits_3_vs_8,hybrid_aggressive_residual_only_svm_rbf,hybrid_aggressive_residual_only,svm_rbf,1,4,4,16,2.0,1.1,True,residual_only,aggressive,80,,,,,,,3.684408099999928,,,,,,,,,,,,,,,,0.8333333333333334,0.5833333333333334,0.4166666666666667,0.023463789063136873,1.0052863043878504e-12,35.625,23.6875,0.02909861874998872,0.1528503009479296,0.06578405005400992,"{""none"": 20, ""conditioning"": 16, ""residual+conditioning+solver_failure"": 12}"
0.875,0.875,0.8636363636363636,0.9600694444444444,44.68626740000036,digits_3_vs_8,hybrid_aggressive_residual_only_qnn,hybrid_aggressive_residual_only,qnn,1,4,4,16,2.0,1.1,True,residual_only,aggressive,80,,,,,,,3.684408099999928,,,,,,,,,,,,,,,,0.8333333333333334,0.5833333333333334,0.4166666666666667,0.023463789063136873,1.0052863043878504e-12,35.625,23.6875,0.02909861874998872,0.1528503009479296,0.06578405005400992,"{""none"": 20, ""conditioning"": 16, ""residual+conditioning+solver_failure"": 12}"
0.9791666666666666,0.9791666666666667,0.9787234042553191,0.9947916666666666,0.0032291000006807735,digits_3_vs_8,hybrid_always_trigger_residual_only_logreg,hybrid_always_trigger_residual_only,logreg,1,4,4,16,2.0,1.1,True,residual_only,always_trigger,80,,,,,,,7.2227693000004365,,,,,,,,,,,,,,,,0.8333333333333334,1.0,0.5416666666666666,0.023463789062678143,5.32240241387502e-13,35.625,19.895833333333332,0.04542522916661559,0.1528503009479296,0.07175589320330489,"{""residual+conditioning"": 36, ""residual+conditioning+solver_failure"": 12}"
0.9375,0.9375,0.9361702127659575,0.9878472222222223,0.001430100001016399,digits_3_vs_8,hybrid_always_trigger_residual_only_svm_rbf,hybrid_always_trigger_residual_only,svm_rbf,1,4,4,16,2.0,1.1,True,residual_only,always_trigger,80,,,,,,,7.2227693000004365,,,,,,,,,,,,,,,,0.8333333333333334,1.0,0.5416666666666666,0.023463789062678143,5.32240241387502e-13,35.625,19.895833333333332,0.04542522916661559,0.1528503009479296,0.07175589320330489,"{""residual+conditioning"": 36, ""residual+conditioning+solver_failure"": 12}"
0.875,0.875,0.8636363636363636,0.9600694444444444,45.99588030000086,digits_3_vs_8,hybrid_always_trigger_residual_only_qnn,hybrid_always_trigger_residual_only,qnn,1,4,4,16,2.0,1.1,True,residual_only,always_trigger,80,,,,,,,7.2227693000004365,,,,,,,,,,,,,,,,0.8333333333333334,1.0,0.5416666666666666,0.023463789062678143,5.32240241387502e-13,35.625,19.895833333333332,0.04542522916661559,0.1528503009479296,0.07175589320330489,"{""residual+conditioning"": 36, ""residual+conditioning+solver_failure"": 12}"
0.9791666666666666,0.9791666666666667,0.9787234042553191,0.9947916666666666,0.003045100000235834,digits_3_vs_8,hybrid_qnn_lenient_residual_only_logreg,hybrid_qnn_lenient_residual_only,logreg,1,4,4,16,2.0,1.1,True,residual_only,qnn_lenient,80,,,,,,,7.244954800000414,,,,,,,,,,,,,,,,0.8333333333333334,1.0,0.5416666666666666,0.023463789062678143,5.32240241387502e-13,35.625,19.895833333333332,0.04553012291660252,0.1528503009479296,0.07175589320330489,"{""residual+conditioning"": 36, ""residual+conditioning+solver_failure"": 12}"
0.9375,0.9375,0.9361702127659575,0.9878472222222223,0.0013761000009253621,digits_3_vs_8,hybrid_qnn_lenient_residual_only_svm_rbf,hybrid_qnn_lenient_residual_only,svm_rbf,1,4,4,16,2.0,1.1,True,residual_only,qnn_lenient,80,,,,,,,7.244954800000414,,,,,,,,,,,,,,,,0.8333333333333334,1.0,0.5416666666666666,0.023463789062678143,5.32240241387502e-13,35.625,19.895833333333332,0.04553012291660252,0.1528503009479296,0.07175589320330489,"{""residual+conditioning"": 36, ""residual+conditioning+solver_failure"": 12}"
0.875,0.875,0.8636363636363636,0.9600694444444444,44.489411700000346,digits_3_vs_8,hybrid_qnn_lenient_residual_only_qnn,hybrid_qnn_lenient_residual_only,qnn,1,4,4,16,2.0,1.1,True,residual_only,qnn_lenient,80,,,,,,,7.244954800000414,,,,,,,,,,,,,,,,0.8333333333333334,1.0,0.5416666666666666,0.023463789062678143,5.32240241387502e-13,35.625,19.895833333333332,0.04553012291660252,0.1528503009479296,0.07175589320330489,"{""residual+conditioning"": 36, ""residual+conditioning+solver_failure"": 12}"
1.0,1.0,1.0,1.0,0.0016512999991391553,digits_3_vs_8,pca_logreg,pca,logreg,2,4,4,16,2.0,1.1,True,full_balanced,standard,80,,,,,,,,,,,,,,,,,,,,,,,,,,,,,,,,,
1.0,1.0,1.0,1.0,0.054613899999822024,digits_3_vs_8,pca_mlp,pca,mlp,2,4,4,16,2.0,1.1,True,full_balanced,standard,80,,,,,,,,,,,,,,,,,,,,,,,,,,,,,,,,,
0.9583333333333334,0.9583333333333334,0.9583333333333334,0.998263888888889,0.0012122000007366296,digits_3_vs_8,pca_svm_rbf,pca,svm_rbf,2,4,4,16,2.0,1.1,True,full_balanced,standard,80,,,,,,,,,,,,,,,,,,,,,,,,,,,,,,,,,
1.0,1.0,1.0,1.0,43.92319940000016,digits_3_vs_8,pca_qnn,pca,qnn,2,4,4,16,2.0,1.1,True,full_balanced,standard,80,,,,,,,,,,,,,,,,,,,,,,,,,,,,,,,,,
0.9791666666666666,0.9791666666666667,0.9795918367346939,0.9965277777777778,0.003276499999628868,digits_3_vs_8,implicit_zero_logreg,implicit_zero,logreg,2,4,4,16,2.0,1.1,True,full_balanced,standard,80,0.7291666666666666,0.06752516787452333,3.839069249999789e-12,33.541666666666664,0.00029198124980212015,0.16281920566369826,0.050035899999784306,,,,,,,,,,,,,,,,,,,,,,,,,,
0.9375,0.9375,0.9411764705882353,1.0,0.0015781000001879875,digits_3_vs_8,implicit_zero_svm_rbf,implicit_zero,svm_rbf,2,4,4,16,2.0,1.1,True,full_balanced,standard,80,0.7291666666666666,0.06752516787452333,3.839069249999789e-12,33.541666666666664,0.00029198124980212015,0.16281920566369826,0.050035899999784306,,,,,,,,,,,,,,,,,,,,,,,,,,
0.9583333333333334,0.9583333333333334,0.9583333333333334,0.9809027777777778,44.695670099999916,digits_3_vs_8,implicit_zero_qnn,implicit_zero,qnn,2,4,4,16,2.0,1.1,True,full_balanced,standard,80,0.7291666666666666,0.06752516787452333,3.839069249999789e-12,33.541666666666664,0.00029198124980212015,0.16281920566369826,0.050035899999784306,,,,,,,,,,,,,,,,,,,,,,,,,,
0.9791666666666666,0.9791666666666667,0.9795918367346939,1.0,0.0029376000002230285,digits_3_vs_8,forced_full_light_logreg,forced_full_light,logreg,2,4,4,16,2.0,1.1,True,full_light,standard,80,,,,,,,27.957865800000945,0.75,0.6875,0.7291666666666666,0.5208333333333334,0.06752516787452333,0.11698626103301824,0.05095379143051809,3.839069249999789e-12,8.565662291348923e-12,33.541666666666664,16.625,1836.6458333333333,0.1698141958332068,0.16281920566369826,0.11159460004314269,,,,,,,,,,,
0.9375,0.9375,0.9411764705882353,1.0,0.0014573000007658266,digits_3_vs_8,forced_full_light_svm_rbf,forced_full_light,svm_rbf,2,4,4,16,2.0,1.1,True,full_light,standard,80,,,,,,,27.957865800000945,0.75,0.6875,0.7291666666666666,0.5208333333333334,0.06752516787452333,0.11698626103301824,0.05095379143051809,3.839069249999789e-12,8.565662291348923e-12,33.541666666666664,16.625,1836.6458333333333,0.1698141958332068,0.16281920566369826,0.11159460004314269,,,,,,,,,,,
0.9166666666666666,0.9166666666666667,0.9230769230769231,0.9565972222222222,45.90990220000094,digits_3_vs_8,forced_full_light_qnn,forced_full_light,qnn,2,4,4,16,2.0,1.1,True,full_light,standard,80,,,,,,,27.957865800000945,0.75,0.6875,0.7291666666666666,0.5208333333333334,0.06752516787452333,0.11698626103301824,0.05095379143051809,3.839069249999789e-12,8.565662291348923e-12,33.541666666666664,16.625,1836.6458333333333,0.1698141958332068,0.16281920566369826,0.11159460004314269,,,,,,,,,,,
0.9791666666666666,0.9791666666666667,0.9795918367346939,0.998263888888889,0.0025069999992410885,digits_3_vs_8,hybrid_standard_full_light_logreg,hybrid_standard_full_light,logreg,2,4,4,16,2.0,1.1,True,full_light,standard,80,,,,,,,7.36545070000102,,,,,,,,,,,,,,,,0.75,0.3541666666666667,0.20833333333333334,0.05111485276537051,3.350018707080827e-12,33.541666666666664,29.1875,0.04996023958343206,0.16281920566369826,0.03086440827664725,"{""none"": 31, ""conditioning"": 4, ""residual+conditioning+solver_failure"": 12, ""conditioning+solver_failure"": 1}"
0.9375,0.9375,0.9411764705882353,1.0,0.001436900000044261,digits_3_vs_8,hybrid_standard_full_light_svm_rbf,hybrid_standard_full_light,svm_rbf,2,4,4,16,2.0,1.1,True,full_light,standard,80,,,,,,,7.36545070000102,,,,,,,,,,,,,,,,0.75,0.3541666666666667,0.20833333333333334,0.05111485276537051,3.350018707080827e-12,33.541666666666664,29.1875,0.04996023958343206,0.16281920566369826,0.03086440827664725,"{""none"": 31, ""conditioning"": 4, ""residual+conditioning+solver_failure"": 12, ""conditioning+solver_failure"": 1}"
0.9583333333333334,0.9583333333333334,0.9583333333333334,0.9618055555555556,45.36469070000021,digits_3_vs_8,hybrid_standard_full_light_qnn,hybrid_standard_full_light,qnn,2,4,4,16,2.0,1.1,True,full_light,standard,80,,,,,,,7.36545070000102,,,,,,,,,,,,,,,,0.75,0.3541666666666667,0.20833333333333334,0.05111485276537051,3.350018707080827e-12,33.541666666666664,29.1875,0.04996023958343206,0.16281920566369826,0.03086440827664725,"{""none"": 31, ""conditioning"": 4, ""residual+conditioning+solver_failure"": 12, ""conditioning+solver_failure"": 1}"
0.9791666666666666,0.9791666666666667,0.9795918367346939,1.0,0.0027140000001963926,digits_3_vs_8,hybrid_aggressive_full_light_logreg,hybrid_aggressive_full_light,logreg,2,4,4,16,2.0,1.1,True,full_light,aggressive,80,,,,,,,16.433992399999624,,,,,,,,,,,,,,,,0.75,0.5625,0.3541666666666667,0.05105994956805445,2.23669484464005e-12,33.541666666666664,26.458333333333332,0.09249239791677155,0.16281920566369826,0.06299002198099411,"{""none"": 21, ""conditioning"": 14, ""residual+conditioning+solver_failure"": 13}"
0.9375,0.9375,0.9411764705882353,1.0,0.0020137999999860767,digits_3_vs_8,hybrid_aggressive_full_light_svm_rbf,hybrid_aggressive_full_light,svm_rbf,2,4,4,16,2.0,1.1,True,full_light,aggressive,80,,,,,,,16.433992399999624,,,,,,,,,,,,,,,,0.75,0.5625,0.3541666666666667,0.05105994956805445,2.23669484464005e-12,33.541666666666664,26.458333333333332,0.09249239791677155,0.16281920566369826,0.06299002198099411,"{""none"": 21, ""conditioning"": 14, ""residual+conditioning+solver_failure"": 13}"
0.9375,0.9375,0.9387755102040817,0.9479166666666666,45.42368869999882,digits_3_vs_8,hybrid_aggressive_full_light_qnn,hybrid_aggressive_full_light,qnn,2,4,4,16,2.0,1.1,True,full_light,aggressive,80,,,,,,,16.433992399999624,,,,,,,,,,,,,,,,0.75,0.5625,0.3541666666666667,0.05105994956805445,2.23669484464005e-12,33.541666666666664,26.458333333333332,0.09249239791677155,0.16281920566369826,0.06299002198099411,"{""none"": 21, ""conditioning"": 14, ""residual+conditioning+solver_failure"": 13}"
0.9791666666666666,0.9791666666666667,0.9795918367346939,1.0,0.002575599999545375,digits_3_vs_8,hybrid_always_trigger_full_light_logreg,hybrid_always_trigger_full_light,logreg,2,4,4,16,2.0,1.1,True,full_light,always_trigger,80,,,,,,,28.066200899998876,,,,,,,,,,,,,,,,0.75,1.0,0.625,0.051053352001846165,4.845192671654875e-13,33.541666666666664,21.75,0.17150253749999442,0.16281920566369826,0.11156947689141573,"{""residual+conditioning"": 35, ""residual+conditioning+solver_failure"": 13}"
0.9375,0.9375,0.9411764705882353,1.0,0.0015352999998867745,digits_3_vs_8,hybrid_always_trigger_full_light_svm_rbf,hybrid_always_trigger_full_light,svm_rbf,2,4,4,16,2.0,1.1,True,full_light,always_trigger,80,,,,,,,28.066200899998876,,,,,,,,,,,,,,,,0.75,1.0,0.625,0.051053352001846165,4.845192671654875e-13,33.541666666666664,21.75,0.17150253749999442,0.16281920566369826,0.11156947689141573,"{""residual+conditioning"": 35, ""residual+conditioning+solver_failure"": 13}"
0.8958333333333334,0.8958333333333333,0.8936170212765957,0.9375,44.49869089999993,digits_3_vs_8,hybrid_always_trigger_full_light_qnn,hybrid_always_trigger_full_light,qnn,2,4,4,16,2.0,1.1,True,full_light,always_trigger,80,,,,,,,28.066200899998876,,,,,,,,,,,,,,,,0.75,1.0,0.625,0.051053352001846165,4.845192671654875e-13,33.541666666666664,21.75,0.17150253749999442,0.16281920566369826,0.11156947689141573,"{""residual+conditioning"": 35, ""residual+conditioning+solver_failure"": 13}"
0.9791666666666666,0.9791666666666667,0.9795918367346939,1.0,0.002669600000444916,digits_3_vs_8,hybrid_qnn_lenient_full_light_logreg,hybrid_qnn_lenient_full_light,logreg,2,4,4,16,2.0,1.1,True,full_light,qnn_lenient,80,,,,,,,28.146994800001266,,,,,,,,,,,,,,,,0.75,1.0,0.625,0.051053352001846165,4.845192671654875e-13,33.541666666666664,21.75,0.17187939166668306,0.16281920566369826,0.11156947689141573,"{""residual+conditioning"": 35, ""residual+conditioning+solver_failure"": 13}"
0.9375,0.9375,0.9411764705882353,1.0,0.001458299999285373,digits_3_vs_8,hybrid_qnn_lenient_full_light_svm_rbf,hybrid_qnn_lenient_full_light,svm_rbf,2,4,4,16,2.0,1.1,True,full_light,qnn_lenient,80,,,,,,,28.146994800001266,,,,,,,,,,,,,,,,0.75,1.0,0.625,0.051053352001846165,4.845192671654875e-13,33.541666666666664,21.75,0.17187939166668306,0.16281920566369826,0.11156947689141573,"{""residual+conditioning"": 35, ""residual+conditioning+solver_failure"": 13}"
0.8958333333333334,0.8958333333333333,0.8936170212765957,0.9375,44.87322200000017,digits_3_vs_8,hybrid_qnn_lenient_full_light_qnn,hybrid_qnn_lenient_full_light,qnn,2,4,4,16,2.0,1.1,True,full_light,qnn_lenient,80,,,,,,,28.146994800001266,,,,,,,,,,,,,,,,0.75,1.0,0.625,0.051053352001846165,4.845192671654875e-13,33.541666666666664,21.75,0.17187939166668306,0.16281920566369826,0.11156947689141573,"{""residual+conditioning"": 35, ""residual+conditioning+solver_failure"": 13}"
0.9791666666666666,0.9791666666666667,0.9795918367346939,1.0,0.002582799999800045,digits_3_vs_8,forced_full_balanced_logreg,forced_full_balanced,logreg,2,4,4,16,2.0,1.1,True,full_balanced,standard,80,,,,,,,37.04342650000035,0.75,0.6875,0.7291666666666666,0.5208333333333334,0.06752516787452333,0.12229461228879572,0.05104734750648035,3.839069249999789e-12,5.2671115312324495e-12,33.541666666666664,19.645833333333332,2015.8541666666667,0.22362235833327304,0.16281920566369826,0.11369479763437706,,,,,,,,,,,
0.9375,0.9375,0.9411764705882353,1.0,0.0014276000001700595,digits_3_vs_8,forced_full_balanced_svm_rbf,forced_full_balanced,svm_rbf,2,4,4,16,2.0,1.1,True,full_balanced,standard,80,,,,,,,37.04342650000035,0.75,0.6875,0.7291666666666666,0.5208333333333334,0.06752516787452333,0.12229461228879572,0.05104734750648035,3.839069249999789e-12,5.2671115312324495e-12,33.541666666666664,19.645833333333332,2015.8541666666667,0.22362235833327304,0.16281920566369826,0.11369479763437706,,,,,,,,,,,
0.9791666666666666,0.9791666666666667,0.9795918367346939,0.9756944444444445,45.494184099999984,digits_3_vs_8,forced_full_balanced_qnn,forced_full_balanced,qnn,2,4,4,16,2.0,1.1,True,full_balanced,standard,80,,,,,,,37.04342650000035,0.75,0.6875,0.7291666666666666,0.5208333333333334,0.06752516787452333,0.12229461228879572,0.05104734750648035,3.839069249999789e-12,5.2671115312324495e-12,33.541666666666664,19.645833333333332,2015.8541666666667,0.22362235833327304,0.16281920566369826,0.11369479763437706,,,,,,,,,,,
0.9791666666666666,0.9791666666666667,0.9795918367346939,1.0,0.0028309000008448493,digits_3_vs_8,hybrid_standard_full_balanced_logreg,hybrid_standard_full_balanced,logreg,2,4,4,16,2.0,1.1,True,full_balanced,standard,80,,,,,,,8.54204910000226,,,,,,,,,,,,,,,,0.75,0.3541666666666667,0.20833333333333334,0.05152035528456065,3.350018707080827e-12,33.541666666666664,29.25,0.06395728958364089,0.16281920566369826,0.032199089816920684,"{""none"": 31, ""conditioning"": 4, ""residual+conditioning+solver_failure"": 12, ""conditioning+solver_failure"": 1}"
0.9375,0.9375,0.9411764705882353,1.0,0.001445999998395564,digits_3_vs_8,hybrid_standard_full_balanced_svm_rbf,hybrid_standard_full_balanced,svm_rbf,2,4,4,16,2.0,1.1,True,full_balanced,standard,80,,,,,,,8.54204910000226,,,,,,,,,,,,,,,,0.75,0.3541666666666667,0.20833333333333334,0.05152035528456065,3.350018707080827e-12,33.541666666666664,29.25,0.06395728958364089,0.16281920566369826,0.032199089816920684,"{""none"": 31, ""conditioning"": 4, ""residual+conditioning+solver_failure"": 12, ""conditioning+solver_failure"": 1}"
0.9583333333333334,0.9583333333333334,0.9583333333333334,0.984375,45.786593199998606,digits_3_vs_8,hybrid_standard_full_balanced_qnn,hybrid_standard_full_balanced,qnn,2,4,4,16,2.0,1.1,True,full_balanced,standard,80,,,,,,,8.54204910000226,,,,,,,,,,,,,,,,0.75,0.3541666666666667,0.20833333333333334,0.05152035528456065,3.350018707080827e-12,33.541666666666664,29.25,0.06395728958364089,0.16281920566369826,0.032199089816920684,"{""none"": 31, ""conditioning"": 4, ""residual+conditioning+solver_failure"": 12, ""conditioning+solver_failure"": 1}"
0.9791666666666666,0.9791666666666667,0.9795918367346939,1.0,0.002482299998519011,digits_3_vs_8,hybrid_aggressive_full_balanced_logreg,hybrid_aggressive_full_balanced,logreg,2,4,4,16,2.0,1.1,True,full_balanced,aggressive,80,,,,,,,21.474462300000596,,,,,,,,,,,,,,,,0.75,0.5625,0.3541666666666667,0.05152056981013083,1.798989996799884e-12,33.541666666666664,26.4375,0.1306048583332995,0.16281920566369826,0.07051246680075605,"{""none"": 21, ""conditioning"": 14, ""residual+conditioning+solver_failure"": 13}"
0.9375,0.9375,0.9411764705882353,1.0,0.0017188999991049059,digits_3_vs_8,hybrid_aggressive_full_balanced_svm_rbf,hybrid_aggressive_full_balanced,svm_rbf,2,4,4,16,2.0,1.1,True,full_balanced,aggressive,80,,,,,,,21.474462300000596,,,,,,,,,,,,,,,,0.75,0.5625,0.3541666666666667,0.05152056981013083,1.798989996799884e-12,33.541666666666664,26.4375,0.1306048583332995,0.16281920566369826,0.07051246680075605,"{""none"": 21, ""conditioning"": 14, ""residual+conditioning+solver_failure"": 13}"
0.9791666666666666,0.9791666666666667,0.9795918367346939,0.9947916666666667,43.94887820000076,digits_3_vs_8,hybrid_aggressive_full_balanced_qnn,hybrid_aggressive_full_balanced,qnn,2,4,4,16,2.0,1.1,True,full_balanced,aggressive,80,,,,,,,21.474462300000596,,,,,,,,,,,,,,,,0.75,0.5625,0.3541666666666667,0.05152056981013083,1.798989996799884e-12,33.541666666666664,26.4375,0.1306048583332995,0.16281920566369826,0.07051246680075605,"{""none"": 21, ""conditioning"": 14, ""residual+conditioning+solver_failure"": 13}"
0.9791666666666666,0.9791666666666667,0.9795918367346939,1.0,0.002921399998740526,digits_3_vs_8,hybrid_always_trigger_full_balanced_logreg,hybrid_always_trigger_full_balanced,logreg,2,4,4,16,2.0,1.1,True,full_balanced,always_trigger,80,,,,,,,37.32955189999848,,,,,,,,,,,,,,,,0.75,1.0,0.5833333333333334,0.05121615887124011,4.29207278489376e-13,33.541666666666664,22.5625,0.22378383333314864,0.16281920566369826,0.1135990491303357,"{""residual+conditioning"": 35, ""residual+conditioning+solver_failure"": 13}"
0.9375,0.9375,0.9411764705882353,1.0,0.001457700000173645,digits_3_vs_8,hybrid_always_trigger_full_balanced_svm_rbf,hybrid_always_trigger_full_balanced,svm_rbf,2,4,4,16,2.0,1.1,True,full_balanced,always_trigger,80,,,,,,,37.32955189999848,,,,,,,,,,,,,,,,0.75,1.0,0.5833333333333334,0.05121615887124011,4.29207278489376e-13,33.541666666666664,22.5625,0.22378383333314864,0.16281920566369826,0.1135990491303357,"{""residual+conditioning"": 35, ""residual+conditioning+solver_failure"": 13}"
0.9791666666666666,0.9791666666666667,0.9795918367346939,0.9756944444444445,44.12067790000219,digits_3_vs_8,hybrid_always_trigger_full_balanced_qnn,hybrid_always_trigger_full_balanced,qnn,2,4,4,16,2.0,1.1,True,full_balanced,always_trigger,80,,,,,,,37.32955189999848,,,,,,,,,,,,,,,,0.75,1.0,0.5833333333333334,0.05121615887124011,4.29207278489376e-13,33.541666666666664,22.5625,0.22378383333314864,0.16281920566369826,0.1135990491303357,"{""residual+conditioning"": 35, ""residual+conditioning+solver_failure"": 13}"
0.9791666666666666,0.9791666666666667,0.9795918367346939,1.0,0.0022834999981569126,digits_3_vs_8,hybrid_qnn_lenient_full_balanced_logreg,hybrid_qnn_lenient_full_balanced,logreg,2,4,4,16,2.0,1.1,True,full_balanced,qnn_lenient,80,,,,,,,37.31009300000005,,,,,,,,,,,,,,,,0.75,1.0,0.5833333333333334,0.05121615887124011,4.29207278489376e-13,33.541666666666664,22.5625,0.22367803958369828,0.16281920566369826,0.1135990491303357,"{""residual+conditioning"": 35, ""residual+conditioning+solver_failure"": 13}"
0.9375,0.9375,0.9411764705882353,1.0,0.0014351999998325482,digits_3_vs_8,hybrid_qnn_lenient_full_balanced_svm_rbf,hybrid_qnn_lenient_full_balanced,svm_rbf,2,4,4,16,2.0,1.1,True,full_balanced,qnn_lenient,80,,,,,,,37.31009300000005,,,,,,,,,,,,,,,,0.75,1.0,0.5833333333333334,0.05121615887124011,4.29207278489376e-13,33.541666666666664,22.5625,0.22367803958369828,0.16281920566369826,0.1135990491303357,"{""residual+conditioning"": 35, ""residual+conditioning+solver_failure"": 13}"
0.9791666666666666,0.9791666666666667,0.9795918367346939,0.9756944444444445,45.33675310000035,digits_3_vs_8,hybrid_qnn_lenient_full_balanced_qnn,hybrid_qnn_lenient_full_balanced,qnn,2,4,4,16,2.0,1.1,True,full_balanced,qnn_lenient,80,,,,,,,37.31009300000005,,,,,,,,,,,,,,,,0.75,1.0,0.5833333333333334,0.05121615887124011,4.29207278489376e-13,33.541666666666664,22.5625,0.22367803958369828,0.16281920566369826,0.1135990491303357,"{""residual+conditioning"": 35, ""residual+conditioning+solver_failure"": 13}"
0.9791666666666666,0.9791666666666667,0.9795918367346939,1.0,0.0021813999992446043,digits_3_vs_8,forced_qnn_oriented_logreg,forced_qnn_oriented,logreg,2,4,4,16,2.0,1.1,True,qnn_oriented,standard,80,,,,,,,53.04322439999669,0.75,0.6875,0.7291666666666666,0.4791666666666667,0.06752516787452333,0.14084579616196272,0.05107880169055285,3.839069249999789e-12,0.03658544505686226,33.541666666666664,17.875,2333.8958333333335,0.3163451312501972,0.16281920566369826,0.10528540035588863,,,,,,,,,,,
0.9375,0.9375,0.9411764705882353,1.0,0.0014421999985643197,digits_3_vs_8,forced_qnn_oriented_svm_rbf,forced_qnn_oriented,svm_rbf,2,4,4,16,2.0,1.1,True,qnn_oriented,standard,80,,,,,,,53.04322439999669,0.75,0.6875,0.7291666666666666,0.4791666666666667,0.06752516787452333,0.14084579616196272,0.05107880169055285,3.839069249999789e-12,0.03658544505686226,33.541666666666664,17.875,2333.8958333333335,0.3163451312501972,0.16281920566369826,0.10528540035588863,,,,,,,,,,,
0.9583333333333334,0.9583333333333334,0.9583333333333334,0.9930555555555556,46.32221589999972,digits_3_vs_8,forced_qnn_oriented_qnn,forced_qnn_oriented,qnn,2,4,4,16,2.0,1.1,True,qnn_oriented,standard,80,,,,,,,53.04322439999669,0.75,0.6875,0.7291666666666666,0.4791666666666667,0.06752516787452333,0.14084579616196272,0.05107880169055285,3.839069249999789e-12,0.03658544505686226,33.541666666666664,17.875,2333.8958333333335,0.3163451312501972,0.16281920566369826,0.10528540035588863,,,,,,,,,,,
0.9791666666666666,0.9791666666666667,0.9795918367346939,1.0,0.00272449999829405,digits_3_vs_8,hybrid_standard_qnn_oriented_logreg,hybrid_standard_qnn_oriented,logreg,2,4,4,16,2.0,1.1,True,qnn_oriented,standard,80,,,,,,,11.54511360000106,,,,,,,,,,,,,,,,0.75,0.3541666666666667,0.16666666666666666,0.05126701526454553,3.350018707080827e-12,33.541666666666664,30.520833333333332,0.07216986666647547,0.16281920566369826,0.03061041486964166,"{""none"": 31, ""conditioning"": 4, ""residual+conditioning+solver_failure"": 12, ""conditioning+solver_failure"": 1}"
0.9375,0.9375,0.9411764705882353,1.0,0.001479099999414757,digits_3_vs_8,hybrid_standard_qnn_oriented_svm_rbf,hybrid_standard_qnn_oriented,svm_rbf,2,4,4,16,2.0,1.1,True,qnn_oriented,standard,80,,,,,,,11.54511360000106,,,,,,,,,,,,,,,,0.75,0.3541666666666667,0.16666666666666666,0.05126701526454553,3.350018707080827e-12,33.541666666666664,30.520833333333332,0.07216986666647547,0.16281920566369826,0.03061041486964166,"{""none"": 31, ""conditioning"": 4, ""residual+conditioning+solver_failure"": 12, ""conditioning+solver_failure"": 1}"
0.9791666666666666,0.9791666666666667,0.9795918367346939,0.9722222222222222,45.89707389999967,digits_3_vs_8,hybrid_standard_qnn_oriented_qnn,hybrid_standard_qnn_oriented,qnn,2,4,4,16,2.0,1.1,True,qnn_oriented,standard,80,,,,,,,11.54511360000106,,,,,,,,,,,,,,,,0.75,0.3541666666666667,0.16666666666666666,0.05126701526454553,3.350018707080827e-12,33.541666666666664,30.520833333333332,0.07216986666647547,0.16281920566369826,0.03061041486964166,"{""none"": 31, ""conditioning"": 4, ""residual+conditioning+solver_failure"": 12, ""conditioning+solver_failure"": 1}"
0.9791666666666666,0.9791666666666667,0.9795918367346939,1.0,0.0027656999991449993,digits_3_vs_8,hybrid_aggressive_qnn_oriented_logreg,hybrid_aggressive_qnn_oriented,logreg,2,4,4,16,2.0,1.1,True,qnn_oriented,aggressive,80,,,,,,,31.33273669999835,,,,,,,,,,,,,,,,0.75,0.5625,0.2916666666666667,0.051266808537215915,2.1380453522867294e-12,33.541666666666664,27.8125,0.16678463124973555,0.16281920566369826,0.058680208173849384,"{""none"": 21, ""conditioning"": 14, ""residual+conditioning+solver_failure"": 13}"
0.9375,0.9375,0.9411764705882353,1.0,0.0014388999989023432,digits_3_vs_8,hybrid_aggressive_qnn_oriented_svm_rbf,hybrid_aggressive_qnn_oriented,svm_rbf,2,4,4,16,2.0,1.1,True,qnn_oriented,aggressive,80,,,,,,,31.33273669999835,,,,,,,,,,,,,,,,0.75,0.5625,0.2916666666666667,0.051266808537215915,2.1380453522867294e-12,33.541666666666664,27.8125,0.16678463124973555,0.16281920566369826,0.058680208173849384,"{""none"": 21, ""conditioning"": 14, ""residual+conditioning+solver_failure"": 13}"
0.9583333333333334,0.9583333333333334,0.9583333333333334,0.9652777777777778,45.59166929999992,digits_3_vs_8,hybrid_aggressive_qnn_oriented_qnn,hybrid_aggressive_qnn_oriented,qnn,2,4,4,16,2.0,1.1,True,qnn_oriented,aggressive,80,,,,,,,31.33273669999835,,,,,,,,,,,,,,,,0.75,0.5625,0.2916666666666667,0.051266808537215915,2.1380453522867294e-12,33.541666666666664,27.8125,0.16678463124973555,0.16281920566369826,0.058680208173849384,"{""none"": 21, ""conditioning"": 14, ""residual+conditioning+solver_failure"": 13}"
0.9791666666666666,0.9791666666666667,0.9795918367346939,1.0,0.002503600000636652,digits_3_vs_8,hybrid_always_trigger_qnn_oriented_logreg,hybrid_always_trigger_qnn_oriented,logreg,2,4,4,16,2.0,1.1,True,qnn_oriented,always_trigger,80,,,,,,,54.17514310000115,,,,,,,,,,,,,,,,0.75,1.0,0.5625,0.05120834487938201,5.663679027289649e-13,33.541666666666664,22.1875,0.31675226666637474,0.16281920566369826,0.10509607321835517,"{""residual+conditioning"": 35, ""residual+conditioning+solver_failure"": 13}"
0.9375,0.9375,0.9411764705882353,1.0,0.0014760999983991496,digits_3_vs_8,hybrid_always_trigger_qnn_oriented_svm_rbf,hybrid_always_trigger_qnn_oriented,svm_rbf,2,4,4,16,2.0,1.1,True,qnn_oriented,always_trigger,80,,,,,,,54.17514310000115,,,,,,,,,,,,,,,,0.75,1.0,0.5625,0.05120834487938201,5.663679027289649e-13,33.541666666666664,22.1875,0.31675226666637474,0.16281920566369826,0.10509607321835517,"{""residual+conditioning"": 35, ""residual+conditioning+solver_failure"": 13}"
0.9583333333333334,0.9583333333333333,0.96,0.9652777777777778,45.903403499996784,digits_3_vs_8,hybrid_always_trigger_qnn_oriented_qnn,hybrid_always_trigger_qnn_oriented,qnn,2,4,4,16,2.0,1.1,True,qnn_oriented,always_trigger,80,,,,,,,54.17514310000115,,,,,,,,,,,,,,,,0.75,1.0,0.5625,0.05120834487938201,5.663679027289649e-13,33.541666666666664,22.1875,0.31675226666637474,0.16281920566369826,0.10509607321835517,"{""residual+conditioning"": 35, ""residual+conditioning+solver_failure"": 13}"
0.9791666666666666,0.9791666666666667,0.9795918367346939,1.0,0.002797199998894939,digits_3_vs_8,hybrid_qnn_lenient_qnn_oriented_logreg,hybrid_qnn_lenient_qnn_oriented,logreg,2,4,4,16,2.0,1.1,True,qnn_oriented,qnn_lenient,80,,,,,,,54.2357454999983,,,,,,,,,,,,,,,,0.75,1.0,0.5625,0.05120834487938201,5.663679027289649e-13,33.541666666666664,22.1875,0.3160892750003465,0.16281920566369826,0.10509607321835517,"{""residual+conditioning"": 35, ""residual+conditioning+solver_failure"": 13}"
0.9375,0.9375,0.9411764705882353,1.0,0.0014597000008507166,digits_3_vs_8,hybrid_qnn_lenient_qnn_oriented_svm_rbf,hybrid_qnn_lenient_qnn_oriented,svm_rbf,2,4,4,16,2.0,1.1,True,qnn_oriented,qnn_lenient,80,,,,,,,54.2357454999983,,,,,,,,,,,,,,,,0.75,1.0,0.5625,0.05120834487938201,5.663679027289649e-13,33.541666666666664,22.1875,0.3160892750003465,0.16281920566369826,0.10509607321835517,"{""residual+conditioning"": 35, ""residual+conditioning+solver_failure"": 13}"
0.9583333333333334,0.9583333333333333,0.96,0.9652777777777778,43.72186259999944,digits_3_vs_8,hybrid_qnn_lenient_qnn_oriented_qnn,hybrid_qnn_lenient_qnn_oriented,qnn,2,4,4,16,2.0,1.1,True,qnn_oriented,qnn_lenient,80,,,,,,,54.2357454999983,,,,,,,,,,,,,,,,0.75,1.0,0.5625,0.05120834487938201,5.663679027289649e-13,33.541666666666664,22.1875,0.3160892750003465,0.16281920566369826,0.10509607321835517,"{""residual+conditioning"": 35, ""residual+conditioning+solver_failure"": 13}"
0.9791666666666666,0.9791666666666667,0.9795918367346939,1.0,0.0024338999974133912,digits_3_vs_8,forced_qnn_exploratory_logreg,forced_qnn_exploratory,logreg,2,4,4,16,2.0,1.1,True,qnn_exploratory,standard,80,,,,,,,61.1709617000015,0.75,0.7083333333333334,0.7291666666666666,0.5416666666666666,0.06752516787452333,0.11394394020567704,0.05069408817539125,3.839069249999789e-12,4.729740433418566e-12,33.541666666666664,16.208333333333332,2377.4583333333335,0.3656778916665644,0.16281920566369826,0.1172857279353288,,,,,,,,,,,
0.9375,0.9375,0.9411764705882353,1.0,0.0014411000011023134,digits_3_vs_8,forced_qnn_exploratory_svm_rbf,forced_qnn_exploratory,svm_rbf,2,4,4,16,2.0,1.1,True,qnn_exploratory,standard,80,,,,,,,61.1709617000015,0.75,0.7083333333333334,0.7291666666666666,0.5416666666666666,0.06752516787452333,0.11394394020567704,0.05069408817539125,3.839069249999789e-12,4.729740433418566e-12,33.541666666666664,16.208333333333332,2377.4583333333335,0.3656778916665644,0.16281920566369826,0.1172857279353288,,,,,,,,,,,
0.8958333333333334,0.8958333333333333,0.8979591836734694,0.9635416666666667,45.781695199999376,digits_3_vs_8,forced_qnn_exploratory_qnn,forced_qnn_exploratory,qnn,2,4,4,16,2.0,1.1,True,qnn_exploratory,standard,80,,,,,,,61.1709617000015,0.75,0.7083333333333334,0.7291666666666666,0.5416666666666666,0.06752516787452333,0.11394394020567704,0.05069408817539125,3.839069249999789e-12,4.729740433418566e-12,33.541666666666664,16.208333333333332,2377.4583333333335,0.3656778916665644,0.16281920566369826,0.1172857279353288,,,,,,,,,,,
0.9791666666666666,0.9791666666666667,0.9795918367346939,1.0,0.0025112999974226113,digits_3_vs_8,hybrid_standard_qnn_exploratory_logreg,hybrid_standard_qnn_exploratory,logreg,2,4,4,16,2.0,1.1,True,qnn_exploratory,standard,80,,,,,,,12.913975600000413,,,,,,,,,,,,,,,,0.75,0.3541666666666667,0.22916666666666666,0.050900261648764246,3.773617466851937e-12,33.541666666666664,28.020833333333332,0.09637799375006277,0.16281920566369826,0.030931118700364683,"{""none"": 31, ""conditioning"": 4, ""residual+conditioning+solver_failure"": 12, ""conditioning+solver_failure"": 1}"
0.9375,0.9375,0.9411764705882353,1.0,0.0014681000029668212,digits_3_vs_8,hybrid_standard_qnn_exploratory_svm_rbf,hybrid_standard_qnn_exploratory,svm_rbf,2,4,4,16,2.0,1.1,True,qnn_exploratory,standard,80,,,,,,,12.913975600000413,,,,,,,,,,,,,,,,0.75,0.3541666666666667,0.22916666666666666,0.050900261648764246,3.773617466851937e-12,33.541666666666664,28.020833333333332,0.09637799375006277,0.16281920566369826,0.030931118700364683,"{""none"": 31, ""conditioning"": 4, ""residual+conditioning+solver_failure"": 12, ""conditioning+solver_failure"": 1}"
0.9583333333333334,0.9583333333333334,0.9583333333333334,0.96875,46.28947150000022,digits_3_vs_8,hybrid_standard_qnn_exploratory_qnn,hybrid_standard_qnn_exploratory,qnn,2,4,4,16,2.0,1.1,True,qnn_exploratory,standard,80,,,,,,,12.913975600000413,,,,,,,,,,,,,,,,0.75,0.3541666666666667,0.22916666666666666,0.050900261648764246,3.773617466851937e-12,33.541666666666664,28.020833333333332,0.09637799375006277,0.16281920566369826,0.030931118700364683,"{""none"": 31, ""conditioning"": 4, ""residual+conditioning+solver_failure"": 12, ""conditioning+solver_failure"": 1}"
0.9791666666666666,0.9791666666666667,0.9795918367346939,1.0,0.002420599998004036,digits_3_vs_8,hybrid_aggressive_qnn_exploratory_logreg,hybrid_aggressive_qnn_exploratory,logreg,2,4,4,16,2.0,1.1,True,qnn_exploratory,aggressive,80,,,,,,,33.929693099998985,,,,,,,,,,,,,,,,0.75,0.5625,0.375,0.050803829986773304,2.5187899802214298e-12,33.541666666666664,25.270833333333332,0.18287624166661468,0.16281920566369826,0.06295932745170228,"{""none"": 21, ""conditioning"": 14, ""residual+conditioning+solver_failure"": 13}"
0.9375,0.9375,0.9411764705882353,1.0,0.0014271000000007916,digits_3_vs_8,hybrid_aggressive_qnn_exploratory_svm_rbf,hybrid_aggressive_qnn_exploratory,svm_rbf,2,4,4,16,2.0,1.1,True,qnn_exploratory,aggressive,80,,,,,,,33.929693099998985,,,,,,,,,,,,,,,,0.75,0.5625,0.375,0.050803829986773304,2.5187899802214298e-12,33.541666666666664,25.270833333333332,0.18287624166661468,0.16281920566369826,0.06295932745170228,"{""none"": 21, ""conditioning"": 14, ""residual+conditioning+solver_failure"": 13}"
0.8958333333333334,0.8958333333333333,0.8979591836734694,0.9496527777777778,46.22097829999984,digits_3_vs_8,hybrid_aggressive_qnn_exploratory_qnn,hybrid_aggressive_qnn_exploratory,qnn,2,4,4,16,2.0,1.1,True,qnn_exploratory,aggressive,80,,,,,,,33.929693099998985,,,,,,,,,,,,,,,,0.75,0.5625,0.375,0.050803829986773304,2.5187899802214298e-12,33.541666666666664,25.270833333333332,0.18287624166661468,0.16281920566369826,0.06295932745170228,"{""none"": 21, ""conditioning"": 14, ""residual+conditioning+solver_failure"": 13}"
0.9791666666666666,0.9791666666666667,0.9795918367346939,1.0,0.00232039999900735,digits_3_vs_8,hybrid_always_trigger_qnn_exploratory_logreg,hybrid_always_trigger_qnn_exploratory,logreg,2,4,4,16,2.0,1.1,True,qnn_exploratory,always_trigger,80,,,,,,,60.681389400000626,,,,,,,,,,,,,,,,0.75,1.0,0.625,0.05081814834844924,3.522914741081069e-13,33.541666666666664,22.270833333333332,0.3563963812496998,0.16281920566369826,0.11717871887576758,"{""residual+conditioning"": 35, ""residual+conditioning+solver_failure"": 13}"
0.9375,0.9375,0.9411764705882353,1.0,0.0015018000012787525,digits_3_vs_8,hybrid_always_trigger_qnn_exploratory_svm_rbf,hybrid_always_trigger_qnn_exploratory,svm_rbf,2,4,4,16,2.0,1.1,True,qnn_exploratory,always_trigger,80,,,,,,,60.681389400000626,,,,,,,,,,,,,,,,0.75,1.0,0.625,0.05081814834844924,3.522914741081069e-13,33.541666666666664,22.270833333333332,0.3563963812496998,0.16281920566369826,0.11717871887576758,"{""residual+conditioning"": 35, ""residual+conditioning+solver_failure"": 13}"
0.9166666666666666,0.9166666666666667,0.92,0.9496527777777778,46.37578699999722,digits_3_vs_8,hybrid_always_trigger_qnn_exploratory_qnn,hybrid_always_trigger_qnn_exploratory,qnn,2,4,4,16,2.0,1.1,True,qnn_exploratory,always_trigger,80,,,,,,,60.681389400000626,,,,,,,,,,,,,,,,0.75,1.0,0.625,0.05081814834844924,3.522914741081069e-13,33.541666666666664,22.270833333333332,0.3563963812496998,0.16281920566369826,0.11717871887576758,"{""residual+conditioning"": 35, ""residual+conditioning+solver_failure"": 13}"
0.9791666666666666,0.9791666666666667,0.9795918367346939,1.0,0.002711000000999775,digits_3_vs_8,hybrid_qnn_lenient_qnn_exploratory_logreg,hybrid_qnn_lenient_qnn_exploratory,logreg,2,4,4,16,2.0,1.1,True,qnn_exploratory,qnn_lenient,80,,,,,,,60.63968620000014,,,,,,,,,,,,,,,,0.75,1.0,0.625,0.05081814834844924,3.522914741081069e-13,33.541666666666664,22.270833333333332,0.3572908604166969,0.16281920566369826,0.11717871887576758,"{""residual+conditioning"": 35, ""residual+conditioning+solver_failure"": 13}"
0.9375,0.9375,0.9411764705882353,1.0,0.0014334000006783754,digits_3_vs_8,hybrid_qnn_lenient_qnn_exploratory_svm_rbf,hybrid_qnn_lenient_qnn_exploratory,svm_rbf,2,4,4,16,2.0,1.1,True,qnn_exploratory,qnn_lenient,80,,,,,,,60.63968620000014,,,,,,,,,,,,,,,,0.75,1.0,0.625,0.05081814834844924,3.522914741081069e-13,33.541666666666664,22.270833333333332,0.3572908604166969,0.16281920566369826,0.11717871887576758,"{""residual+conditioning"": 35, ""residual+conditioning+solver_failure"": 13}"
0.9166666666666666,0.9166666666666667,0.92,0.9496527777777778,44.98476389999996,digits_3_vs_8,hybrid_qnn_lenient_qnn_exploratory_qnn,hybrid_qnn_lenient_qnn_exploratory,qnn,2,4,4,16,2.0,1.1,True,qnn_exploratory,qnn_lenient,80,,,,,,,60.63968620000014,,,,,,,,,,,,,,,,0.75,1.0,0.625,0.05081814834844924,3.522914741081069e-13,33.541666666666664,22.270833333333332,0.3572908604166969,0.16281920566369826,0.11717871887576758,"{""residual+conditioning"": 35, ""residual+conditioning+solver_failure"": 13}"
0.9791666666666666,0.9791666666666667,0.9795918367346939,0.9965277777777778,0.002560999997513136,digits_3_vs_8,forced_no_detector_logreg,forced_no_detector,logreg,2,4,4,16,2.0,1.1,True,no_detector,standard,80,,,,,,,14.017922800001543,0.75,0.6666666666666666,0.7291666666666666,0.5208333333333334,0.06752516787452333,0.12359327874353043,0.05198059915383088,3.839069249999789e-12,2.642577265191745e-12,33.541666666666664,18.604166666666668,2038.1666666666667,0.08634035833339719,0.16281920566369826,0.11325951300354592,,,,,,,,,,,
0.9583333333333334,0.9583333333333333,0.96,1.0,0.0014110000010987278,digits_3_vs_8,forced_no_detector_svm_rbf,forced_no_detector,svm_rbf,2,4,4,16,2.0,1.1,True,no_detector,standard,80,,,,,,,14.017922800001543,0.75,0.6666666666666666,0.7291666666666666,0.5208333333333334,0.06752516787452333,0.12359327874353043,0.05198059915383088,3.839069249999789e-12,2.642577265191745e-12,33.541666666666664,18.604166666666668,2038.1666666666667,0.08634035833339719,0.16281920566369826,0.11325951300354592,,,,,,,,,,,
0.9791666666666666,0.9791666666666667,0.9795918367346939,0.9965277777777778,46.134577299999364,digits_3_vs_8,forced_no_detector_qnn,forced_no_detector,qnn,2,4,4,16,2.0,1.1,True,no_detector,standard,80,,,,,,,14.017922800001543,0.75,0.6666666666666666,0.7291666666666666,0.5208333333333334,0.06752516787452333,0.12359327874353043,0.05198059915383088,3.839069249999789e-12,2.642577265191745e-12,33.541666666666664,18.604166666666668,2038.1666666666667,0.08634035833339719,0.16281920566369826,0.11325951300354592,,,,,,,,,,,
0.9791666666666666,0.9791666666666667,0.9795918367346939,0.9965277777777778,0.002850700002454687,digits_3_vs_8,hybrid_standard_no_detector_logreg,hybrid_standard_no_detector,logreg,2,4,4,16,2.0,1.1,True,no_detector,standard,80,,,,,,,3.2464660000005097,,,,,,,,,,,,,,,,0.75,0.3541666666666667,0.1875,0.0521499923953494,3.350018707080827e-12,33.541666666666664,30.0625,0.02380915416658051,0.16281920566369826,0.03153309630216964,"{""none"": 31, ""conditioning"": 4, ""residual+conditioning+solver_failure"": 12, ""conditioning+solver_failure"": 1}"
0.9583333333333334,0.9583333333333333,0.96,1.0,0.0014776999996684026,digits_3_vs_8,hybrid_standard_no_detector_svm_rbf,hybrid_standard_no_detector,svm_rbf,2,4,4,16,2.0,1.1,True,no_detector,standard,80,,,,,,,3.2464660000005097,,,,,,,,,,,,,,,,0.75,0.3541666666666667,0.1875,0.0521499923953494,3.350018707080827e-12,33.541666666666664,30.0625,0.02380915416658051,0.16281920566369826,0.03153309630216964,"{""none"": 31, ""conditioning"": 4, ""residual+conditioning+solver_failure"": 12, ""conditioning+solver_failure"": 1}"
0.9583333333333334,0.9583333333333334,0.9583333333333334,0.9895833333333334,44.49742879999758,digits_3_vs_8,hybrid_standard_no_detector_qnn,hybrid_standard_no_detector,qnn,2,4,4,16,2.0,1.1,True,no_detector,standard,80,,,,,,,3.2464660000005097,,,,,,,,,,,,,,,,0.75,0.3541666666666667,0.1875,0.0521499923953494,3.350018707080827e-12,33.541666666666664,30.0625,0.02380915416658051,0.16281920566369826,0.03153309630216964,"{""none"": 31, ""conditioning"": 4, ""residual+conditioning+solver_failure"": 12, ""conditioning+solver_failure"": 1}"
0.9791666666666666,0.9791666666666667,0.9795918367346939,0.9965277777777778,0.0026120999973500147,digits_3_vs_8,hybrid_aggressive_no_detector_logreg,hybrid_aggressive_no_detector,logreg,2,4,4,16,2.0,1.1,True,no_detector,aggressive,80,,,,,,,7.893156199999794,,,,,,,,,,,,,,,,0.75,0.5625,0.3333333333333333,0.052149992394972235,1.90804744050258e-12,33.541666666666664,27.25,0.047206072915969344,0.16281920566369826,0.06525007150523052,"{""none"": 21, ""conditioning"": 14, ""residual+conditioning+solver_failure"": 13}"
0.9583333333333334,0.9583333333333333,0.96,1.0,0.001491299997724127,digits_3_vs_8,hybrid_aggressive_no_detector_svm_rbf,hybrid_aggressive_no_detector,svm_rbf,2,4,4,16,2.0,1.1,True,no_detector,aggressive,80,,,,,,,7.893156199999794,,,,,,,,,,,,,,,,0.75,0.5625,0.3333333333333333,0.052149992394972235,1.90804744050258e-12,33.541666666666664,27.25,0.047206072915969344,0.16281920566369826,0.06525007150523052,"{""none"": 21, ""conditioning"": 14, ""residual+conditioning+solver_failure"": 13}"
0.9791666666666666,0.9791666666666667,0.9795918367346939,0.9930555555555556,46.875478900001326,digits_3_vs_8,hybrid_aggressive_no_detector_qnn,hybrid_aggressive_no_detector,qnn,2,4,4,16,2.0,1.1,True,no_detector,aggressive,80,,,,,,,7.893156199999794,,,,,,,,,,,,,,,,0.75,0.5625,0.3333333333333333,0.052149992394972235,1.90804744050258e-12,33.541666666666664,27.25,0.047206072915969344,0.16281920566369826,0.06525007150523052,"{""none"": 21, ""conditioning"": 14, ""residual+conditioning+solver_failure"": 13}"
0.9791666666666666,0.9791666666666667,0.9795918367346939,0.9965277777777778,0.0021500999973795842,digits_3_vs_8,hybrid_always_trigger_no_detector_logreg,hybrid_always_trigger_no_detector,logreg,2,4,4,16,2.0,1.1,True,no_detector,always_trigger,80,,,,,,,14.083352400000877,,,,,,,,,,,,,,,,0.75,1.0,0.5625,0.05214999239371351,4.29207278489376e-13,33.541666666666664,23.354166666666668,0.0862428458337187,0.16281920566369826,0.11325951300354592,"{""residual+conditioning"": 35, ""residual+conditioning+solver_failure"": 13}"
0.9583333333333334,0.9583333333333333,0.96,1.0,0.002022399999987101,digits_3_vs_8,hybrid_always_trigger_no_detector_svm_rbf,hybrid_always_trigger_no_detector,svm_rbf,2,4,4,16,2.0,1.1,True,no_detector,always_trigger,80,,,,,,,14.083352400000877,,,,,,,,,,,,,,,,0.75,1.0,0.5625,0.05214999239371351,4.29207278489376e-13,33.541666666666664,23.354166666666668,0.0862428458337187,0.16281920566369826,0.11325951300354592,"{""residual+conditioning"": 35, ""residual+conditioning+solver_failure"": 13}"
0.9791666666666666,0.9791666666666667,0.9795918367346939,0.9965277777777778,45.395914199998515,digits_3_vs_8,hybrid_always_trigger_no_detector_qnn,hybrid_always_trigger_no_detector,qnn,2,4,4,16,2.0,1.1,True,no_detector,always_trigger,80,,,,,,,14.083352400000877,,,,,,,,,,,,,,,,0.75,1.0,0.5625,0.05214999239371351,4.29207278489376e-13,33.541666666666664,23.354166666666668,0.0862428458337187,0.16281920566369826,0.11325951300354592,"{""residual+conditioning"": 35, ""residual+conditioning+solver_failure"": 13}"
0.9791666666666666,0.9791666666666667,0.9795918367346939,0.9965277777777778,0.002456700000038836,digits_3_vs_8,hybrid_qnn_lenient_no_detector_logreg,hybrid_qnn_lenient_no_detector,logreg,2,4,4,16,2.0,1.1,True,no_detector,qnn_lenient,80,,,,,,,14.057739799998672,,,,,,,,,,,,,,,,0.75,1.0,0.5625,0.05214999239371351,4.29207278489376e-13,33.541666666666664,23.354166666666668,0.0863362458330812,0.16281920566369826,0.11325951300354592,"{""residual+conditioning"": 35, ""residual+conditioning+solver_failure"": 13}"
0.9583333333333334,0.9583333333333333,0.96,1.0,0.0014497999982268084,digits_3_vs_8,hybrid_qnn_lenient_no_detector_svm_rbf,hybrid_qnn_lenient_no_detector,svm_rbf,2,4,4,16,2.0,1.1,True,no_detector,qnn_lenient,80,,,,,,,14.057739799998672,,,,,,,,,,,,,,,,0.75,1.0,0.5625,0.05214999239371351,4.29207278489376e-13,33.541666666666664,23.354166666666668,0.0863362458330812,0.16281920566369826,0.11325951300354592,"{""residual+conditioning"": 35, ""residual+conditioning+solver_failure"": 13}"
0.9791666666666666,0.9791666666666667,0.9795918367346939,0.9965277777777778,44.705090800001926,digits_3_vs_8,hybrid_qnn_lenient_no_detector_qnn,hybrid_qnn_lenient_no_detector,qnn,2,4,4,16,2.0,1.1,True,no_detector,qnn_lenient,80,,,,,,,14.057739799998672,,,,,,,,,,,,,,,,0.75,1.0,0.5625,0.05214999239371351,4.29207278489376e-13,33.541666666666664,23.354166666666668,0.0863362458330812,0.16281920566369826,0.11325951300354592,"{""residual+conditioning"": 35, ""residual+conditioning+solver_failure"": 13}"
0.9791666666666666,0.9791666666666667,0.9795918367346939,1.0,0.0019455999972706195,digits_3_vs_8,forced_residual_only_logreg,forced_residual_only,logreg,2,4,4,16,2.0,1.1,True,residual_only,standard,80,,,,,,,7.055476599998656,0.75,0.75,0.7291666666666666,0.5208333333333334,0.06752516787452333,0.11532529417005,0.050719690600192525,3.839069249999789e-12,6.407403606061876e-16,33.541666666666664,9.625,2408.2708333333335,0.04375362291640764,0.16281920566369826,0.11001111599532232,,,,,,,,,,,
0.9375,0.9375,0.9411764705882353,1.0,0.0013975999972899444,digits_3_vs_8,forced_residual_only_svm_rbf,forced_residual_only,svm_rbf,2,4,4,16,2.0,1.1,True,residual_only,standard,80,,,,,,,7.055476599998656,0.75,0.75,0.7291666666666666,0.5208333333333334,0.06752516787452333,0.11532529417005,0.050719690600192525,3.839069249999789e-12,6.407403606061876e-16,33.541666666666664,9.625,2408.2708333333335,0.04375362291640764,0.16281920566369826,0.11001111599532232,,,,,,,,,,,
0.9791666666666666,0.9791666666666667,0.9787234042553191,1.0,44.44320220000009,digits_3_vs_8,forced_residual_only_qnn,forced_residual_only,qnn,2,4,4,16,2.0,1.1,True,residual_only,standard,80,,,,,,,7.055476599998656,0.75,0.75,0.7291666666666666,0.5208333333333334,0.06752516787452333,0.11532529417005,0.050719690600192525,3.839069249999789e-12,6.407403606061876e-16,33.541666666666664,9.625,2408.2708333333335,0.04375362291640764,0.16281920566369826,0.11001111599532232,,,,,,,,,,,
0.9791666666666666,0.9791666666666667,0.9795918367346939,1.0,0.0021321999993233476,digits_3_vs_8,hybrid_standard_residual_only_logreg,hybrid_standard_residual_only,logreg,2,4,4,16,2.0,1.1,True,residual_only,standard,80,,,,,,,1.7524448000003758,,,,,,,,,,,,,,,,0.75,0.3541666666666667,0.2708333333333333,0.05079510337512285,3.350018707080827e-12,33.541666666666664,24.645833333333332,0.011975545833365686,0.16281920566369826,0.03316436877283389,"{""none"": 31, ""conditioning"": 4, ""residual+conditioning+solver_failure"": 12, ""conditioning+solver_failure"": 1}"
0.9166666666666666,0.9166666666666667,0.9230769230769231,1.0,0.0014755000011064112,digits_3_vs_8,hybrid_standard_residual_only_svm_rbf,hybrid_standard_residual_only,svm_rbf,2,4,4,16,2.0,1.1,True,residual_only,standard,80,,,,,,,1.7524448000003758,,,,,,,,,,,,,,,,0.75,0.3541666666666667,0.2708333333333333,0.05079510337512285,3.350018707080827e-12,33.541666666666664,24.645833333333332,0.011975545833365686,0.16281920566369826,0.03316436877283389,"{""none"": 31, ""conditioning"": 4, ""residual+conditioning+solver_failure"": 12, ""conditioning+solver_failure"": 1}"
0.9791666666666666,0.9791666666666667,0.9795918367346939,0.9947916666666667,44.68744559999686,digits_3_vs_8,hybrid_standard_residual_only_qnn,hybrid_standard_residual_only,qnn,2,4,4,16,2.0,1.1,True,residual_only,standard,80,,,,,,,1.7524448000003758,,,,,,,,,,,,,,,,0.75,0.3541666666666667,0.2708333333333333,0.05079510337512285,3.350018707080827e-12,33.541666666666664,24.645833333333332,0.011975545833365686,0.16281920566369826,0.03316436877283389,"{""none"": 31, ""conditioning"": 4, ""residual+conditioning+solver_failure"": 12, ""conditioning+solver_failure"": 1}"
0.9791666666666666,0.9791666666666667,0.9795918367346939,1.0,0.0026220999970973935,digits_3_vs_8,hybrid_aggressive_residual_only_logreg,hybrid_aggressive_residual_only,logreg,2,4,4,16,2.0,1.1,True,residual_only,aggressive,80,,,,,,,4.149702100003196,,,,,,,,,,,,,,,,0.75,0.5625,0.4375,0.05079510337473849,1.783674641948445e-12,33.541666666666664,21.458333333333332,0.023882197916388275,0.16281920566369826,0.07066076041569957,"{""none"": 21, ""conditioning"": 14, ""residual+conditioning+solver_failure"": 13}"
0.9375,0.9375,0.9411764705882353,1.0,0.0015864999986661132,digits_3_vs_8,hybrid_aggressive_residual_only_svm_rbf,hybrid_aggressive_residual_only,svm_rbf,2,4,4,16,2.0,1.1,True,residual_only,aggressive,80,,,,,,,4.149702100003196,,,,,,,,,,,,,,,,0.75,0.5625,0.4375,0.05079510337473849,1.783674641948445e-12,33.541666666666664,21.458333333333332,0.023882197916388275,0.16281920566369826,0.07066076041569957,"{""none"": 21, ""conditioning"": 14, ""residual+conditioning+solver_failure"": 13}"
0.9791666666666666,0.9791666666666667,0.9795918367346939,0.9965277777777778,44.344716999999946,digits_3_vs_8,hybrid_aggressive_residual_only_qnn,hybrid_aggressive_residual_only,qnn,2,4,4,16,2.0,1.1,True,residual_only,aggressive,80,,,,,,,4.149702100003196,,,,,,,,,,,,,,,,0.75,0.5625,0.4375,0.05079510337473849,1.783674641948445e-12,33.541666666666664,21.458333333333332,0.023882197916388275,0.16281920566369826,0.07066076041569957,"{""none"": 21, ""conditioning"": 14, ""residual+conditioning+solver_failure"": 13}"
0.9791666666666666,0.9791666666666667,0.9795918367346939,1.0,0.0021773999978904612,digits_3_vs_8,hybrid_always_trigger_residual_only_logreg,hybrid_always_trigger_residual_only,logreg,2,4,4,16,2.0,1.1,True,residual_only,always_trigger,80,,,,,,,7.025714700001117,,,,,,,,,,,,,,,,0.75,1.0,0.6875,0.05079510337356672,6.407403606061876e-16,33.541666666666664,16.5,0.043811679166916896,0.16281920566369826,0.11001111599532232,"{""residual+conditioning"": 35, ""residual+conditioning+solver_failure"": 13}"
0.9375,0.9375,0.9411764705882353,1.0,0.00141030000304454,digits_3_vs_8,hybrid_always_trigger_residual_only_svm_rbf,hybrid_always_trigger_residual_only,svm_rbf,2,4,4,16,2.0,1.1,True,residual_only,always_trigger,80,,,,,,,7.025714700001117,,,,,,,,,,,,,,,,0.75,1.0,0.6875,0.05079510337356672,6.407403606061876e-16,33.541666666666664,16.5,0.043811679166916896,0.16281920566369826,0.11001111599532232,"{""residual+conditioning"": 35, ""residual+conditioning+solver_failure"": 13}"
0.9791666666666666,0.9791666666666667,0.9787234042553191,0.998263888888889,45.60612780000156,digits_3_vs_8,hybrid_always_trigger_residual_only_qnn,hybrid_always_trigger_residual_only,qnn,2,4,4,16,2.0,1.1,True,residual_only,always_trigger,80,,,,,,,7.025714700001117,,,,,,,,,,,,,,,,0.75,1.0,0.6875,0.05079510337356672,6.407403606061876e-16,33.541666666666664,16.5,0.043811679166916896,0.16281920566369826,0.11001111599532232,"{""residual+conditioning"": 35, ""residual+conditioning+solver_failure"": 13}"
0.9791666666666666,0.9791666666666667,0.9795918367346939,1.0,0.00225739999950747,digits_3_vs_8,hybrid_qnn_lenient_residual_only_logreg,hybrid_qnn_lenient_residual_only,logreg,2,4,4,16,2.0,1.1,True,residual_only,qnn_lenient,80,,,,,,,7.057480999999825,,,,,,,,,,,,,,,,0.75,1.0,0.6875,0.05079510337356672,6.407403606061876e-16,33.541666666666664,16.5,0.043794510416622266,0.16281920566369826,0.11001111599532232,"{""residual+conditioning"": 35, ""residual+conditioning+solver_failure"": 13}"
0.9375,0.9375,0.9411764705882353,1.0,0.0014152000003377907,digits_3_vs_8,hybrid_qnn_lenient_residual_only_svm_rbf,hybrid_qnn_lenient_residual_only,svm_rbf,2,4,4,16,2.0,1.1,True,residual_only,qnn_lenient,80,,,,,,,7.057480999999825,,,,,,,,,,,,,,,,0.75,1.0,0.6875,0.05079510337356672,6.407403606061876e-16,33.541666666666664,16.5,0.043794510416622266,0.16281920566369826,0.11001111599532232,"{""residual+conditioning"": 35, ""residual+conditioning+solver_failure"": 13}"
0.9791666666666666,0.9791666666666667,0.9787234042553191,0.998263888888889,45.82849069999793,digits_3_vs_8,hybrid_qnn_lenient_residual_only_qnn,hybrid_qnn_lenient_residual_only,qnn,2,4,4,16,2.0,1.1,True,residual_only,qnn_lenient,80,,,,,,,7.057480999999825,,,,,,,,,,,,,,,,0.75,1.0,0.6875,0.05079510337356672,6.407403606061876e-16,33.541666666666664,16.5,0.043794510416622266,0.16281920566369826,0.11001111599532232,"{""residual+conditioning"": 35, ""residual+conditioning+solver_failure"": 13}"
0.9791666666666666,0.9791666666666667,0.9795918367346939,1.0,0.0012402000029396731,digits_3_vs_8,pca_logreg,pca,logreg,3,4,4,16,2.0,1.1,True,full_balanced,standard,80,,,,,,,,,,,,,,,,,,,,,,,,,,,,,,,,,
0.9583333333333334,0.9583333333333333,0.96,0.9965277777777778,0.05022610000014538,digits_3_vs_8,pca_mlp,pca,mlp,3,4,4,16,2.0,1.1,True,full_balanced,standard,80,,,,,,,,,,,,,,,,,,,,,,,,,,,,,,,,,
0.9791666666666666,0.9791666666666667,0.9795918367346939,0.9965277777777778,0.0013389000014285557,digits_3_vs_8,pca_svm_rbf,pca,svm_rbf,3,4,4,16,2.0,1.1,True,full_balanced,standard,80,,,,,,,,,,,,,,,,,,,,,,,,,,,,,,,,,
0.9375,0.9375,0.9361702127659575,0.986111111111111,45.197850199998356,digits_3_vs_8,pca_qnn,pca,qnn,3,4,4,16,2.0,1.1,True,full_balanced,standard,80,,,,,,,,,,,,,,,,,,,,,,,,,,,,,,,,,
1.0,1.0,1.0,1.0,0.0025381000014021993,digits_3_vs_8,implicit_zero_logreg,implicit_zero,logreg,3,4,4,16,2.0,1.1,True,full_balanced,standard,80,0.5625,0.057530492243884075,5.494905612857643e-12,33.5625,0.0002897583331863037,0.13627825463723,0.051623300001665484,,,,,,,,,,,,,,,,,,,,,,,,,,
0.9791666666666666,0.9791666666666667,0.9795918367346939,0.998263888888889,0.0016074999984994065,digits_3_vs_8,implicit_zero_svm_rbf,implicit_zero,svm_rbf,3,4,4,16,2.0,1.1,True,full_balanced,standard,80,0.5625,0.057530492243884075,5.494905612857643e-12,33.5625,0.0002897583331863037,0.13627825463723,0.051623300001665484,,,,,,,,,,,,,,,,,,,,,,,,,,
0.9166666666666666,0.9166666666666667,0.9090909090909091,0.9479166666666666,45.1905740000002,digits_3_vs_8,implicit_zero_qnn,implicit_zero,qnn,3,4,4,16,2.0,1.1,True,full_balanced,standard,80,0.5625,0.057530492243884075,5.494905612857643e-12,33.5625,0.0002897583331863037,0.13627825463723,0.051623300001665484,,,,,,,,,,,,,,,,,,,,,,,,,,
1.0,1.0,1.0,1.0,0.0020452999997360166,digits_3_vs_8,forced_full_light_logreg,forced_full_light,logreg,3,4,4,16,2.0,1.1,True,full_light,standard,80,,,,,,,27.92803130000175,0.5625,0.7708333333333334,0.5625,0.5208333333333334,0.057530492243884075,0.09898607467723368,0.05621914909592429,5.494905612857643e-12,4.541797202389208e-16,33.5625,14.583333333333334,1860.375,0.1729125583331855,0.13627825463723,0.1296497282776448,,,,,,,,,,,
0.9791666666666666,0.9791666666666667,0.9795918367346939,1.0,0.0011912000009033363,digits_3_vs_8,forced_full_light_svm_rbf,forced_full_light,svm_rbf,3,4,4,16,2.0,1.1,True,full_light,standard,80,,,,,,,27.92803130000175,0.5625,0.7708333333333334,0.5625,0.5208333333333334,0.057530492243884075,0.09898607467723368,0.05621914909592429,5.494905612857643e-12,4.541797202389208e-16,33.5625,14.583333333333334,1860.375,0.1729125583331855,0.13627825463723,0.1296497282776448,,,,,,,,,,,
0.8958333333333334,0.8958333333333333,0.8979591836734694,0.9618055555555556,46.209955499998614,digits_3_vs_8,forced_full_light_qnn,forced_full_light,qnn,3,4,4,16,2.0,1.1,True,full_light,standard,80,,,,,,,27.92803130000175,0.5625,0.7708333333333334,0.5625,0.5208333333333334,0.057530492243884075,0.09898607467723368,0.05621914909592429,5.494905612857643e-12,4.541797202389208e-16,33.5625,14.583333333333334,1860.375,0.1729125583331855,0.13627825463723,0.1296497282776448,,,,,,,,,,,
1.0,1.0,1.0,1.0,0.002262099998915801,digits_3_vs_8,hybrid_standard_full_light_logreg,hybrid_standard_full_light,logreg,3,4,4,16,2.0,1.1,True,full_light,standard,80,,,,,,,7.049837900001876,,,,,,,,,,,,,,,,0.5625,0.4375,0.10416666666666667,0.056354670752487894,5.494905612857643e-12,33.5625,31.604166666666668,0.04681724791604817,0.13627825463723,0.0018494198588926186,"{""none"": 27, ""residual+conditioning+solver_failure"": 17, ""conditioning+solver_failure"": 4}"
0.9791666666666666,0.9791666666666667,0.9795918367346939,0.998263888888889,0.001224999999976717,digits_3_vs_8,hybrid_standard_full_light_svm_rbf,hybrid_standard_full_light,svm_rbf,3,4,4,16,2.0,1.1,True,full_light,standard,80,,,,,,,7.049837900001876,,,,,,,,,,,,,,,,0.5625,0.4375,0.10416666666666667,0.056354670752487894,5.494905612857643e-12,33.5625,31.604166666666668,0.04681724791604817,0.13627825463723,0.0018494198588926186,"{""none"": 27, ""residual+conditioning+solver_failure"": 17, ""conditioning+solver_failure"": 4}"
0.8958333333333334,0.8958333333333333,0.8837209302325582,0.9427083333333335,43.3661417000003,digits_3_vs_8,hybrid_standard_full_light_qnn,hybrid_standard_full_light,qnn,3,4,4,16,2.0,1.1,True,full_light,standard,80,,,,,,,7.049837900001876,,,,,,,,,,,,,,,,0.5625,0.4375,0.10416666666666667,0.056354670752487894,5.494905612857643e-12,33.5625,31.604166666666668,0.04681724791604817,0.13627825463723,0.0018494198588926186,"{""none"": 27, ""residual+conditioning+solver_failure"": 17, ""conditioning+solver_failure"": 4}"
1.0,1.0,1.0,1.0,0.0024979000008897856,digits_3_vs_8,hybrid_aggressive_full_light_logreg,hybrid_aggressive_full_light,logreg,3,4,4,16,2.0,1.1,True,full_light,aggressive,80,,,,,,,10.336397399998532,,,,,,,,,,,,,,,,0.5625,0.5416666666666666,0.20833333333333334,0.05635985723530531,5.494905612857643e-12,33.5625,29.1875,0.06465105833338687,0.13627825463723,0.027164416100429516,"{""none"": 22, ""conditioning"": 5, ""residual+conditioning+solver_failure"": 20, ""conditioning+solver_failure"": 1}"
0.9791666666666666,0.9791666666666667,0.9795918367346939,1.0,0.0012613999970199075,digits_3_vs_8,hybrid_aggressive_full_light_svm_rbf,hybrid_aggressive_full_light,svm_rbf,3,4,4,16,2.0,1.1,True,full_light,aggressive,80,,,,,,,10.336397399998532,,,,,,,,,,,,,,,,0.5625,0.5416666666666666,0.20833333333333334,0.05635985723530531,5.494905612857643e-12,33.5625,29.1875,0.06465105833338687,0.13627825463723,0.027164416100429516,"{""none"": 22, ""conditioning"": 5, ""residual+conditioning+solver_failure"": 20, ""conditioning+solver_failure"": 1}"
0.9375,0.9375,0.9333333333333333,0.96875,45.22755779999716,digits_3_vs_8,hybrid_aggressive_full_light_qnn,hybrid_aggressive_full_light,qnn,3,4,4,16,2.0,1.1,True,full_light,aggressive,80,,,,,,,10.336397399998532,,,,,,,,,,,,,,,,0.5625,0.5416666666666666,0.20833333333333334,0.05635985723530531,5.494905612857643e-12,33.5625,29.1875,0.06465105833338687,0.13627825463723,0.027164416100429516,"{""none"": 22, ""conditioning"": 5, ""residual+conditioning+solver_failure"": 20, ""conditioning+solver_failure"": 1}"
1.0,1.0,1.0,1.0,0.0025027000010595657,digits_3_vs_8,hybrid_always_trigger_full_light_logreg,hybrid_always_trigger_full_light,logreg,3,4,4,16,2.0,1.1,True,full_light,always_trigger,80,,,,,,,27.89291939999748,,,,,,,,,,,,,,,,0.5625,1.0,0.6666666666666666,0.056359677445059785,4.3866464596253264e-16,33.5625,22.541666666666668,0.17479853541681223,0.13627825463723,0.12965028159559797,"{""residual+conditioning"": 27, ""residual+conditioning+solver_failure"": 21}"
0.9791666666666666,0.9791666666666667,0.9795918367346939,1.0,0.0013323000021046028,digits_3_vs_8,hybrid_always_trigger_full_light_svm_rbf,hybrid_always_trigger_full_light,svm_rbf,3,4,4,16,2.0,1.1,True,full_light,always_trigger,80,,,,,,,27.89291939999748,,,,,,,,,,,,,,,,0.5625,1.0,0.6666666666666666,0.056359677445059785,4.3866464596253264e-16,33.5625,22.541666666666668,0.17479853541681223,0.13627825463723,0.12965028159559797,"{""residual+conditioning"": 27, ""residual+conditioning+solver_failure"": 21}"
0.8958333333333334,0.8958333333333333,0.8979591836734694,0.9565972222222223,45.573623499996756,digits_3_vs_8,hybrid_always_trigger_full_light_qnn,hybrid_always_trigger_full_light,qnn,3,4,4,16,2.0,1.1,True,full_light,always_trigger,80,,,,,,,27.89291939999748,,,,,,,,,,,,,,,,0.5625,1.0,0.6666666666666666,0.056359677445059785,4.3866464596253264e-16,33.5625,22.541666666666668,0.17479853541681223,0.13627825463723,0.12965028159559797,"{""residual+conditioning"": 27, ""residual+conditioning+solver_failure"": 21}"
1.0,1.0,1.0,1.0,0.0025069000002986286,digits_3_vs_8,hybrid_qnn_lenient_full_light_logreg,hybrid_qnn_lenient_full_light,logreg,3,4,4,16,2.0,1.1,True,full_light,qnn_lenient,80,,,,,,,28.01349389999814,,,,,,,,,,,,,,,,0.5625,1.0,0.6666666666666666,0.056359677445059785,4.3866464596253264e-16,33.5625,22.541666666666668,0.1747598124996633,0.13627825463723,0.12965028159559797,"{""residual+conditioning"": 27, ""residual+conditioning+solver_failure"": 21}"
0.9791666666666666,0.9791666666666667,0.9795918367346939,1.0,0.0014539000003424007,digits_3_vs_8,hybrid_qnn_lenient_full_light_svm_rbf,hybrid_qnn_lenient_full_light,svm_rbf,3,4,4,16,2.0,1.1,True,full_light,qnn_lenient,80,,,,,,,28.01349389999814,,,,,,,,,,,,,,,,0.5625,1.0,0.6666666666666666,0.056359677445059785,4.3866464596253264e-16,33.5625,22.541666666666668,0.1747598124996633,0.13627825463723,0.12965028159559797,"{""residual+conditioning"": 27, ""residual+conditioning+solver_failure"": 21}"
0.8541666666666666,0.8541666666666667,0.8571428571428571,0.9739583333333333,43.89699070000279,digits_3_vs_8,hybrid_qnn_lenient_full_light_qnn,hybrid_qnn_lenient_full_light,qnn,3,4,4,16,2.0,1.1,True,full_light,qnn_lenient,80,,,,,,,28.01349389999814,,,,,,,,,,,,,,,,0.5625,1.0,0.6666666666666666,0.056359677445059785,4.3866464596253264e-16,33.5625,22.541666666666668,0.1747598124996633,0.13627825463723,0.12965028159559797,"{""residual+conditioning"": 27, ""residual+conditioning+solver_failure"": 21}"
1.0,1.0,1.0,1.0,0.00259629999709432,digits_3_vs_8,forced_full_balanced_logreg,forced_full_balanced,logreg,3,4,4,16,2.0,1.1,True,full_balanced,standard,80,,,,,,,39.19429089999903,0.5625,0.7916666666666666,0.5625,0.5208333333333334,0.057530492243884075,0.08948060456615632,0.05606485593745542,5.494905612857643e-12,4.2324167441387767e-16,33.5625,16.625,2211.0,0.2442628645834096,0.13627825463723,0.12930068274531373,,,,,,,,,,,
0.9791666666666666,0.9791666666666667,0.9795918367346939,1.0,0.001188500002172077,digits_3_vs_8,forced_full_balanced_svm_rbf,forced_full_balanced,svm_rbf,3,4,4,16,2.0,1.1,True,full_balanced,standard,80,,,,,,,39.19429089999903,0.5625,0.7916666666666666,0.5625,0.5208333333333334,0.057530492243884075,0.08948060456615632,0.05606485593745542,5.494905612857643e-12,4.2324167441387767e-16,33.5625,16.625,2211.0,0.2442628645834096,0.13627825463723,0.12930068274531373,,,,,,,,,,,
0.9166666666666666,0.9166666666666667,0.92,0.9600694444444444,43.69662740000058,digits_3_vs_8,forced_full_balanced_qnn,forced_full_balanced,qnn,3,4,4,16,2.0,1.1,True,full_balanced,standard,80,,,,,,,39.19429089999903,0.5625,0.7916666666666666,0.5625,0.5208333333333334,0.057530492243884075,0.08948060456615632,0.05606485593745542,5.494905612857643e-12,4.2324167441387767e-16,33.5625,16.625,2211.0,0.2442628645834096,0.13627825463723,0.12930068274531373,,,,,,,,,,,
1.0,1.0,1.0,1.0,0.0021944000000075903,digits_3_vs_8,hybrid_standard_full_balanced_logreg,hybrid_standard_full_balanced,logreg,3,4,4,16,2.0,1.1,True,full_balanced,standard,80,,,,,,,7.475214699999924,,,,,,,,,,,,,,,,0.5625,0.4375,0.1875,0.05617441916939012,5.494905612857643e-12,33.5625,29.895833333333332,0.04919841250019393,0.13627825463723,0.001727414053716307,"{""none"": 27, ""residual+conditioning+solver_failure"": 17, ""conditioning+solver_failure"": 4}"
0.9791666666666666,0.9791666666666667,0.9795918367346939,0.998263888888889,0.001189499998872634,digits_3_vs_8,hybrid_standard_full_balanced_svm_rbf,hybrid_standard_full_balanced,svm_rbf,3,4,4,16,2.0,1.1,True,full_balanced,standard,80,,,,,,,7.475214699999924,,,,,,,,,,,,,,,,0.5625,0.4375,0.1875,0.05617441916939012,5.494905612857643e-12,33.5625,29.895833333333332,0.04919841250019393,0.13627825463723,0.001727414053716307,"{""none"": 27, ""residual+conditioning+solver_failure"": 17, ""conditioning+solver_failure"": 4}"
0.9166666666666666,0.9166666666666667,0.9090909090909091,0.9427083333333334,44.364406900000176,digits_3_vs_8,hybrid_standard_full_balanced_qnn,hybrid_standard_full_balanced,qnn,3,4,4,16,2.0,1.1,True,full_balanced,standard,80,,,,,,,7.475214699999924,,,,,,,,,,,,,,,,0.5625,0.4375,0.1875,0.05617441916939012,5.494905612857643e-12,33.5625,29.895833333333332,0.04919841250019393,0.13627825463723,0.001727414053716307,"{""none"": 27, ""residual+conditioning+solver_failure"": 17, ""conditioning+solver_failure"": 4}"
1.0,1.0,1.0,1.0,0.002565499999036547,digits_3_vs_8,hybrid_aggressive_full_balanced_logreg,hybrid_aggressive_full_balanced,logreg,3,4,4,16,2.0,1.1,True,full_balanced,aggressive,80,,,,,,,12.499063299997943,,,,,,,,,,,,,,,,0.5625,0.5416666666666666,0.25,0.05617573690722355,5.494905612857643e-12,33.5625,28.625,0.07774831458361102,0.13627825463723,0.02685309905242766,"{""none"": 22, ""conditioning"": 5, ""residual+conditioning+solver_failure"": 20, ""conditioning+solver_failure"": 1}"
0.9791666666666666,0.9791666666666667,0.9795918367346939,1.0,0.0011971000021731015,digits_3_vs_8,hybrid_aggressive_full_balanced_svm_rbf,hybrid_aggressive_full_balanced,svm_rbf,3,4,4,16,2.0,1.1,True,full_balanced,aggressive,80,,,,,,,12.499063299997943,,,,,,,,,,,,,,,,0.5625,0.5416666666666666,0.25,0.05617573690722355,5.494905612857643e-12,33.5625,28.625,0.07774831458361102,0.13627825463723,0.02685309905242766,"{""none"": 22, ""conditioning"": 5, ""residual+conditioning+solver_failure"": 20, ""conditioning+solver_failure"": 1}"
0.9791666666666666,0.9791666666666667,0.9787234042553191,0.9895833333333334,45.928709199997684,digits_3_vs_8,hybrid_aggressive_full_balanced_qnn,hybrid_aggressive_full_balanced,qnn,3,4,4,16,2.0,1.1,True,full_balanced,aggressive,80,,,,,,,12.499063299997943,,,,,,,,,,,,,,,,0.5625,0.5416666666666666,0.25,0.05617573690722355,5.494905612857643e-12,33.5625,28.625,0.07774831458361102,0.13627825463723,0.02685309905242766,"{""none"": 22, ""conditioning"": 5, ""residual+conditioning+solver_failure"": 20, ""conditioning+solver_failure"": 1}"
1.0,1.0,1.0,1.0,0.002409699998679571,digits_3_vs_8,hybrid_always_trigger_full_balanced_logreg,hybrid_always_trigger_full_balanced,logreg,3,4,4,16,2.0,1.1,True,full_balanced,always_trigger,80,,,,,,,38.96150990000024,,,,,,,,,,,,,,,,0.5625,1.0,0.7083333333333334,0.056175760384601474,4.796062621100039e-16,33.5625,22.229166666666668,0.24480559166674234,0.13627825463723,0.12937516888766182,"{""residual+conditioning"": 27, ""residual+conditioning+solver_failure"": 21}"
0.9791666666666666,0.9791666666666667,0.9795918367346939,1.0,0.0012076999992132187,digits_3_vs_8,hybrid_always_trigger_full_balanced_svm_rbf,hybrid_always_trigger_full_balanced,svm_rbf,3,4,4,16,2.0,1.1,True,full_balanced,always_trigger,80,,,,,,,38.96150990000024,,,,,,,,,,,,,,,,0.5625,1.0,0.7083333333333334,0.056175760384601474,4.796062621100039e-16,33.5625,22.229166666666668,0.24480559166674234,0.13627825463723,0.12937516888766182,"{""residual+conditioning"": 27, ""residual+conditioning+solver_failure"": 21}"
0.8541666666666666,0.8541666666666667,0.8571428571428571,0.9722222222222222,45.51460700000098,digits_3_vs_8,hybrid_always_trigger_full_balanced_qnn,hybrid_always_trigger_full_balanced,qnn,3,4,4,16,2.0,1.1,True,full_balanced,always_trigger,80,,,,,,,38.96150990000024,,,,,,,,,,,,,,,,0.5625,1.0,0.7083333333333334,0.056175760384601474,4.796062621100039e-16,33.5625,22.229166666666668,0.24480559166674234,0.13627825463723,0.12937516888766182,"{""residual+conditioning"": 27, ""residual+conditioning+solver_failure"": 21}"
1.0,1.0,1.0,1.0,0.002454800000123214,digits_3_vs_8,hybrid_qnn_lenient_full_balanced_logreg,hybrid_qnn_lenient_full_balanced,logreg,3,4,4,16,2.0,1.1,True,full_balanced,qnn_lenient,80,,,,,,,38.936559800000396,,,,,,,,,,,,,,,,0.5625,1.0,0.7083333333333334,0.056175760384601474,4.796062621100039e-16,33.5625,22.229166666666668,0.24536783958304417,0.13627825463723,0.12937516888766182,"{""residual+conditioning"": 27, ""residual+conditioning+solver_failure"": 21}"
0.9791666666666666,0.9791666666666667,0.9795918367346939,1.0,0.0016231000008701812,digits_3_vs_8,hybrid_qnn_lenient_full_balanced_svm_rbf,hybrid_qnn_lenient_full_balanced,svm_rbf,3,4,4,16,2.0,1.1,True,full_balanced,qnn_lenient,80,,,,,,,38.936559800000396,,,,,,,,,,,,,,,,0.5625,1.0,0.7083333333333334,0.056175760384601474,4.796062621100039e-16,33.5625,22.229166666666668,0.24536783958304417,0.13627825463723,0.12937516888766182,"{""residual+conditioning"": 27, ""residual+conditioning+solver_failure"": 21}"
0.8541666666666666,0.8541666666666667,0.8571428571428571,0.9722222222222222,45.379243499999575,digits_3_vs_8,hybrid_qnn_lenient_full_balanced_qnn,hybrid_qnn_lenient_full_balanced,qnn,3,4,4,16,2.0,1.1,True,full_balanced,qnn_lenient,80,,,,,,,38.936559800000396,,,,,,,,,,,,,,,,0.5625,1.0,0.7083333333333334,0.056175760384601474,4.796062621100039e-16,33.5625,22.229166666666668,0.24536783958304417,0.13627825463723,0.12937516888766182,"{""residual+conditioning"": 27, ""residual+conditioning+solver_failure"": 21}"
1.0,1.0,1.0,1.0,0.0022033999994164333,digits_3_vs_8,forced_qnn_oriented_logreg,forced_qnn_oriented,logreg,3,4,4,16,2.0,1.1,True,qnn_oriented,standard,80,,,,,,,55.81096120000075,0.5625,0.8125,0.5625,0.5208333333333334,0.057530492243884075,0.09370046292529405,0.05608030926242996,5.494905612857643e-12,5.47044224179076e-16,33.5625,14.833333333333334,2571.1875,0.34751860833345444,0.13627825463723,0.12933257695267533,,,,,,,,,,,
0.9791666666666666,0.9791666666666667,0.9795918367346939,1.0,0.0011892000002262648,digits_3_vs_8,forced_qnn_oriented_svm_rbf,forced_qnn_oriented,svm_rbf,3,4,4,16,2.0,1.1,True,qnn_oriented,standard,80,,,,,,,55.81096120000075,0.5625,0.8125,0.5625,0.5208333333333334,0.057530492243884075,0.09370046292529405,0.05608030926242996,5.494905612857643e-12,5.47044224179076e-16,33.5625,14.833333333333334,2571.1875,0.34751860833345444,0.13627825463723,0.12933257695267533,,,,,,,,,,,
0.8958333333333334,0.8958333333333333,0.8979591836734694,0.9461805555555556,45.81694290000087,digits_3_vs_8,forced_qnn_oriented_qnn,forced_qnn_oriented,qnn,3,4,4,16,2.0,1.1,True,qnn_oriented,standard,80,,,,,,,55.81096120000075,0.5625,0.8125,0.5625,0.5208333333333334,0.057530492243884075,0.09370046292529405,0.05608030926242996,5.494905612857643e-12,5.47044224179076e-16,33.5625,14.833333333333334,2571.1875,0.34751860833345444,0.13627825463723,0.12933257695267533,,,,,,,,,,,
1.0,1.0,1.0,1.0,0.0020022999997308943,digits_3_vs_8,hybrid_standard_qnn_oriented_logreg,hybrid_standard_qnn_oriented,logreg,3,4,4,16,2.0,1.1,True,qnn_oriented,standard,80,,,,,,,9.717657699999108,,,,,,,,,,,,,,,,0.5625,0.4375,0.14583333333333334,0.056235135506110756,5.494905612857643e-12,33.5625,30.458333333333332,0.0617136874999081,0.13627825463723,0.0013518578076709936,"{""none"": 27, ""residual+conditioning+solver_failure"": 17, ""conditioning+solver_failure"": 4}"
0.9791666666666666,0.9791666666666667,0.9795918367346939,1.0,0.0011856000019179191,digits_3_vs_8,hybrid_standard_qnn_oriented_svm_rbf,hybrid_standard_qnn_oriented,svm_rbf,3,4,4,16,2.0,1.1,True,qnn_oriented,standard,80,,,,,,,9.717657699999108,,,,,,,,,,,,,,,,0.5625,0.4375,0.14583333333333334,0.056235135506110756,5.494905612857643e-12,33.5625,30.458333333333332,0.0617136874999081,0.13627825463723,0.0013518578076709936,"{""none"": 27, ""residual+conditioning+solver_failure"": 17, ""conditioning+solver_failure"": 4}"
0.9375,0.9375,0.9333333333333333,0.9322916666666666,45.97332910000114,digits_3_vs_8,hybrid_standard_qnn_oriented_qnn,hybrid_standard_qnn_oriented,qnn,3,4,4,16,2.0,1.1,True,qnn_oriented,standard,80,,,,,,,9.717657699999108,,,,,,,,,,,,,,,,0.5625,0.4375,0.14583333333333334,0.056235135506110756,5.494905612857643e-12,33.5625,30.458333333333332,0.0617136874999081,0.13627825463723,0.0013518578076709936,"{""none"": 27, ""residual+conditioning+solver_failure"": 17, ""conditioning+solver_failure"": 4}"
1.0,1.0,1.0,1.0,0.0028109000013500918,digits_3_vs_8,hybrid_aggressive_qnn_oriented_logreg,hybrid_aggressive_qnn_oriented,logreg,3,4,4,16,2.0,1.1,True,qnn_oriented,aggressive,80,,,,,,,17.164914000000863,,,,,,,,,,,,,,,,0.5625,0.5416666666666666,0.20833333333333334,0.0562349145304978,5.494905612857643e-12,33.5625,29.541666666666668,0.10371920625008595,0.13627825463723,0.026616036674876338,"{""none"": 22, ""conditioning"": 5, ""residual+conditioning+solver_failure"": 20, ""conditioning+solver_failure"": 1}"
0.9791666666666666,0.9791666666666667,0.9795918367346939,1.0,0.0011780000022554304,digits_3_vs_8,hybrid_aggressive_qnn_oriented_svm_rbf,hybrid_aggressive_qnn_oriented,svm_rbf,3,4,4,16,2.0,1.1,True,qnn_oriented,aggressive,80,,,,,,,17.164914000000863,,,,,,,,,,,,,,,,0.5625,0.5416666666666666,0.20833333333333334,0.0562349145304978,5.494905612857643e-12,33.5625,29.541666666666668,0.10371920625008595,0.13627825463723,0.026616036674876338,"{""none"": 22, ""conditioning"": 5, ""residual+conditioning+solver_failure"": 20, ""conditioning+solver_failure"": 1}"
0.9375,0.9375,0.9333333333333333,0.9722222222222222,45.74665599999935,digits_3_vs_8,hybrid_aggressive_qnn_oriented_qnn,hybrid_aggressive_qnn_oriented,qnn,3,4,4,16,2.0,1.1,True,qnn_oriented,aggressive,80,,,,,,,17.164914000000863,,,,,,,,,,,,,,,,0.5625,0.5416666666666666,0.20833333333333334,0.0562349145304978,5.494905612857643e-12,33.5625,29.541666666666668,0.10371920625008595,0.13627825463723,0.026616036674876338,"{""none"": 22, ""conditioning"": 5, ""residual+conditioning+solver_failure"": 20, ""conditioning+solver_failure"": 1}"
1.0,1.0,1.0,1.0,0.0023525000033259857,digits_3_vs_8,hybrid_always_trigger_qnn_oriented_logreg,hybrid_always_trigger_qnn_oriented,logreg,3,4,4,16,2.0,1.1,True,qnn_oriented,always_trigger,80,,,,,,,54.84010279999711,,,,,,,,,,,,,,,,0.5625,1.0,0.6666666666666666,0.05623508973560095,5.495847092220414e-16,33.5625,23.145833333333332,0.3474717854165495,0.13627825463723,0.12937912167351126,"{""residual+conditioning"": 27, ""residual+conditioning+solver_failure"": 21}"
0.9791666666666666,0.9791666666666667,0.9795918367346939,1.0,0.0011916000003111549,digits_3_vs_8,hybrid_always_trigger_qnn_oriented_svm_rbf,hybrid_always_trigger_qnn_oriented,svm_rbf,3,4,4,16,2.0,1.1,True,qnn_oriented,always_trigger,80,,,,,,,54.84010279999711,,,,,,,,,,,,,,,,0.5625,1.0,0.6666666666666666,0.05623508973560095,5.495847092220414e-16,33.5625,23.145833333333332,0.3474717854165495,0.13627825463723,0.12937912167351126,"{""residual+conditioning"": 27, ""residual+conditioning+solver_failure"": 21}"
0.9375,0.9375,0.9387755102040817,0.9878472222222223,46.30043899999873,digits_3_vs_8,hybrid_always_trigger_qnn_oriented_qnn,hybrid_always_trigger_qnn_oriented,qnn,3,4,4,16,2.0,1.1,True,qnn_oriented,always_trigger,80,,,,,,,54.84010279999711,,,,,,,,,,,,,,,,0.5625,1.0,0.6666666666666666,0.05623508973560095,5.495847092220414e-16,33.5625,23.145833333333332,0.3474717854165495,0.13627825463723,0.12937912167351126,"{""residual+conditioning"": 27, ""residual+conditioning+solver_failure"": 21}"
1.0,1.0,1.0,1.0,0.0019943999977840576,digits_3_vs_8,hybrid_qnn_lenient_qnn_oriented_logreg,hybrid_qnn_lenient_qnn_oriented,logreg,3,4,4,16,2.0,1.1,True,qnn_oriented,qnn_lenient,80,,,,,,,54.84781740000108,,,,,,,,,,,,,,,,0.5625,1.0,0.6666666666666666,0.05623508973560095,5.495847092220414e-16,33.5625,23.145833333333332,0.3477233625001948,0.13627825463723,0.12937912167351126,"{""residual+conditioning"": 27, ""residual+conditioning+solver_failure"": 21}"
0.9791666666666666,0.9791666666666667,0.9795918367346939,1.0,0.001199600003019441,digits_3_vs_8,hybrid_qnn_lenient_qnn_oriented_svm_rbf,hybrid_qnn_lenient_qnn_oriented,svm_rbf,3,4,4,16,2.0,1.1,True,qnn_oriented,qnn_lenient,80,,,,,,,54.84781740000108,,,,,,,,,,,,,,,,0.5625,1.0,0.6666666666666666,0.05623508973560095,5.495847092220414e-16,33.5625,23.145833333333332,0.3477233625001948,0.13627825463723,0.12937912167351126,"{""residual+conditioning"": 27, ""residual+conditioning+solver_failure"": 21}"
0.9375,0.9375,0.9387755102040817,0.9878472222222223,45.409973900001205,digits_3_vs_8,hybrid_qnn_lenient_qnn_oriented_qnn,hybrid_qnn_lenient_qnn_oriented,qnn,3,4,4,16,2.0,1.1,True,qnn_oriented,qnn_lenient,80,,,,,,,54.84781740000108,,,,,,,,,,,,,,,,0.5625,1.0,0.6666666666666666,0.05623508973560095,5.495847092220414e-16,33.5625,23.145833333333332,0.3477233625001948,0.13627825463723,0.12937912167351126,"{""residual+conditioning"": 27, ""residual+conditioning+solver_failure"": 21}"
1.0,1.0,1.0,1.0,0.0021239999987301417,digits_3_vs_8,forced_qnn_exploratory_logreg,forced_qnn_exploratory,logreg,3,4,4,16,2.0,1.1,True,qnn_exploratory,standard,80,,,,,,,62.74929279999924,0.5625,0.8125,0.5625,0.5208333333333334,0.057530492243884075,0.09364515190619795,0.05618997595116241,5.494905612857643e-12,4.984653678325321e-16,33.5625,12.9375,2576.1458333333335,0.3949294312499963,0.13627825463723,0.12923372723068796,,,,,,,,,,,
0.9791666666666666,0.9791666666666667,0.9795918367346939,1.0,0.0011930999971809797,digits_3_vs_8,forced_qnn_exploratory_svm_rbf,forced_qnn_exploratory,svm_rbf,3,4,4,16,2.0,1.1,True,qnn_exploratory,standard,80,,,,,,,62.74929279999924,0.5625,0.8125,0.5625,0.5208333333333334,0.057530492243884075,0.09364515190619795,0.05618997595116241,5.494905612857643e-12,4.984653678325321e-16,33.5625,12.9375,2576.1458333333335,0.3949294312499963,0.13627825463723,0.12923372723068796,,,,,,,,,,,
0.9375,0.9375,0.9361702127659575,0.9461805555555555,44.27509359999749,digits_3_vs_8,forced_qnn_exploratory_qnn,forced_qnn_exploratory,qnn,3,4,4,16,2.0,1.1,True,qnn_exploratory,standard,80,,,,,,,62.74929279999924,0.5625,0.8125,0.5625,0.5208333333333334,0.057530492243884075,0.09364515190619795,0.05618997595116241,5.494905612857643e-12,4.984653678325321e-16,33.5625,12.9375,2576.1458333333335,0.3949294312499963,0.13627825463723,0.12923372723068796,,,,,,,,,,,
1.0,1.0,1.0,1.0,0.0024550000016461127,digits_3_vs_8,hybrid_standard_qnn_exploratory_logreg,hybrid_standard_qnn_exploratory,logreg,3,4,4,16,2.0,1.1,True,qnn_exploratory,standard,80,,,,,,,11.271659399997588,,,,,,,,,,,,,,,,0.5625,0.4375,0.125,0.056352960714549365,5.494905612857643e-12,33.5625,30.5625,0.07312254166640741,0.13627825463723,0.0011901526422646732,"{""none"": 27, ""residual+conditioning+solver_failure"": 17, ""conditioning+solver_failure"": 4}"
0.9791666666666666,0.9791666666666667,0.9795918367346939,1.0,0.0015275000005203765,digits_3_vs_8,hybrid_standard_qnn_exploratory_svm_rbf,hybrid_standard_qnn_exploratory,svm_rbf,3,4,4,16,2.0,1.1,True,qnn_exploratory,standard,80,,,,,,,11.271659399997588,,,,,,,,,,,,,,,,0.5625,0.4375,0.125,0.056352960714549365,5.494905612857643e-12,33.5625,30.5625,0.07312254166640741,0.13627825463723,0.0011901526422646732,"{""none"": 27, ""residual+conditioning+solver_failure"": 17, ""conditioning+solver_failure"": 4}"
0.8541666666666666,0.8541666666666667,0.851063829787234,0.8993055555555555,46.01923760000136,digits_3_vs_8,hybrid_standard_qnn_exploratory_qnn,hybrid_standard_qnn_exploratory,qnn,3,4,4,16,2.0,1.1,True,qnn_exploratory,standard,80,,,,,,,11.271659399997588,,,,,,,,,,,,,,,,0.5625,0.4375,0.125,0.056352960714549365,5.494905612857643e-12,33.5625,30.5625,0.07312254166640741,0.13627825463723,0.0011901526422646732,"{""none"": 27, ""residual+conditioning+solver_failure"": 17, ""conditioning+solver_failure"": 4}"
1.0,1.0,1.0,1.0,0.0021977000033075456,digits_3_vs_8,hybrid_aggressive_qnn_exploratory_logreg,hybrid_aggressive_qnn_exploratory,logreg,3,4,4,16,2.0,1.1,True,qnn_exploratory,aggressive,80,,,,,,,19.934573100003036,,,,,,,,,,,,,,,,0.5625,0.5416666666666666,0.1875,0.0563529697142516,5.494905612857643e-12,33.5625,29.354166666666668,0.12011689375018857,0.13627825463723,0.02659927851281555,"{""none"": 22, ""conditioning"": 5, ""residual+conditioning+solver_failure"": 20, ""conditioning+solver_failure"": 1}"
0.9791666666666666,0.9791666666666667,0.9795918367346939,1.0,0.0011918000018340535,digits_3_vs_8,hybrid_aggressive_qnn_exploratory_svm_rbf,hybrid_aggressive_qnn_exploratory,svm_rbf,3,4,4,16,2.0,1.1,True,qnn_exploratory,aggressive,80,,,,,,,19.934573100003036,,,,,,,,,,,,,,,,0.5625,0.5416666666666666,0.1875,0.0563529697142516,5.494905612857643e-12,33.5625,29.354166666666668,0.12011689375018857,0.13627825463723,0.02659927851281555,"{""none"": 22, ""conditioning"": 5, ""residual+conditioning+solver_failure"": 20, ""conditioning+solver_failure"": 1}"
0.9375,0.9375,0.9333333333333333,0.9427083333333333,45.56427049999911,digits_3_vs_8,hybrid_aggressive_qnn_exploratory_qnn,hybrid_aggressive_qnn_exploratory,qnn,3,4,4,16,2.0,1.1,True,qnn_exploratory,aggressive,80,,,,,,,19.934573100003036,,,,,,,,,,,,,,,,0.5625,0.5416666666666666,0.1875,0.0563529697142516,5.494905612857643e-12,33.5625,29.354166666666668,0.12011689375018857,0.13627825463723,0.02659927851281555,"{""none"": 22, ""conditioning"": 5, ""residual+conditioning+solver_failure"": 20, ""conditioning+solver_failure"": 1}"
1.0,1.0,1.0,1.0,0.002744700002949685,digits_3_vs_8,hybrid_always_trigger_qnn_exploratory_logreg,hybrid_always_trigger_qnn_exploratory,logreg,3,4,4,16,2.0,1.1,True,qnn_exploratory,always_trigger,80,,,,,,,62.95194569999876,,,,,,,,,,,,,,,,0.5625,1.0,0.6458333333333334,0.056353040752459525,4.882822230680291e-16,33.5625,23.458333333333332,0.39425113958357844,0.13627825463723,0.12915898286860947,"{""residual+conditioning"": 27, ""residual+conditioning+solver_failure"": 21}"
0.9791666666666666,0.9791666666666667,0.9795918367346939,1.0,0.0011864000007335562,digits_3_vs_8,hybrid_always_trigger_qnn_exploratory_svm_rbf,hybrid_always_trigger_qnn_exploratory,svm_rbf,3,4,4,16,2.0,1.1,True,qnn_exploratory,always_trigger,80,,,,,,,62.95194569999876,,,,,,,,,,,,,,,,0.5625,1.0,0.6458333333333334,0.056353040752459525,4.882822230680291e-16,33.5625,23.458333333333332,0.39425113958357844,0.13627825463723,0.12915898286860947,"{""residual+conditioning"": 27, ""residual+conditioning+solver_failure"": 21}"
0.9375,0.9375,0.9361702127659575,0.9756944444444444,44.106305900000734,digits_3_vs_8,hybrid_always_trigger_qnn_exploratory_qnn,hybrid_always_trigger_qnn_exploratory,qnn,3,4,4,16,2.0,1.1,True,qnn_exploratory,always_trigger,80,,,,,,,62.95194569999876,,,,,,,,,,,,,,,,0.5625,1.0,0.6458333333333334,0.056353040752459525,4.882822230680291e-16,33.5625,23.458333333333332,0.39425113958357844,0.13627825463723,0.12915898286860947,"{""residual+conditioning"": 27, ""residual+conditioning+solver_failure"": 21}"
1.0,1.0,1.0,1.0,0.0021841000016138423,digits_3_vs_8,hybrid_qnn_lenient_qnn_exploratory_logreg,hybrid_qnn_lenient_qnn_exploratory,logreg,3,4,4,16,2.0,1.1,True,qnn_exploratory,qnn_lenient,80,,,,,,,63.06337200000053,,,,,,,,,,,,,,,,0.5625,1.0,0.6458333333333334,0.056353040752459525,4.882822230680291e-16,33.5625,23.458333333333332,0.3967171895831901,0.13627825463723,0.12915898286860947,"{""residual+conditioning"": 27, ""residual+conditioning+solver_failure"": 21}"
0.9791666666666666,0.9791666666666667,0.9795918367346939,1.0,0.0012489000000641681,digits_3_vs_8,hybrid_qnn_lenient_qnn_exploratory_svm_rbf,hybrid_qnn_lenient_qnn_exploratory,svm_rbf,3,4,4,16,2.0,1.1,True,qnn_exploratory,qnn_lenient,80,,,,,,,63.06337200000053,,,,,,,,,,,,,,,,0.5625,1.0,0.6458333333333334,0.056353040752459525,4.882822230680291e-16,33.5625,23.458333333333332,0.3967171895831901,0.13627825463723,0.12915898286860947,"{""residual+conditioning"": 27, ""residual+conditioning+solver_failure"": 21}"
0.8958333333333334,0.8958333333333333,0.8979591836734694,0.9375,43.62353939999957,digits_3_vs_8,hybrid_qnn_lenient_qnn_exploratory_qnn,hybrid_qnn_lenient_qnn_exploratory,qnn,3,4,4,16,2.0,1.1,True,qnn_exploratory,qnn_lenient,80,,,,,,,63.06337200000053,,,,,,,,,,,,,,,,0.5625,1.0,0.6458333333333334,0.056353040752459525,4.882822230680291e-16,33.5625,23.458333333333332,0.3967171895831901,0.13627825463723,0.12915898286860947,"{""residual+conditioning"": 27, ""residual+conditioning+solver_failure"": 21}"
1.0,1.0,1.0,1.0,0.0022233000017877202,digits_3_vs_8,forced_no_detector_logreg,forced_no_detector,logreg,3,4,4,16,2.0,1.1,True,no_detector,standard,80,,,,,,,15.029477600000973,0.5625,0.7916666666666666,0.5625,0.5208333333333334,0.057530492243884075,0.089481445618224,0.05606318678425235,5.494905612857643e-12,5.062896844450573e-16,33.5625,16.979166666666668,2237.9166666666665,0.09438530000041585,0.13627825463723,0.12929417243823646,,,,,,,,,,,
0.9791666666666666,0.9791666666666667,0.9795918367346939,1.0,0.0012022999981127214,digits_3_vs_8,forced_no_detector_svm_rbf,forced_no_detector,svm_rbf,3,4,4,16,2.0,1.1,True,no_detector,standard,80,,,,,,,15.029477600000973,0.5625,0.7916666666666666,0.5625,0.5208333333333334,0.057530492243884075,0.089481445618224,0.05606318678425235,5.494905612857643e-12,5.062896844450573e-16,33.5625,16.979166666666668,2237.9166666666665,0.09438530000041585,0.13627825463723,0.12929417243823646,,,,,,,,,,,
0.875,0.875,0.88,0.9739583333333333,45.64567519999764,digits_3_vs_8,forced_no_detector_qnn,forced_no_detector,qnn,3,4,4,16,2.0,1.1,True,no_detector,standard,80,,,,,,,15.029477600000973,0.5625,0.7916666666666666,0.5625,0.5208333333333334,0.057530492243884075,0.089481445618224,0.05606318678425235,5.494905612857643e-12,5.062896844450573e-16,33.5625,16.979166666666668,2237.9166666666665,0.09438530000041585,0.13627825463723,0.12929417243823646,,,,,,,,,,,
1.0,1.0,1.0,1.0,0.0024021999997785315,digits_3_vs_8,hybrid_standard_no_detector_logreg,hybrid_standard_no_detector,logreg,3,4,4,16,2.0,1.1,True,no_detector,standard,80,,,,,,,2.8998603000000003,,,,,,,,,,,,,,,,0.5625,0.4375,0.1875,0.056128318689081656,5.494905612857643e-12,33.5625,29.708333333333332,0.018479377083319076,0.13627825463723,0.0015182348234103193,"{""none"": 27, ""residual+conditioning+solver_failure"": 17, ""conditioning+solver_failure"": 4}"
0.9791666666666666,0.9791666666666667,0.9795918367346939,0.998263888888889,0.0011787000003096182,digits_3_vs_8,hybrid_standard_no_detector_svm_rbf,hybrid_standard_no_detector,svm_rbf,3,4,4,16,2.0,1.1,True,no_detector,standard,80,,,,,,,2.8998603000000003,,,,,,,,,,,,,,,,0.5625,0.4375,0.1875,0.056128318689081656,5.494905612857643e-12,33.5625,29.708333333333332,0.018479377083319076,0.13627825463723,0.0015182348234103193,"{""none"": 27, ""residual+conditioning+solver_failure"": 17, ""conditioning+solver_failure"": 4}"
0.9166666666666666,0.9166666666666667,0.9090909090909091,0.9444444444444445,43.92784830000164,digits_3_vs_8,hybrid_standard_no_detector_qnn,hybrid_standard_no_detector,qnn,3,4,4,16,2.0,1.1,True,no_detector,standard,80,,,,,,,2.8998603000000003,,,,,,,,,,,,,,,,0.5625,0.4375,0.1875,0.056128318689081656,5.494905612857643e-12,33.5625,29.708333333333332,0.018479377083319076,0.13627825463723,0.0015182348234103193,"{""none"": 27, ""residual+conditioning+solver_failure"": 17, ""conditioning+solver_failure"": 4}"
1.0,1.0,1.0,1.0,0.002185100001952378,digits_3_vs_8,hybrid_aggressive_no_detector_logreg,hybrid_aggressive_no_detector,logreg,3,4,4,16,2.0,1.1,True,no_detector,aggressive,80,,,,,,,4.8128687999997055,,,,,,,,,,,,,,,,0.5625,0.5416666666666666,0.25,0.05612831868899113,5.494905612857643e-12,33.5625,28.75,0.029227285416406328,0.13627825463723,0.026808909939875388,"{""none"": 22, ""conditioning"": 5, ""residual+conditioning+solver_failure"": 20, ""conditioning+solver_failure"": 1}"
0.9791666666666666,0.9791666666666667,0.9795918367346939,1.0,0.0011859000005642883,digits_3_vs_8,hybrid_aggressive_no_detector_svm_rbf,hybrid_aggressive_no_detector,svm_rbf,3,4,4,16,2.0,1.1,True,no_detector,aggressive,80,,,,,,,4.8128687999997055,,,,,,,,,,,,,,,,0.5625,0.5416666666666666,0.25,0.05612831868899113,5.494905612857643e-12,33.5625,28.75,0.029227285416406328,0.13627825463723,0.026808909939875388,"{""none"": 22, ""conditioning"": 5, ""residual+conditioning+solver_failure"": 20, ""conditioning+solver_failure"": 1}"
0.9375,0.9375,0.9333333333333333,0.96875,43.460456100001466,digits_3_vs_8,hybrid_aggressive_no_detector_qnn,hybrid_aggressive_no_detector,qnn,3,4,4,16,2.0,1.1,True,no_detector,aggressive,80,,,,,,,4.8128687999997055,,,,,,,,,,,,,,,,0.5625,0.5416666666666666,0.25,0.05612831868899113,5.494905612857643e-12,33.5625,28.75,0.029227285416406328,0.13627825463723,0.026808909939875388,"{""none"": 22, ""conditioning"": 5, ""residual+conditioning+solver_failure"": 20, ""conditioning+solver_failure"": 1}"
1.0,1.0,1.0,1.0,0.0021488999991561286,digits_3_vs_8,hybrid_always_trigger_no_detector_logreg,hybrid_always_trigger_no_detector,logreg,3,4,4,16,2.0,1.1,True,no_detector,always_trigger,80,,,,,,,14.999156000001676,,,,,,,,,,,,,,,,0.5625,1.0,0.7083333333333334,0.056128318688055255,5.062896844450573e-16,33.5625,23.291666666666668,0.09424898749981973,0.13627825463723,0.12929417243823646,"{""residual+conditioning"": 27, ""residual+conditioning+solver_failure"": 21}"
0.9791666666666666,0.9791666666666667,0.9795918367346939,1.0,0.0012026000003970694,digits_3_vs_8,hybrid_always_trigger_no_detector_svm_rbf,hybrid_always_trigger_no_detector,svm_rbf,3,4,4,16,2.0,1.1,True,no_detector,always_trigger,80,,,,,,,14.999156000001676,,,,,,,,,,,,,,,,0.5625,1.0,0.7083333333333334,0.056128318688055255,5.062896844450573e-16,33.5625,23.291666666666668,0.09424898749981973,0.13627825463723,0.12929417243823646,"{""residual+conditioning"": 27, ""residual+conditioning+solver_failure"": 21}"
0.8958333333333334,0.8958333333333333,0.8979591836734694,0.9565972222222221,43.46464679999917,digits_3_vs_8,hybrid_always_trigger_no_detector_qnn,hybrid_always_trigger_no_detector,qnn,3,4,4,16,2.0,1.1,True,no_detector,always_trigger,80,,,,,,,14.999156000001676,,,,,,,,,,,,,,,,0.5625,1.0,0.7083333333333334,0.056128318688055255,5.062896844450573e-16,33.5625,23.291666666666668,0.09424898749981973,0.13627825463723,0.12929417243823646,"{""residual+conditioning"": 27, ""residual+conditioning+solver_failure"": 21}"
1.0,1.0,1.0,1.0,0.0023564000002807006,digits_3_vs_8,hybrid_qnn_lenient_no_detector_logreg,hybrid_qnn_lenient_no_detector,logreg,3,4,4,16,2.0,1.1,True,no_detector,qnn_lenient,80,,,,,,,15.06493490000139,,,,,,,,,,,,,,,,0.5625,1.0,0.7083333333333334,0.056128318688055255,5.062896844450573e-16,33.5625,23.291666666666668,0.09468348125013411,0.13627825463723,0.12929417243823646,"{""residual+conditioning"": 27, ""residual+conditioning+solver_failure"": 21}"
0.9791666666666666,0.9791666666666667,0.9795918367346939,1.0,0.001221100003022002,digits_3_vs_8,hybrid_qnn_lenient_no_detector_svm_rbf,hybrid_qnn_lenient_no_detector,svm_rbf,3,4,4,16,2.0,1.1,True,no_detector,qnn_lenient,80,,,,,,,15.06493490000139,,,,,,,,,,,,,,,,0.5625,1.0,0.7083333333333334,0.056128318688055255,5.062896844450573e-16,33.5625,23.291666666666668,0.09468348125013411,0.13627825463723,0.12929417243823646,"{""residual+conditioning"": 27, ""residual+conditioning+solver_failure"": 21}"
0.8958333333333334,0.8958333333333333,0.8979591836734694,0.9565972222222221,45.487598399999115,digits_3_vs_8,hybrid_qnn_lenient_no_detector_qnn,hybrid_qnn_lenient_no_detector,qnn,3,4,4,16,2.0,1.1,True,no_detector,qnn_lenient,80,,,,,,,15.06493490000139,,,,,,,,,,,,,,,,0.5625,1.0,0.7083333333333334,0.056128318688055255,5.062896844450573e-16,33.5625,23.291666666666668,0.09468348125013411,0.13627825463723,0.12929417243823646,"{""residual+conditioning"": 27, ""residual+conditioning+solver_failure"": 21}"
1.0,1.0,1.0,1.0,0.001823900001909351,digits_3_vs_8,forced_residual_only_logreg,forced_residual_only,logreg,3,4,4,16,2.0,1.1,True,residual_only,standard,80,,,,,,,6.6110536999985925,0.5625,0.8333333333333334,0.5625,0.5416666666666666,0.057530492243884075,0.09151961770644684,0.056188551435829404,5.494905612857643e-12,4.118576197520811e-16,33.5625,12.8125,2314.4166666666665,0.04246964791680815,0.13627825463723,0.13325340250700005,,,,,,,,,,,
0.9791666666666666,0.9791666666666667,0.9795918367346939,1.0,0.0011801000000559725,digits_3_vs_8,forced_residual_only_svm_rbf,forced_residual_only,svm_rbf,3,4,4,16,2.0,1.1,True,residual_only,standard,80,,,,,,,6.6110536999985925,0.5625,0.8333333333333334,0.5625,0.5416666666666666,0.057530492243884075,0.09151961770644684,0.056188551435829404,5.494905612857643e-12,4.118576197520811e-16,33.5625,12.8125,2314.4166666666665,0.04246964791680815,0.13627825463723,0.13325340250700005,,,,,,,,,,,
0.9375,0.9375,0.9361702127659575,0.9704861111111112,45.77662970000165,digits_3_vs_8,forced_residual_only_qnn,forced_residual_only,qnn,3,4,4,16,2.0,1.1,True,residual_only,standard,80,,,,,,,6.6110536999985925,0.5625,0.8333333333333334,0.5625,0.5416666666666666,0.057530492243884075,0.09151961770644684,0.056188551435829404,5.494905612857643e-12,4.118576197520811e-16,33.5625,12.8125,2314.4166666666665,0.04246964791680815,0.13627825463723,0.13325340250700005,,,,,,,,,,,
1.0,1.0,1.0,1.0,0.0019952000002376735,digits_3_vs_8,hybrid_standard_residual_only_logreg,hybrid_standard_residual_only,logreg,3,4,4,16,2.0,1.1,True,residual_only,standard,80,,,,,,,1.416151199999149,,,,,,,,,,,,,,,,0.5625,0.4375,0.16666666666666666,0.05628895698190391,5.494905612857643e-12,33.5625,29.270833333333332,0.009294297916767391,0.13627825463723,0.0019238265753169503,"{""none"": 27, ""residual+conditioning+solver_failure"": 17, ""conditioning+solver_failure"": 4}"
0.9791666666666666,0.9791666666666667,0.9795918367346939,1.0,0.0012529999985417817,digits_3_vs_8,hybrid_standard_residual_only_svm_rbf,hybrid_standard_residual_only,svm_rbf,3,4,4,16,2.0,1.1,True,residual_only,standard,80,,,,,,,1.416151199999149,,,,,,,,,,,,,,,,0.5625,0.4375,0.16666666666666666,0.05628895698190391,5.494905612857643e-12,33.5625,29.270833333333332,0.009294297916767391,0.13627825463723,0.0019238265753169503,"{""none"": 27, ""residual+conditioning+solver_failure"": 17, ""conditioning+solver_failure"": 4}"
0.8958333333333334,0.8958333333333334,0.8888888888888888,0.8923611111111112,45.529632999998285,digits_3_vs_8,hybrid_standard_residual_only_qnn,hybrid_standard_residual_only,qnn,3,4,4,16,2.0,1.1,True,residual_only,standard,80,,,,,,,1.416151199999149,,,,,,,,,,,,,,,,0.5625,0.4375,0.16666666666666666,0.05628895698190391,5.494905612857643e-12,33.5625,29.270833333333332,0.009294297916767391,0.13627825463723,0.0019238265753169503,"{""none"": 27, ""residual+conditioning+solver_failure"": 17, ""conditioning+solver_failure"": 4}"
1.0,1.0,1.0,1.0,0.002183699998568045,digits_3_vs_8,hybrid_aggressive_residual_only_logreg,hybrid_aggressive_residual_only,logreg,3,4,4,16,2.0,1.1,True,residual_only,aggressive,80,,,,,,,2.3129191000007268,,,,,,,,,,,,,,,,0.5625,0.5416666666666666,0.25,0.05628895698181243,5.494905612857643e-12,33.5625,27.583333333333332,0.01494596875015001,0.13627825463723,0.03411825775913126,"{""none"": 22, ""conditioning"": 5, ""residual+conditioning+solver_failure"": 20, ""conditioning+solver_failure"": 1}"
0.9791666666666666,0.9791666666666667,0.9795918367346939,1.0,0.0014065000032132957,digits_3_vs_8,hybrid_aggressive_residual_only_svm_rbf,hybrid_aggressive_residual_only,svm_rbf,3,4,4,16,2.0,1.1,True,residual_only,aggressive,80,,,,,,,2.3129191000007268,,,,,,,,,,,,,,,,0.5625,0.5416666666666666,0.25,0.05628895698181243,5.494905612857643e-12,33.5625,27.583333333333332,0.01494596875015001,0.13627825463723,0.03411825775913126,"{""none"": 22, ""conditioning"": 5, ""residual+conditioning+solver_failure"": 20, ""conditioning+solver_failure"": 1}"
0.9166666666666666,0.9166666666666667,0.9130434782608695,0.9322916666666667,45.88330270000006,digits_3_vs_8,hybrid_aggressive_residual_only_qnn,hybrid_aggressive_residual_only,qnn,3,4,4,16,2.0,1.1,True,residual_only,aggressive,80,,,,,,,2.3129191000007268,,,,,,,,,,,,,,,,0.5625,0.5416666666666666,0.25,0.05628895698181243,5.494905612857643e-12,33.5625,27.583333333333332,0.01494596875015001,0.13627825463723,0.03411825775913126,"{""none"": 22, ""conditioning"": 5, ""residual+conditioning+solver_failure"": 20, ""conditioning+solver_failure"": 1}"
1.0,1.0,1.0,1.0,0.0019941999998991378,digits_3_vs_8,hybrid_always_trigger_residual_only_logreg,hybrid_always_trigger_residual_only,logreg,3,4,4,16,2.0,1.1,True,residual_only,always_trigger,80,,,,,,,6.613462099998287,,,,,,,,,,,,,,,,0.5625,1.0,0.7083333333333334,0.05628895698087655,4.118576197520811e-16,33.5625,22.0625,0.04230362083361191,0.13627825463723,0.13325340250700005,"{""residual+conditioning"": 27, ""residual+conditioning+solver_failure"": 21}"
0.9791666666666666,0.9791666666666667,0.9795918367346939,1.0,0.0011868000001413748,digits_3_vs_8,hybrid_always_trigger_residual_only_svm_rbf,hybrid_always_trigger_residual_only,svm_rbf,3,4,4,16,2.0,1.1,True,residual_only,always_trigger,80,,,,,,,6.613462099998287,,,,,,,,,,,,,,,,0.5625,1.0,0.7083333333333334,0.05628895698087655,4.118576197520811e-16,33.5625,22.0625,0.04230362083361191,0.13627825463723,0.13325340250700005,"{""residual+conditioning"": 27, ""residual+conditioning+solver_failure"": 21}"
0.9166666666666666,0.9166666666666666,0.9166666666666666,0.9704861111111112,45.36077870000008,digits_3_vs_8,hybrid_always_trigger_residual_only_qnn,hybrid_always_trigger_residual_only,qnn,3,4,4,16,2.0,1.1,True,residual_only,always_trigger,80,,,,,,,6.613462099998287,,,,,,,,,,,,,,,,0.5625,1.0,0.7083333333333334,0.05628895698087655,4.118576197520811e-16,33.5625,22.0625,0.04230362083361191,0.13627825463723,0.13325340250700005,"{""residual+conditioning"": 27, ""residual+conditioning+solver_failure"": 21}"
1.0,1.0,1.0,1.0,0.0021000999986426905,digits_3_vs_8,hybrid_qnn_lenient_residual_only_logreg,hybrid_qnn_lenient_residual_only,logreg,3,4,4,16,2.0,1.1,True,residual_only,qnn_lenient,80,,,,,,,6.617821899999399,,,,,,,,,,,,,,,,0.5625,1.0,0.7083333333333334,0.05628895698087655,4.118576197520811e-16,33.5625,22.0625,0.04240760416640418,0.13627825463723,0.13325340250700005,"{""residual+conditioning"": 27, ""residual+conditioning+solver_failure"": 21}"
0.9791666666666666,0.9791666666666667,0.9795918367346939,1.0,0.001292600001761457,digits_3_vs_8,hybrid_qnn_lenient_residual_only_svm_rbf,hybrid_qnn_lenient_residual_only,svm_rbf,3,4,4,16,2.0,1.1,True,residual_only,qnn_lenient,80,,,,,,,6.617821899999399,,,,,,,,,,,,,,,,0.5625,1.0,0.7083333333333334,0.05628895698087655,4.118576197520811e-16,33.5625,22.0625,0.04240760416640418,0.13627825463723,0.13325340250700005,"{""residual+conditioning"": 27, ""residual+conditioning+solver_failure"": 21}"
0.8958333333333334,0.8958333333333333,0.8979591836734694,0.939236111111111,45.63841650000177,digits_3_vs_8,hybrid_qnn_lenient_residual_only_qnn,hybrid_qnn_lenient_residual_only,qnn,3,4,4,16,2.0,1.1,True,residual_only,qnn_lenient,80,,,,,,,6.617821899999399,,,,,,,,,,,,,,,,0.5625,1.0,0.7083333333333334,0.05628895698087655,4.118576197520811e-16,33.5625,22.0625,0.04240760416640418,0.13627825463723,0.13325340250700005,"{""residual+conditioning"": 27, ""residual+conditioning+solver_failure"": 21}"
0.8958333333333334,0.8958333333333333,0.8979591836734694,0.9791666666666666,0.0017516000007162802,digits_3_vs_8,pca_logreg,pca,logreg,4,4,4,16,2.0,1.1,True,full_balanced,standard,80,,,,,,,,,,,,,,,,,,,,,,,,,,,,,,,,,
0.9375,0.9375,0.9387755102040817,0.984375,0.05815439999787486,digits_3_vs_8,pca_mlp,pca,mlp,4,4,4,16,2.0,1.1,True,full_balanced,standard,80,,,,,,,,,,,,,,,,,,,,,,,,,,,,,,,,,
0.9166666666666666,0.9166666666666666,0.9166666666666666,0.9861111111111112,0.0014720000035595149,digits_3_vs_8,pca_svm_rbf,pca,svm_rbf,4,4,4,16,2.0,1.1,True,full_balanced,standard,80,,,,,,,,,,,,,,,,,,,,,,,,,,,,,,,,,
0.9166666666666666,0.9166666666666666,0.9166666666666666,0.9756944444444444,44.51695530000143,digits_3_vs_8,pca_qnn,pca,qnn,4,4,4,16,2.0,1.1,True,full_balanced,standard,80,,,,,,,,,,,,,,,,,,,,,,,,,,,,,,,,,
0.9375,0.9375,0.9333333333333333,0.984375,0.0025487999992037658,digits_3_vs_8,implicit_zero_logreg,implicit_zero,logreg,4,4,4,16,2.0,1.1,True,full_balanced,standard,80,0.7708333333333334,0.01984363835876884,4.63384877692301e-12,32.1875,0.0002697645832085982,0.19780767096512195,0.04707860000053188,,,,,,,,,,,,,,,,,,,,,,,,,,
0.8958333333333334,0.8958333333333333,0.8936170212765957,0.9670138888888888,0.0015668999985791743,digits_3_vs_8,implicit_zero_svm_rbf,implicit_zero,svm_rbf,4,4,4,16,2.0,1.1,True,full_balanced,standard,80,0.7708333333333334,0.01984363835876884,4.63384877692301e-12,32.1875,0.0002697645832085982,0.19780767096512195,0.04707860000053188,,,,,,,,,,,,,,,,,,,,,,,,,,
0.8958333333333334,0.8958333333333333,0.8936170212765957,0.9600694444444444,45.25842829999965,digits_3_vs_8,implicit_zero_qnn,implicit_zero,qnn,4,4,4,16,2.0,1.1,True,full_balanced,standard,80,0.7708333333333334,0.01984363835876884,4.63384877692301e-12,32.1875,0.0002697645832085982,0.19780767096512195,0.04707860000053188,,,,,,,,,,,,,,,,,,,,,,,,,,
0.9583333333333334,0.9583333333333333,0.9565217391304348,0.9878472222222222,0.002429600001050858,digits_3_vs_8,forced_full_light_logreg,forced_full_light,logreg,4,4,4,16,2.0,1.1,True,full_light,standard,80,,,,,,,31.50527279999733,0.7916666666666666,0.8125,0.7708333333333334,0.625,0.01984363835876884,0.04295166454868685,0.013290063433241267,4.63384877692301e-12,4.3422153888436076e-16,32.1875,14.979166666666666,2166.7291666666665,0.20117847708358264,0.19780767096512195,0.13953649903967705,,,,,,,,,,,
0.9166666666666666,0.9166666666666667,0.9130434782608695,0.984375,0.001151100001152372,digits_3_vs_8,forced_full_light_svm_rbf,forced_full_light,svm_rbf,4,4,4,16,2.0,1.1,True,full_light,standard,80,,,,,,,31.50527279999733,0.7916666666666666,0.8125,0.7708333333333334,0.625,0.01984363835876884,0.04295166454868685,0.013290063433241267,4.63384877692301e-12,4.3422153888436076e-16,32.1875,14.979166666666666,2166.7291666666665,0.20117847708358264,0.19780767096512195,0.13953649903967705,,,,,,,,,,,
0.9166666666666666,0.9166666666666667,0.92,0.9704861111111112,45.70713590000014,digits_3_vs_8,forced_full_light_qnn,forced_full_light,qnn,4,4,4,16,2.0,1.1,True,full_light,standard,80,,,,,,,31.50527279999733,0.7916666666666666,0.8125,0.7708333333333334,0.625,0.01984363835876884,0.04295166454868685,0.013290063433241267,4.63384877692301e-12,4.3422153888436076e-16,32.1875,14.979166666666666,2166.7291666666665,0.20117847708358264,0.19780767096512195,0.13953649903967705,,,,,,,,,,,
0.9375,0.9375,0.9333333333333333,0.984375,0.002446599999530008,digits_3_vs_8,hybrid_standard_full_light_logreg,hybrid_standard_full_light,logreg,4,4,4,16,2.0,1.1,True,full_light,standard,80,,,,,,,5.328377900001215,,,,,,,,,,,,,,,,0.7916666666666666,0.25,0.14583333333333334,0.013268862137849335,4.2500041737355444e-12,32.1875,28.604166666666668,0.03487373958326619,0.19780767096512195,0.016414725635098694,"{""none"": 36, ""conditioning"": 1, ""residual+conditioning+solver_failure"": 8, ""conditioning+solver_failure"": 3}"
0.8958333333333334,0.8958333333333333,0.8936170212765957,0.9670138888888888,0.0011285000000498258,digits_3_vs_8,hybrid_standard_full_light_svm_rbf,hybrid_standard_full_light,svm_rbf,4,4,4,16,2.0,1.1,True,full_light,standard,80,,,,,,,5.328377900001215,,,,,,,,,,,,,,,,0.7916666666666666,0.25,0.14583333333333334,0.013268862137849335,4.2500041737355444e-12,32.1875,28.604166666666668,0.03487373958326619,0.19780767096512195,0.016414725635098694,"{""none"": 36, ""conditioning"": 1, ""residual+conditioning+solver_failure"": 8, ""conditioning+solver_failure"": 3}"
0.8541666666666666,0.8541666666666667,0.851063829787234,0.920138888888889,45.19472649999807,digits_3_vs_8,hybrid_standard_full_light_qnn,hybrid_standard_full_light,qnn,4,4,4,16,2.0,1.1,True,full_light,standard,80,,,,,,,5.328377900001215,,,,,,,,,,,,,,,,0.7916666666666666,0.25,0.14583333333333334,0.013268862137849335,4.2500041737355444e-12,32.1875,28.604166666666668,0.03487373958326619,0.19780767096512195,0.016414725635098694,"{""none"": 36, ""conditioning"": 1, ""residual+conditioning+solver_failure"": 8, ""conditioning+solver_failure"": 3}"
0.9166666666666666,0.9166666666666667,0.9130434782608695,0.9861111111111112,0.0021302999994077254,digits_3_vs_8,hybrid_aggressive_full_light_logreg,hybrid_aggressive_full_light,logreg,4,4,4,16,2.0,1.1,True,full_light,aggressive,80,,,,,,,14.164300199998252,,,,,,,,,,,,,,,,0.7916666666666666,0.4375,0.3125,0.013266521910722447,3.5397490743972313e-12,32.1875,25.208333333333332,0.0795081208332249,0.19780767096512195,0.0599348182693381,"{""none"": 27, ""conditioning"": 10, ""residual+conditioning+solver_failure"": 11}"
0.8958333333333334,0.8958333333333333,0.8936170212765957,0.9774305555555556,0.001152700002421625,digits_3_vs_8,hybrid_aggressive_full_light_svm_rbf,hybrid_aggressive_full_light,svm_rbf,4,4,4,16,2.0,1.1,True,full_light,aggressive,80,,,,,,,14.164300199998252,,,,,,,,,,,,,,,,0.7916666666666666,0.4375,0.3125,0.013266521910722447,3.5397490743972313e-12,32.1875,25.208333333333332,0.0795081208332249,0.19780767096512195,0.0599348182693381,"{""none"": 27, ""conditioning"": 10, ""residual+conditioning+solver_failure"": 11}"
0.8541666666666666,0.8541666666666667,0.851063829787234,0.9010416666666667,44.41543069999898,digits_3_vs_8,hybrid_aggressive_full_light_qnn,hybrid_aggressive_full_light,qnn,4,4,4,16,2.0,1.1,True,full_light,aggressive,80,,,,,,,14.164300199998252,,,,,,,,,,,,,,,,0.7916666666666666,0.4375,0.3125,0.013266521910722447,3.5397490743972313e-12,32.1875,25.208333333333332,0.0795081208332249,0.19780767096512195,0.0599348182693381,"{""none"": 27, ""conditioning"": 10, ""residual+conditioning+solver_failure"": 11}"
0.9375,0.9375,0.9333333333333333,0.9878472222222222,0.0022318000010272954,digits_3_vs_8,hybrid_always_trigger_full_light_logreg,hybrid_always_trigger_full_light,logreg,4,4,4,16,2.0,1.1,True,full_light,always_trigger,80,,,,,,,31.52240940000047,,,,,,,,,,,,,,,,0.7916666666666666,1.0,0.75,0.013296689495619846,4.441976358491976e-16,32.1875,17.3125,0.20010415208344057,0.19780767096512195,0.13954897513569917,"{""residual+conditioning"": 37, ""residual+conditioning+solver_failure"": 11}"
0.8958333333333334,0.8958333333333333,0.8936170212765957,0.9756944444444444,0.001139200001489371,digits_3_vs_8,hybrid_always_trigger_full_light_svm_rbf,hybrid_always_trigger_full_light,svm_rbf,4,4,4,16,2.0,1.1,True,full_light,always_trigger,80,,,,,,,31.52240940000047,,,,,,,,,,,,,,,,0.7916666666666666,1.0,0.75,0.013296689495619846,4.441976358491976e-16,32.1875,17.3125,0.20010415208344057,0.19780767096512195,0.13954897513569917,"{""residual+conditioning"": 37, ""residual+conditioning+solver_failure"": 11}"
0.9166666666666666,0.9166666666666667,0.92,0.9583333333333333,45.50392880000072,digits_3_vs_8,hybrid_always_trigger_full_light_qnn,hybrid_always_trigger_full_light,qnn,4,4,4,16,2.0,1.1,True,full_light,always_trigger,80,,,,,,,31.52240940000047,,,,,,,,,,,,,,,,0.7916666666666666,1.0,0.75,0.013296689495619846,4.441976358491976e-16,32.1875,17.3125,0.20010415208344057,0.19780767096512195,0.13954897513569917,"{""residual+conditioning"": 37, ""residual+conditioning+solver_failure"": 11}"
0.9375,0.9375,0.9333333333333333,0.9878472222222222,0.002354099997319281,digits_3_vs_8,hybrid_qnn_lenient_full_light_logreg,hybrid_qnn_lenient_full_light,logreg,4,4,4,16,2.0,1.1,True,full_light,qnn_lenient,80,,,,,,,31.532964199999697,,,,,,,,,,,,,,,,0.7916666666666666,1.0,0.75,0.013296689495619846,4.441976358491976e-16,32.1875,17.3125,0.20029797916625589,0.19780767096512195,0.13954897513569917,"{""residual+conditioning"": 37, ""residual+conditioning+solver_failure"": 11}"
0.8958333333333334,0.8958333333333333,0.8936170212765957,0.9756944444444444,0.0011222999964957125,digits_3_vs_8,hybrid_qnn_lenient_full_light_svm_rbf,hybrid_qnn_lenient_full_light,svm_rbf,4,4,4,16,2.0,1.1,True,full_light,qnn_lenient,80,,,,,,,31.532964199999697,,,,,,,,,,,,,,,,0.7916666666666666,1.0,0.75,0.013296689495619846,4.441976358491976e-16,32.1875,17.3125,0.20029797916625589,0.19780767096512195,0.13954897513569917,"{""residual+conditioning"": 37, ""residual+conditioning+solver_failure"": 11}"
0.9166666666666666,0.9166666666666667,0.92,0.9583333333333333,44.27985070000068,digits_3_vs_8,hybrid_qnn_lenient_full_light_qnn,hybrid_qnn_lenient_full_light,qnn,4,4,4,16,2.0,1.1,True,full_light,qnn_lenient,80,,,,,,,31.532964199999697,,,,,,,,,,,,,,,,0.7916666666666666,1.0,0.75,0.013296689495619846,4.441976358491976e-16,32.1875,17.3125,0.20029797916625589,0.19780767096512195,0.13954897513569917,"{""residual+conditioning"": 37, ""residual+conditioning+solver_failure"": 11}"
0.9375,0.9375,0.9333333333333333,0.9826388888888888,0.0022582999990845565,digits_3_vs_8,forced_full_balanced_logreg,forced_full_balanced,logreg,4,4,4,16,2.0,1.1,True,full_balanced,standard,80,,,,,,,43.657926199997746,0.7916666666666666,0.75,0.7708333333333334,0.5833333333333334,0.01984363835876884,0.060792620174258814,0.013228403601181873,4.63384877692301e-12,4.699396944529667e-16,32.1875,15.9375,2481.5833333333335,0.27256043541691116,0.19780767096512195,0.1355743285985658,,,,,,,,,,,
0.8958333333333334,0.8958333333333334,0.8888888888888888,0.967013888888889,0.0011325000014039688,digits_3_vs_8,forced_full_balanced_svm_rbf,forced_full_balanced,svm_rbf,4,4,4,16,2.0,1.1,True,full_balanced,standard,80,,,,,,,43.657926199997746,0.7916666666666666,0.75,0.7708333333333334,0.5833333333333334,0.01984363835876884,0.060792620174258814,0.013228403601181873,4.63384877692301e-12,4.699396944529667e-16,32.1875,15.9375,2481.5833333333335,0.27256043541691116,0.19780767096512195,0.1355743285985658,,,,,,,,,,,
0.875,0.875,0.875,0.9427083333333334,43.9987887999996,digits_3_vs_8,forced_full_balanced_qnn,forced_full_balanced,qnn,4,4,4,16,2.0,1.1,True,full_balanced,standard,80,,,,,,,43.657926199997746,0.7916666666666666,0.75,0.7708333333333334,0.5833333333333334,0.01984363835876884,0.060792620174258814,0.013228403601181873,4.63384877692301e-12,4.699396944529667e-16,32.1875,15.9375,2481.5833333333335,0.27256043541691116,0.19780767096512195,0.1355743285985658,,,,,,,,,,,
0.9375,0.9375,0.9333333333333333,0.984375,0.0020994999977119733,digits_3_vs_8,hybrid_standard_full_balanced_logreg,hybrid_standard_full_balanced,logreg,4,4,4,16,2.0,1.1,True,full_balanced,standard,80,,,,,,,6.622406899998168,,,,,,,,,,,,,,,,0.7916666666666666,0.25,0.14583333333333334,0.013243888967689818,4.2500041737355444e-12,32.1875,28.479166666666668,0.04525036666655069,0.19780767096512195,0.016811444174269996,"{""none"": 36, ""conditioning"": 1, ""residual+conditioning+solver_failure"": 8, ""conditioning+solver_failure"": 3}"
0.8958333333333334,0.8958333333333333,0.8936170212765957,0.9670138888888888,0.0011498999992909376,digits_3_vs_8,hybrid_standard_full_balanced_svm_rbf,hybrid_standard_full_balanced,svm_rbf,4,4,4,16,2.0,1.1,True,full_balanced,standard,80,,,,,,,6.622406899998168,,,,,,,,,,,,,,,,0.7916666666666666,0.25,0.14583333333333334,0.013243888967689818,4.2500041737355444e-12,32.1875,28.479166666666668,0.04525036666655069,0.19780767096512195,0.016811444174269996,"{""none"": 36, ""conditioning"": 1, ""residual+conditioning+solver_failure"": 8, ""conditioning+solver_failure"": 3}"
0.8541666666666666,0.8541666666666667,0.851063829787234,0.9149305555555556,44.542646400001104,digits_3_vs_8,hybrid_standard_full_balanced_qnn,hybrid_standard_full_balanced,qnn,4,4,4,16,2.0,1.1,True,full_balanced,standard,80,,,,,,,6.622406899998168,,,,,,,,,,,,,,,,0.7916666666666666,0.25,0.14583333333333334,0.013243888967689818,4.2500041737355444e-12,32.1875,28.479166666666668,0.04525036666655069,0.19780767096512195,0.016811444174269996,"{""none"": 36, ""conditioning"": 1, ""residual+conditioning+solver_failure"": 8, ""conditioning+solver_failure"": 3}"
0.8958333333333334,0.8958333333333333,0.8936170212765957,0.984375,0.0023658999998588115,digits_3_vs_8,hybrid_aggressive_full_balanced_logreg,hybrid_aggressive_full_balanced,logreg,4,4,4,16,2.0,1.1,True,full_balanced,aggressive,80,,,,,,,17.979795499999454,,,,,,,,,,,,,,,,0.7916666666666666,0.4375,0.22916666666666666,0.013250623368298653,3.5397490743972313e-12,32.1875,26.145833333333332,0.09515021875025316,0.19780767096512195,0.03590909876113739,"{""none"": 27, ""conditioning"": 10, ""residual+conditioning+solver_failure"": 11}"
0.8958333333333334,0.8958333333333333,0.8936170212765957,0.9774305555555556,0.0011429999976826366,digits_3_vs_8,hybrid_aggressive_full_balanced_svm_rbf,hybrid_aggressive_full_balanced,svm_rbf,4,4,4,16,2.0,1.1,True,full_balanced,aggressive,80,,,,,,,17.979795499999454,,,,,,,,,,,,,,,,0.7916666666666666,0.4375,0.22916666666666666,0.013250623368298653,3.5397490743972313e-12,32.1875,26.145833333333332,0.09515021875025316,0.19780767096512195,0.03590909876113739,"{""none"": 27, ""conditioning"": 10, ""residual+conditioning+solver_failure"": 11}"
0.8958333333333334,0.8958333333333333,0.8979591836734694,0.9670138888888888,45.67480970000179,digits_3_vs_8,hybrid_aggressive_full_balanced_qnn,hybrid_aggressive_full_balanced,qnn,4,4,4,16,2.0,1.1,True,full_balanced,aggressive,80,,,,,,,17.979795499999454,,,,,,,,,,,,,,,,0.7916666666666666,0.4375,0.22916666666666666,0.013250623368298653,3.5397490743972313e-12,32.1875,26.145833333333332,0.09515021875025316,0.19780767096512195,0.03590909876113739,"{""none"": 27, ""conditioning"": 10, ""residual+conditioning+solver_failure"": 11}"
0.9375,0.9375,0.9333333333333333,0.9826388888888888,0.001894099998025922,digits_3_vs_8,hybrid_always_trigger_full_balanced_logreg,hybrid_always_trigger_full_balanced,logreg,4,4,4,16,2.0,1.1,True,full_balanced,always_trigger,80,,,,,,,43.22263980000207,,,,,,,,,,,,,,,,0.7916666666666666,1.0,0.6875,0.013243815177164458,4.766043255500126e-16,32.1875,18.020833333333332,0.2636965625004753,0.19780767096512195,0.13549232571624958,"{""residual+conditioning"": 37, ""residual+conditioning+solver_failure"": 11}"
0.8958333333333334,0.8958333333333334,0.8888888888888888,0.967013888888889,0.001120900000387337,digits_3_vs_8,hybrid_always_trigger_full_balanced_svm_rbf,hybrid_always_trigger_full_balanced,svm_rbf,4,4,4,16,2.0,1.1,True,full_balanced,always_trigger,80,,,,,,,43.22263980000207,,,,,,,,,,,,,,,,0.7916666666666666,1.0,0.6875,0.013243815177164458,4.766043255500126e-16,32.1875,18.020833333333332,0.2636965625004753,0.19780767096512195,0.13549232571624958,"{""residual+conditioning"": 37, ""residual+conditioning+solver_failure"": 11}"
0.9166666666666666,0.9166666666666667,0.9130434782608695,0.9427083333333334,44.13397700000132,digits_3_vs_8,hybrid_always_trigger_full_balanced_qnn,hybrid_always_trigger_full_balanced,qnn,4,4,4,16,2.0,1.1,True,full_balanced,always_trigger,80,,,,,,,43.22263980000207,,,,,,,,,,,,,,,,0.7916666666666666,1.0,0.6875,0.013243815177164458,4.766043255500126e-16,32.1875,18.020833333333332,0.2636965625004753,0.19780767096512195,0.13549232571624958,"{""residual+conditioning"": 37, ""residual+conditioning+solver_failure"": 11}"
0.9375,0.9375,0.9333333333333333,0.9826388888888888,0.0021535999985644594,digits_3_vs_8,hybrid_qnn_lenient_full_balanced_logreg,hybrid_qnn_lenient_full_balanced,logreg,4,4,4,16,2.0,1.1,True,full_balanced,qnn_lenient,80,,,,,,,43.0559659999999,,,,,,,,,,,,,,,,0.7916666666666666,1.0,0.6875,0.013243815177164458,4.766043255500126e-16,32.1875,18.020833333333332,0.2626433333331685,0.19780767096512195,0.13549232571624958,"{""residual+conditioning"": 37, ""residual+conditioning+solver_failure"": 11}"
0.8958333333333334,0.8958333333333334,0.8888888888888888,0.967013888888889,0.0011259999992034864,digits_3_vs_8,hybrid_qnn_lenient_full_balanced_svm_rbf,hybrid_qnn_lenient_full_balanced,svm_rbf,4,4,4,16,2.0,1.1,True,full_balanced,qnn_lenient,80,,,,,,,43.0559659999999,,,,,,,,,,,,,,,,0.7916666666666666,1.0,0.6875,0.013243815177164458,4.766043255500126e-16,32.1875,18.020833333333332,0.2626433333331685,0.19780767096512195,0.13549232571624958,"{""residual+conditioning"": 37, ""residual+conditioning+solver_failure"": 11}"
0.9166666666666666,0.9166666666666667,0.9130434782608695,0.9427083333333334,46.204628100000264,digits_3_vs_8,hybrid_qnn_lenient_full_balanced_qnn,hybrid_qnn_lenient_full_balanced,qnn,4,4,4,16,2.0,1.1,True,full_balanced,qnn_lenient,80,,,,,,,43.0559659999999,,,,,,,,,,,,,,,,0.7916666666666666,1.0,0.6875,0.013243815177164458,4.766043255500126e-16,32.1875,18.020833333333332,0.2626433333331685,0.19780767096512195,0.13549232571624958,"{""residual+conditioning"": 37, ""residual+conditioning+solver_failure"": 11}"
0.9166666666666666,0.9166666666666667,0.9130434782608695,0.9826388888888888,0.0022528000008605886,digits_3_vs_8,forced_qnn_oriented_logreg,forced_qnn_oriented,logreg,4,4,4,16,2.0,1.1,True,qnn_oriented,standard,80,,,,,,,60.52745690000302,0.7916666666666666,0.7708333333333334,0.7708333333333334,0.6041666666666666,0.01984363835876884,0.04896321323047282,0.013249538960000506,4.63384877692301e-12,5.03300559871435e-16,32.1875,15.729166666666666,2798.2083333333335,0.38146721458353267,0.19780767096512195,0.13130367331475257,,,,,,,,,,,
0.8958333333333334,0.8958333333333334,0.8888888888888888,0.9652777777777778,0.0011728999998013023,digits_3_vs_8,forced_qnn_oriented_svm_rbf,forced_qnn_oriented,svm_rbf,4,4,4,16,2.0,1.1,True,qnn_oriented,standard,80,,,,,,,60.52745690000302,0.7916666666666666,0.7708333333333334,0.7708333333333334,0.6041666666666666,0.01984363835876884,0.04896321323047282,0.013249538960000506,4.63384877692301e-12,5.03300559871435e-16,32.1875,15.729166666666666,2798.2083333333335,0.38146721458353267,0.19780767096512195,0.13130367331475257,,,,,,,,,,,
0.8541666666666666,0.8541666666666666,0.8627450980392157,0.9618055555555555,46.49870789999841,digits_3_vs_8,forced_qnn_oriented_qnn,forced_qnn_oriented,qnn,4,4,4,16,2.0,1.1,True,qnn_oriented,standard,80,,,,,,,60.52745690000302,0.7916666666666666,0.7708333333333334,0.7708333333333334,0.6041666666666666,0.01984363835876884,0.04896321323047282,0.013249538960000506,4.63384877692301e-12,5.03300559871435e-16,32.1875,15.729166666666666,2798.2083333333335,0.38146721458353267,0.19780767096512195,0.13130367331475257,,,,,,,,,,,
0.9375,0.9375,0.9333333333333333,0.984375,0.0021423000034701545,digits_3_vs_8,hybrid_standard_qnn_oriented_logreg,hybrid_standard_qnn_oriented,logreg,4,4,4,16,2.0,1.1,True,qnn_oriented,standard,80,,,,,,,8.949243899998692,,,,,,,,,,,,,,,,0.7916666666666666,0.25,0.16666666666666666,0.013281245806972604,4.2500041737355444e-12,32.1875,28.25,0.057911370833380715,0.19780767096512195,0.016630842767227146,"{""none"": 36, ""conditioning"": 1, ""residual+conditioning+solver_failure"": 8, ""conditioning+solver_failure"": 3}"
0.8958333333333334,0.8958333333333333,0.8936170212765957,0.9670138888888888,0.0011353000008966774,digits_3_vs_8,hybrid_standard_qnn_oriented_svm_rbf,hybrid_standard_qnn_oriented,svm_rbf,4,4,4,16,2.0,1.1,True,qnn_oriented,standard,80,,,,,,,8.949243899998692,,,,,,,,,,,,,,,,0.7916666666666666,0.25,0.16666666666666666,0.013281245806972604,4.2500041737355444e-12,32.1875,28.25,0.057911370833380715,0.19780767096512195,0.016630842767227146,"{""none"": 36, ""conditioning"": 1, ""residual+conditioning+solver_failure"": 8, ""conditioning+solver_failure"": 3}"
0.8541666666666666,0.8541666666666667,0.851063829787234,0.9305555555555556,45.6626268,digits_3_vs_8,hybrid_standard_qnn_oriented_qnn,hybrid_standard_qnn_oriented,qnn,4,4,4,16,2.0,1.1,True,qnn_oriented,standard,80,,,,,,,8.949243899998692,,,,,,,,,,,,,,,,0.7916666666666666,0.25,0.16666666666666666,0.013281245806972604,4.2500041737355444e-12,32.1875,28.25,0.057911370833380715,0.19780767096512195,0.016630842767227146,"{""none"": 36, ""conditioning"": 1, ""residual+conditioning+solver_failure"": 8, ""conditioning+solver_failure"": 3}"
0.8958333333333334,0.8958333333333333,0.8936170212765957,0.984375,0.0022281000019575004,digits_3_vs_8,hybrid_aggressive_qnn_oriented_logreg,hybrid_aggressive_qnn_oriented,logreg,4,4,4,16,2.0,1.1,True,qnn_oriented,aggressive,80,,,,,,,26.77722840000206,,,,,,,,,,,,,,,,0.7916666666666666,0.4375,0.3125,0.013281123253418186,3.5397490743972313e-12,32.1875,25.166666666666668,0.1415124645832293,0.19780767096512195,0.05140078199303798,"{""none"": 27, ""conditioning"": 10, ""residual+conditioning+solver_failure"": 11}"
0.8958333333333334,0.8958333333333333,0.8936170212765957,0.9756944444444444,0.0011411999985284638,digits_3_vs_8,hybrid_aggressive_qnn_oriented_svm_rbf,hybrid_aggressive_qnn_oriented,svm_rbf,4,4,4,16,2.0,1.1,True,qnn_oriented,aggressive,80,,,,,,,26.77722840000206,,,,,,,,,,,,,,,,0.7916666666666666,0.4375,0.3125,0.013281123253418186,3.5397490743972313e-12,32.1875,25.166666666666668,0.1415124645832293,0.19780767096512195,0.05140078199303798,"{""none"": 27, ""conditioning"": 10, ""residual+conditioning+solver_failure"": 11}"
0.8958333333333334,0.8958333333333333,0.8979591836734694,0.9704861111111112,44.00245519999953,digits_3_vs_8,hybrid_aggressive_qnn_oriented_qnn,hybrid_aggressive_qnn_oriented,qnn,4,4,4,16,2.0,1.1,True,qnn_oriented,aggressive,80,,,,,,,26.77722840000206,,,,,,,,,,,,,,,,0.7916666666666666,0.4375,0.3125,0.013281123253418186,3.5397490743972313e-12,32.1875,25.166666666666668,0.1415124645832293,0.19780767096512195,0.05140078199303798,"{""none"": 27, ""conditioning"": 10, ""residual+conditioning+solver_failure"": 11}"
0.9166666666666666,0.9166666666666667,0.9130434782608695,0.9826388888888888,0.002106900003127521,digits_3_vs_8,hybrid_always_trigger_qnn_oriented_logreg,hybrid_always_trigger_qnn_oriented,logreg,4,4,4,16,2.0,1.1,True,qnn_oriented,always_trigger,80,,,,,,,60.72836349999852,,,,,,,,,,,,,,,,0.7916666666666666,1.0,0.7291666666666666,0.01328009927370639,4.557696584055212e-16,32.1875,16.041666666666668,0.37674310208338585,0.19780767096512195,0.13129941838746859,"{""residual+conditioning"": 37, ""residual+conditioning+solver_failure"": 11}"
0.8958333333333334,0.8958333333333334,0.8888888888888888,0.9652777777777778,0.0011240999992878642,digits_3_vs_8,hybrid_always_trigger_qnn_oriented_svm_rbf,hybrid_always_trigger_qnn_oriented,svm_rbf,4,4,4,16,2.0,1.1,True,qnn_oriented,always_trigger,80,,,,,,,60.72836349999852,,,,,,,,,,,,,,,,0.7916666666666666,1.0,0.7291666666666666,0.01328009927370639,4.557696584055212e-16,32.1875,16.041666666666668,0.37674310208338585,0.19780767096512195,0.13129941838746859,"{""residual+conditioning"": 37, ""residual+conditioning+solver_failure"": 11}"
0.8958333333333334,0.8958333333333333,0.8979591836734694,0.9826388888888888,45.40744039999845,digits_3_vs_8,hybrid_always_trigger_qnn_oriented_qnn,hybrid_always_trigger_qnn_oriented,qnn,4,4,4,16,2.0,1.1,True,qnn_oriented,always_trigger,80,,,,,,,60.72836349999852,,,,,,,,,,,,,,,,0.7916666666666666,1.0,0.7291666666666666,0.01328009927370639,4.557696584055212e-16,32.1875,16.041666666666668,0.37674310208338585,0.19780767096512195,0.13129941838746859,"{""residual+conditioning"": 37, ""residual+conditioning+solver_failure"": 11}"
0.9166666666666666,0.9166666666666667,0.9130434782608695,0.9826388888888888,0.0017817000007198658,digits_3_vs_8,hybrid_qnn_lenient_qnn_oriented_logreg,hybrid_qnn_lenient_qnn_oriented,logreg,4,4,4,16,2.0,1.1,True,qnn_oriented,qnn_lenient,80,,,,,,,60.72066990000167,,,,,,,,,,,,,,,,0.7916666666666666,1.0,0.75,0.013280099273720791,4.557696584055212e-16,32.1875,15.916666666666666,0.3769391875000565,0.19780767096512195,0.13129941838746859,"{""residual+conditioning"": 37, ""residual+conditioning+solver_failure"": 11}"
0.8958333333333334,0.8958333333333334,0.8888888888888888,0.9652777777777778,0.0013351999987207819,digits_3_vs_8,hybrid_qnn_lenient_qnn_oriented_svm_rbf,hybrid_qnn_lenient_qnn_oriented,svm_rbf,4,4,4,16,2.0,1.1,True,qnn_oriented,qnn_lenient,80,,,,,,,60.72066990000167,,,,,,,,,,,,,,,,0.7916666666666666,1.0,0.75,0.013280099273720791,4.557696584055212e-16,32.1875,15.916666666666666,0.3769391875000565,0.19780767096512195,0.13129941838746859,"{""residual+conditioning"": 37, ""residual+conditioning+solver_failure"": 11}"
0.875,0.875,0.8695652173913043,0.9704861111111112,45.79954329999964,digits_3_vs_8,hybrid_qnn_lenient_qnn_oriented_qnn,hybrid_qnn_lenient_qnn_oriented,qnn,4,4,4,16,2.0,1.1,True,qnn_oriented,qnn_lenient,80,,,,,,,60.72066990000167,,,,,,,,,,,,,,,,0.7916666666666666,1.0,0.75,0.013280099273720791,4.557696584055212e-16,32.1875,15.916666666666666,0.3769391875000565,0.19780767096512195,0.13129941838746859,"{""residual+conditioning"": 37, ""residual+conditioning+solver_failure"": 11}"
0.9166666666666666,0.9166666666666667,0.9130434782608695,0.984375,0.002009100000577746,digits_3_vs_8,forced_qnn_exploratory_logreg,forced_qnn_exploratory,logreg,4,4,4,16,2.0,1.1,True,qnn_exploratory,standard,80,,,,,,,69.85855119999906,0.7916666666666666,0.7083333333333334,0.7708333333333334,0.5625,0.01984363835876884,0.06720612876387859,0.013227374951802706,4.63384877692301e-12,6.215406288428169e-16,32.1875,16.291666666666668,2671.0625,0.410932500000096,0.19780767096512195,0.1172306322155869,,,,,,,,,,,
0.8958333333333334,0.8958333333333333,0.8936170212765957,0.9704861111111112,0.0011125999990326818,digits_3_vs_8,forced_qnn_exploratory_svm_rbf,forced_qnn_exploratory,svm_rbf,4,4,4,16,2.0,1.1,True,qnn_exploratory,standard,80,,,,,,,69.85855119999906,0.7916666666666666,0.7083333333333334,0.7708333333333334,0.5625,0.01984363835876884,0.06720612876387859,0.013227374951802706,4.63384877692301e-12,6.215406288428169e-16,32.1875,16.291666666666668,2671.0625,0.410932500000096,0.19780767096512195,0.1172306322155869,,,,,,,,,,,
0.8541666666666666,0.8541666666666666,0.8627450980392157,0.9635416666666666,44.38256090000141,digits_3_vs_8,forced_qnn_exploratory_qnn,forced_qnn_exploratory,qnn,4,4,4,16,2.0,1.1,True,qnn_exploratory,standard,80,,,,,,,69.85855119999906,0.7916666666666666,0.7083333333333334,0.7708333333333334,0.5625,0.01984363835876884,0.06720612876387859,0.013227374951802706,4.63384877692301e-12,6.215406288428169e-16,32.1875,16.291666666666668,2671.0625,0.410932500000096,0.19780767096512195,0.1172306322155869,,,,,,,,,,,
0.9375,0.9375,0.9333333333333333,0.984375,0.0020305000034568366,digits_3_vs_8,hybrid_standard_qnn_exploratory_logreg,hybrid_standard_qnn_exploratory,logreg,4,4,4,16,2.0,1.1,True,qnn_exploratory,standard,80,,,,,,,9.464338400000997,,,,,,,,,,,,,,,,0.7916666666666666,0.25,0.125,0.013239992206100767,4.2500041737355444e-12,32.1875,28.604166666666668,0.065020129166669,0.19780767096512195,0.016212577975674627,"{""none"": 36, ""conditioning"": 1, ""residual+conditioning+solver_failure"": 8, ""conditioning+solver_failure"": 3}"
0.8958333333333334,0.8958333333333333,0.8936170212765957,0.9670138888888888,0.0011553000003914349,digits_3_vs_8,hybrid_standard_qnn_exploratory_svm_rbf,hybrid_standard_qnn_exploratory,svm_rbf,4,4,4,16,2.0,1.1,True,qnn_exploratory,standard,80,,,,,,,9.464338400000997,,,,,,,,,,,,,,,,0.7916666666666666,0.25,0.125,0.013239992206100767,4.2500041737355444e-12,32.1875,28.604166666666668,0.065020129166669,0.19780767096512195,0.016212577975674627,"{""none"": 36, ""conditioning"": 1, ""residual+conditioning+solver_failure"": 8, ""conditioning+solver_failure"": 3}"
0.8541666666666666,0.8541666666666667,0.851063829787234,0.9270833333333334,45.27786390000256,digits_3_vs_8,hybrid_standard_qnn_exploratory_qnn,hybrid_standard_qnn_exploratory,qnn,4,4,4,16,2.0,1.1,True,qnn_exploratory,standard,80,,,,,,,9.464338400000997,,,,,,,,,,,,,,,,0.7916666666666666,0.25,0.125,0.013239992206100767,4.2500041737355444e-12,32.1875,28.604166666666668,0.065020129166669,0.19780767096512195,0.016212577975674627,"{""none"": 36, ""conditioning"": 1, ""residual+conditioning+solver_failure"": 8, ""conditioning+solver_failure"": 3}"
0.9375,0.9375,0.9333333333333333,0.984375,0.0020332999993115664,digits_3_vs_8,hybrid_aggressive_qnn_exploratory_logreg,hybrid_aggressive_qnn_exploratory,logreg,4,4,4,16,2.0,1.1,True,qnn_exploratory,aggressive,80,,,,,,,30.05375610000192,,,,,,,,,,,,,,,,0.7916666666666666,0.4375,0.25,0.013240006698916037,3.5397490743972313e-12,32.1875,26.083333333333332,0.15230942499988487,0.19780767096512195,0.048507571348699034,"{""none"": 27, ""conditioning"": 10, ""residual+conditioning+solver_failure"": 11}"
0.8958333333333334,0.8958333333333333,0.8936170212765957,0.96875,0.0011579999991226941,digits_3_vs_8,hybrid_aggressive_qnn_exploratory_svm_rbf,hybrid_aggressive_qnn_exploratory,svm_rbf,4,4,4,16,2.0,1.1,True,qnn_exploratory,aggressive,80,,,,,,,30.05375610000192,,,,,,,,,,,,,,,,0.7916666666666666,0.4375,0.25,0.013240006698916037,3.5397490743972313e-12,32.1875,26.083333333333332,0.15230942499988487,0.19780767096512195,0.048507571348699034,"{""none"": 27, ""conditioning"": 10, ""residual+conditioning+solver_failure"": 11}"
0.8333333333333334,0.8333333333333334,0.8333333333333334,0.8819444444444444,44.40370619999885,digits_3_vs_8,hybrid_aggressive_qnn_exploratory_qnn,hybrid_aggressive_qnn_exploratory,qnn,4,4,4,16,2.0,1.1,True,qnn_exploratory,aggressive,80,,,,,,,30.05375610000192,,,,,,,,,,,,,,,,0.7916666666666666,0.4375,0.25,0.013240006698916037,3.5397490743972313e-12,32.1875,26.083333333333332,0.15230942499988487,0.19780767096512195,0.048507571348699034,"{""none"": 27, ""conditioning"": 10, ""residual+conditioning+solver_failure"": 11}"
0.9166666666666666,0.9166666666666667,0.9130434782608695,0.984375,0.0022821999991720077,digits_3_vs_8,hybrid_always_trigger_qnn_exploratory_logreg,hybrid_always_trigger_qnn_exploratory,logreg,4,4,4,16,2.0,1.1,True,qnn_exploratory,always_trigger,80,,,,,,,67.9318815000006,,,,,,,,,,,,,,,,0.7916666666666666,1.0,0.7083333333333334,0.013321155448652075,4.641070608076465e-16,32.1875,18.958333333333332,0.413985152083266,0.19780767096512195,0.12432564416226115,"{""residual+conditioning"": 37, ""residual+conditioning+solver_failure"": 11}"
0.8958333333333334,0.8958333333333333,0.8936170212765957,0.96875,0.0011343000005581416,digits_3_vs_8,hybrid_always_trigger_qnn_exploratory_svm_rbf,hybrid_always_trigger_qnn_exploratory,svm_rbf,4,4,4,16,2.0,1.1,True,qnn_exploratory,always_trigger,80,,,,,,,67.9318815000006,,,,,,,,,,,,,,,,0.7916666666666666,1.0,0.7083333333333334,0.013321155448652075,4.641070608076465e-16,32.1875,18.958333333333332,0.413985152083266,0.19780767096512195,0.12432564416226115,"{""residual+conditioning"": 37, ""residual+conditioning+solver_failure"": 11}"
0.875,0.875,0.88,0.967013888888889,44.94302610000159,digits_3_vs_8,hybrid_always_trigger_qnn_exploratory_qnn,hybrid_always_trigger_qnn_exploratory,qnn,4,4,4,16,2.0,1.1,True,qnn_exploratory,always_trigger,80,,,,,,,67.9318815000006,,,,,,,,,,,,,,,,0.7916666666666666,1.0,0.7083333333333334,0.013321155448652075,4.641070608076465e-16,32.1875,18.958333333333332,0.413985152083266,0.19780767096512195,0.12432564416226115,"{""residual+conditioning"": 37, ""residual+conditioning+solver_failure"": 11}"
0.9166666666666666,0.9166666666666667,0.9130434782608695,0.984375,0.0020556000017677434,digits_3_vs_8,hybrid_qnn_lenient_qnn_exploratory_logreg,hybrid_qnn_lenient_qnn_exploratory,logreg,4,4,4,16,2.0,1.1,True,qnn_exploratory,qnn_lenient,80,,,,,,,68.10296229999949,,,,,,,,,,,,,,,,0.7916666666666666,1.0,0.7083333333333334,0.013321155448652075,4.641070608076465e-16,32.1875,18.958333333333332,0.4165696687499955,0.19780767096512195,0.12432564416226115,"{""residual+conditioning"": 37, ""residual+conditioning+solver_failure"": 11}"
0.8958333333333334,0.8958333333333333,0.8936170212765957,0.96875,0.0011455999992904253,digits_3_vs_8,hybrid_qnn_lenient_qnn_exploratory_svm_rbf,hybrid_qnn_lenient_qnn_exploratory,svm_rbf,4,4,4,16,2.0,1.1,True,qnn_exploratory,qnn_lenient,80,,,,,,,68.10296229999949,,,,,,,,,,,,,,,,0.7916666666666666,1.0,0.7083333333333334,0.013321155448652075,4.641070608076465e-16,32.1875,18.958333333333332,0.4165696687499955,0.19780767096512195,0.12432564416226115,"{""residual+conditioning"": 37, ""residual+conditioning+solver_failure"": 11}"
0.875,0.875,0.88,0.967013888888889,44.970732199999475,digits_3_vs_8,hybrid_qnn_lenient_qnn_exploratory_qnn,hybrid_qnn_lenient_qnn_exploratory,qnn,4,4,4,16,2.0,1.1,True,qnn_exploratory,qnn_lenient,80,,,,,,,68.10296229999949,,,,,,,,,,,,,,,,0.7916666666666666,1.0,0.7083333333333334,0.013321155448652075,4.641070608076465e-16,32.1875,18.958333333333332,0.4165696687499955,0.19780767096512195,0.12432564416226115,"{""residual+conditioning"": 37, ""residual+conditioning+solver_failure"": 11}"
0.9375,0.9375,0.9333333333333333,0.9826388888888888,0.0019518999979482032,digits_3_vs_8,forced_no_detector_logreg,forced_no_detector,logreg,4,4,4,16,2.0,1.1,True,no_detector,standard,80,,,,,,,16.49215809999805,0.7916666666666666,0.75,0.7708333333333334,0.5833333333333334,0.01984363835876884,0.060811405089848856,0.013243473435953357,4.63384877692301e-12,4.805490973337172e-16,32.1875,15.666666666666666,2369.3125,0.1000312416667839,0.19780767096512195,0.1355801366110416,,,,,,,,,,,
0.8958333333333334,0.8958333333333334,0.8888888888888888,0.967013888888889,0.0011117000030935742,digits_3_vs_8,forced_no_detector_svm_rbf,forced_no_detector,svm_rbf,4,4,4,16,2.0,1.1,True,no_detector,standard,80,,,,,,,16.49215809999805,0.7916666666666666,0.75,0.7708333333333334,0.5833333333333334,0.01984363835876884,0.060811405089848856,0.013243473435953357,4.63384877692301e-12,4.805490973337172e-16,32.1875,15.666666666666666,2369.3125,0.1000312416667839,0.19780767096512195,0.1355801366110416,,,,,,,,,,,
0.9166666666666666,0.9166666666666667,0.9130434782608695,0.9444444444444445,45.67598910000015,digits_3_vs_8,forced_no_detector_qnn,forced_no_detector,qnn,4,4,4,16,2.0,1.1,True,no_detector,standard,80,,,,,,,16.49215809999805,0.7916666666666666,0.75,0.7708333333333334,0.5833333333333334,0.01984363835876884,0.060811405089848856,0.013243473435953357,4.63384877692301e-12,4.805490973337172e-16,32.1875,15.666666666666666,2369.3125,0.1000312416667839,0.19780767096512195,0.1355801366110416,,,,,,,,,,,
0.9375,0.9375,0.9333333333333333,0.984375,0.0025296999992860947,digits_3_vs_8,hybrid_standard_no_detector_logreg,hybrid_standard_no_detector,logreg,4,4,4,16,2.0,1.1,True,no_detector,standard,80,,,,,,,2.387355499999103,,,,,,,,,,,,,,,,0.7916666666666666,0.25,0.16666666666666666,0.013248108009170645,4.2500041737355444e-12,32.1875,27.854166666666668,0.016209131249600734,0.19780767096512195,0.01688265090101786,"{""none"": 36, ""conditioning"": 1, ""residual+conditioning+solver_failure"": 8, ""conditioning+solver_failure"": 3}"
0.8958333333333334,0.8958333333333333,0.8936170212765957,0.9670138888888888,0.0011259000020800158,digits_3_vs_8,hybrid_standard_no_detector_svm_rbf,hybrid_standard_no_detector,svm_rbf,4,4,4,16,2.0,1.1,True,no_detector,standard,80,,,,,,,2.387355499999103,,,,,,,,,,,,,,,,0.7916666666666666,0.25,0.16666666666666666,0.013248108009170645,4.2500041737355444e-12,32.1875,27.854166666666668,0.016209131249600734,0.19780767096512195,0.01688265090101786,"{""none"": 36, ""conditioning"": 1, ""residual+conditioning+solver_failure"": 8, ""conditioning+solver_failure"": 3}"
0.8541666666666666,0.8541666666666667,0.851063829787234,0.9201388888888888,44.497743400002946,digits_3_vs_8,hybrid_standard_no_detector_qnn,hybrid_standard_no_detector,qnn,4,4,4,16,2.0,1.1,True,no_detector,standard,80,,,,,,,2.387355499999103,,,,,,,,,,,,,,,,0.7916666666666666,0.25,0.16666666666666666,0.013248108009170645,4.2500041737355444e-12,32.1875,27.854166666666668,0.016209131249600734,0.19780767096512195,0.01688265090101786,"{""none"": 36, ""conditioning"": 1, ""residual+conditioning+solver_failure"": 8, ""conditioning+solver_failure"": 3}"
0.8958333333333334,0.8958333333333333,0.8936170212765957,0.984375,0.0019742000004043803,digits_3_vs_8,hybrid_aggressive_no_detector_logreg,hybrid_aggressive_no_detector,logreg,4,4,4,16,2.0,1.1,True,no_detector,aggressive,80,,,,,,,7.06384479999906,,,,,,,,,,,,,,,,0.7916666666666666,0.4375,0.2708333333333333,0.013248108008877315,3.5397490743972313e-12,32.1875,25.645833333333332,0.03642624166650421,0.19780767096512195,0.036106863374357805,"{""none"": 27, ""conditioning"": 10, ""residual+conditioning+solver_failure"": 11}"
0.8958333333333334,0.8958333333333333,0.8936170212765957,0.9774305555555556,0.0011353000008966774,digits_3_vs_8,hybrid_aggressive_no_detector_svm_rbf,hybrid_aggressive_no_detector,svm_rbf,4,4,4,16,2.0,1.1,True,no_detector,aggressive,80,,,,,,,7.06384479999906,,,,,,,,,,,,,,,,0.7916666666666666,0.4375,0.2708333333333333,0.013248108008877315,3.5397490743972313e-12,32.1875,25.645833333333332,0.03642624166650421,0.19780767096512195,0.036106863374357805,"{""none"": 27, ""conditioning"": 10, ""residual+conditioning+solver_failure"": 11}"
0.8958333333333334,0.8958333333333333,0.8979591836734694,0.9670138888888888,46.02375590000156,digits_3_vs_8,hybrid_aggressive_no_detector_qnn,hybrid_aggressive_no_detector,qnn,4,4,4,16,2.0,1.1,True,no_detector,aggressive,80,,,,,,,7.06384479999906,,,,,,,,,,,,,,,,0.7916666666666666,0.4375,0.2708333333333333,0.013248108008877315,3.5397490743972313e-12,32.1875,25.645833333333332,0.03642624166650421,0.19780767096512195,0.036106863374357805,"{""none"": 27, ""conditioning"": 10, ""residual+conditioning+solver_failure"": 11}"
0.9375,0.9375,0.9333333333333333,0.9826388888888888,0.0022176000020408537,digits_3_vs_8,hybrid_always_trigger_no_detector_logreg,hybrid_always_trigger_no_detector,logreg,4,4,4,16,2.0,1.1,True,no_detector,always_trigger,80,,,,,,,16.51264010000159,,,,,,,,,,,,,,,,0.7916666666666666,1.0,0.7083333333333334,0.013248108006854454,4.805490973337172e-16,32.1875,17.104166666666668,0.09998206249989987,0.19780767096512195,0.1355801366110416,"{""residual+conditioning"": 37, ""residual+conditioning+solver_failure"": 11}"
0.8958333333333334,0.8958333333333334,0.8888888888888888,0.967013888888889,0.0011615000003075693,digits_3_vs_8,hybrid_always_trigger_no_detector_svm_rbf,hybrid_always_trigger_no_detector,svm_rbf,4,4,4,16,2.0,1.1,True,no_detector,always_trigger,80,,,,,,,16.51264010000159,,,,,,,,,,,,,,,,0.7916666666666666,1.0,0.7083333333333334,0.013248108006854454,4.805490973337172e-16,32.1875,17.104166666666668,0.09998206249989987,0.19780767096512195,0.1355801366110416,"{""residual+conditioning"": 37, ""residual+conditioning+solver_failure"": 11}"
0.9166666666666666,0.9166666666666667,0.9130434782608695,0.9444444444444445,45.366298100001586,digits_3_vs_8,hybrid_always_trigger_no_detector_qnn,hybrid_always_trigger_no_detector,qnn,4,4,4,16,2.0,1.1,True,no_detector,always_trigger,80,,,,,,,16.51264010000159,,,,,,,,,,,,,,,,0.7916666666666666,1.0,0.7083333333333334,0.013248108006854454,4.805490973337172e-16,32.1875,17.104166666666668,0.09998206249989987,0.19780767096512195,0.1355801366110416,"{""residual+conditioning"": 37, ""residual+conditioning+solver_failure"": 11}"
0.9375,0.9375,0.9333333333333333,0.9826388888888888,0.0023992999995243736,digits_3_vs_8,hybrid_qnn_lenient_no_detector_logreg,hybrid_qnn_lenient_no_detector,logreg,4,4,4,16,2.0,1.1,True,no_detector,qnn_lenient,80,,,,,,,16.719964299998537,,,,,,,,,,,,,,,,0.7916666666666666,1.0,0.7083333333333334,0.013248108006854454,4.805490973337172e-16,32.1875,17.104166666666668,0.10031698541638434,0.19780767096512195,0.1355801366110416,"{""residual+conditioning"": 37, ""residual+conditioning+solver_failure"": 11}"
0.8958333333333334,0.8958333333333334,0.8888888888888888,0.967013888888889,0.001681300000200281,digits_3_vs_8,hybrid_qnn_lenient_no_detector_svm_rbf,hybrid_qnn_lenient_no_detector,svm_rbf,4,4,4,16,2.0,1.1,True,no_detector,qnn_lenient,80,,,,,,,16.719964299998537,,,,,,,,,,,,,,,,0.7916666666666666,1.0,0.7083333333333334,0.013248108006854454,4.805490973337172e-16,32.1875,17.104166666666668,0.10031698541638434,0.19780767096512195,0.1355801366110416,"{""residual+conditioning"": 37, ""residual+conditioning+solver_failure"": 11}"
0.9166666666666666,0.9166666666666667,0.9130434782608695,0.9444444444444445,44.06881689999864,digits_3_vs_8,hybrid_qnn_lenient_no_detector_qnn,hybrid_qnn_lenient_no_detector,qnn,4,4,4,16,2.0,1.1,True,no_detector,qnn_lenient,80,,,,,,,16.719964299998537,,,,,,,,,,,,,,,,0.7916666666666666,1.0,0.7083333333333334,0.013248108006854454,4.805490973337172e-16,32.1875,17.104166666666668,0.10031698541638434,0.19780767096512195,0.1355801366110416,"{""residual+conditioning"": 37, ""residual+conditioning+solver_failure"": 11}"
0.9166666666666666,0.9166666666666667,0.9130434782608695,0.9861111111111112,0.002202499999839347,digits_3_vs_8,forced_residual_only_logreg,forced_residual_only,logreg,4,4,4,16,2.0,1.1,True,residual_only,standard,80,,,,,,,7.831306799998856,0.7916666666666666,0.7708333333333334,0.7708333333333334,0.5833333333333334,0.01984363835876884,0.06523172222325972,0.013221201457964194,4.63384877692301e-12,5.085038882736594e-16,32.1875,10.083333333333334,2617.9375,0.04812237708309416,0.19780767096512195,0.11787081899089415,,,,,,,,,,,
0.8958333333333334,0.8958333333333333,0.8936170212765957,0.9809027777777778,0.001202800001919968,digits_3_vs_8,forced_residual_only_svm_rbf,forced_residual_only,svm_rbf,4,4,4,16,2.0,1.1,True,residual_only,standard,80,,,,,,,7.831306799998856,0.7916666666666666,0.7708333333333334,0.7708333333333334,0.5833333333333334,0.01984363835876884,0.06523172222325972,0.013221201457964194,4.63384877692301e-12,5.085038882736594e-16,32.1875,10.083333333333334,2617.9375,0.04812237708309416,0.19780767096512195,0.11787081899089415,,,,,,,,,,,
0.8958333333333334,0.8958333333333333,0.8979591836734694,0.9305555555555556,45.381051399999706,digits_3_vs_8,forced_residual_only_qnn,forced_residual_only,qnn,4,4,4,16,2.0,1.1,True,residual_only,standard,80,,,,,,,7.831306799998856,0.7916666666666666,0.7708333333333334,0.7708333333333334,0.5833333333333334,0.01984363835876884,0.06523172222325972,0.013221201457964194,4.63384877692301e-12,5.085038882736594e-16,32.1875,10.083333333333334,2617.9375,0.04812237708309416,0.19780767096512195,0.11787081899089415,,,,,,,,,,,
0.9375,0.9375,0.9333333333333333,0.984375,0.0024884000013116747,digits_3_vs_8,hybrid_standard_residual_only_logreg,hybrid_standard_residual_only,logreg,4,4,4,16,2.0,1.1,True,residual_only,standard,80,,,,,,,1.2587592000018049,,,,,,,,,,,,,,,,0.7916666666666666,0.25,0.16666666666666666,0.013240910465875756,4.2500041737355444e-12,32.1875,26.458333333333332,0.008670974999707445,0.19780767096512195,0.018655008945404408,"{""none"": 36, ""conditioning"": 1, ""residual+conditioning+solver_failure"": 8, ""conditioning+solver_failure"": 3}"
0.8958333333333334,0.8958333333333333,0.8936170212765957,0.9670138888888888,0.0011498999992909376,digits_3_vs_8,hybrid_standard_residual_only_svm_rbf,hybrid_standard_residual_only,svm_rbf,4,4,4,16,2.0,1.1,True,residual_only,standard,80,,,,,,,1.2587592000018049,,,,,,,,,,,,,,,,0.7916666666666666,0.25,0.16666666666666666,0.013240910465875756,4.2500041737355444e-12,32.1875,26.458333333333332,0.008670974999707445,0.19780767096512195,0.018655008945404408,"{""none"": 36, ""conditioning"": 1, ""residual+conditioning+solver_failure"": 8, ""conditioning+solver_failure"": 3}"
0.8541666666666666,0.8541666666666667,0.851063829787234,0.9236111111111112,46.283178800000314,digits_3_vs_8,hybrid_standard_residual_only_qnn,hybrid_standard_residual_only,qnn,4,4,4,16,2.0,1.1,True,residual_only,standard,80,,,,,,,1.2587592000018049,,,,,,,,,,,,,,,,0.7916666666666666,0.25,0.16666666666666666,0.013240910465875756,4.2500041737355444e-12,32.1875,26.458333333333332,0.008670974999707445,0.19780767096512195,0.018655008945404408,"{""none"": 36, ""conditioning"": 1, ""residual+conditioning+solver_failure"": 8, ""conditioning+solver_failure"": 3}"
0.9375,0.9375,0.9333333333333333,0.984375,0.0022563000020454638,digits_3_vs_8,hybrid_aggressive_residual_only_logreg,hybrid_aggressive_residual_only,logreg,4,4,4,16,2.0,1.1,True,residual_only,aggressive,80,,,,,,,3.303398100000777,,,,,,,,,,,,,,,,0.7916666666666666,0.4375,0.2916666666666667,0.01324091046551204,3.5397490743972313e-12,32.1875,23.708333333333332,0.018147304167011196,0.19780767096512195,0.044168527703087136,"{""none"": 27, ""conditioning"": 10, ""residual+conditioning+solver_failure"": 11}"
0.8958333333333334,0.8958333333333333,0.8936170212765957,0.96875,0.0012246000005688984,digits_3_vs_8,hybrid_aggressive_residual_only_svm_rbf,hybrid_aggressive_residual_only,svm_rbf,4,4,4,16,2.0,1.1,True,residual_only,aggressive,80,,,,,,,3.303398100000777,,,,,,,,,,,,,,,,0.7916666666666666,0.4375,0.2916666666666667,0.01324091046551204,3.5397490743972313e-12,32.1875,23.708333333333332,0.018147304167011196,0.19780767096512195,0.044168527703087136,"{""none"": 27, ""conditioning"": 10, ""residual+conditioning+solver_failure"": 11}"
0.8541666666666666,0.8541666666666667,0.8571428571428571,0.8940972222222222,45.521170700001676,digits_3_vs_8,hybrid_aggressive_residual_only_qnn,hybrid_aggressive_residual_only,qnn,4,4,4,16,2.0,1.1,True,residual_only,aggressive,80,,,,,,,3.303398100000777,,,,,,,,,,,,,,,,0.7916666666666666,0.4375,0.2916666666666667,0.01324091046551204,3.5397490743972313e-12,32.1875,23.708333333333332,0.018147304167011196,0.19780767096512195,0.044168527703087136,"{""none"": 27, ""conditioning"": 10, ""residual+conditioning+solver_failure"": 11}"
0.9166666666666666,0.9166666666666667,0.9130434782608695,0.9861111111111112,0.0021677000004274305,digits_3_vs_8,hybrid_always_trigger_residual_only_logreg,hybrid_always_trigger_residual_only,logreg,4,4,4,16,2.0,1.1,True,residual_only,always_trigger,80,,,,,,,7.859859700001834,,,,,,,,,,,,,,,,0.7916666666666666,1.0,0.7083333333333334,0.013240910463317426,5.085038882736594e-16,32.1875,14.9375,0.04802416458316353,0.19780767096512195,0.11787081899089415,"{""residual+conditioning"": 37, ""residual+conditioning+solver_failure"": 11}"
0.8958333333333334,0.8958333333333333,0.8936170212765957,0.9809027777777778,0.0012047999989590608,digits_3_vs_8,hybrid_always_trigger_residual_only_svm_rbf,hybrid_always_trigger_residual_only,svm_rbf,4,4,4,16,2.0,1.1,True,residual_only,always_trigger,80,,,,,,,7.859859700001834,,,,,,,,,,,,,,,,0.7916666666666666,1.0,0.7083333333333334,0.013240910463317426,5.085038882736594e-16,32.1875,14.9375,0.04802416458316353,0.19780767096512195,0.11787081899089415,"{""residual+conditioning"": 37, ""residual+conditioning+solver_failure"": 11}"
0.8958333333333334,0.8958333333333333,0.8979591836734694,0.9305555555555556,44.546326200001204,digits_3_vs_8,hybrid_always_trigger_residual_only_qnn,hybrid_always_trigger_residual_only,qnn,4,4,4,16,2.0,1.1,True,residual_only,always_trigger,80,,,,,,,7.859859700001834,,,,,,,,,,,,,,,,0.7916666666666666,1.0,0.7083333333333334,0.013240910463317426,5.085038882736594e-16,32.1875,14.9375,0.04802416458316353,0.19780767096512195,0.11787081899089415,"{""residual+conditioning"": 37, ""residual+conditioning+solver_failure"": 11}"
0.9166666666666666,0.9166666666666667,0.9130434782608695,0.9861111111111112,0.002208799996878952,digits_3_vs_8,hybrid_qnn_lenient_residual_only_logreg,hybrid_qnn_lenient_residual_only,logreg,4,4,4,16,2.0,1.1,True,residual_only,qnn_lenient,80,,,,,,,8.034906600001705,,,,,,,,,,,,,,,,0.7916666666666666,1.0,0.7083333333333334,0.013240910463317426,5.085038882736594e-16,32.1875,14.9375,0.04816709166675537,0.19780767096512195,0.11787081899089415,"{""residual+conditioning"": 37, ""residual+conditioning+solver_failure"": 11}"
0.8958333333333334,0.8958333333333333,0.8936170212765957,0.9809027777777778,0.0011900999998033512,digits_3_vs_8,hybrid_qnn_lenient_residual_only_svm_rbf,hybrid_qnn_lenient_residual_only,svm_rbf,4,4,4,16,2.0,1.1,True,residual_only,qnn_lenient,80,,,,,,,8.034906600001705,,,,,,,,,,,,,,,,0.7916666666666666,1.0,0.7083333333333334,0.013240910463317426,5.085038882736594e-16,32.1875,14.9375,0.04816709166675537,0.19780767096512195,0.11787081899089415,"{""residual+conditioning"": 37, ""residual+conditioning+solver_failure"": 11}"
0.875,0.875,0.88,0.9288194444444444,45.502569599997514,digits_3_vs_8,hybrid_qnn_lenient_residual_only_qnn,hybrid_qnn_lenient_residual_only,qnn,4,4,4,16,2.0,1.1,True,residual_only,qnn_lenient,80,,,,,,,8.034906600001705,,,,,,,,,,,,,,,,0.7916666666666666,1.0,0.7083333333333334,0.013240910463317426,5.085038882736594e-16,32.1875,14.9375,0.04816709166675537,0.19780767096512195,0.11787081899089415,"{""residual+conditioning"": 37, ""residual+conditioning+solver_failure"": 11}"
1.0,1.0,1.0,1.0,0.0019749999992200173,digits_4_vs_9,pca_logreg,pca,logreg,0,4,4,16,2.0,1.1,True,full_balanced,standard,80,,,,,,,,,,,,,,,,,,,,,,,,,,,,,,,,,
1.0,1.0,1.0,1.0,0.04948639999929583,digits_4_vs_9,pca_mlp,pca,mlp,0,4,4,16,2.0,1.1,True,full_balanced,standard,80,,,,,,,,,,,,,,,,,,,,,,,,,,,,,,,,,
1.0,1.0,1.0,1.0,0.001284900001337519,digits_4_vs_9,pca_svm_rbf,pca,svm_rbf,0,4,4,16,2.0,1.1,True,full_balanced,standard,80,,,,,,,,,,,,,,,,,,,,,,,,,,,,,,,,,
1.0,1.0,1.0,1.0,46.166923299999326,digits_4_vs_9,pca_qnn,pca,qnn,0,4,4,16,2.0,1.1,True,full_balanced,standard,80,,,,,,,,,,,,,,,,,,,,,,,,,,,,,,,,,
1.0,1.0,1.0,1.0,0.0025010999997903127,digits_4_vs_9,implicit_zero_logreg,implicit_zero,logreg,0,4,4,16,2.0,1.1,True,full_balanced,standard,80,0.5,0.12159724859156662,0.003887887494103774,39.145833333333336,0.0003367083330279759,0.10358137049678313,0.0589137999995728,,,,,,,,,,,,,,,,,,,,,,,,,,
0.9583333333333334,0.9583333333333333,0.96,0.9947916666666666,0.0011561999999685213,digits_4_vs_9,implicit_zero_svm_rbf,implicit_zero,svm_rbf,0,4,4,16,2.0,1.1,True,full_balanced,standard,80,0.5,0.12159724859156662,0.003887887494103774,39.145833333333336,0.0003367083330279759,0.10358137049678313,0.0589137999995728,,,,,,,,,,,,,,,,,,,,,,,,,,
0.9791666666666666,0.9791666666666667,0.9787234042553191,0.9895833333333334,45.84969629999978,digits_4_vs_9,implicit_zero_qnn,implicit_zero,qnn,0,4,4,16,2.0,1.1,True,full_balanced,standard,80,0.5,0.12159724859156662,0.003887887494103774,39.145833333333336,0.0003367083330279759,0.10358137049678313,0.0589137999995728,,,,,,,,,,,,,,,,,,,,,,,,,,
1.0,1.0,1.0,1.0,0.0024740000008023344,digits_4_vs_9,forced_full_light_logreg,forced_full_light,logreg,0,4,4,16,2.0,1.1,True,full_light,standard,80,,,,,,,26.129344000000856,0.5208333333333334,0.8541666666666666,0.5,0.375,0.12159724859156662,0.14442477474344295,0.11146915001515073,0.003887887494103774,0.09219507088203505,39.145833333333336,19.75,1722.9583333333333,0.16109850833330105,0.10358137049678313,0.06809860141651577,,,,,,,,,,,
0.9583333333333334,0.9583333333333333,0.96,0.9965277777777778,0.001513600000180304,digits_4_vs_9,forced_full_light_svm_rbf,forced_full_light,svm_rbf,0,4,4,16,2.0,1.1,True,full_light,standard,80,,,,,,,26.129344000000856,0.5208333333333334,0.8541666666666666,0.5,0.375,0.12159724859156662,0.14442477474344295,0.11146915001515073,0.003887887494103774,0.09219507088203505,39.145833333333336,19.75,1722.9583333333333,0.16109850833330105,0.10358137049678313,0.06809860141651577,,,,,,,,,,,
1.0,1.0,1.0,1.0,45.92195290000018,digits_4_vs_9,forced_full_light_qnn,forced_full_light,qnn,0,4,4,16,2.0,1.1,True,full_light,standard,80,,,,,,,26.129344000000856,0.5208333333333334,0.8541666666666666,0.5,0.375,0.12159724859156662,0.14442477474344295,0.11146915001515073,0.003887887494103774,0.09219507088203505,39.145833333333336,19.75,1722.9583333333333,0.16109850833330105,0.10358137049678313,0.06809860141651577,,,,,,,,,,,
1.0,1.0,1.0,1.0,0.002376100001129089,digits_4_vs_9,hybrid_standard_full_light_logreg,hybrid_standard_full_light,logreg,0,4,4,16,2.0,1.1,True,full_light,standard,80,,,,,,,10.903918199997861,,,,,,,,,,,,,,,,0.5208333333333334,0.5833333333333334,0.375,0.11173590959736046,1.7188224322592387e-11,39.145833333333336,29.541666666666668,0.07601148958307628,0.10358137049678313,0.02186755972347856,"{""residual+conditioning+solver_failure"": 22, ""none"": 20, ""conditioning"": 4, ""conditioning+solver_failure"": 2}"
0.9583333333333334,0.9583333333333333,0.96,0.9965277777777778,0.001084600000467617,digits_4_vs_9,hybrid_standard_full_light_svm_rbf,hybrid_standard_full_light,svm_rbf,0,4,4,16,2.0,1.1,True,full_light,standard,80,,,,,,,10.903918199997861,,,,,,,,,,,,,,,,0.5208333333333334,0.5833333333333334,0.375,0.11173590959736046,1.7188224322592387e-11,39.145833333333336,29.541666666666668,0.07601148958307628,0.10358137049678313,0.02186755972347856,"{""residual+conditioning+solver_failure"": 22, ""none"": 20, ""conditioning"": 4, ""conditioning+solver_failure"": 2}"
1.0,1.0,1.0,1.0,45.39625440000236,digits_4_vs_9,hybrid_standard_full_light_qnn,hybrid_standard_full_light,qnn,0,4,4,16,2.0,1.1,True,full_light,standard,80,,,,,,,10.903918199997861,,,,,,,,,,,,,,,,0.5208333333333334,0.5833333333333334,0.375,0.11173590959736046,1.7188224322592387e-11,39.145833333333336,29.541666666666668,0.07601148958307628,0.10358137049678313,0.02186755972347856,"{""residual+conditioning+solver_failure"": 22, ""none"": 20, ""conditioning"": 4, ""conditioning+solver_failure"": 2}"
1.0,1.0,1.0,1.0,0.0021725000005972106,digits_4_vs_9,hybrid_aggressive_full_light_logreg,hybrid_aggressive_full_light,logreg,0,4,4,16,2.0,1.1,True,full_light,aggressive,80,,,,,,,18.778340699998807,,,,,,,,,,,,,,,,0.5208333333333334,0.7708333333333334,0.5208333333333334,0.11176028779000306,1.7188224322592387e-11,39.145833333333336,26.791666666666668,0.12532516874982016,0.10358137049678313,0.047605608592796764,"{""residual+conditioning+solver_failure"": 24, ""conditioning"": 13, ""none"": 11}"
0.9583333333333334,0.9583333333333333,0.96,0.998263888888889,0.001566599999932805,digits_4_vs_9,hybrid_aggressive_full_light_svm_rbf,hybrid_aggressive_full_light,svm_rbf,0,4,4,16,2.0,1.1,True,full_light,aggressive,80,,,,,,,18.778340699998807,,,,,,,,,,,,,,,,0.5208333333333334,0.7708333333333334,0.5208333333333334,0.11176028779000306,1.7188224322592387e-11,39.145833333333336,26.791666666666668,0.12532516874982016,0.10358137049678313,0.047605608592796764,"{""residual+conditioning+solver_failure"": 24, ""conditioning"": 13, ""none"": 11}"
0.9583333333333334,0.9583333333333333,0.96,1.0,46.091985200000636,digits_4_vs_9,hybrid_aggressive_full_light_qnn,hybrid_aggressive_full_light,qnn,0,4,4,16,2.0,1.1,True,full_light,aggressive,80,,,,,,,18.778340699998807,,,,,,,,,,,,,,,,0.5208333333333334,0.7708333333333334,0.5208333333333334,0.11176028779000306,1.7188224322592387e-11,39.145833333333336,26.791666666666668,0.12532516874982016,0.10358137049678313,0.047605608592796764,"{""residual+conditioning+solver_failure"": 24, ""conditioning"": 13, ""none"": 11}"
1.0,1.0,1.0,1.0,0.002049599999736529,digits_4_vs_9,hybrid_always_trigger_full_light_logreg,hybrid_always_trigger_full_light,logreg,0,4,4,16,2.0,1.1,True,full_light,always_trigger,80,,,,,,,26.035068899996986,,,,,,,,,,,,,,,,0.5208333333333334,1.0,0.6458333333333334,0.11173683289605672,1.617779131466671e-11,39.145833333333336,24.354166666666668,0.16397775833327918,0.10358137049678313,0.06805223976337756,"{""residual+conditioning+solver_failure"": 24, ""residual+conditioning"": 24}"
0.9583333333333334,0.9583333333333333,0.96,0.998263888888889,0.0010935000027529895,digits_4_vs_9,hybrid_always_trigger_full_light_svm_rbf,hybrid_always_trigger_full_light,svm_rbf,0,4,4,16,2.0,1.1,True,full_light,always_trigger,80,,,,,,,26.035068899996986,,,,,,,,,,,,,,,,0.5208333333333334,1.0,0.6458333333333334,0.11173683289605672,1.617779131466671e-11,39.145833333333336,24.354166666666668,0.16397775833327918,0.10358137049678313,0.06805223976337756,"{""residual+conditioning+solver_failure"": 24, ""residual+conditioning"": 24}"
1.0,1.0,1.0,1.0,45.538002700002835,digits_4_vs_9,hybrid_always_trigger_full_light_qnn,hybrid_always_trigger_full_light,qnn,0,4,4,16,2.0,1.1,True,full_light,always_trigger,80,,,,,,,26.035068899996986,,,,,,,,,,,,,,,,0.5208333333333334,1.0,0.6458333333333334,0.11173683289605672,1.617779131466671e-11,39.145833333333336,24.354166666666668,0.16397775833327918,0.10358137049678313,0.06805223976337756,"{""residual+conditioning+solver_failure"": 24, ""residual+conditioning"": 24}"
1.0,1.0,1.0,1.0,0.002339600003324449,digits_4_vs_9,hybrid_qnn_lenient_full_light_logreg,hybrid_qnn_lenient_full_light,logreg,0,4,4,16,2.0,1.1,True,full_light,qnn_lenient,80,,,,,,,25.89506479999909,,,,,,,,,,,,,,,,0.5208333333333334,1.0,0.6458333333333334,0.11173683289605672,1.617779131466671e-11,39.145833333333336,24.354166666666668,0.16236413125011495,0.10358137049678313,0.06805223976337756,"{""residual+conditioning+solver_failure"": 24, ""residual+conditioning"": 24}"
0.9583333333333334,0.9583333333333333,0.96,0.998263888888889,0.001214399999298621,digits_4_vs_9,hybrid_qnn_lenient_full_light_svm_rbf,hybrid_qnn_lenient_full_light,svm_rbf,0,4,4,16,2.0,1.1,True,full_light,qnn_lenient,80,,,,,,,25.89506479999909,,,,,,,,,,,,,,,,0.5208333333333334,1.0,0.6458333333333334,0.11173683289605672,1.617779131466671e-11,39.145833333333336,24.354166666666668,0.16236413125011495,0.10358137049678313,0.06805223976337756,"{""residual+conditioning+solver_failure"": 24, ""residual+conditioning"": 24}"
1.0,1.0,1.0,1.0,44.515092199999344,digits_4_vs_9,hybrid_qnn_lenient_full_light_qnn,hybrid_qnn_lenient_full_light,qnn,0,4,4,16,2.0,1.1,True,full_light,qnn_lenient,80,,,,,,,25.89506479999909,,,,,,,,,,,,,,,,0.5208333333333334,1.0,0.6458333333333334,0.11173683289605672,1.617779131466671e-11,39.145833333333336,24.354166666666668,0.16236413125011495,0.10358137049678313,0.06805223976337756,"{""residual+conditioning+solver_failure"": 24, ""residual+conditioning"": 24}"
1.0,1.0,1.0,1.0,0.0018032999978458975,digits_4_vs_9,forced_full_balanced_logreg,forced_full_balanced,logreg,0,4,4,16,2.0,1.1,True,full_balanced,standard,80,,,,,,,35.224793400000635,0.5208333333333334,0.875,0.5,0.3958333333333333,0.12159724859156662,0.14212078045942378,0.11147635800067353,0.003887887494103774,0.0692480689071896,39.145833333333336,19.625,2040.6458333333333,0.2264976437501597,0.10358137049678313,0.072048143077317,,,,,,,,,,,
0.9583333333333334,0.9583333333333333,0.96,0.9965277777777778,0.0010884000002988614,digits_4_vs_9,forced_full_balanced_svm_rbf,forced_full_balanced,svm_rbf,0,4,4,16,2.0,1.1,True,full_balanced,standard,80,,,,,,,35.224793400000635,0.5208333333333334,0.875,0.5,0.3958333333333333,0.12159724859156662,0.14212078045942378,0.11147635800067353,0.003887887494103774,0.0692480689071896,39.145833333333336,19.625,2040.6458333333333,0.2264976437501597,0.10358137049678313,0.072048143077317,,,,,,,,,,,
0.9791666666666666,0.9791666666666667,0.9787234042553191,1.0,44.32707859999937,digits_4_vs_9,forced_full_balanced_qnn,forced_full_balanced,qnn,0,4,4,16,2.0,1.1,True,full_balanced,standard,80,,,,,,,35.224793400000635,0.5208333333333334,0.875,0.5,0.3958333333333333,0.12159724859156662,0.14212078045942378,0.11147635800067353,0.003887887494103774,0.0692480689071896,39.145833333333336,19.625,2040.6458333333333,0.2264976437501597,0.10358137049678313,0.072048143077317,,,,,,,,,,,
1.0,1.0,1.0,1.0,0.0021025000023655593,digits_4_vs_9,hybrid_standard_full_balanced_logreg,hybrid_standard_full_balanced,logreg,0,4,4,16,2.0,1.1,True,full_balanced,standard,80,,,,,,,13.13875729999927,,,,,,,,,,,,,,,,0.5208333333333334,0.5833333333333334,0.3958333333333333,0.11172137901155414,1.7188224322592387e-11,39.145833333333336,29.541666666666668,0.09034078333327973,0.10358137049678313,0.02265291252597537,"{""residual+conditioning+solver_failure"": 22, ""none"": 20, ""conditioning"": 4, ""conditioning+solver_failure"": 2}"
0.9583333333333334,0.9583333333333333,0.96,0.9947916666666667,0.0010806999998749234,digits_4_vs_9,hybrid_standard_full_balanced_svm_rbf,hybrid_standard_full_balanced,svm_rbf,0,4,4,16,2.0,1.1,True,full_balanced,standard,80,,,,,,,13.13875729999927,,,,,,,,,,,,,,,,0.5208333333333334,0.5833333333333334,0.3958333333333333,0.11172137901155414,1.7188224322592387e-11,39.145833333333336,29.541666666666668,0.09034078333327973,0.10358137049678313,0.02265291252597537,"{""residual+conditioning+solver_failure"": 22, ""none"": 20, ""conditioning"": 4, ""conditioning+solver_failure"": 2}"
0.9791666666666666,0.9791666666666667,0.9787234042553191,1.0,43.77279809999891,digits_4_vs_9,hybrid_standard_full_balanced_qnn,hybrid_standard_full_balanced,qnn,0,4,4,16,2.0,1.1,True,full_balanced,standard,80,,,,,,,13.13875729999927,,,,,,,,,,,,,,,,0.5208333333333334,0.5833333333333334,0.3958333333333333,0.11172137901155414,1.7188224322592387e-11,39.145833333333336,29.541666666666668,0.09034078333327973,0.10358137049678313,0.02265291252597537,"{""residual+conditioning+solver_failure"": 22, ""none"": 20, ""conditioning"": 4, ""conditioning+solver_failure"": 2}"
1.0,1.0,1.0,1.0,0.002517100001568906,digits_4_vs_9,hybrid_aggressive_full_balanced_logreg,hybrid_aggressive_full_balanced,logreg,0,4,4,16,2.0,1.1,True,full_balanced,aggressive,80,,,,,,,25.04282460000104,,,,,,,,,,,,,,,,0.5208333333333334,0.7708333333333334,0.5416666666666666,0.11173268555105069,1.7188224322592387e-11,39.145833333333336,26.8125,0.16737781458346035,0.10358137049678313,0.05292748716552684,"{""residual+conditioning+solver_failure"": 24, ""conditioning"": 13, ""none"": 11}"
0.9583333333333334,0.9583333333333333,0.96,0.9965277777777778,0.0016628999983367976,digits_4_vs_9,hybrid_aggressive_full_balanced_svm_rbf,hybrid_aggressive_full_balanced,svm_rbf,0,4,4,16,2.0,1.1,True,full_balanced,aggressive,80,,,,,,,25.04282460000104,,,,,,,,,,,,,,,,0.5208333333333334,0.7708333333333334,0.5416666666666666,0.11173268555105069,1.7188224322592387e-11,39.145833333333336,26.8125,0.16737781458346035,0.10358137049678313,0.05292748716552684,"{""residual+conditioning+solver_failure"": 24, ""conditioning"": 13, ""none"": 11}"
0.9583333333333334,0.9583333333333333,0.96,0.9965277777777778,43.62924999999814,digits_4_vs_9,hybrid_aggressive_full_balanced_qnn,hybrid_aggressive_full_balanced,qnn,0,4,4,16,2.0,1.1,True,full_balanced,aggressive,80,,,,,,,25.04282460000104,,,,,,,,,,,,,,,,0.5208333333333334,0.7708333333333334,0.5416666666666666,0.11173268555105069,1.7188224322592387e-11,39.145833333333336,26.8125,0.16737781458346035,0.10358137049678313,0.05292748716552684,"{""residual+conditioning+solver_failure"": 24, ""conditioning"": 13, ""none"": 11}"
1.0,1.0,1.0,1.0,0.0020382999973662663,digits_4_vs_9,hybrid_always_trigger_full_balanced_logreg,hybrid_always_trigger_full_balanced,logreg,0,4,4,16,2.0,1.1,True,full_balanced,always_trigger,80,,,,,,,35.48914420000074,,,,,,,,,,,,,,,,0.5208333333333334,1.0,0.6875,0.11173030569651961,1.617779131466671e-11,39.145833333333336,24.25,0.22426727500010202,0.10358137049678313,0.07220865637825286,"{""residual+conditioning+solver_failure"": 24, ""residual+conditioning"": 24}"
0.9583333333333334,0.9583333333333333,0.96,0.9965277777777778,0.0014262000004237052,digits_4_vs_9,hybrid_always_trigger_full_balanced_svm_rbf,hybrid_always_trigger_full_balanced,svm_rbf,0,4,4,16,2.0,1.1,True,full_balanced,always_trigger,80,,,,,,,35.48914420000074,,,,,,,,,,,,,,,,0.5208333333333334,1.0,0.6875,0.11173030569651961,1.617779131466671e-11,39.145833333333336,24.25,0.22426727500010202,0.10358137049678313,0.07220865637825286,"{""residual+conditioning+solver_failure"": 24, ""residual+conditioning"": 24}"
1.0,1.0,1.0,1.0,45.272857199997816,digits_4_vs_9,hybrid_always_trigger_full_balanced_qnn,hybrid_always_trigger_full_balanced,qnn,0,4,4,16,2.0,1.1,True,full_balanced,always_trigger,80,,,,,,,35.48914420000074,,,,,,,,,,,,,,,,0.5208333333333334,1.0,0.6875,0.11173030569651961,1.617779131466671e-11,39.145833333333336,24.25,0.22426727500010202,0.10358137049678313,0.07220865637825286,"{""residual+conditioning+solver_failure"": 24, ""residual+conditioning"": 24}"
1.0,1.0,1.0,1.0,0.0017636000011407305,digits_4_vs_9,hybrid_qnn_lenient_full_balanced_logreg,hybrid_qnn_lenient_full_balanced,logreg,0,4,4,16,2.0,1.1,True,full_balanced,qnn_lenient,80,,,,,,,35.40002800000002,,,,,,,,,,,,,,,,0.5208333333333334,1.0,0.6875,0.11173030569651961,1.617779131466671e-11,39.145833333333336,24.25,0.22445622083341732,0.10358137049678313,0.07220865637825286,"{""residual+conditioning+solver_failure"": 24, ""residual+conditioning"": 24}"
0.9583333333333334,0.9583333333333333,0.96,0.9965277777777778,0.0015762000002723653,digits_4_vs_9,hybrid_qnn_lenient_full_balanced_svm_rbf,hybrid_qnn_lenient_full_balanced,svm_rbf,0,4,4,16,2.0,1.1,True,full_balanced,qnn_lenient,80,,,,,,,35.40002800000002,,,,,,,,,,,,,,,,0.5208333333333334,1.0,0.6875,0.11173030569651961,1.617779131466671e-11,39.145833333333336,24.25,0.22445622083341732,0.10358137049678313,0.07220865637825286,"{""residual+conditioning+solver_failure"": 24, ""residual+conditioning"": 24}"
1.0,1.0,1.0,1.0,45.772382899998775,digits_4_vs_9,hybrid_qnn_lenient_full_balanced_qnn,hybrid_qnn_lenient_full_balanced,qnn,0,4,4,16,2.0,1.1,True,full_balanced,qnn_lenient,80,,,,,,,35.40002800000002,,,,,,,,,,,,,,,,0.5208333333333334,1.0,0.6875,0.11173030569651961,1.617779131466671e-11,39.145833333333336,24.25,0.22445622083341732,0.10358137049678313,0.07220865637825286,"{""residual+conditioning+solver_failure"": 24, ""residual+conditioning"": 24}"
1.0,1.0,1.0,1.0,0.002284500002133427,digits_4_vs_9,forced_qnn_oriented_logreg,forced_qnn_oriented,logreg,0,4,4,16,2.0,1.1,True,qnn_oriented,standard,80,,,,,,,48.53665389999878,0.5208333333333334,0.875,0.5,0.3958333333333333,0.12159724859156662,0.14242038484058048,0.11178801320450431,0.003887887494103774,0.06926217378497176,39.145833333333336,19.104166666666668,2201.7916666666665,0.3008119479168272,0.10358137049678313,0.0725020401636087,,,,,,,,,,,
0.9583333333333334,0.9583333333333333,0.96,0.998263888888889,0.001168300001154421,digits_4_vs_9,forced_qnn_oriented_svm_rbf,forced_qnn_oriented,svm_rbf,0,4,4,16,2.0,1.1,True,qnn_oriented,standard,80,,,,,,,48.53665389999878,0.5208333333333334,0.875,0.5,0.3958333333333333,0.12159724859156662,0.14242038484058048,0.11178801320450431,0.003887887494103774,0.06926217378497176,39.145833333333336,19.104166666666668,2201.7916666666665,0.3008119479168272,0.10358137049678313,0.0725020401636087,,,,,,,,,,,
0.9583333333333334,0.9583333333333333,0.9565217391304348,1.0,45.896683799997845,digits_4_vs_9,forced_qnn_oriented_qnn,forced_qnn_oriented,qnn,0,4,4,16,2.0,1.1,True,qnn_oriented,standard,80,,,,,,,48.53665389999878,0.5208333333333334,0.875,0.5,0.3958333333333333,0.12159724859156662,0.14242038484058048,0.11178801320450431,0.003887887494103774,0.06926217378497176,39.145833333333336,19.104166666666668,2201.7916666666665,0.3008119479168272,0.10358137049678313,0.0725020401636087,,,,,,,,,,,
1.0,1.0,1.0,1.0,0.0022282000027189497,digits_4_vs_9,hybrid_standard_qnn_oriented_logreg,hybrid_standard_qnn_oriented,logreg,0,4,4,16,2.0,1.1,True,qnn_oriented,standard,80,,,,,,,17.184021900000516,,,,,,,,,,,,,,,,0.5208333333333334,0.5833333333333334,0.3333333333333333,0.11199780691332473,1.7188224322592387e-11,39.145833333333336,30.583333333333332,0.1179115999999188,0.10358137049678313,0.022322821258346115,"{""residual+conditioning+solver_failure"": 22, ""none"": 20, ""conditioning"": 4, ""conditioning+solver_failure"": 2}"
0.9583333333333334,0.9583333333333333,0.96,0.9965277777777778,0.0010935000027529895,digits_4_vs_9,hybrid_standard_qnn_oriented_svm_rbf,hybrid_standard_qnn_oriented,svm_rbf,0,4,4,16,2.0,1.1,True,qnn_oriented,standard,80,,,,,,,17.184021900000516,,,,,,,,,,,,,,,,0.5208333333333334,0.5833333333333334,0.3333333333333333,0.11199780691332473,1.7188224322592387e-11,39.145833333333336,30.583333333333332,0.1179115999999188,0.10358137049678313,0.022322821258346115,"{""residual+conditioning+solver_failure"": 22, ""none"": 20, ""conditioning"": 4, ""conditioning+solver_failure"": 2}"
1.0,1.0,1.0,1.0,45.79265469999882,digits_4_vs_9,hybrid_standard_qnn_oriented_qnn,hybrid_standard_qnn_oriented,qnn,0,4,4,16,2.0,1.1,True,qnn_oriented,standard,80,,,,,,,17.184021900000516,,,,,,,,,,,,,,,,0.5208333333333334,0.5833333333333334,0.3333333333333333,0.11199780691332473,1.7188224322592387e-11,39.145833333333336,30.583333333333332,0.1179115999999188,0.10358137049678313,0.022322821258346115,"{""residual+conditioning+solver_failure"": 22, ""none"": 20, ""conditioning"": 4, ""conditioning+solver_failure"": 2}"
1.0,1.0,1.0,1.0,0.0023271999998542015,digits_4_vs_9,hybrid_aggressive_qnn_oriented_logreg,hybrid_aggressive_qnn_oriented,logreg,0,4,4,16,2.0,1.1,True,qnn_oriented,aggressive,80,,,,,,,33.51183259999743,,,,,,,,,,,,,,,,0.5208333333333334,0.7708333333333334,0.5833333333333334,0.1122088190580409,1.7188224322592387e-11,39.145833333333336,26.229166666666668,0.2244195895835522,0.10358137049678313,0.052991902290451455,"{""residual+conditioning+solver_failure"": 24, ""conditioning"": 13, ""none"": 11}"
0.9583333333333334,0.9583333333333333,0.96,0.998263888888889,0.0012018000015814323,digits_4_vs_9,hybrid_aggressive_qnn_oriented_svm_rbf,hybrid_aggressive_qnn_oriented,svm_rbf,0,4,4,16,2.0,1.1,True,qnn_oriented,aggressive,80,,,,,,,33.51183259999743,,,,,,,,,,,,,,,,0.5208333333333334,0.7708333333333334,0.5833333333333334,0.1122088190580409,1.7188224322592387e-11,39.145833333333336,26.229166666666668,0.2244195895835522,0.10358137049678313,0.052991902290451455,"{""residual+conditioning+solver_failure"": 24, ""conditioning"": 13, ""none"": 11}"
0.9791666666666666,0.9791666666666667,0.9795918367346939,0.9965277777777778,44.21197960000063,digits_4_vs_9,hybrid_aggressive_qnn_oriented_qnn,hybrid_aggressive_qnn_oriented,qnn,0,4,4,16,2.0,1.1,True,qnn_oriented,aggressive,80,,,,,,,33.51183259999743,,,,,,,,,,,,,,,,0.5208333333333334,0.7708333333333334,0.5833333333333334,0.1122088190580409,1.7188224322592387e-11,39.145833333333336,26.229166666666668,0.2244195895835522,0.10358137049678313,0.052991902290451455,"{""residual+conditioning+solver_failure"": 24, ""conditioning"": 13, ""none"": 11}"
1.0,1.0,1.0,1.0,0.00236130000121193,digits_4_vs_9,hybrid_always_trigger_qnn_oriented_logreg,hybrid_always_trigger_qnn_oriented,logreg,0,4,4,16,2.0,1.1,True,qnn_oriented,always_trigger,80,,,,,,,48.35405170000013,,,,,,,,,,,,,,,,0.5208333333333334,1.0,0.7083333333333334,0.11201638856560521,1.617779131466671e-11,39.145833333333336,24.854166666666668,0.30163214583315795,0.10358137049678313,0.07228907142026371,"{""residual+conditioning+solver_failure"": 24, ""residual+conditioning"": 24}"
0.9583333333333334,0.9583333333333333,0.96,0.998263888888889,0.0010804999983520247,digits_4_vs_9,hybrid_always_trigger_qnn_oriented_svm_rbf,hybrid_always_trigger_qnn_oriented,svm_rbf,0,4,4,16,2.0,1.1,True,qnn_oriented,always_trigger,80,,,,,,,48.35405170000013,,,,,,,,,,,,,,,,0.5208333333333334,1.0,0.7083333333333334,0.11201638856560521,1.617779131466671e-11,39.145833333333336,24.854166666666668,0.30163214583315795,0.10358137049678313,0.07228907142026371,"{""residual+conditioning+solver_failure"": 24, ""residual+conditioning"": 24}"
1.0,1.0,1.0,1.0,45.616644499998074,digits_4_vs_9,hybrid_always_trigger_qnn_oriented_qnn,hybrid_always_trigger_qnn_oriented,qnn,0,4,4,16,2.0,1.1,True,qnn_oriented,always_trigger,80,,,,,,,48.35405170000013,,,,,,,,,,,,,,,,0.5208333333333334,1.0,0.7083333333333334,0.11201638856560521,1.617779131466671e-11,39.145833333333336,24.854166666666668,0.30163214583315795,0.10358137049678313,0.07228907142026371,"{""residual+conditioning+solver_failure"": 24, ""residual+conditioning"": 24}"
1.0,1.0,1.0,1.0,0.001759000002493849,digits_4_vs_9,hybrid_qnn_lenient_qnn_oriented_logreg,hybrid_qnn_lenient_qnn_oriented,logreg,0,4,4,16,2.0,1.1,True,qnn_oriented,qnn_lenient,80,,,,,,,48.08268880000105,,,,,,,,,,,,,,,,0.5208333333333334,1.0,0.7083333333333334,0.11201638856560521,1.617779131466671e-11,39.145833333333336,24.854166666666668,0.3026605812501657,0.10358137049678313,0.07228907142026371,"{""residual+conditioning+solver_failure"": 24, ""residual+conditioning"": 24}"
0.9583333333333334,0.9583333333333333,0.96,0.998263888888889,0.0010947999980999157,digits_4_vs_9,hybrid_qnn_lenient_qnn_oriented_svm_rbf,hybrid_qnn_lenient_qnn_oriented,svm_rbf,0,4,4,16,2.0,1.1,True,qnn_oriented,qnn_lenient,80,,,,,,,48.08268880000105,,,,,,,,,,,,,,,,0.5208333333333334,1.0,0.7083333333333334,0.11201638856560521,1.617779131466671e-11,39.145833333333336,24.854166666666668,0.3026605812501657,0.10358137049678313,0.07228907142026371,"{""residual+conditioning+solver_failure"": 24, ""residual+conditioning"": 24}"
1.0,1.0,1.0,1.0,46.26437430000078,digits_4_vs_9,hybrid_qnn_lenient_qnn_oriented_qnn,hybrid_qnn_lenient_qnn_oriented,qnn,0,4,4,16,2.0,1.1,True,qnn_oriented,qnn_lenient,80,,,,,,,48.08268880000105,,,,,,,,,,,,,,,,0.5208333333333334,1.0,0.7083333333333334,0.11201638856560521,1.617779131466671e-11,39.145833333333336,24.854166666666668,0.3026605812501657,0.10358137049678313,0.07228907142026371,"{""residual+conditioning+solver_failure"": 24, ""residual+conditioning"": 24}"
1.0,1.0,1.0,1.0,0.002275099999678787,digits_4_vs_9,forced_qnn_exploratory_logreg,forced_qnn_exploratory,logreg,0,4,4,16,2.0,1.1,True,qnn_exploratory,standard,80,,,,,,,56.44659339999998,0.5208333333333334,0.8541666666666666,0.5,0.375,0.12159724859156662,0.14414147661573995,0.11192868915558728,0.003887887494103774,0.08064918227633516,39.145833333333336,17.625,2284.6666666666665,0.3522690041667526,0.10358137049678313,0.06552763683882722,,,,,,,,,,,
0.9583333333333334,0.9583333333333333,0.96,0.998263888888889,0.0011319000004732516,digits_4_vs_9,forced_qnn_exploratory_svm_rbf,forced_qnn_exploratory,svm_rbf,0,4,4,16,2.0,1.1,True,qnn_exploratory,standard,80,,,,,,,56.44659339999998,0.5208333333333334,0.8541666666666666,0.5,0.375,0.12159724859156662,0.14414147661573995,0.11192868915558728,0.003887887494103774,0.08064918227633516,39.145833333333336,17.625,2284.6666666666665,0.3522690041667526,0.10358137049678313,0.06552763683882722,,,,,,,,,,,
1.0,1.0,1.0,1.0,44.01481109999804,digits_4_vs_9,forced_qnn_exploratory_qnn,forced_qnn_exploratory,qnn,0,4,4,16,2.0,1.1,True,qnn_exploratory,standard,80,,,,,,,56.44659339999998,0.5208333333333334,0.8541666666666666,0.5,0.375,0.12159724859156662,0.14414147661573995,0.11192868915558728,0.003887887494103774,0.08064918227633516,39.145833333333336,17.625,2284.6666666666665,0.3522690041667526,0.10358137049678313,0.06552763683882722,,,,,,,,,,,
1.0,1.0,1.0,1.0,0.002158499999495689,digits_4_vs_9,hybrid_standard_qnn_exploratory_logreg,hybrid_standard_qnn_exploratory,logreg,0,4,4,16,2.0,1.1,True,qnn_exploratory,standard,80,,,,,,,19.456668200000422,,,,,,,,,,,,,,,,0.5208333333333334,0.5833333333333334,0.2916666666666667,0.11199742493008245,1.7188224322592387e-11,39.145833333333336,31.083333333333332,0.13627196250035922,0.10358137049678313,0.021524101825151493,"{""residual+conditioning+solver_failure"": 22, ""none"": 20, ""conditioning"": 4, ""conditioning+solver_failure"": 2}"
0.9583333333333334,0.9583333333333333,0.96,0.9965277777777778,0.001095700001314981,digits_4_vs_9,hybrid_standard_qnn_exploratory_svm_rbf,hybrid_standard_qnn_exploratory,svm_rbf,0,4,4,16,2.0,1.1,True,qnn_exploratory,standard,80,,,,,,,19.456668200000422,,,,,,,,,,,,,,,,0.5208333333333334,0.5833333333333334,0.2916666666666667,0.11199742493008245,1.7188224322592387e-11,39.145833333333336,31.083333333333332,0.13627196250035922,0.10358137049678313,0.021524101825151493,"{""residual+conditioning+solver_failure"": 22, ""none"": 20, ""conditioning"": 4, ""conditioning+solver_failure"": 2}"
0.9791666666666666,0.9791666666666667,0.9787234042553191,1.0,45.36809940000239,digits_4_vs_9,hybrid_standard_qnn_exploratory_qnn,hybrid_standard_qnn_exploratory,qnn,0,4,4,16,2.0,1.1,True,qnn_exploratory,standard,80,,,,,,,19.456668200000422,,,,,,,,,,,,,,,,0.5208333333333334,0.5833333333333334,0.2916666666666667,0.11199742493008245,1.7188224322592387e-11,39.145833333333336,31.083333333333332,0.13627196250035922,0.10358137049678313,0.021524101825151493,"{""residual+conditioning+solver_failure"": 22, ""none"": 20, ""conditioning"": 4, ""conditioning+solver_failure"": 2}"
1.0,1.0,1.0,1.0,0.0026526000001467764,digits_4_vs_9,hybrid_aggressive_qnn_exploratory_logreg,hybrid_aggressive_qnn_exploratory,logreg,0,4,4,16,2.0,1.1,True,qnn_exploratory,aggressive,80,,,,,,,38.67235979999896,,,,,,,,,,,,,,,,0.5416666666666666,0.7708333333333334,0.4791666666666667,0.11097059146318966,1.151672377672682e-11,39.145833333333336,26.583333333333332,0.26337728541663336,0.10358137049678313,0.05805677843033223,"{""residual+conditioning+solver_failure"": 24, ""conditioning"": 13, ""none"": 11}"
0.9583333333333334,0.9583333333333333,0.96,0.998263888888889,0.0010895000013988465,digits_4_vs_9,hybrid_aggressive_qnn_exploratory_svm_rbf,hybrid_aggressive_qnn_exploratory,svm_rbf,0,4,4,16,2.0,1.1,True,qnn_exploratory,aggressive,80,,,,,,,38.67235979999896,,,,,,,,,,,,,,,,0.5416666666666666,0.7708333333333334,0.4791666666666667,0.11097059146318966,1.151672377672682e-11,39.145833333333336,26.583333333333332,0.26337728541663336,0.10358137049678313,0.05805677843033223,"{""residual+conditioning+solver_failure"": 24, ""conditioning"": 13, ""none"": 11}"
0.9791666666666666,0.9791666666666667,0.9787234042553191,0.9878472222222221,44.716596300000674,digits_4_vs_9,hybrid_aggressive_qnn_exploratory_qnn,hybrid_aggressive_qnn_exploratory,qnn,0,4,4,16,2.0,1.1,True,qnn_exploratory,aggressive,80,,,,,,,38.67235979999896,,,,,,,,,,,,,,,,0.5416666666666666,0.7708333333333334,0.4791666666666667,0.11097059146318966,1.151672377672682e-11,39.145833333333336,26.583333333333332,0.26337728541663336,0.10358137049678313,0.05805677843033223,"{""residual+conditioning+solver_failure"": 24, ""conditioning"": 13, ""none"": 11}"
1.0,1.0,1.0,1.0,0.002394600000116043,digits_4_vs_9,hybrid_always_trigger_qnn_exploratory_logreg,hybrid_always_trigger_qnn_exploratory,logreg,0,4,4,16,2.0,1.1,True,qnn_exploratory,always_trigger,80,,,,,,,56.006603099998756,,,,,,,,,,,,,,,,0.5208333333333334,1.0,0.6041666666666666,0.11242879440261612,1.617779131466671e-11,39.145833333333336,25.104166666666668,0.343838035416411,0.10358137049678313,0.06549750646731066,"{""residual+conditioning+solver_failure"": 24, ""residual+conditioning"": 24}"
0.9583333333333334,0.9583333333333333,0.96,0.998263888888889,0.0011726000011549331,digits_4_vs_9,hybrid_always_trigger_qnn_exploratory_svm_rbf,hybrid_always_trigger_qnn_exploratory,svm_rbf,0,4,4,16,2.0,1.1,True,qnn_exploratory,always_trigger,80,,,,,,,56.006603099998756,,,,,,,,,,,,,,,,0.5208333333333334,1.0,0.6041666666666666,0.11242879440261612,1.617779131466671e-11,39.145833333333336,25.104166666666668,0.343838035416411,0.10358137049678313,0.06549750646731066,"{""residual+conditioning+solver_failure"": 24, ""residual+conditioning"": 24}"
1.0,1.0,1.0,1.0,46.54643419999775,digits_4_vs_9,hybrid_always_trigger_qnn_exploratory_qnn,hybrid_always_trigger_qnn_exploratory,qnn,0,4,4,16,2.0,1.1,True,qnn_exploratory,always_trigger,80,,,,,,,56.006603099998756,,,,,,,,,,,,,,,,0.5208333333333334,1.0,0.6041666666666666,0.11242879440261612,1.617779131466671e-11,39.145833333333336,25.104166666666668,0.343838035416411,0.10358137049678313,0.06549750646731066,"{""residual+conditioning+solver_failure"": 24, ""residual+conditioning"": 24}"
1.0,1.0,1.0,1.0,0.002134200000000419,digits_4_vs_9,hybrid_qnn_lenient_qnn_exploratory_logreg,hybrid_qnn_lenient_qnn_exploratory,logreg,0,4,4,16,2.0,1.1,True,qnn_exploratory,qnn_lenient,80,,,,,,,56.10808130000078,,,,,,,,,,,,,,,,0.5208333333333334,1.0,0.6041666666666666,0.11242879440261612,1.617779131466671e-11,39.145833333333336,25.104166666666668,0.34374104375009057,0.10358137049678313,0.06549750646731066,"{""residual+conditioning+solver_failure"": 24, ""residual+conditioning"": 24}"
0.9583333333333334,0.9583333333333333,0.96,0.998263888888889,0.0010782999997900333,digits_4_vs_9,hybrid_qnn_lenient_qnn_exploratory_svm_rbf,hybrid_qnn_lenient_qnn_exploratory,svm_rbf,0,4,4,16,2.0,1.1,True,qnn_exploratory,qnn_lenient,80,,,,,,,56.10808130000078,,,,,,,,,,,,,,,,0.5208333333333334,1.0,0.6041666666666666,0.11242879440261612,1.617779131466671e-11,39.145833333333336,25.104166666666668,0.34374104375009057,0.10358137049678313,0.06549750646731066,"{""residual+conditioning+solver_failure"": 24, ""residual+conditioning"": 24}"
1.0,1.0,1.0,1.0,45.734990499997366,digits_4_vs_9,hybrid_qnn_lenient_qnn_exploratory_qnn,hybrid_qnn_lenient_qnn_exploratory,qnn,0,4,4,16,2.0,1.1,True,qnn_exploratory,qnn_lenient,80,,,,,,,56.10808130000078,,,,,,,,,,,,,,,,0.5208333333333334,1.0,0.6041666666666666,0.11242879440261612,1.617779131466671e-11,39.145833333333336,25.104166666666668,0.34374104375009057,0.10358137049678313,0.06549750646731066,"{""residual+conditioning+solver_failure"": 24, ""residual+conditioning"": 24}"
1.0,1.0,1.0,1.0,0.0022504000007756986,digits_4_vs_9,forced_no_detector_logreg,forced_no_detector,logreg,0,4,4,16,2.0,1.1,True,no_detector,standard,80,,,,,,,13.446794999999838,0.5208333333333334,0.875,0.5,0.3958333333333333,0.12159724859156662,0.14213691360166422,0.11148322507985597,0.003887887494103774,0.06924244717409475,39.145833333333336,20.416666666666668,2003.4583333333333,0.08513927291672492,0.10358137049678313,0.07228496096456795,,,,,,,,,,,
0.9583333333333334,0.9583333333333333,0.96,0.9965277777777778,0.001071900001988979,digits_4_vs_9,forced_no_detector_svm_rbf,forced_no_detector,svm_rbf,0,4,4,16,2.0,1.1,True,no_detector,standard,80,,,,,,,13.446794999999838,0.5208333333333334,0.875,0.5,0.3958333333333333,0.12159724859156662,0.14213691360166422,0.11148322507985597,0.003887887494103774,0.06924244717409475,39.145833333333336,20.416666666666668,2003.4583333333333,0.08513927291672492,0.10358137049678313,0.07228496096456795,,,,,,,,,,,
0.9791666666666666,0.9791666666666667,0.9787234042553191,1.0,46.13526040000215,digits_4_vs_9,forced_no_detector_qnn,forced_no_detector,qnn,0,4,4,16,2.0,1.1,True,no_detector,standard,80,,,,,,,13.446794999999838,0.5208333333333334,0.875,0.5,0.3958333333333333,0.12159724859156662,0.14213691360166422,0.11148322507985597,0.003887887494103774,0.06924244717409475,39.145833333333336,20.416666666666668,2003.4583333333333,0.08513927291672492,0.10358137049678313,0.07228496096456795,,,,,,,,,,,
1.0,1.0,1.0,1.0,0.0021725000005972106,digits_4_vs_9,hybrid_standard_no_detector_logreg,hybrid_standard_no_detector,logreg,0,4,4,16,2.0,1.1,True,no_detector,standard,80,,,,,,,5.074141000000964,,,,,,,,,,,,,,,,0.5208333333333334,0.5833333333333334,0.375,0.11193558856707118,1.7188224322592387e-11,39.145833333333336,30.375,0.034993256250118066,0.10358137049678313,0.022226124144560377,"{""residual+conditioning+solver_failure"": 22, ""none"": 20, ""conditioning"": 4, ""conditioning+solver_failure"": 2}"
0.9583333333333334,0.9583333333333333,0.96,0.9947916666666667,0.0010908000003837515,digits_4_vs_9,hybrid_standard_no_detector_svm_rbf,hybrid_standard_no_detector,svm_rbf,0,4,4,16,2.0,1.1,True,no_detector,standard,80,,,,,,,5.074141000000964,,,,,,,,,,,,,,,,0.5208333333333334,0.5833333333333334,0.375,0.11193558856707118,1.7188224322592387e-11,39.145833333333336,30.375,0.034993256250118066,0.10358137049678313,0.022226124144560377,"{""residual+conditioning+solver_failure"": 22, ""none"": 20, ""conditioning"": 4, ""conditioning+solver_failure"": 2}"
1.0,1.0,1.0,1.0,44.73972069999945,digits_4_vs_9,hybrid_standard_no_detector_qnn,hybrid_standard_no_detector,qnn,0,4,4,16,2.0,1.1,True,no_detector,standard,80,,,,,,,5.074141000000964,,,,,,,,,,,,,,,,0.5208333333333334,0.5833333333333334,0.375,0.11193558856707118,1.7188224322592387e-11,39.145833333333336,30.375,0.034993256250118066,0.10358137049678313,0.022226124144560377,"{""residual+conditioning+solver_failure"": 22, ""none"": 20, ""conditioning"": 4, ""conditioning+solver_failure"": 2}"
1.0,1.0,1.0,1.0,0.0025795000001380686,digits_4_vs_9,hybrid_aggressive_no_detector_logreg,hybrid_aggressive_no_detector,logreg,0,4,4,16,2.0,1.1,True,no_detector,aggressive,80,,,,,,,9.554135500002303,,,,,,,,,,,,,,,,0.5208333333333334,0.7708333333333334,0.5625,0.11193558856666468,1.7188224322592387e-11,39.145833333333336,26.333333333333332,0.06421909166639732,0.10358137049678313,0.05293285948919115,"{""residual+conditioning+solver_failure"": 24, ""conditioning"": 13, ""none"": 11}"
0.9583333333333334,0.9583333333333333,0.96,0.9965277777777778,0.001126399998611305,digits_4_vs_9,hybrid_aggressive_no_detector_svm_rbf,hybrid_aggressive_no_detector,svm_rbf,0,4,4,16,2.0,1.1,True,no_detector,aggressive,80,,,,,,,9.554135500002303,,,,,,,,,,,,,,,,0.5208333333333334,0.7708333333333334,0.5625,0.11193558856666468,1.7188224322592387e-11,39.145833333333336,26.333333333333332,0.06421909166639732,0.10358137049678313,0.05293285948919115,"{""residual+conditioning+solver_failure"": 24, ""conditioning"": 13, ""none"": 11}"
0.9583333333333334,0.9583333333333333,0.96,0.9965277777777778,44.553027400001156,digits_4_vs_9,hybrid_aggressive_no_detector_qnn,hybrid_aggressive_no_detector,qnn,0,4,4,16,2.0,1.1,True,no_detector,aggressive,80,,,,,,,9.554135500002303,,,,,,,,,,,,,,,,0.5208333333333334,0.7708333333333334,0.5625,0.11193558856666468,1.7188224322592387e-11,39.145833333333336,26.333333333333332,0.06421909166639732,0.10358137049678313,0.05293285948919115,"{""residual+conditioning+solver_failure"": 24, ""conditioning"": 13, ""none"": 11}"
1.0,1.0,1.0,1.0,0.002267200001369929,digits_4_vs_9,hybrid_always_trigger_no_detector_logreg,hybrid_always_trigger_no_detector,logreg,0,4,4,16,2.0,1.1,True,no_detector,always_trigger,80,,,,,,,13.482444399996893,,,,,,,,,,,,,,,,0.5208333333333334,1.0,0.6875,0.11193558856625456,1.617779131466671e-11,39.145833333333336,24.916666666666668,0.08527897083293585,0.10358137049678313,0.07228496096456795,"{""residual+conditioning+solver_failure"": 24, ""residual+conditioning"": 24}"
0.9583333333333334,0.9583333333333333,0.96,0.9965277777777778,0.0011223000001336914,digits_4_vs_9,hybrid_always_trigger_no_detector_svm_rbf,hybrid_always_trigger_no_detector,svm_rbf,0,4,4,16,2.0,1.1,True,no_detector,always_trigger,80,,,,,,,13.482444399996893,,,,,,,,,,,,,,,,0.5208333333333334,1.0,0.6875,0.11193558856625456,1.617779131466671e-11,39.145833333333336,24.916666666666668,0.08527897083293585,0.10358137049678313,0.07228496096456795,"{""residual+conditioning+solver_failure"": 24, ""residual+conditioning"": 24}"
0.9791666666666666,0.9791666666666667,0.9795918367346939,0.998263888888889,44.711577499998384,digits_4_vs_9,hybrid_always_trigger_no_detector_qnn,hybrid_always_trigger_no_detector,qnn,0,4,4,16,2.0,1.1,True,no_detector,always_trigger,80,,,,,,,13.482444399996893,,,,,,,,,,,,,,,,0.5208333333333334,1.0,0.6875,0.11193558856625456,1.617779131466671e-11,39.145833333333336,24.916666666666668,0.08527897083293585,0.10358137049678313,0.07228496096456795,"{""residual+conditioning+solver_failure"": 24, ""residual+conditioning"": 24}"
1.0,1.0,1.0,1.0,0.0020317999988037627,digits_4_vs_9,hybrid_qnn_lenient_no_detector_logreg,hybrid_qnn_lenient_no_detector,logreg,0,4,4,16,2.0,1.1,True,no_detector,qnn_lenient,80,,,,,,,13.437183599999116,,,,,,,,,,,,,,,,0.5208333333333334,1.0,0.6875,0.11193558856625456,1.617779131466671e-11,39.145833333333336,24.916666666666668,0.08526954999964194,0.10358137049678313,0.07228496096456795,"{""residual+conditioning+solver_failure"": 24, ""residual+conditioning"": 24}"
0.9583333333333334,0.9583333333333333,0.96,0.9965277777777778,0.0010694999982661102,digits_4_vs_9,hybrid_qnn_lenient_no_detector_svm_rbf,hybrid_qnn_lenient_no_detector,svm_rbf,0,4,4,16,2.0,1.1,True,no_detector,qnn_lenient,80,,,,,,,13.437183599999116,,,,,,,,,,,,,,,,0.5208333333333334,1.0,0.6875,0.11193558856625456,1.617779131466671e-11,39.145833333333336,24.916666666666668,0.08526954999964194,0.10358137049678313,0.07228496096456795,"{""residual+conditioning+solver_failure"": 24, ""residual+conditioning"": 24}"
0.9791666666666666,0.9791666666666667,0.9795918367346939,0.998263888888889,44.384957099999156,digits_4_vs_9,hybrid_qnn_lenient_no_detector_qnn,hybrid_qnn_lenient_no_detector,qnn,0,4,4,16,2.0,1.1,True,no_detector,qnn_lenient,80,,,,,,,13.437183599999116,,,,,,,,,,,,,,,,0.5208333333333334,1.0,0.6875,0.11193558856625456,1.617779131466671e-11,39.145833333333336,24.916666666666668,0.08526954999964194,0.10358137049678313,0.07228496096456795,"{""residual+conditioning+solver_failure"": 24, ""residual+conditioning"": 24}"
1.0,1.0,1.0,1.0,0.0016685000009601936,digits_4_vs_9,forced_residual_only_logreg,forced_residual_only,logreg,0,4,4,16,2.0,1.1,True,residual_only,standard,80,,,,,,,6.351766100000532,0.5208333333333334,0.875,0.5,0.3958333333333333,0.12159724859156662,0.13848858545310652,0.11148248517105502,0.003887887494103774,0.06448558863165318,39.145833333333336,14.208333333333334,2071.4583333333335,0.03850099375032793,0.10358137049678313,0.07748950226417439,,,,,,,,,,,
0.9583333333333334,0.9583333333333333,0.96,0.9965277777777778,0.0011077999988629017,digits_4_vs_9,forced_residual_only_svm_rbf,forced_residual_only,svm_rbf,0,4,4,16,2.0,1.1,True,residual_only,standard,80,,,,,,,6.351766100000532,0.5208333333333334,0.875,0.5,0.3958333333333333,0.12159724859156662,0.13848858545310652,0.11148248517105502,0.003887887494103774,0.06448558863165318,39.145833333333336,14.208333333333334,2071.4583333333335,0.03850099375032793,0.10358137049678313,0.07748950226417439,,,,,,,,,,,
1.0,1.0,1.0,1.0,44.207266500001424,digits_4_vs_9,forced_residual_only_qnn,forced_residual_only,qnn,0,4,4,16,2.0,1.1,True,residual_only,standard,80,,,,,,,6.351766100000532,0.5208333333333334,0.875,0.5,0.3958333333333333,0.12159724859156662,0.13848858545310652,0.11148248517105502,0.003887887494103774,0.06448558863165318,39.145833333333336,14.208333333333334,2071.4583333333335,0.03850099375032793,0.10358137049678313,0.07748950226417439,,,,,,,,,,,
1.0,1.0,1.0,1.0,0.002164400000765454,digits_4_vs_9,hybrid_standard_residual_only_logreg,hybrid_standard_residual_only,logreg,0,4,4,16,2.0,1.1,True,residual_only,standard,80,,,,,,,2.448694999999134,,,,,,,,,,,,,,,,0.5208333333333334,0.5833333333333334,0.4583333333333333,0.1117185369132001,1.7188224322592387e-11,39.145833333333336,25.125,0.01699572708321284,0.10358137049678313,0.02542038090728041,"{""residual+conditioning+solver_failure"": 22, ""none"": 20, ""conditioning"": 4, ""conditioning+solver_failure"": 2}"
0.9583333333333334,0.9583333333333333,0.96,0.9965277777777778,0.0011220000014873222,digits_4_vs_9,hybrid_standard_residual_only_svm_rbf,hybrid_standard_residual_only,svm_rbf,0,4,4,16,2.0,1.1,True,residual_only,standard,80,,,,,,,2.448694999999134,,,,,,,,,,,,,,,,0.5208333333333334,0.5833333333333334,0.4583333333333333,0.1117185369132001,1.7188224322592387e-11,39.145833333333336,25.125,0.01699572708321284,0.10358137049678313,0.02542038090728041,"{""residual+conditioning+solver_failure"": 22, ""none"": 20, ""conditioning"": 4, ""conditioning+solver_failure"": 2}"
0.9583333333333334,0.9583333333333334,0.9583333333333334,0.998263888888889,45.23111730000164,digits_4_vs_9,hybrid_standard_residual_only_qnn,hybrid_standard_residual_only,qnn,0,4,4,16,2.0,1.1,True,residual_only,standard,80,,,,,,,2.448694999999134,,,,,,,,,,,,,,,,0.5208333333333334,0.5833333333333334,0.4583333333333333,0.1117185369132001,1.7188224322592387e-11,39.145833333333336,25.125,0.01699572708321284,0.10358137049678313,0.02542038090728041,"{""residual+conditioning+solver_failure"": 22, ""none"": 20, ""conditioning"": 4, ""conditioning+solver_failure"": 2}"
1.0,1.0,1.0,1.0,0.002386700001807185,digits_4_vs_9,hybrid_aggressive_residual_only_logreg,hybrid_aggressive_residual_only,logreg,0,4,4,16,2.0,1.1,True,residual_only,aggressive,80,,,,,,,4.358630499998981,,,,,,,,,,,,,,,,0.5208333333333334,0.7708333333333334,0.625,0.11171853691280738,1.7188224322592387e-11,39.145833333333336,21.895833333333332,0.028075912500147144,0.10358137049678313,0.050097470682303274,"{""residual+conditioning+solver_failure"": 24, ""conditioning"": 13, ""none"": 11}"
0.9583333333333334,0.9583333333333333,0.96,0.998263888888889,0.0010922000001301058,digits_4_vs_9,hybrid_aggressive_residual_only_svm_rbf,hybrid_aggressive_residual_only,svm_rbf,0,4,4,16,2.0,1.1,True,residual_only,aggressive,80,,,,,,,4.358630499998981,,,,,,,,,,,,,,,,0.5208333333333334,0.7708333333333334,0.625,0.11171853691280738,1.7188224322592387e-11,39.145833333333336,21.895833333333332,0.028075912500147144,0.10358137049678313,0.050097470682303274,"{""residual+conditioning+solver_failure"": 24, ""conditioning"": 13, ""none"": 11}"
0.9583333333333334,0.9583333333333334,0.9583333333333334,0.9895833333333334,45.21632320000208,digits_4_vs_9,hybrid_aggressive_residual_only_qnn,hybrid_aggressive_residual_only,qnn,0,4,4,16,2.0,1.1,True,residual_only,aggressive,80,,,,,,,4.358630499998981,,,,,,,,,,,,,,,,0.5208333333333334,0.7708333333333334,0.625,0.11171853691280738,1.7188224322592387e-11,39.145833333333336,21.895833333333332,0.028075912500147144,0.10358137049678313,0.050097470682303274,"{""residual+conditioning+solver_failure"": 24, ""conditioning"": 13, ""none"": 11}"
1.0,1.0,1.0,1.0,0.0020571999993990175,digits_4_vs_9,hybrid_always_trigger_residual_only_logreg,hybrid_always_trigger_residual_only,logreg,0,4,4,16,2.0,1.1,True,residual_only,always_trigger,80,,,,,,,6.413711400000466,,,,,,,,,,,,,,,,0.5208333333333334,1.0,0.7708333333333334,0.11171853691188338,9.206388000267238e-12,39.145833333333336,19.770833333333332,0.038682908333309264,0.10358137049678313,0.07748950226417439,"{""residual+conditioning+solver_failure"": 24, ""residual+conditioning"": 24}"
0.9583333333333334,0.9583333333333333,0.96,0.998263888888889,0.0017509000026620924,digits_4_vs_9,hybrid_always_trigger_residual_only_svm_rbf,hybrid_always_trigger_residual_only,svm_rbf,0,4,4,16,2.0,1.1,True,residual_only,always_trigger,80,,,,,,,6.413711400000466,,,,,,,,,,,,,,,,0.5208333333333334,1.0,0.7708333333333334,0.11171853691188338,9.206388000267238e-12,39.145833333333336,19.770833333333332,0.038682908333309264,0.10358137049678313,0.07748950226417439,"{""residual+conditioning+solver_failure"": 24, ""residual+conditioning"": 24}"
1.0,1.0,1.0,1.0,44.1884656000002,digits_4_vs_9,hybrid_always_trigger_residual_only_qnn,hybrid_always_trigger_residual_only,qnn,0,4,4,16,2.0,1.1,True,residual_only,always_trigger,80,,,,,,,6.413711400000466,,,,,,,,,,,,,,,,0.5208333333333334,1.0,0.7708333333333334,0.11171853691188338,9.206388000267238e-12,39.145833333333336,19.770833333333332,0.038682908333309264,0.10358137049678313,0.07748950226417439,"{""residual+conditioning+solver_failure"": 24, ""residual+conditioning"": 24}"
1.0,1.0,1.0,1.0,0.0021450999993248843,digits_4_vs_9,hybrid_qnn_lenient_residual_only_logreg,hybrid_qnn_lenient_residual_only,logreg,0,4,4,16,2.0,1.1,True,residual_only,qnn_lenient,80,,,,,,,6.351277199999458,,,,,,,,,,,,,,,,0.5208333333333334,1.0,0.7708333333333334,0.11171853691188338,9.206388000267238e-12,39.145833333333336,19.770833333333332,0.038391445833061276,0.10358137049678313,0.07748950226417439,"{""residual+conditioning+solver_failure"": 24, ""residual+conditioning"": 24}"
0.9583333333333334,0.9583333333333333,0.96,0.998263888888889,0.001101300000300398,digits_4_vs_9,hybrid_qnn_lenient_residual_only_svm_rbf,hybrid_qnn_lenient_residual_only,svm_rbf,0,4,4,16,2.0,1.1,True,residual_only,qnn_lenient,80,,,,,,,6.351277199999458,,,,,,,,,,,,,,,,0.5208333333333334,1.0,0.7708333333333334,0.11171853691188338,9.206388000267238e-12,39.145833333333336,19.770833333333332,0.038391445833061276,0.10358137049678313,0.07748950226417439,"{""residual+conditioning+solver_failure"": 24, ""residual+conditioning"": 24}"
1.0,1.0,1.0,1.0,45.704437500000495,digits_4_vs_9,hybrid_qnn_lenient_residual_only_qnn,hybrid_qnn_lenient_residual_only,qnn,0,4,4,16,2.0,1.1,True,residual_only,qnn_lenient,80,,,,,,,6.351277199999458,,,,,,,,,,,,,,,,0.5208333333333334,1.0,0.7708333333333334,0.11171853691188338,9.206388000267238e-12,39.145833333333336,19.770833333333332,0.038391445833061276,0.10358137049678313,0.07748950226417439,"{""residual+conditioning+solver_failure"": 24, ""residual+conditioning"": 24}"
1.0,1.0,1.0,1.0,0.010030700002971571,digits_4_vs_9,pca_logreg,pca,logreg,1,4,4,16,2.0,1.1,True,full_balanced,standard,80,,,,,,,,,,,,,,,,,,,,,,,,,,,,,,,,,
1.0,1.0,1.0,1.0,0.06741780000083963,digits_4_vs_9,pca_mlp,pca,mlp,1,4,4,16,2.0,1.1,True,full_balanced,standard,80,,,,,,,,,,,,,,,,,,,,,,,,,,,,,,,,,
0.9791666666666666,0.9791666666666667,0.9787234042553191,1.0,0.001737499998853309,digits_4_vs_9,pca_svm_rbf,pca,svm_rbf,1,4,4,16,2.0,1.1,True,full_balanced,standard,80,,,,,,,,,,,,,,,,,,,,,,,,,,,,,,,,,
1.0,1.0,1.0,1.0,45.108260099998006,digits_4_vs_9,pca_qnn,pca,qnn,1,4,4,16,2.0,1.1,True,full_balanced,standard,80,,,,,,,,,,,,,,,,,,,,,,,,,,,,,,,,,
1.0,1.0,1.0,1.0,0.0024204999972425867,digits_4_vs_9,implicit_zero_logreg,implicit_zero,logreg,1,4,4,16,2.0,1.1,True,full_balanced,standard,80,0.75,0.04296448888671798,4.612399964748761e-12,34.854166666666664,0.0002893520832761472,0.17223604350335794,0.05144989999826066,,,,,,,,,,,,,,,,,,,,,,,,,,
0.9791666666666666,0.9791666666666667,0.9795918367346939,0.9947916666666667,0.0017765000011422671,digits_4_vs_9,implicit_zero_svm_rbf,implicit_zero,svm_rbf,1,4,4,16,2.0,1.1,True,full_balanced,standard,80,0.75,0.04296448888671798,4.612399964748761e-12,34.854166666666664,0.0002893520832761472,0.17223604350335794,0.05144989999826066,,,,,,,,,,,,,,,,,,,,,,,,,,
1.0,1.0,1.0,1.0,44.96038239999689,digits_4_vs_9,implicit_zero_qnn,implicit_zero,qnn,1,4,4,16,2.0,1.1,True,full_balanced,standard,80,0.75,0.04296448888671798,4.612399964748761e-12,34.854166666666664,0.0002893520832761472,0.17223604350335794,0.05144989999826066,,,,,,,,,,,,,,,,,,,,,,,,,,
0.9791666666666666,0.9791666666666667,0.9787234042553191,1.0,0.002698600001167506,digits_4_vs_9,forced_full_light_logreg,forced_full_light,logreg,1,4,4,16,2.0,1.1,True,full_light,standard,80,,,,,,,24.927679500000522,0.7708333333333334,0.5416666666666666,0.75,0.4166666666666667,0.04296448888671798,0.1304029767281268,0.02552851972462072,4.612399964748761e-12,0.04991949092899771,34.854166666666664,23.875,1568.5416666666667,0.14772106874973664,0.17223604350335794,0.0959934075643231,,,,,,,,,,,
0.9791666666666666,0.9791666666666667,0.9795918367346939,1.0,0.0012705000008281786,digits_4_vs_9,forced_full_light_svm_rbf,forced_full_light,svm_rbf,1,4,4,16,2.0,1.1,True,full_light,standard,80,,,,,,,24.927679500000522,0.7708333333333334,0.5416666666666666,0.75,0.4166666666666667,0.04296448888671798,0.1304029767281268,0.02552851972462072,4.612399964748761e-12,0.04991949092899771,34.854166666666664,23.875,1568.5416666666667,0.14772106874973664,0.17223604350335794,0.0959934075643231,,,,,,,,,,,
0.9583333333333334,0.9583333333333333,0.9565217391304348,1.0,44.07301770000049,digits_4_vs_9,forced_full_light_qnn,forced_full_light,qnn,1,4,4,16,2.0,1.1,True,full_light,standard,80,,,,,,,24.927679500000522,0.7708333333333334,0.5416666666666666,0.75,0.4166666666666667,0.04296448888671798,0.1304029767281268,0.02552851972462072,4.612399964748761e-12,0.04991949092899771,34.854166666666664,23.875,1568.5416666666667,0.14772106874973664,0.17223604350335794,0.0959934075643231,,,,,,,,,,,
0.9791666666666666,0.9791666666666667,0.9787234042553191,1.0,0.0025467000014032237,digits_4_vs_9,hybrid_standard_full_light_logreg,hybrid_standard_full_light,logreg,1,4,4,16,2.0,1.1,True,full_light,standard,80,,,,,,,4.85166290000052,,,,,,,,,,,,,,,,0.7708333333333334,0.25,0.16666666666666666,0.02558402394060827,4.582322108882847e-12,34.854166666666664,32.354166666666664,0.03638763125028769,0.17223604350335794,0.022054767860933366,"{""none"": 36, ""residual+conditioning+solver_failure"": 11, ""conditioning+solver_failure"": 1}"
0.9791666666666666,0.9791666666666667,0.9795918367346939,1.0,0.0013381000026129186,digits_4_vs_9,hybrid_standard_full_light_svm_rbf,hybrid_standard_full_light,svm_rbf,1,4,4,16,2.0,1.1,True,full_light,standard,80,,,,,,,4.85166290000052,,,,,,,,,,,,,,,,0.7708333333333334,0.25,0.16666666666666666,0.02558402394060827,4.582322108882847e-12,34.854166666666664,32.354166666666664,0.03638763125028769,0.17223604350335794,0.022054767860933366,"{""none"": 36, ""residual+conditioning+solver_failure"": 11, ""conditioning+solver_failure"": 1}"
0.9791666666666666,0.9791666666666667,0.9787234042553191,1.0,46.18516660000023,digits_4_vs_9,hybrid_standard_full_light_qnn,hybrid_standard_full_light,qnn,1,4,4,16,2.0,1.1,True,full_light,standard,80,,,,,,,4.85166290000052,,,,,,,,,,,,,,,,0.7708333333333334,0.25,0.16666666666666666,0.02558402394060827,4.582322108882847e-12,34.854166666666664,32.354166666666664,0.03638763125028769,0.17223604350335794,0.022054767860933366,"{""none"": 36, ""residual+conditioning+solver_failure"": 11, ""conditioning+solver_failure"": 1}"
0.9791666666666666,0.9791666666666667,0.9787234042553191,1.0,0.0026090000028489158,digits_4_vs_9,hybrid_aggressive_full_light_logreg,hybrid_aggressive_full_light,logreg,1,4,4,16,2.0,1.1,True,full_light,aggressive,80,,,,,,,12.9098636000017,,,,,,,,,,,,,,,,0.7708333333333334,0.4791666666666667,0.25,0.02558401797723168,4.105006265264747e-12,34.854166666666664,30.5,0.07375792083341064,0.17223604350335794,0.04691556067433909,"{""none"": 25, ""residual+conditioning+solver_failure"": 12, ""conditioning"": 11}"
0.9791666666666666,0.9791666666666667,0.9795918367346939,1.0,0.001677299998846138,digits_4_vs_9,hybrid_aggressive_full_light_svm_rbf,hybrid_aggressive_full_light,svm_rbf,1,4,4,16,2.0,1.1,True,full_light,aggressive,80,,,,,,,12.9098636000017,,,,,,,,,,,,,,,,0.7708333333333334,0.4791666666666667,0.25,0.02558401797723168,4.105006265264747e-12,34.854166666666664,30.5,0.07375792083341064,0.17223604350335794,0.04691556067433909,"{""none"": 25, ""residual+conditioning+solver_failure"": 12, ""conditioning"": 11}"
0.9791666666666666,0.9791666666666667,0.9787234042553191,1.0,44.71800510000321,digits_4_vs_9,hybrid_aggressive_full_light_qnn,hybrid_aggressive_full_light,qnn,1,4,4,16,2.0,1.1,True,full_light,aggressive,80,,,,,,,12.9098636000017,,,,,,,,,,,,,,,,0.7708333333333334,0.4791666666666667,0.25,0.02558401797723168,4.105006265264747e-12,34.854166666666664,30.5,0.07375792083341064,0.17223604350335794,0.04691556067433909,"{""none"": 25, ""residual+conditioning+solver_failure"": 12, ""conditioning"": 11}"
0.9791666666666666,0.9791666666666667,0.9787234042553191,1.0,0.00247020000097109,digits_4_vs_9,hybrid_always_trigger_full_light_logreg,hybrid_always_trigger_full_light,logreg,1,4,4,16,2.0,1.1,True,full_light,always_trigger,80,,,,,,,25.662506900000153,,,,,,,,,,,,,,,,0.7708333333333334,1.0,0.5416666666666666,0.02558408369416147,1.9092964868550644e-12,34.854166666666664,26.041666666666668,0.15650424583342706,0.17223604350335794,0.10105289234922699,"{""residual+conditioning"": 36, ""residual+conditioning+solver_failure"": 12}"
0.9791666666666666,0.9791666666666667,0.9795918367346939,1.0,0.0013311000002431683,digits_4_vs_9,hybrid_always_trigger_full_light_svm_rbf,hybrid_always_trigger_full_light,svm_rbf,1,4,4,16,2.0,1.1,True,full_light,always_trigger,80,,,,,,,25.662506900000153,,,,,,,,,,,,,,,,0.7708333333333334,1.0,0.5416666666666666,0.02558408369416147,1.9092964868550644e-12,34.854166666666664,26.041666666666668,0.15650424583342706,0.17223604350335794,0.10105289234922699,"{""residual+conditioning"": 36, ""residual+conditioning+solver_failure"": 12}"
0.9791666666666666,0.9791666666666667,0.9787234042553191,1.0,43.310891599998286,digits_4_vs_9,hybrid_always_trigger_full_light_qnn,hybrid_always_trigger_full_light,qnn,1,4,4,16,2.0,1.1,True,full_light,always_trigger,80,,,,,,,25.662506900000153,,,,,,,,,,,,,,,,0.7708333333333334,1.0,0.5416666666666666,0.02558408369416147,1.9092964868550644e-12,34.854166666666664,26.041666666666668,0.15650424583342706,0.17223604350335794,0.10105289234922699,"{""residual+conditioning"": 36, ""residual+conditioning+solver_failure"": 12}"
0.9791666666666666,0.9791666666666667,0.9787234042553191,1.0,0.002060699996945914,digits_4_vs_9,hybrid_qnn_lenient_full_light_logreg,hybrid_qnn_lenient_full_light,logreg,1,4,4,16,2.0,1.1,True,full_light,qnn_lenient,80,,,,,,,25.782219699998677,,,,,,,,,,,,,,,,0.7708333333333334,1.0,0.5625,0.026916959097160593,1.9092964868550644e-12,34.854166666666664,25.5,0.15512383333301236,0.17223604350335794,0.10105289234922699,"{""residual+conditioning"": 36, ""residual+conditioning+solver_failure"": 12}"
0.9791666666666666,0.9791666666666667,0.9795918367346939,1.0,0.001286800001253141,digits_4_vs_9,hybrid_qnn_lenient_full_light_svm_rbf,hybrid_qnn_lenient_full_light,svm_rbf,1,4,4,16,2.0,1.1,True,full_light,qnn_lenient,80,,,,,,,25.782219699998677,,,,,,,,,,,,,,,,0.7708333333333334,1.0,0.5625,0.026916959097160593,1.9092964868550644e-12,34.854166666666664,25.5,0.15512383333301236,0.17223604350335794,0.10105289234922699,"{""residual+conditioning"": 36, ""residual+conditioning+solver_failure"": 12}"
0.9791666666666666,0.9791666666666667,0.9787234042553191,1.0,45.14659699999902,digits_4_vs_9,hybrid_qnn_lenient_full_light_qnn,hybrid_qnn_lenient_full_light,qnn,1,4,4,16,2.0,1.1,True,full_light,qnn_lenient,80,,,,,,,25.782219699998677,,,,,,,,,,,,,,,,0.7708333333333334,1.0,0.5625,0.026916959097160593,1.9092964868550644e-12,34.854166666666664,25.5,0.15512383333301236,0.17223604350335794,0.10105289234922699,"{""residual+conditioning"": 36, ""residual+conditioning+solver_failure"": 12}"
0.9791666666666666,0.9791666666666667,0.9787234042553191,1.0,0.0023359000006166752,digits_4_vs_9,forced_full_balanced_logreg,forced_full_balanced,logreg,1,4,4,16,2.0,1.1,True,full_balanced,standard,80,,,,,,,34.5908176999983,0.7916666666666666,0.5625,0.75,0.5,0.04296448888671798,0.08192099670969365,0.02059478090339865,4.612399964748761e-12,0.00020364823675379784,34.854166666666664,24.229166666666668,1719.0625,0.1946972541663854,0.17223604350335794,0.10910788207396643,,,,,,,,,,,
0.9583333333333334,0.9583333333333334,0.9583333333333334,0.9930555555555556,0.001237199998286087,digits_4_vs_9,forced_full_balanced_svm_rbf,forced_full_balanced,svm_rbf,1,4,4,16,2.0,1.1,True,full_balanced,standard,80,,,,,,,34.5908176999983,0.7916666666666666,0.5625,0.75,0.5,0.04296448888671798,0.08192099670969365,0.02059478090339865,4.612399964748761e-12,0.00020364823675379784,34.854166666666664,24.229166666666668,1719.0625,0.1946972541663854,0.17223604350335794,0.10910788207396643,,,,,,,,,,,
0.9791666666666666,0.9791666666666667,0.9795918367346939,0.9947916666666667,44.02334510000219,digits_4_vs_9,forced_full_balanced_qnn,forced_full_balanced,qnn,1,4,4,16,2.0,1.1,True,full_balanced,standard,80,,,,,,,34.5908176999983,0.7916666666666666,0.5625,0.75,0.5,0.04296448888671798,0.08192099670969365,0.02059478090339865,4.612399964748761e-12,0.00020364823675379784,34.854166666666664,24.229166666666668,1719.0625,0.1946972541663854,0.17223604350335794,0.10910788207396643,,,,,,,,,,,
0.9791666666666666,0.9791666666666667,0.9787234042553191,1.0,0.0021545000017795246,digits_4_vs_9,hybrid_standard_full_balanced_logreg,hybrid_standard_full_balanced,logreg,1,4,4,16,2.0,1.1,True,full_balanced,standard,80,,,,,,,6.1950887000020884,,,,,,,,,,,,,,,,0.7916666666666666,0.25,0.1875,0.020591422085115153,4.105006265264747e-12,34.854166666666664,31.4375,0.052838310416594446,0.17223604350335794,0.03230663864419227,"{""none"": 36, ""residual+conditioning+solver_failure"": 11, ""conditioning+solver_failure"": 1}"
0.9791666666666666,0.9791666666666667,0.9795918367346939,0.9947916666666667,0.001240400000824593,digits_4_vs_9,hybrid_standard_full_balanced_svm_rbf,hybrid_standard_full_balanced,svm_rbf,1,4,4,16,2.0,1.1,True,full_balanced,standard,80,,,,,,,6.1950887000020884,,,,,,,,,,,,,,,,0.7916666666666666,0.25,0.1875,0.020591422085115153,4.105006265264747e-12,34.854166666666664,31.4375,0.052838310416594446,0.17223604350335794,0.03230663864419227,"{""none"": 36, ""residual+conditioning+solver_failure"": 11, ""conditioning+solver_failure"": 1}"
0.9791666666666666,0.9791666666666667,0.9795918367346939,0.998263888888889,46.20463269999891,digits_4_vs_9,hybrid_standard_full_balanced_qnn,hybrid_standard_full_balanced,qnn,1,4,4,16,2.0,1.1,True,full_balanced,standard,80,,,,,,,6.1950887000020884,,,,,,,,,,,,,,,,0.7916666666666666,0.25,0.1875,0.020591422085115153,4.105006265264747e-12,34.854166666666664,31.4375,0.052838310416594446,0.17223604350335794,0.03230663864419227,"{""none"": 36, ""residual+conditioning+solver_failure"": 11, ""conditioning+solver_failure"": 1}"
0.9791666666666666,0.9791666666666667,0.9787234042553191,1.0,0.002601299998786999,digits_4_vs_9,hybrid_aggressive_full_balanced_logreg,hybrid_aggressive_full_balanced,logreg,1,4,4,16,2.0,1.1,True,full_balanced,aggressive,80,,,,,,,17.439972700001817,,,,,,,,,,,,,,,,0.7916666666666666,0.4791666666666667,0.2708333333333333,0.020591349921737324,2.9458392725491203e-12,34.854166666666664,30.541666666666668,0.0982493541664553,0.17223604350335794,0.06686707847752457,"{""none"": 25, ""residual+conditioning+solver_failure"": 12, ""conditioning"": 11}"
0.9791666666666666,0.9791666666666667,0.9795918367346939,0.9930555555555556,0.0012635999992198776,digits_4_vs_9,hybrid_aggressive_full_balanced_svm_rbf,hybrid_aggressive_full_balanced,svm_rbf,1,4,4,16,2.0,1.1,True,full_balanced,aggressive,80,,,,,,,17.439972700001817,,,,,,,,,,,,,,,,0.7916666666666666,0.4791666666666667,0.2708333333333333,0.020591349921737324,2.9458392725491203e-12,34.854166666666664,30.541666666666668,0.0982493541664553,0.17223604350335794,0.06686707847752457,"{""none"": 25, ""residual+conditioning+solver_failure"": 12, ""conditioning"": 11}"
0.9791666666666666,0.9791666666666667,0.9795918367346939,1.0,44.672400300001755,digits_4_vs_9,hybrid_aggressive_full_balanced_qnn,hybrid_aggressive_full_balanced,qnn,1,4,4,16,2.0,1.1,True,full_balanced,aggressive,80,,,,,,,17.439972700001817,,,,,,,,,,,,,,,,0.7916666666666666,0.4791666666666667,0.2708333333333333,0.020591349921737324,2.9458392725491203e-12,34.854166666666664,30.541666666666668,0.0982493541664553,0.17223604350335794,0.06686707847752457,"{""none"": 25, ""residual+conditioning+solver_failure"": 12, ""conditioning"": 11}"
0.9791666666666666,0.9791666666666667,0.9787234042553191,1.0,0.002068000001600012,digits_4_vs_9,hybrid_always_trigger_full_balanced_logreg,hybrid_always_trigger_full_balanced,logreg,1,4,4,16,2.0,1.1,True,full_balanced,always_trigger,80,,,,,,,35.27366070000062,,,,,,,,,,,,,,,,0.7916666666666666,1.0,0.5,0.020583921202580572,1.6121894055728938e-12,34.854166666666664,26.8125,0.19598702500032536,0.17223604350335794,0.10920060578101683,"{""residual+conditioning"": 36, ""residual+conditioning+solver_failure"": 12}"
0.9583333333333334,0.9583333333333334,0.9583333333333334,0.9965277777777778,0.0012306999997235835,digits_4_vs_9,hybrid_always_trigger_full_balanced_svm_rbf,hybrid_always_trigger_full_balanced,svm_rbf,1,4,4,16,2.0,1.1,True,full_balanced,always_trigger,80,,,,,,,35.27366070000062,,,,,,,,,,,,,,,,0.7916666666666666,1.0,0.5,0.020583921202580572,1.6121894055728938e-12,34.854166666666664,26.8125,0.19598702500032536,0.17223604350335794,0.10920060578101683,"{""residual+conditioning"": 36, ""residual+conditioning+solver_failure"": 12}"
0.9791666666666666,0.9791666666666667,0.9795918367346939,0.9965277777777778,45.517280399999436,digits_4_vs_9,hybrid_always_trigger_full_balanced_qnn,hybrid_always_trigger_full_balanced,qnn,1,4,4,16,2.0,1.1,True,full_balanced,always_trigger,80,,,,,,,35.27366070000062,,,,,,,,,,,,,,,,0.7916666666666666,1.0,0.5,0.020583921202580572,1.6121894055728938e-12,34.854166666666664,26.8125,0.19598702500032536,0.17223604350335794,0.10920060578101683,"{""residual+conditioning"": 36, ""residual+conditioning+solver_failure"": 12}"
0.9791666666666666,0.9791666666666667,0.9787234042553191,1.0,0.0025184999976772815,digits_4_vs_9,hybrid_qnn_lenient_full_balanced_logreg,hybrid_qnn_lenient_full_balanced,logreg,1,4,4,16,2.0,1.1,True,full_balanced,qnn_lenient,80,,,,,,,35.16462880000108,,,,,,,,,,,,,,,,0.7916666666666666,1.0,0.5,0.020583921202580572,1.6121894055728938e-12,34.854166666666664,26.8125,0.1958477791668732,0.17223604350335794,0.10920060578101683,"{""residual+conditioning"": 36, ""residual+conditioning+solver_failure"": 12}"
0.9583333333333334,0.9583333333333334,0.9583333333333334,0.9965277777777778,0.0012691000010818243,digits_4_vs_9,hybrid_qnn_lenient_full_balanced_svm_rbf,hybrid_qnn_lenient_full_balanced,svm_rbf,1,4,4,16,2.0,1.1,True,full_balanced,qnn_lenient,80,,,,,,,35.16462880000108,,,,,,,,,,,,,,,,0.7916666666666666,1.0,0.5,0.020583921202580572,1.6121894055728938e-12,34.854166666666664,26.8125,0.1958477791668732,0.17223604350335794,0.10920060578101683,"{""residual+conditioning"": 36, ""residual+conditioning+solver_failure"": 12}"
0.9791666666666666,0.9791666666666667,0.9795918367346939,0.9965277777777778,46.04367799999818,digits_4_vs_9,hybrid_qnn_lenient_full_balanced_qnn,hybrid_qnn_lenient_full_balanced,qnn,1,4,4,16,2.0,1.1,True,full_balanced,qnn_lenient,80,,,,,,,35.16462880000108,,,,,,,,,,,,,,,,0.7916666666666666,1.0,0.5,0.020583921202580572,1.6121894055728938e-12,34.854166666666664,26.8125,0.1958477791668732,0.17223604350335794,0.10920060578101683,"{""residual+conditioning"": 36, ""residual+conditioning+solver_failure"": 12}"
0.9791666666666666,0.9791666666666667,0.9787234042553191,1.0,0.0019973000016761944,digits_4_vs_9,forced_qnn_oriented_logreg,forced_qnn_oriented,logreg,1,4,4,16,2.0,1.1,True,qnn_oriented,standard,80,,,,,,,47.630830199999764,0.7708333333333334,0.5,0.75,0.4166666666666667,0.04296448888671798,0.1188924414531148,0.025541152209221485,4.612399964748761e-12,0.049827463847774076,34.854166666666664,20.75,1983.625,0.27668199791651205,0.17223604350335794,0.0936448463640876,,,,,,,,,,,
0.9791666666666666,0.9791666666666667,0.9795918367346939,1.0,0.0012633000005735084,digits_4_vs_9,forced_qnn_oriented_svm_rbf,forced_qnn_oriented,svm_rbf,1,4,4,16,2.0,1.1,True,qnn_oriented,standard,80,,,,,,,47.630830199999764,0.7708333333333334,0.5,0.75,0.4166666666666667,0.04296448888671798,0.1188924414531148,0.025541152209221485,4.612399964748761e-12,0.049827463847774076,34.854166666666664,20.75,1983.625,0.27668199791651205,0.17223604350335794,0.0936448463640876,,,,,,,,,,,
1.0,1.0,1.0,1.0,44.58253820000027,digits_4_vs_9,forced_qnn_oriented_qnn,forced_qnn_oriented,qnn,1,4,4,16,2.0,1.1,True,qnn_oriented,standard,80,,,,,,,47.630830199999764,0.7708333333333334,0.5,0.75,0.4166666666666667,0.04296448888671798,0.1188924414531148,0.025541152209221485,4.612399964748761e-12,0.049827463847774076,34.854166666666664,20.75,1983.625,0.27668199791651205,0.17223604350335794,0.0936448463640876,,,,,,,,,,,
0.9791666666666666,0.9791666666666667,0.9787234042553191,1.0,0.002037999998719897,digits_4_vs_9,hybrid_standard_qnn_oriented_logreg,hybrid_standard_qnn_oriented,logreg,1,4,4,16,2.0,1.1,True,qnn_oriented,standard,80,,,,,,,7.167940600000293,,,,,,,,,,,,,,,,0.7708333333333334,0.25,0.16666666666666666,0.025587636757654988,4.582322108882847e-12,34.854166666666664,31.625,0.05005749374943965,0.17223604350335794,0.021054879096907234,"{""none"": 36, ""residual+conditioning+solver_failure"": 11, ""conditioning+solver_failure"": 1}"
0.9791666666666666,0.9791666666666667,0.9795918367346939,0.998263888888889,0.0013006000008317642,digits_4_vs_9,hybrid_standard_qnn_oriented_svm_rbf,hybrid_standard_qnn_oriented,svm_rbf,1,4,4,16,2.0,1.1,True,qnn_oriented,standard,80,,,,,,,7.167940600000293,,,,,,,,,,,,,,,,0.7708333333333334,0.25,0.16666666666666666,0.025587636757654988,4.582322108882847e-12,34.854166666666664,31.625,0.05005749374943965,0.17223604350335794,0.021054879096907234,"{""none"": 36, ""residual+conditioning+solver_failure"": 11, ""conditioning+solver_failure"": 1}"
1.0,1.0,1.0,1.0,44.290399600002274,digits_4_vs_9,hybrid_standard_qnn_oriented_qnn,hybrid_standard_qnn_oriented,qnn,1,4,4,16,2.0,1.1,True,qnn_oriented,standard,80,,,,,,,7.167940600000293,,,,,,,,,,,,,,,,0.7708333333333334,0.25,0.16666666666666666,0.025587636757654988,4.582322108882847e-12,34.854166666666664,31.625,0.05005749374943965,0.17223604350335794,0.021054879096907234,"{""none"": 36, ""residual+conditioning+solver_failure"": 11, ""conditioning+solver_failure"": 1}"
0.9791666666666666,0.9791666666666667,0.9787234042553191,1.0,0.0027109000002383254,digits_4_vs_9,hybrid_aggressive_qnn_oriented_logreg,hybrid_aggressive_qnn_oriented,logreg,1,4,4,16,2.0,1.1,True,qnn_oriented,aggressive,80,,,,,,,23.039312700002483,,,,,,,,,,,,,,,,0.7708333333333334,0.4791666666666667,0.2708333333333333,0.025587617508547506,4.526846578305387e-12,34.854166666666664,30.291666666666668,0.11243085416670813,0.17223604350335794,0.05365059570835882,"{""none"": 25, ""residual+conditioning+solver_failure"": 12, ""conditioning"": 11}"
0.9791666666666666,0.9791666666666667,0.9795918367346939,1.0,0.0012491000015870668,digits_4_vs_9,hybrid_aggressive_qnn_oriented_svm_rbf,hybrid_aggressive_qnn_oriented,svm_rbf,1,4,4,16,2.0,1.1,True,qnn_oriented,aggressive,80,,,,,,,23.039312700002483,,,,,,,,,,,,,,,,0.7708333333333334,0.4791666666666667,0.2708333333333333,0.025587617508547506,4.526846578305387e-12,34.854166666666664,30.291666666666668,0.11243085416670813,0.17223604350335794,0.05365059570835882,"{""none"": 25, ""residual+conditioning+solver_failure"": 12, ""conditioning"": 11}"
0.9791666666666666,0.9791666666666667,0.9787234042553191,1.0,44.83248040000035,digits_4_vs_9,hybrid_aggressive_qnn_oriented_qnn,hybrid_aggressive_qnn_oriented,qnn,1,4,4,16,2.0,1.1,True,qnn_oriented,aggressive,80,,,,,,,23.039312700002483,,,,,,,,,,,,,,,,0.7708333333333334,0.4791666666666667,0.2708333333333333,0.025587617508547506,4.526846578305387e-12,34.854166666666664,30.291666666666668,0.11243085416670813,0.17223604350335794,0.05365059570835882,"{""none"": 25, ""residual+conditioning+solver_failure"": 12, ""conditioning"": 11}"
0.9791666666666666,0.9791666666666667,0.9787234042553191,1.0,0.0024498999991919845,digits_4_vs_9,hybrid_always_trigger_qnn_oriented_logreg,hybrid_always_trigger_qnn_oriented,logreg,1,4,4,16,2.0,1.1,True,qnn_oriented,always_trigger,80,,,,,,,48.82516140000007,,,,,,,,,,,,,,,,0.7708333333333334,1.0,0.4583333333333333,0.025638656044977406,2.1137030038857777e-12,34.854166666666664,24.9375,0.2782847124995745,0.17223604350335794,0.09635538870486915,"{""residual+conditioning"": 36, ""residual+conditioning+solver_failure"": 12}"
0.9791666666666666,0.9791666666666667,0.9795918367346939,1.0,0.001263399997696979,digits_4_vs_9,hybrid_always_trigger_qnn_oriented_svm_rbf,hybrid_always_trigger_qnn_oriented,svm_rbf,1,4,4,16,2.0,1.1,True,qnn_oriented,always_trigger,80,,,,,,,48.82516140000007,,,,,,,,,,,,,,,,0.7708333333333334,1.0,0.4583333333333333,0.025638656044977406,2.1137030038857777e-12,34.854166666666664,24.9375,0.2782847124995745,0.17223604350335794,0.09635538870486915,"{""residual+conditioning"": 36, ""residual+conditioning+solver_failure"": 12}"
1.0,1.0,1.0,1.0,44.1076510999992,digits_4_vs_9,hybrid_always_trigger_qnn_oriented_qnn,hybrid_always_trigger_qnn_oriented,qnn,1,4,4,16,2.0,1.1,True,qnn_oriented,always_trigger,80,,,,,,,48.82516140000007,,,,,,,,,,,,,,,,0.7708333333333334,1.0,0.4583333333333333,0.025638656044977406,2.1137030038857777e-12,34.854166666666664,24.9375,0.2782847124995745,0.17223604350335794,0.09635538870486915,"{""residual+conditioning"": 36, ""residual+conditioning+solver_failure"": 12}"
0.9791666666666666,0.9791666666666667,0.9787234042553191,1.0,0.0023262000031536445,digits_4_vs_9,hybrid_qnn_lenient_qnn_oriented_logreg,hybrid_qnn_lenient_qnn_oriented,logreg,1,4,4,16,2.0,1.1,True,qnn_oriented,qnn_lenient,80,,,,,,,48.67077390000122,,,,,,,,,,,,,,,,0.7708333333333334,1.0,0.4583333333333333,0.025638656044977406,2.1137030038857777e-12,34.854166666666664,24.9375,0.278989370833339,0.17223604350335794,0.09635538870486915,"{""residual+conditioning"": 36, ""residual+conditioning+solver_failure"": 12}"
0.9791666666666666,0.9791666666666667,0.9795918367346939,1.0,0.0012610999983735383,digits_4_vs_9,hybrid_qnn_lenient_qnn_oriented_svm_rbf,hybrid_qnn_lenient_qnn_oriented,svm_rbf,1,4,4,16,2.0,1.1,True,qnn_oriented,qnn_lenient,80,,,,,,,48.67077390000122,,,,,,,,,,,,,,,,0.7708333333333334,1.0,0.4583333333333333,0.025638656044977406,2.1137030038857777e-12,34.854166666666664,24.9375,0.278989370833339,0.17223604350335794,0.09635538870486915,"{""residual+conditioning"": 36, ""residual+conditioning+solver_failure"": 12}"
1.0,1.0,1.0,1.0,44.8733241000009,digits_4_vs_9,hybrid_qnn_lenient_qnn_oriented_qnn,hybrid_qnn_lenient_qnn_oriented,qnn,1,4,4,16,2.0,1.1,True,qnn_oriented,qnn_lenient,80,,,,,,,48.67077390000122,,,,,,,,,,,,,,,,0.7708333333333334,1.0,0.4583333333333333,0.025638656044977406,2.1137030038857777e-12,34.854166666666664,24.9375,0.278989370833339,0.17223604350335794,0.09635538870486915,"{""residual+conditioning"": 36, ""residual+conditioning+solver_failure"": 12}"
0.9791666666666666,0.9791666666666667,0.9787234042553191,1.0,0.002386700001807185,digits_4_vs_9,forced_qnn_exploratory_logreg,forced_qnn_exploratory,logreg,1,4,4,16,2.0,1.1,True,qnn_exploratory,standard,80,,,,,,,53.16265030000068,0.7708333333333334,0.5208333333333334,0.75,0.4583333333333333,0.04296448888671798,0.1044237980721054,0.02556434878784049,4.612399964748761e-12,0.04977720825986496,34.854166666666664,19.5625,2085.9791666666665,0.328233752083482,0.17223604350335794,0.09782056802439602,,,,,,,,,,,
0.9791666666666666,0.9791666666666667,0.9795918367346939,0.9965277777777778,0.0012741999998979736,digits_4_vs_9,forced_qnn_exploratory_svm_rbf,forced_qnn_exploratory,svm_rbf,1,4,4,16,2.0,1.1,True,qnn_exploratory,standard,80,,,,,,,53.16265030000068,0.7708333333333334,0.5208333333333334,0.75,0.4583333333333333,0.04296448888671798,0.1044237980721054,0.02556434878784049,4.612399964748761e-12,0.04977720825986496,34.854166666666664,19.5625,2085.9791666666665,0.328233752083482,0.17223604350335794,0.09782056802439602,,,,,,,,,,,
0.9791666666666666,0.9791666666666667,0.9787234042553191,1.0,44.98029769999994,digits_4_vs_9,forced_qnn_exploratory_qnn,forced_qnn_exploratory,qnn,1,4,4,16,2.0,1.1,True,qnn_exploratory,standard,80,,,,,,,53.16265030000068,0.7708333333333334,0.5208333333333334,0.75,0.4583333333333333,0.04296448888671798,0.1044237980721054,0.02556434878784049,4.612399964748761e-12,0.04977720825986496,34.854166666666664,19.5625,2085.9791666666665,0.328233752083482,0.17223604350335794,0.09782056802439602,,,,,,,,,,,
0.9791666666666666,0.9791666666666667,0.9787234042553191,1.0,0.0026271999995515216,digits_4_vs_9,hybrid_standard_qnn_exploratory_logreg,hybrid_standard_qnn_exploratory,logreg,1,4,4,16,2.0,1.1,True,qnn_exploratory,standard,80,,,,,,,8.524498599999788,,,,,,,,,,,,,,,,0.7708333333333334,0.25,0.14583333333333334,0.0256219803918042,4.582322108882847e-12,34.854166666666664,31.645833333333332,0.06487964374984283,0.17223604350335794,0.02141582478734554,"{""none"": 36, ""residual+conditioning+solver_failure"": 11, ""conditioning+solver_failure"": 1}"
0.9791666666666666,0.9791666666666667,0.9795918367346939,0.998263888888889,0.0013650000000779983,digits_4_vs_9,hybrid_standard_qnn_exploratory_svm_rbf,hybrid_standard_qnn_exploratory,svm_rbf,1,4,4,16,2.0,1.1,True,qnn_exploratory,standard,80,,,,,,,8.524498599999788,,,,,,,,,,,,,,,,0.7708333333333334,0.25,0.14583333333333334,0.0256219803918042,4.582322108882847e-12,34.854166666666664,31.645833333333332,0.06487964374984283,0.17223604350335794,0.02141582478734554,"{""none"": 36, ""residual+conditioning+solver_failure"": 11, ""conditioning+solver_failure"": 1}"
0.9791666666666666,0.9791666666666667,0.9787234042553191,1.0,45.712720600000466,digits_4_vs_9,hybrid_standard_qnn_exploratory_qnn,hybrid_standard_qnn_exploratory,qnn,1,4,4,16,2.0,1.1,True,qnn_exploratory,standard,80,,,,,,,8.524498599999788,,,,,,,,,,,,,,,,0.7708333333333334,0.25,0.14583333333333334,0.0256219803918042,4.582322108882847e-12,34.854166666666664,31.645833333333332,0.06487964374984283,0.17223604350335794,0.02141582478734554,"{""none"": 36, ""residual+conditioning+solver_failure"": 11, ""conditioning+solver_failure"": 1}"
0.9791666666666666,0.9791666666666667,0.9787234042553191,1.0,0.00300490000154241,digits_4_vs_9,hybrid_aggressive_qnn_exploratory_logreg,hybrid_aggressive_qnn_exploratory,logreg,1,4,4,16,2.0,1.1,True,qnn_exploratory,aggressive,80,,,,,,,26.80660480000006,,,,,,,,,,,,,,,,0.7708333333333334,0.4791666666666667,0.2708333333333333,0.025621151573832376,4.105006265264747e-12,34.854166666666664,29.333333333333332,0.1680361187500997,0.17223604350335794,0.06049212820915592,"{""none"": 25, ""residual+conditioning+solver_failure"": 12, ""conditioning"": 11}"
0.9791666666666666,0.9791666666666667,0.9795918367346939,1.0,0.001263199999812059,digits_4_vs_9,hybrid_aggressive_qnn_exploratory_svm_rbf,hybrid_aggressive_qnn_exploratory,svm_rbf,1,4,4,16,2.0,1.1,True,qnn_exploratory,aggressive,80,,,,,,,26.80660480000006,,,,,,,,,,,,,,,,0.7708333333333334,0.4791666666666667,0.2708333333333333,0.025621151573832376,4.105006265264747e-12,34.854166666666664,29.333333333333332,0.1680361187500997,0.17223604350335794,0.06049212820915592,"{""none"": 25, ""residual+conditioning+solver_failure"": 12, ""conditioning"": 11}"
0.9791666666666666,0.9791666666666667,0.9787234042553191,1.0,45.20937829999821,digits_4_vs_9,hybrid_aggressive_qnn_exploratory_qnn,hybrid_aggressive_qnn_exploratory,qnn,1,4,4,16,2.0,1.1,True,qnn_exploratory,aggressive,80,,,,,,,26.80660480000006,,,,,,,,,,,,,,,,0.7708333333333334,0.4791666666666667,0.2708333333333333,0.025621151573832376,4.105006265264747e-12,34.854166666666664,29.333333333333332,0.1680361187500997,0.17223604350335794,0.06049212820915592,"{""none"": 25, ""residual+conditioning+solver_failure"": 12, ""conditioning"": 11}"
0.9791666666666666,0.9791666666666667,0.9787234042553191,1.0,0.0021956999989924952,digits_4_vs_9,hybrid_always_trigger_qnn_exploratory_logreg,hybrid_always_trigger_qnn_exploratory,logreg,1,4,4,16,2.0,1.1,True,qnn_exploratory,always_trigger,80,,,,,,,53.45847480000157,,,,,,,,,,,,,,,,0.7708333333333334,1.0,0.5,0.02562180694497089,1.3357886794709857e-12,34.854166666666664,25.3125,0.32643946666644297,0.17223604350335794,0.0979002765596743,"{""residual+conditioning"": 36, ""residual+conditioning+solver_failure"": 12}"
0.9791666666666666,0.9791666666666667,0.9795918367346939,0.998263888888889,0.0012786000006599352,digits_4_vs_9,hybrid_always_trigger_qnn_exploratory_svm_rbf,hybrid_always_trigger_qnn_exploratory,svm_rbf,1,4,4,16,2.0,1.1,True,qnn_exploratory,always_trigger,80,,,,,,,53.45847480000157,,,,,,,,,,,,,,,,0.7708333333333334,1.0,0.5,0.02562180694497089,1.3357886794709857e-12,34.854166666666664,25.3125,0.32643946666644297,0.17223604350335794,0.0979002765596743,"{""residual+conditioning"": 36, ""residual+conditioning+solver_failure"": 12}"
1.0,1.0,1.0,1.0,45.81871659999888,digits_4_vs_9,hybrid_always_trigger_qnn_exploratory_qnn,hybrid_always_trigger_qnn_exploratory,qnn,1,4,4,16,2.0,1.1,True,qnn_exploratory,always_trigger,80,,,,,,,53.45847480000157,,,,,,,,,,,,,,,,0.7708333333333334,1.0,0.5,0.02562180694497089,1.3357886794709857e-12,34.854166666666664,25.3125,0.32643946666644297,0.17223604350335794,0.0979002765596743,"{""residual+conditioning"": 36, ""residual+conditioning+solver_failure"": 12}"
0.9791666666666666,0.9791666666666667,0.9787234042553191,1.0,0.0026448999997228384,digits_4_vs_9,hybrid_qnn_lenient_qnn_exploratory_logreg,hybrid_qnn_lenient_qnn_exploratory,logreg,1,4,4,16,2.0,1.1,True,qnn_exploratory,qnn_lenient,80,,,,,,,53.37847730000067,,,,,,,,,,,,,,,,0.7708333333333334,1.0,0.5208333333333334,0.025621806944999714,1.3357886794709857e-12,34.854166666666664,25.041666666666668,0.32529506875016523,0.17223604350335794,0.0979002765596743,"{""residual+conditioning"": 36, ""residual+conditioning+solver_failure"": 12}"
0.9791666666666666,0.9791666666666667,0.9795918367346939,0.998263888888889,0.001276700000744313,digits_4_vs_9,hybrid_qnn_lenient_qnn_exploratory_svm_rbf,hybrid_qnn_lenient_qnn_exploratory,svm_rbf,1,4,4,16,2.0,1.1,True,qnn_exploratory,qnn_lenient,80,,,,,,,53.37847730000067,,,,,,,,,,,,,,,,0.7708333333333334,1.0,0.5208333333333334,0.025621806944999714,1.3357886794709857e-12,34.854166666666664,25.041666666666668,0.32529506875016523,0.17223604350335794,0.0979002765596743,"{""residual+conditioning"": 36, ""residual+conditioning+solver_failure"": 12}"
1.0,1.0,1.0,1.0,46.24053239999921,digits_4_vs_9,hybrid_qnn_lenient_qnn_exploratory_qnn,hybrid_qnn_lenient_qnn_exploratory,qnn,1,4,4,16,2.0,1.1,True,qnn_exploratory,qnn_lenient,80,,,,,,,53.37847730000067,,,,,,,,,,,,,,,,0.7708333333333334,1.0,0.5208333333333334,0.025621806944999714,1.3357886794709857e-12,34.854166666666664,25.041666666666668,0.32529506875016523,0.17223604350335794,0.0979002765596743,"{""residual+conditioning"": 36, ""residual+conditioning+solver_failure"": 12}"
0.9791666666666666,0.9791666666666667,0.9787234042553191,1.0,0.0028979999988223426,digits_4_vs_9,forced_no_detector_logreg,forced_no_detector,logreg,1,4,4,16,2.0,1.1,True,no_detector,standard,80,,,,,,,13.267146300000604,0.7916666666666666,0.5625,0.75,0.5208333333333334,0.04296448888671798,0.07837415712695256,0.020592857040026186,4.612399964748761e-12,3.1974352491565713e-11,34.854166666666664,24.625,1794.8541666666667,0.07691523125026833,0.17223604350335794,0.11421460146723333,,,,,,,,,,,
0.9583333333333334,0.9583333333333334,0.9583333333333334,0.9947916666666667,0.0012749999987136107,digits_4_vs_9,forced_no_detector_svm_rbf,forced_no_detector,svm_rbf,1,4,4,16,2.0,1.1,True,no_detector,standard,80,,,,,,,13.267146300000604,0.7916666666666666,0.5625,0.75,0.5208333333333334,0.04296448888671798,0.07837415712695256,0.020592857040026186,4.612399964748761e-12,3.1974352491565713e-11,34.854166666666664,24.625,1794.8541666666667,0.07691523125026833,0.17223604350335794,0.11421460146723333,,,,,,,,,,,
0.9791666666666666,0.9791666666666667,0.9795918367346939,0.9947916666666667,44.46211519999997,digits_4_vs_9,forced_no_detector_qnn,forced_no_detector,qnn,1,4,4,16,2.0,1.1,True,no_detector,standard,80,,,,,,,13.267146300000604,0.7916666666666666,0.5625,0.75,0.5208333333333334,0.04296448888671798,0.07837415712695256,0.020592857040026186,4.612399964748761e-12,3.1974352491565713e-11,34.854166666666664,24.625,1794.8541666666667,0.07691523125026833,0.17223604350335794,0.11421460146723333,,,,,,,,,,,
0.9791666666666666,0.9791666666666667,0.9787234042553191,1.0,0.003131599998596357,digits_4_vs_9,hybrid_standard_no_detector_logreg,hybrid_standard_no_detector,logreg,1,4,4,16,2.0,1.1,True,no_detector,standard,80,,,,,,,2.3736147999989043,,,,,,,,,,,,,,,,0.7916666666666666,0.25,0.1875,0.020592857042818585,4.105006265264747e-12,34.854166666666664,31.25,0.01996891249965908,0.17223604350335794,0.03268868388462734,"{""none"": 36, ""residual+conditioning+solver_failure"": 11, ""conditioning+solver_failure"": 1}"
0.9791666666666666,0.9791666666666667,0.9795918367346939,0.9930555555555556,0.0012625999988813419,digits_4_vs_9,hybrid_standard_no_detector_svm_rbf,hybrid_standard_no_detector,svm_rbf,1,4,4,16,2.0,1.1,True,no_detector,standard,80,,,,,,,2.3736147999989043,,,,,,,,,,,,,,,,0.7916666666666666,0.25,0.1875,0.020592857042818585,4.105006265264747e-12,34.854166666666664,31.25,0.01996891249965908,0.17223604350335794,0.03268868388462734,"{""none"": 36, ""residual+conditioning+solver_failure"": 11, ""conditioning+solver_failure"": 1}"
0.9791666666666666,0.9791666666666667,0.9795918367346939,1.0,43.992771500001254,digits_4_vs_9,hybrid_standard_no_detector_qnn,hybrid_standard_no_detector,qnn,1,4,4,16,2.0,1.1,True,no_detector,standard,80,,,,,,,2.3736147999989043,,,,,,,,,,,,,,,,0.7916666666666666,0.25,0.1875,0.020592857042818585,4.105006265264747e-12,34.854166666666664,31.25,0.01996891249965908,0.17223604350335794,0.03268868388462734,"{""none"": 36, ""residual+conditioning+solver_failure"": 11, ""conditioning+solver_failure"": 1}"
0.9791666666666666,0.9791666666666667,0.9787234042553191,1.0,0.002309100000275066,digits_4_vs_9,hybrid_aggressive_no_detector_logreg,hybrid_aggressive_no_detector,logreg,1,4,4,16,2.0,1.1,True,no_detector,aggressive,80,,,,,,,6.518342399998801,,,,,,,,,,,,,,,,0.7916666666666666,0.4791666666666667,0.2916666666666667,0.020592857042699465,3.458781696290765e-12,34.854166666666664,30.270833333333332,0.036707906250133725,0.17223604350335794,0.06725635297238455,"{""none"": 25, ""residual+conditioning+solver_failure"": 12, ""conditioning"": 11}"
0.9791666666666666,0.9791666666666667,0.9795918367346939,0.9930555555555556,0.0012676999976974912,digits_4_vs_9,hybrid_aggressive_no_detector_svm_rbf,hybrid_aggressive_no_detector,svm_rbf,1,4,4,16,2.0,1.1,True,no_detector,aggressive,80,,,,,,,6.518342399998801,,,,,,,,,,,,,,,,0.7916666666666666,0.4791666666666667,0.2916666666666667,0.020592857042699465,3.458781696290765e-12,34.854166666666664,30.270833333333332,0.036707906250133725,0.17223604350335794,0.06725635297238455,"{""none"": 25, ""residual+conditioning+solver_failure"": 12, ""conditioning"": 11}"
0.9791666666666666,0.9791666666666667,0.9795918367346939,1.0,45.51198469999872,digits_4_vs_9,hybrid_aggressive_no_detector_qnn,hybrid_aggressive_no_detector,qnn,1,4,4,16,2.0,1.1,True,no_detector,aggressive,80,,,,,,,6.518342399998801,,,,,,,,,,,,,,,,0.7916666666666666,0.4791666666666667,0.2916666666666667,0.020592857042699465,3.458781696290765e-12,34.854166666666664,30.270833333333332,0.036707906250133725,0.17223604350335794,0.06725635297238455,"{""none"": 25, ""residual+conditioning+solver_failure"": 12, ""conditioning"": 11}"
0.9791666666666666,0.9791666666666667,0.9787234042553191,1.0,0.0022419000015361235,digits_4_vs_9,hybrid_always_trigger_no_detector_logreg,hybrid_always_trigger_no_detector,logreg,1,4,4,16,2.0,1.1,True,no_detector,always_trigger,80,,,,,,,13.257728900000075,,,,,,,,,,,,,,,,0.7916666666666666,1.0,0.5625,0.020592857040026186,1.322163840924983e-12,34.854166666666664,26.520833333333332,0.07677805833304774,0.17223604350335794,0.11421460146723333,"{""residual+conditioning"": 36, ""residual+conditioning+solver_failure"": 12}"
0.9583333333333334,0.9583333333333334,0.9583333333333334,0.9947916666666667,0.001342399998975452,digits_4_vs_9,hybrid_always_trigger_no_detector_svm_rbf,hybrid_always_trigger_no_detector,svm_rbf,1,4,4,16,2.0,1.1,True,no_detector,always_trigger,80,,,,,,,13.257728900000075,,,,,,,,,,,,,,,,0.7916666666666666,1.0,0.5625,0.020592857040026186,1.322163840924983e-12,34.854166666666664,26.520833333333332,0.07677805833304774,0.17223604350335794,0.11421460146723333,"{""residual+conditioning"": 36, ""residual+conditioning+solver_failure"": 12}"
0.9791666666666666,0.9791666666666667,0.9795918367346939,0.9947916666666667,45.22907489999852,digits_4_vs_9,hybrid_always_trigger_no_detector_qnn,hybrid_always_trigger_no_detector,qnn,1,4,4,16,2.0,1.1,True,no_detector,always_trigger,80,,,,,,,13.257728900000075,,,,,,,,,,,,,,,,0.7916666666666666,1.0,0.5625,0.020592857040026186,1.322163840924983e-12,34.854166666666664,26.520833333333332,0.07677805833304774,0.17223604350335794,0.11421460146723333,"{""residual+conditioning"": 36, ""residual+conditioning+solver_failure"": 12}"
0.9791666666666666,0.9791666666666667,0.9787234042553191,1.0,0.002029200000833953,digits_4_vs_9,hybrid_qnn_lenient_no_detector_logreg,hybrid_qnn_lenient_no_detector,logreg,1,4,4,16,2.0,1.1,True,no_detector,qnn_lenient,80,,,,,,,13.246921600002679,,,,,,,,,,,,,,,,0.7916666666666666,1.0,0.5833333333333334,0.02186734959328147,1.322163840924983e-12,34.854166666666664,26.083333333333332,0.07672623333307153,0.17223604350335794,0.11421460146723333,"{""residual+conditioning"": 36, ""residual+conditioning+solver_failure"": 12}"
0.9583333333333334,0.9583333333333334,0.9583333333333334,0.9930555555555556,0.0012409999981173314,digits_4_vs_9,hybrid_qnn_lenient_no_detector_svm_rbf,hybrid_qnn_lenient_no_detector,svm_rbf,1,4,4,16,2.0,1.1,True,no_detector,qnn_lenient,80,,,,,,,13.246921600002679,,,,,,,,,,,,,,,,0.7916666666666666,1.0,0.5833333333333334,0.02186734959328147,1.322163840924983e-12,34.854166666666664,26.083333333333332,0.07672623333307153,0.17223604350335794,0.11421460146723333,"{""residual+conditioning"": 36, ""residual+conditioning+solver_failure"": 12}"
0.9583333333333334,0.9583333333333334,0.9583333333333334,0.9895833333333334,43.526774099998875,digits_4_vs_9,hybrid_qnn_lenient_no_detector_qnn,hybrid_qnn_lenient_no_detector,qnn,1,4,4,16,2.0,1.1,True,no_detector,qnn_lenient,80,,,,,,,13.246921600002679,,,,,,,,,,,,,,,,0.7916666666666666,1.0,0.5833333333333334,0.02186734959328147,1.322163840924983e-12,34.854166666666664,26.083333333333332,0.07672623333307153,0.17223604350335794,0.11421460146723333,"{""residual+conditioning"": 36, ""residual+conditioning+solver_failure"": 12}"
0.9791666666666666,0.9791666666666667,0.9787234042553191,0.998263888888889,0.00242929999876651,digits_4_vs_9,forced_residual_only_logreg,forced_residual_only,logreg,1,4,4,16,2.0,1.1,True,residual_only,standard,80,,,,,,,7.544273399998929,0.7708333333333334,0.6458333333333334,0.75,0.4791666666666667,0.04296448888671798,0.09476046414993754,0.027139469658797405,4.612399964748761e-12,0.02859408154401493,34.854166666666664,13.3125,2457.1458333333335,0.045629935416703425,0.17223604350335794,0.10864332513925451,,,,,,,,,,,
1.0,1.0,1.0,1.0,0.0013228000025264919,digits_4_vs_9,forced_residual_only_svm_rbf,forced_residual_only,svm_rbf,1,4,4,16,2.0,1.1,True,residual_only,standard,80,,,,,,,7.544273399998929,0.7708333333333334,0.6458333333333334,0.75,0.4791666666666667,0.04296448888671798,0.09476046414993754,0.027139469658797405,4.612399964748761e-12,0.02859408154401493,34.854166666666664,13.3125,2457.1458333333335,0.045629935416703425,0.17223604350335794,0.10864332513925451,,,,,,,,,,,
1.0,1.0,1.0,1.0,44.231149999999616,digits_4_vs_9,forced_residual_only_qnn,forced_residual_only,qnn,1,4,4,16,2.0,1.1,True,residual_only,standard,80,,,,,,,7.544273399998929,0.7708333333333334,0.6458333333333334,0.75,0.4791666666666667,0.04296448888671798,0.09476046414993754,0.027139469658797405,4.612399964748761e-12,0.02859408154401493,34.854166666666664,13.3125,2457.1458333333335,0.045629935416703425,0.17223604350335794,0.10864332513925451,,,,,,,,,,,
0.9791666666666666,0.9791666666666667,0.9787234042553191,1.0,0.0024959999973361846,digits_4_vs_9,hybrid_standard_residual_only_logreg,hybrid_standard_residual_only,logreg,1,4,4,16,2.0,1.1,True,residual_only,standard,80,,,,,,,1.1676367999971262,,,,,,,,,,,,,,,,0.7708333333333334,0.25,0.16666666666666666,0.02720587386907243,4.582322108882847e-12,34.854166666666664,30.645833333333332,0.00808400833337449,0.17223604350335794,0.021957955813528832,"{""none"": 36, ""residual+conditioning+solver_failure"": 11, ""conditioning+solver_failure"": 1}"
1.0,1.0,1.0,1.0,0.001442299999325769,digits_4_vs_9,hybrid_standard_residual_only_svm_rbf,hybrid_standard_residual_only,svm_rbf,1,4,4,16,2.0,1.1,True,residual_only,standard,80,,,,,,,1.1676367999971262,,,,,,,,,,,,,,,,0.7708333333333334,0.25,0.16666666666666666,0.02720587386907243,4.582322108882847e-12,34.854166666666664,30.645833333333332,0.00808400833337449,0.17223604350335794,0.021957955813528832,"{""none"": 36, ""residual+conditioning+solver_failure"": 11, ""conditioning+solver_failure"": 1}"
1.0,1.0,1.0,1.0,44.525694699997985,digits_4_vs_9,hybrid_standard_residual_only_qnn,hybrid_standard_residual_only,qnn,1,4,4,16,2.0,1.1,True,residual_only,standard,80,,,,,,,1.1676367999971262,,,,,,,,,,,,,,,,0.7708333333333334,0.25,0.16666666666666666,0.02720587386907243,4.582322108882847e-12,34.854166666666664,30.645833333333332,0.00808400833337449,0.17223604350335794,0.021957955813528832,"{""none"": 36, ""residual+conditioning+solver_failure"": 11, ""conditioning+solver_failure"": 1}"
0.9791666666666666,0.9791666666666667,0.9787234042553191,0.998263888888889,0.0025717999997141305,digits_4_vs_9,hybrid_aggressive_residual_only_logreg,hybrid_aggressive_residual_only,logreg,1,4,4,16,2.0,1.1,True,residual_only,aggressive,80,,,,,,,3.31403009999849,,,,,,,,,,,,,,,,0.7708333333333334,0.4791666666666667,0.2916666666666667,0.027205873868772906,3.458781696290765e-12,34.854166666666664,27.416666666666668,0.01927540416674371,0.17223604350335794,0.05025880972409562,"{""none"": 25, ""residual+conditioning+solver_failure"": 12, ""conditioning"": 11}"
1.0,1.0,1.0,1.0,0.0014629999968747143,digits_4_vs_9,hybrid_aggressive_residual_only_svm_rbf,hybrid_aggressive_residual_only,svm_rbf,1,4,4,16,2.0,1.1,True,residual_only,aggressive,80,,,,,,,3.31403009999849,,,,,,,,,,,,,,,,0.7708333333333334,0.4791666666666667,0.2916666666666667,0.027205873868772906,3.458781696290765e-12,34.854166666666664,27.416666666666668,0.01927540416674371,0.17223604350335794,0.05025880972409562,"{""none"": 25, ""residual+conditioning+solver_failure"": 12, ""conditioning"": 11}"
1.0,1.0,1.0,1.0,46.053053999999975,digits_4_vs_9,hybrid_aggressive_residual_only_qnn,hybrid_aggressive_residual_only,qnn,1,4,4,16,2.0,1.1,True,residual_only,aggressive,80,,,,,,,3.31403009999849,,,,,,,,,,,,,,,,0.7708333333333334,0.4791666666666667,0.2916666666666667,0.027205873868772906,3.458781696290765e-12,34.854166666666664,27.416666666666668,0.01927540416674371,0.17223604350335794,0.05025880972409562,"{""none"": 25, ""residual+conditioning+solver_failure"": 12, ""conditioning"": 11}"
0.9791666666666666,0.9791666666666667,0.9787234042553191,0.998263888888889,0.002091999998810934,digits_4_vs_9,hybrid_always_trigger_residual_only_logreg,hybrid_always_trigger_residual_only,logreg,1,4,4,16,2.0,1.1,True,residual_only,always_trigger,80,,,,,,,7.543118699999468,,,,,,,,,,,,,,,,0.7708333333333334,1.0,0.625,0.027205873865717777,3.2430129701500505e-13,34.854166666666664,18.854166666666668,0.0455162437498681,0.17223604350335794,0.10864332513925451,"{""residual+conditioning"": 36, ""residual+conditioning+solver_failure"": 12}"
1.0,1.0,1.0,1.0,0.0013913000002503395,digits_4_vs_9,hybrid_always_trigger_residual_only_svm_rbf,hybrid_always_trigger_residual_only,svm_rbf,1,4,4,16,2.0,1.1,True,residual_only,always_trigger,80,,,,,,,7.543118699999468,,,,,,,,,,,,,,,,0.7708333333333334,1.0,0.625,0.027205873865717777,3.2430129701500505e-13,34.854166666666664,18.854166666666668,0.0455162437498681,0.17223604350335794,0.10864332513925451,"{""residual+conditioning"": 36, ""residual+conditioning+solver_failure"": 12}"
1.0,1.0,1.0,1.0,45.096868699998595,digits_4_vs_9,hybrid_always_trigger_residual_only_qnn,hybrid_always_trigger_residual_only,qnn,1,4,4,16,2.0,1.1,True,residual_only,always_trigger,80,,,,,,,7.543118699999468,,,,,,,,,,,,,,,,0.7708333333333334,1.0,0.625,0.027205873865717777,3.2430129701500505e-13,34.854166666666664,18.854166666666668,0.0455162437498681,0.17223604350335794,0.10864332513925451,"{""residual+conditioning"": 36, ""residual+conditioning+solver_failure"": 12}"
0.9791666666666666,0.9791666666666667,0.9787234042553191,0.998263888888889,0.0025713000031828415,digits_4_vs_9,hybrid_qnn_lenient_residual_only_logreg,hybrid_qnn_lenient_residual_only,logreg,1,4,4,16,2.0,1.1,True,residual_only,qnn_lenient,80,,,,,,,7.629226199998811,,,,,,,,,,,,,,,,0.7708333333333334,1.0,0.6458333333333334,0.028501694752922135,3.2430129701500505e-13,34.854166666666664,18.416666666666668,0.04569596250015214,0.17223604350335794,0.10864332513925451,"{""residual+conditioning"": 36, ""residual+conditioning+solver_failure"": 12}"
1.0,1.0,1.0,1.0,0.001307700000324985,digits_4_vs_9,hybrid_qnn_lenient_residual_only_svm_rbf,hybrid_qnn_lenient_residual_only,svm_rbf,1,4,4,16,2.0,1.1,True,residual_only,qnn_lenient,80,,,,,,,7.629226199998811,,,,,,,,,,,,,,,,0.7708333333333334,1.0,0.6458333333333334,0.028501694752922135,3.2430129701500505e-13,34.854166666666664,18.416666666666668,0.04569596250015214,0.17223604350335794,0.10864332513925451,"{""residual+conditioning"": 36, ""residual+conditioning+solver_failure"": 12}"
1.0,1.0,1.0,1.0,46.07227399999829,digits_4_vs_9,hybrid_qnn_lenient_residual_only_qnn,hybrid_qnn_lenient_residual_only,qnn,1,4,4,16,2.0,1.1,True,residual_only,qnn_lenient,80,,,,,,,7.629226199998811,,,,,,,,,,,,,,,,0.7708333333333334,1.0,0.6458333333333334,0.028501694752922135,3.2430129701500505e-13,34.854166666666664,18.416666666666668,0.04569596250015214,0.17223604350335794,0.10864332513925451,"{""residual+conditioning"": 36, ""residual+conditioning+solver_failure"": 12}"
0.9583333333333334,0.9583333333333333,0.96,0.9704861111111112,0.0015662000005249865,digits_4_vs_9,pca_logreg,pca,logreg,2,4,4,16,2.0,1.1,True,full_balanced,standard,80,,,,,,,,,,,,,,,,,,,,,,,,,,,,,,,,,
0.9583333333333334,0.9583333333333333,0.96,0.9618055555555555,0.04646599999978207,digits_4_vs_9,pca_mlp,pca,mlp,2,4,4,16,2.0,1.1,True,full_balanced,standard,80,,,,,,,,,,,,,,,,,,,,,,,,,,,,,,,,,
0.9583333333333334,0.9583333333333333,0.96,0.986111111111111,0.001128799998696195,digits_4_vs_9,pca_svm_rbf,pca,svm_rbf,2,4,4,16,2.0,1.1,True,full_balanced,standard,80,,,,,,,,,,,,,,,,,,,,,,,,,,,,,,,,,
0.9583333333333334,0.9583333333333333,0.96,0.967013888888889,45.977122100001,digits_4_vs_9,pca_qnn,pca,qnn,2,4,4,16,2.0,1.1,True,full_balanced,standard,80,,,,,,,,,,,,,,,,,,,,,,,,,,,,,,,,,
0.9583333333333334,0.9583333333333333,0.96,0.984375,0.002062400002614595,digits_4_vs_9,implicit_zero_logreg,implicit_zero,logreg,2,4,4,16,2.0,1.1,True,full_balanced,standard,80,0.7708333333333334,0.03743489380138257,4.232834018376933e-12,31.541666666666668,0.00019247916672308443,0.16351652047736157,0.047829700000875164,,,,,,,,,,,,,,,,,,,,,,,,,,
0.9583333333333334,0.9583333333333333,0.96,0.9965277777777777,0.0018578999988676514,digits_4_vs_9,implicit_zero_svm_rbf,implicit_zero,svm_rbf,2,4,4,16,2.0,1.1,True,full_balanced,standard,80,0.7708333333333334,0.03743489380138257,4.232834018376933e-12,31.541666666666668,0.00019247916672308443,0.16351652047736157,0.047829700000875164,,,,,,,,,,,,,,,,,,,,,,,,,,
0.9583333333333334,0.9583333333333334,0.9583333333333334,0.9722222222222222,46.391047199998866,digits_4_vs_9,implicit_zero_qnn,implicit_zero,qnn,2,4,4,16,2.0,1.1,True,full_balanced,standard,80,0.7708333333333334,0.03743489380138257,4.232834018376933e-12,31.541666666666668,0.00019247916672308443,0.16351652047736157,0.047829700000875164,,,,,,,,,,,,,,,,,,,,,,,,,,
0.9583333333333334,0.9583333333333333,0.96,0.9895833333333333,0.002096299998811446,digits_4_vs_9,forced_full_light_logreg,forced_full_light,logreg,2,4,4,16,2.0,1.1,True,full_light,standard,80,,,,,,,28.96091339999839,0.8125,0.7708333333333334,0.7708333333333334,0.6875,0.03743489380138257,0.06433315128693672,0.028918577799059722,4.232834018376933e-12,5.070966329809512e-16,31.541666666666668,13.645833333333334,2223.75,0.20666001250022722,0.16351652047736157,0.13871304989344943,,,,,,,,,,,
0.9375,0.9375,0.9387755102040817,0.9965277777777777,0.0014183999992383178,digits_4_vs_9,forced_full_light_svm_rbf,forced_full_light,svm_rbf,2,4,4,16,2.0,1.1,True,full_light,standard,80,,,,,,,28.96091339999839,0.8125,0.7708333333333334,0.7708333333333334,0.6875,0.03743489380138257,0.06433315128693672,0.028918577799059722,4.232834018376933e-12,5.070966329809512e-16,31.541666666666668,13.645833333333334,2223.75,0.20666001250022722,0.16351652047736157,0.13871304989344943,,,,,,,,,,,
0.9583333333333334,0.9583333333333334,0.9583333333333334,0.984375,45.42356370000198,digits_4_vs_9,forced_full_light_qnn,forced_full_light,qnn,2,4,4,16,2.0,1.1,True,full_light,standard,80,,,,,,,28.96091339999839,0.8125,0.7708333333333334,0.7708333333333334,0.6875,0.03743489380138257,0.06433315128693672,0.028918577799059722,4.232834018376933e-12,5.070966329809512e-16,31.541666666666668,13.645833333333334,2223.75,0.20666001250022722,0.16351652047736157,0.13871304989344943,,,,,,,,,,,
0.9583333333333334,0.9583333333333333,0.96,0.9895833333333333,0.0016218000018852763,digits_4_vs_9,hybrid_standard_full_light_logreg,hybrid_standard_full_light,logreg,2,4,4,16,2.0,1.1,True,full_light,standard,80,,,,,,,8.442556199999672,,,,,,,,,,,,,,,,0.8125,0.2708333333333333,0.1875,0.028960795610509512,3.543087913212491e-12,31.541666666666668,26.458333333333332,0.04047671458306468,0.16351652047736157,0.0327616193313039,"{""none"": 35, ""residual+conditioning+solver_failure"": 7, ""conditioning"": 2, ""conditioning+solver_failure"": 4}"
0.9375,0.9375,0.9387755102040817,0.9965277777777777,0.0013031999988015741,digits_4_vs_9,hybrid_standard_full_light_svm_rbf,hybrid_standard_full_light,svm_rbf,2,4,4,16,2.0,1.1,True,full_light,standard,80,,,,,,,8.442556199999672,,,,,,,,,,,,,,,,0.8125,0.2708333333333333,0.1875,0.028960795610509512,3.543087913212491e-12,31.541666666666668,26.458333333333332,0.04047671458306468,0.16351652047736157,0.0327616193313039,"{""none"": 35, ""residual+conditioning+solver_failure"": 7, ""conditioning"": 2, ""conditioning+solver_failure"": 4}"
0.9583333333333334,0.9583333333333333,0.96,0.982638888888889,45.11466490000021,digits_4_vs_9,hybrid_standard_full_light_qnn,hybrid_standard_full_light,qnn,2,4,4,16,2.0,1.1,True,full_light,standard,80,,,,,,,8.442556199999672,,,,,,,,,,,,,,,,0.8125,0.2708333333333333,0.1875,0.028960795610509512,3.543087913212491e-12,31.541666666666668,26.458333333333332,0.04047671458306468,0.16351652047736157,0.0327616193313039,"{""none"": 35, ""residual+conditioning+solver_failure"": 7, ""conditioning"": 2, ""conditioning+solver_failure"": 4}"
0.9583333333333334,0.9583333333333333,0.96,0.9895833333333333,0.0017119000003731344,digits_4_vs_9,hybrid_aggressive_full_light_logreg,hybrid_aggressive_full_light,logreg,2,4,4,16,2.0,1.1,True,full_light,aggressive,80,,,,,,,20.45214169999963,,,,,,,,,,,,,,,,0.8125,0.625,0.5,0.02890390342816326,1.6413092765786035e-12,31.541666666666668,20.708333333333332,0.126153833333395,0.16351652047736157,0.08417055894140754,"{""conditioning"": 19, ""residual+conditioning+solver_failure"": 11, ""none"": 18}"
0.9375,0.9375,0.9387755102040817,0.9965277777777777,0.0013858999991498422,digits_4_vs_9,hybrid_aggressive_full_light_svm_rbf,hybrid_aggressive_full_light,svm_rbf,2,4,4,16,2.0,1.1,True,full_light,aggressive,80,,,,,,,20.45214169999963,,,,,,,,,,,,,,,,0.8125,0.625,0.5,0.02890390342816326,1.6413092765786035e-12,31.541666666666668,20.708333333333332,0.126153833333395,0.16351652047736157,0.08417055894140754,"{""conditioning"": 19, ""residual+conditioning+solver_failure"": 11, ""none"": 18}"
0.875,0.875,0.8695652173913043,0.9635416666666667,44.862967999997636,digits_4_vs_9,hybrid_aggressive_full_light_qnn,hybrid_aggressive_full_light,qnn,2,4,4,16,2.0,1.1,True,full_light,aggressive,80,,,,,,,20.45214169999963,,,,,,,,,,,,,,,,0.8125,0.625,0.5,0.02890390342816326,1.6413092765786035e-12,31.541666666666668,20.708333333333332,0.126153833333395,0.16351652047736157,0.08417055894140754,"{""conditioning"": 19, ""residual+conditioning+solver_failure"": 11, ""none"": 18}"
0.9583333333333334,0.9583333333333333,0.96,0.9895833333333333,0.0018807000014930964,digits_4_vs_9,hybrid_always_trigger_full_light_logreg,hybrid_always_trigger_full_light,logreg,2,4,4,16,2.0,1.1,True,full_light,always_trigger,80,,,,,,,28.436827300000004,,,,,,,,,,,,,,,,0.8125,1.0,0.7916666666666666,0.028903838745038813,4.786577197886682e-16,31.541666666666668,15.4375,0.20583032499985165,0.16351652047736157,0.13876182379940175,"{""residual+conditioning"": 37, ""residual+conditioning+solver_failure"": 11}"
0.9375,0.9375,0.9387755102040817,0.9965277777777777,0.0013681000018550549,digits_4_vs_9,hybrid_always_trigger_full_light_svm_rbf,hybrid_always_trigger_full_light,svm_rbf,2,4,4,16,2.0,1.1,True,full_light,always_trigger,80,,,,,,,28.436827300000004,,,,,,,,,,,,,,,,0.8125,1.0,0.7916666666666666,0.028903838745038813,4.786577197886682e-16,31.541666666666668,15.4375,0.20583032499985165,0.16351652047736157,0.13876182379940175,"{""residual+conditioning"": 37, ""residual+conditioning+solver_failure"": 11}"
0.9375,0.9375,0.9387755102040817,0.9878472222222222,45.94720700000107,digits_4_vs_9,hybrid_always_trigger_full_light_qnn,hybrid_always_trigger_full_light,qnn,2,4,4,16,2.0,1.1,True,full_light,always_trigger,80,,,,,,,28.436827300000004,,,,,,,,,,,,,,,,0.8125,1.0,0.7916666666666666,0.028903838745038813,4.786577197886682e-16,31.541666666666668,15.4375,0.20583032499985165,0.16351652047736157,0.13876182379940175,"{""residual+conditioning"": 37, ""residual+conditioning+solver_failure"": 11}"
0.9583333333333334,0.9583333333333333,0.96,0.9895833333333333,0.001677100000961218,digits_4_vs_9,hybrid_qnn_lenient_full_light_logreg,hybrid_qnn_lenient_full_light,logreg,2,4,4,16,2.0,1.1,True,full_light,qnn_lenient,80,,,,,,,28.387218799998664,,,,,,,,,,,,,,,,0.8125,1.0,0.7916666666666666,0.028903838745038813,4.786577197886682e-16,31.541666666666668,15.4375,0.20541246250028658,0.16351652047736157,0.13876182379940175,"{""residual+conditioning"": 37, ""residual+conditioning+solver_failure"": 11}"
0.9375,0.9375,0.9387755102040817,0.9965277777777777,0.001351899998553563,digits_4_vs_9,hybrid_qnn_lenient_full_light_svm_rbf,hybrid_qnn_lenient_full_light,svm_rbf,2,4,4,16,2.0,1.1,True,full_light,qnn_lenient,80,,,,,,,28.387218799998664,,,,,,,,,,,,,,,,0.8125,1.0,0.7916666666666666,0.028903838745038813,4.786577197886682e-16,31.541666666666668,15.4375,0.20541246250028658,0.16351652047736157,0.13876182379940175,"{""residual+conditioning"": 37, ""residual+conditioning+solver_failure"": 11}"
0.9375,0.9375,0.9387755102040817,0.9878472222222222,46.38300680000248,digits_4_vs_9,hybrid_qnn_lenient_full_light_qnn,hybrid_qnn_lenient_full_light,qnn,2,4,4,16,2.0,1.1,True,full_light,qnn_lenient,80,,,,,,,28.387218799998664,,,,,,,,,,,,,,,,0.8125,1.0,0.7916666666666666,0.028903838745038813,4.786577197886682e-16,31.541666666666668,15.4375,0.20541246250028658,0.16351652047736157,0.13876182379940175,"{""residual+conditioning"": 37, ""residual+conditioning+solver_failure"": 11}"
0.9583333333333334,0.9583333333333333,0.96,0.9826388888888888,0.001929900001414353,digits_4_vs_9,forced_full_balanced_logreg,forced_full_balanced,logreg,2,4,4,16,2.0,1.1,True,full_balanced,standard,80,,,,,,,37.84514879999915,0.8125,0.6875,0.7708333333333334,0.5833333333333334,0.03743489380138257,0.08197899320462555,0.026956324335390382,4.232834018376933e-12,4.795480008283643e-16,31.541666666666668,17.645833333333332,2386.3125,0.26497730625010263,0.16351652047736157,0.11208048359111655,,,,,,,,,,,
0.9583333333333334,0.9583333333333333,0.96,0.9965277777777777,0.0013926999999966938,digits_4_vs_9,forced_full_balanced_svm_rbf,forced_full_balanced,svm_rbf,2,4,4,16,2.0,1.1,True,full_balanced,standard,80,,,,,,,37.84514879999915,0.8125,0.6875,0.7708333333333334,0.5833333333333334,0.03743489380138257,0.08197899320462555,0.026956324335390382,4.232834018376933e-12,4.795480008283643e-16,31.541666666666668,17.645833333333332,2386.3125,0.26497730625010263,0.16351652047736157,0.11208048359111655,,,,,,,,,,,
0.9166666666666666,0.9166666666666666,0.9166666666666666,0.9513888888888888,46.568786799998634,digits_4_vs_9,forced_full_balanced_qnn,forced_full_balanced,qnn,2,4,4,16,2.0,1.1,True,full_balanced,standard,80,,,,,,,37.84514879999915,0.8125,0.6875,0.7708333333333334,0.5833333333333334,0.03743489380138257,0.08197899320462555,0.026956324335390382,4.232834018376933e-12,4.795480008283643e-16,31.541666666666668,17.645833333333332,2386.3125,0.26497730625010263,0.16351652047736157,0.11208048359111655,,,,,,,,,,,
0.9583333333333334,0.9583333333333333,0.96,0.984375,0.0018381000008957926,digits_4_vs_9,hybrid_standard_full_balanced_logreg,hybrid_standard_full_balanced,logreg,2,4,4,16,2.0,1.1,True,full_balanced,standard,80,,,,,,,9.73410739999963,,,,,,,,,,,,,,,,0.8125,0.2708333333333333,0.1875,0.026955756577104483,3.543087913212491e-12,31.541666666666668,27.208333333333332,0.05161955208313884,0.16351652047736157,0.03347082997648091,"{""none"": 35, ""residual+conditioning+solver_failure"": 7, ""conditioning"": 2, ""conditioning+solver_failure"": 4}"
0.9583333333333334,0.9583333333333333,0.96,0.9965277777777777,0.0013476999993145,digits_4_vs_9,hybrid_standard_full_balanced_svm_rbf,hybrid_standard_full_balanced,svm_rbf,2,4,4,16,2.0,1.1,True,full_balanced,standard,80,,,,,,,9.73410739999963,,,,,,,,,,,,,,,,0.8125,0.2708333333333333,0.1875,0.026955756577104483,3.543087913212491e-12,31.541666666666668,27.208333333333332,0.05161955208313884,0.16351652047736157,0.03347082997648091,"{""none"": 35, ""residual+conditioning+solver_failure"": 7, ""conditioning"": 2, ""conditioning+solver_failure"": 4}"
0.9583333333333334,0.9583333333333334,0.9583333333333334,0.9722222222222222,45.79740039999888,digits_4_vs_9,hybrid_standard_full_balanced_qnn,hybrid_standard_full_balanced,qnn,2,4,4,16,2.0,1.1,True,full_balanced,standard,80,,,,,,,9.73410739999963,,,,,,,,,,,,,,,,0.8125,0.2708333333333333,0.1875,0.026955756577104483,3.543087913212491e-12,31.541666666666668,27.208333333333332,0.05161955208313884,0.16351652047736157,0.03347082997648091,"{""none"": 35, ""residual+conditioning+solver_failure"": 7, ""conditioning"": 2, ""conditioning+solver_failure"": 4}"
0.9583333333333334,0.9583333333333333,0.96,0.9826388888888888,0.002221400001872098,digits_4_vs_9,hybrid_aggressive_full_balanced_logreg,hybrid_aggressive_full_balanced,logreg,2,4,4,16,2.0,1.1,True,full_balanced,aggressive,80,,,,,,,26.6295844999986,,,,,,,,,,,,,,,,0.8125,0.625,0.4791666666666667,0.02695656820263831,1.6413092765786035e-12,31.541666666666668,22.375,0.1578810687499299,0.16351652047736157,0.07952303724154447,"{""conditioning"": 19, ""residual+conditioning+solver_failure"": 11, ""none"": 18}"
0.9583333333333334,0.9583333333333333,0.96,0.9965277777777777,0.0013536000005842652,digits_4_vs_9,hybrid_aggressive_full_balanced_svm_rbf,hybrid_aggressive_full_balanced,svm_rbf,2,4,4,16,2.0,1.1,True,full_balanced,aggressive,80,,,,,,,26.6295844999986,,,,,,,,,,,,,,,,0.8125,0.625,0.4791666666666667,0.02695656820263831,1.6413092765786035e-12,31.541666666666668,22.375,0.1578810687499299,0.16351652047736157,0.07952303724154447,"{""conditioning"": 19, ""residual+conditioning+solver_failure"": 11, ""none"": 18}"
0.9375,0.9375,0.9387755102040817,0.9895833333333333,43.865133200000855,digits_4_vs_9,hybrid_aggressive_full_balanced_qnn,hybrid_aggressive_full_balanced,qnn,2,4,4,16,2.0,1.1,True,full_balanced,aggressive,80,,,,,,,26.6295844999986,,,,,,,,,,,,,,,,0.8125,0.625,0.4791666666666667,0.02695656820263831,1.6413092765786035e-12,31.541666666666668,22.375,0.1578810687499299,0.16351652047736157,0.07952303724154447,"{""conditioning"": 19, ""residual+conditioning+solver_failure"": 11, ""none"": 18}"
0.9583333333333334,0.9583333333333333,0.96,0.9826388888888888,0.0019504000010783784,digits_4_vs_9,hybrid_always_trigger_full_balanced_logreg,hybrid_always_trigger_full_balanced,logreg,2,4,4,16,2.0,1.1,True,full_balanced,always_trigger,80,,,,,,,37.18956989999788,,,,,,,,,,,,,,,,0.8125,1.0,0.6458333333333334,0.02695610638239283,1.3848056692619275e-13,31.541666666666668,19.479166666666668,0.2549703354167529,0.16351652047736157,0.10067869314737525,"{""residual+conditioning"": 37, ""residual+conditioning+solver_failure"": 11}"
0.9583333333333334,0.9583333333333333,0.96,0.9965277777777777,0.0013437999987218063,digits_4_vs_9,hybrid_always_trigger_full_balanced_svm_rbf,hybrid_always_trigger_full_balanced,svm_rbf,2,4,4,16,2.0,1.1,True,full_balanced,always_trigger,80,,,,,,,37.18956989999788,,,,,,,,,,,,,,,,0.8125,1.0,0.6458333333333334,0.02695610638239283,1.3848056692619275e-13,31.541666666666668,19.479166666666668,0.2549703354167529,0.16351652047736157,0.10067869314737525,"{""residual+conditioning"": 37, ""residual+conditioning+solver_failure"": 11}"
0.9375,0.9375,0.9387755102040817,0.9774305555555555,45.15843269999823,digits_4_vs_9,hybrid_always_trigger_full_balanced_qnn,hybrid_always_trigger_full_balanced,qnn,2,4,4,16,2.0,1.1,True,full_balanced,always_trigger,80,,,,,,,37.18956989999788,,,,,,,,,,,,,,,,0.8125,1.0,0.6458333333333334,0.02695610638239283,1.3848056692619275e-13,31.541666666666668,19.479166666666668,0.2549703354167529,0.16351652047736157,0.10067869314737525,"{""residual+conditioning"": 37, ""residual+conditioning+solver_failure"": 11}"
0.9583333333333334,0.9583333333333333,0.96,0.9826388888888888,0.002226100001280429,digits_4_vs_9,hybrid_qnn_lenient_full_balanced_logreg,hybrid_qnn_lenient_full_balanced,logreg,2,4,4,16,2.0,1.1,True,full_balanced,qnn_lenient,80,,,,,,,37.12874699999884,,,,,,,,,,,,,,,,0.8125,1.0,0.6458333333333334,0.02695610638239283,1.3848056692619275e-13,31.541666666666668,19.479166666666668,0.2551093395832898,0.16351652047736157,0.10067869314737525,"{""residual+conditioning"": 37, ""residual+conditioning+solver_failure"": 11}"
0.9583333333333334,0.9583333333333333,0.96,0.9965277777777777,0.0013629999994009268,digits_4_vs_9,hybrid_qnn_lenient_full_balanced_svm_rbf,hybrid_qnn_lenient_full_balanced,svm_rbf,2,4,4,16,2.0,1.1,True,full_balanced,qnn_lenient,80,,,,,,,37.12874699999884,,,,,,,,,,,,,,,,0.8125,1.0,0.6458333333333334,0.02695610638239283,1.3848056692619275e-13,31.541666666666668,19.479166666666668,0.2551093395832898,0.16351652047736157,0.10067869314737525,"{""residual+conditioning"": 37, ""residual+conditioning+solver_failure"": 11}"
0.9375,0.9375,0.9387755102040817,0.9774305555555555,44.53398079999897,digits_4_vs_9,hybrid_qnn_lenient_full_balanced_qnn,hybrid_qnn_lenient_full_balanced,qnn,2,4,4,16,2.0,1.1,True,full_balanced,qnn_lenient,80,,,,,,,37.12874699999884,,,,,,,,,,,,,,,,0.8125,1.0,0.6458333333333334,0.02695610638239283,1.3848056692619275e-13,31.541666666666668,19.479166666666668,0.2551093395832898,0.16351652047736157,0.10067869314737525,"{""residual+conditioning"": 37, ""residual+conditioning+solver_failure"": 11}"
0.9583333333333334,0.9583333333333333,0.96,0.9895833333333333,0.00213889999940875,digits_4_vs_9,forced_qnn_oriented_logreg,forced_qnn_oriented,logreg,2,4,4,16,2.0,1.1,True,qnn_oriented,standard,80,,,,,,,50.25655790000019,0.7916666666666666,0.7083333333333334,0.7708333333333334,0.5416666666666666,0.03743489380138257,0.08891507501775449,0.02965686784556376,4.232834018376933e-12,6.027625801400053e-14,31.541666666666668,15.875,2634.5833333333335,0.3583040562499112,0.16351652047736157,0.10485522851555767,,,,,,,,,,,
0.9375,0.9375,0.9387755102040817,0.9965277777777777,0.0014401999978872482,digits_4_vs_9,forced_qnn_oriented_svm_rbf,forced_qnn_oriented,svm_rbf,2,4,4,16,2.0,1.1,True,qnn_oriented,standard,80,,,,,,,50.25655790000019,0.7916666666666666,0.7083333333333334,0.7708333333333334,0.5416666666666666,0.03743489380138257,0.08891507501775449,0.02965686784556376,4.232834018376933e-12,6.027625801400053e-14,31.541666666666668,15.875,2634.5833333333335,0.3583040562499112,0.16351652047736157,0.10485522851555767,,,,,,,,,,,
0.9375,0.9375,0.9387755102040817,0.9791666666666666,43.576888199997484,digits_4_vs_9,forced_qnn_oriented_qnn,forced_qnn_oriented,qnn,2,4,4,16,2.0,1.1,True,qnn_oriented,standard,80,,,,,,,50.25655790000019,0.7916666666666666,0.7083333333333334,0.7708333333333334,0.5416666666666666,0.03743489380138257,0.08891507501775449,0.02965686784556376,4.232834018376933e-12,6.027625801400053e-14,31.541666666666668,15.875,2634.5833333333335,0.3583040562499112,0.16351652047736157,0.10485522851555767,,,,,,,,,,,
0.9583333333333334,0.9583333333333333,0.96,0.9895833333333333,0.0018382999987807125,digits_4_vs_9,hybrid_standard_qnn_oriented_logreg,hybrid_standard_qnn_oriented,logreg,2,4,4,16,2.0,1.1,True,qnn_oriented,standard,80,,,,,,,12.982541299999866,,,,,,,,,,,,,,,,0.7916666666666666,0.2708333333333333,0.1875,0.029660547245836614,3.762684203211886e-12,31.541666666666668,26.854166666666668,0.05840588749977845,0.16351652047736157,0.0188006166872577,"{""none"": 35, ""residual+conditioning+solver_failure"": 7, ""conditioning"": 2, ""conditioning+solver_failure"": 4}"
0.9375,0.9375,0.9387755102040817,0.9965277777777777,0.0013462999995681457,digits_4_vs_9,hybrid_standard_qnn_oriented_svm_rbf,hybrid_standard_qnn_oriented,svm_rbf,2,4,4,16,2.0,1.1,True,qnn_oriented,standard,80,,,,,,,12.982541299999866,,,,,,,,,,,,,,,,0.7916666666666666,0.2708333333333333,0.1875,0.029660547245836614,3.762684203211886e-12,31.541666666666668,26.854166666666668,0.05840588749977845,0.16351652047736157,0.0188006166872577,"{""none"": 35, ""residual+conditioning+solver_failure"": 7, ""conditioning"": 2, ""conditioning+solver_failure"": 4}"
0.9375,0.9375,0.9387755102040817,0.9826388888888888,45.675181200000225,digits_4_vs_9,hybrid_standard_qnn_oriented_qnn,hybrid_standard_qnn_oriented,qnn,2,4,4,16,2.0,1.1,True,qnn_oriented,standard,80,,,,,,,12.982541299999866,,,,,,,,,,,,,,,,0.7916666666666666,0.2708333333333333,0.1875,0.029660547245836614,3.762684203211886e-12,31.541666666666668,26.854166666666668,0.05840588749977845,0.16351652047736157,0.0188006166872577,"{""none"": 35, ""residual+conditioning+solver_failure"": 7, ""conditioning"": 2, ""conditioning+solver_failure"": 4}"
0.9583333333333334,0.9583333333333333,0.96,0.9895833333333333,0.0020694000013463665,digits_4_vs_9,hybrid_aggressive_qnn_oriented_logreg,hybrid_aggressive_qnn_oriented,logreg,2,4,4,16,2.0,1.1,True,qnn_oriented,aggressive,80,,,,,,,35.2744246000002,,,,,,,,,,,,,,,,0.7916666666666666,0.625,0.4166666666666667,0.029685374584283945,1.818975190057016e-12,31.541666666666668,22.708333333333332,0.2065119416666524,0.16351652047736157,0.06649659274665888,"{""conditioning"": 19, ""residual+conditioning+solver_failure"": 11, ""none"": 18}"
0.9375,0.9375,0.9387755102040817,0.9965277777777777,0.0014674000012746546,digits_4_vs_9,hybrid_aggressive_qnn_oriented_svm_rbf,hybrid_aggressive_qnn_oriented,svm_rbf,2,4,4,16,2.0,1.1,True,qnn_oriented,aggressive,80,,,,,,,35.2744246000002,,,,,,,,,,,,,,,,0.7916666666666666,0.625,0.4166666666666667,0.029685374584283945,1.818975190057016e-12,31.541666666666668,22.708333333333332,0.2065119416666524,0.16351652047736157,0.06649659274665888,"{""conditioning"": 19, ""residual+conditioning+solver_failure"": 11, ""none"": 18}"
0.875,0.875,0.8695652173913043,0.9652777777777778,44.62190369999735,digits_4_vs_9,hybrid_aggressive_qnn_oriented_qnn,hybrid_aggressive_qnn_oriented,qnn,2,4,4,16,2.0,1.1,True,qnn_oriented,aggressive,80,,,,,,,35.2744246000002,,,,,,,,,,,,,,,,0.7916666666666666,0.625,0.4166666666666667,0.029685374584283945,1.818975190057016e-12,31.541666666666668,22.708333333333332,0.2065119416666524,0.16351652047736157,0.06649659274665888,"{""conditioning"": 19, ""residual+conditioning+solver_failure"": 11, ""none"": 18}"
0.9583333333333334,0.9583333333333333,0.96,0.9895833333333333,0.0017256999999517575,digits_4_vs_9,hybrid_always_trigger_qnn_oriented_logreg,hybrid_always_trigger_qnn_oriented,logreg,2,4,4,16,2.0,1.1,True,qnn_oriented,always_trigger,80,,,,,,,51.863384100000985,,,,,,,,,,,,,,,,0.7916666666666666,1.0,0.6875,0.029680768780888992,5.332345062837991e-16,31.541666666666668,19.145833333333332,0.3700497395836919,0.16351652047736157,0.11025205057344116,"{""residual+conditioning"": 37, ""residual+conditioning+solver_failure"": 11}"
0.9375,0.9375,0.9387755102040817,0.9965277777777777,0.001966700001503341,digits_4_vs_9,hybrid_always_trigger_qnn_oriented_svm_rbf,hybrid_always_trigger_qnn_oriented,svm_rbf,2,4,4,16,2.0,1.1,True,qnn_oriented,always_trigger,80,,,,,,,51.863384100000985,,,,,,,,,,,,,,,,0.7916666666666666,1.0,0.6875,0.029680768780888992,5.332345062837991e-16,31.541666666666668,19.145833333333332,0.3700497395836919,0.16351652047736157,0.11025205057344116,"{""residual+conditioning"": 37, ""residual+conditioning+solver_failure"": 11}"
0.9375,0.9375,0.9387755102040817,0.9878472222222222,44.3551621000006,digits_4_vs_9,hybrid_always_trigger_qnn_oriented_qnn,hybrid_always_trigger_qnn_oriented,qnn,2,4,4,16,2.0,1.1,True,qnn_oriented,always_trigger,80,,,,,,,51.863384100000985,,,,,,,,,,,,,,,,0.7916666666666666,1.0,0.6875,0.029680768780888992,5.332345062837991e-16,31.541666666666668,19.145833333333332,0.3700497395836919,0.16351652047736157,0.11025205057344116,"{""residual+conditioning"": 37, ""residual+conditioning+solver_failure"": 11}"
0.9583333333333334,0.9583333333333333,0.96,0.9895833333333333,0.002135499998985324,digits_4_vs_9,hybrid_qnn_lenient_qnn_oriented_logreg,hybrid_qnn_lenient_qnn_oriented,logreg,2,4,4,16,2.0,1.1,True,qnn_oriented,qnn_lenient,80,,,,,,,51.94287309999709,,,,,,,,,,,,,,,,0.7916666666666666,1.0,0.6875,0.029680768780888992,5.332345062837991e-16,31.541666666666668,19.145833333333332,0.37169925624986416,0.16351652047736157,0.11025205057344116,"{""residual+conditioning"": 37, ""residual+conditioning+solver_failure"": 11}"
0.9375,0.9375,0.9387755102040817,0.9965277777777777,0.0013825999994878657,digits_4_vs_9,hybrid_qnn_lenient_qnn_oriented_svm_rbf,hybrid_qnn_lenient_qnn_oriented,svm_rbf,2,4,4,16,2.0,1.1,True,qnn_oriented,qnn_lenient,80,,,,,,,51.94287309999709,,,,,,,,,,,,,,,,0.7916666666666666,1.0,0.6875,0.029680768780888992,5.332345062837991e-16,31.541666666666668,19.145833333333332,0.37169925624986416,0.16351652047736157,0.11025205057344116,"{""residual+conditioning"": 37, ""residual+conditioning+solver_failure"": 11}"
0.9375,0.9375,0.9387755102040817,0.9878472222222222,44.19602710000254,digits_4_vs_9,hybrid_qnn_lenient_qnn_oriented_qnn,hybrid_qnn_lenient_qnn_oriented,qnn,2,4,4,16,2.0,1.1,True,qnn_oriented,qnn_lenient,80,,,,,,,51.94287309999709,,,,,,,,,,,,,,,,0.7916666666666666,1.0,0.6875,0.029680768780888992,5.332345062837991e-16,31.541666666666668,19.145833333333332,0.37169925624986416,0.16351652047736157,0.11025205057344116,"{""residual+conditioning"": 37, ""residual+conditioning+solver_failure"": 11}"
0.9583333333333334,0.9583333333333333,0.96,0.9895833333333333,0.0018941999987873714,digits_4_vs_9,forced_qnn_exploratory_logreg,forced_qnn_exploratory,logreg,2,4,4,16,2.0,1.1,True,qnn_exploratory,standard,80,,,,,,,59.69166640000185,0.7916666666666666,0.6666666666666666,0.7708333333333334,0.5416666666666666,0.03743489380138257,0.10397943573502315,0.029727924967983616,4.232834018376933e-12,5.818887929041763e-16,31.541666666666668,14.25,2706.4791666666665,0.416053589583574,0.16351652047736157,0.09847481007516262,,,,,,,,,,,
0.9375,0.9375,0.9387755102040817,0.9965277777777777,0.0013447000019368716,digits_4_vs_9,forced_qnn_exploratory_svm_rbf,forced_qnn_exploratory,svm_rbf,2,4,4,16,2.0,1.1,True,qnn_exploratory,standard,80,,,,,,,59.69166640000185,0.7916666666666666,0.6666666666666666,0.7708333333333334,0.5416666666666666,0.03743489380138257,0.10397943573502315,0.029727924967983616,4.232834018376933e-12,5.818887929041763e-16,31.541666666666668,14.25,2706.4791666666665,0.416053589583574,0.16351652047736157,0.09847481007516262,,,,,,,,,,,
0.8958333333333334,0.8958333333333333,0.8936170212765957,0.9635416666666667,46.014273000000685,digits_4_vs_9,forced_qnn_exploratory_qnn,forced_qnn_exploratory,qnn,2,4,4,16,2.0,1.1,True,qnn_exploratory,standard,80,,,,,,,59.69166640000185,0.7916666666666666,0.6666666666666666,0.7708333333333334,0.5416666666666666,0.03743489380138257,0.10397943573502315,0.029727924967983616,4.232834018376933e-12,5.818887929041763e-16,31.541666666666668,14.25,2706.4791666666665,0.416053589583574,0.16351652047736157,0.09847481007516262,,,,,,,,,,,
0.9583333333333334,0.9583333333333333,0.96,0.9791666666666666,0.0017713000015646685,digits_4_vs_9,hybrid_standard_qnn_exploratory_logreg,hybrid_standard_qnn_exploratory,logreg,2,4,4,16,2.0,1.1,True,qnn_exploratory,standard,80,,,,,,,14.407579899998382,,,,,,,,,,,,,,,,0.7916666666666666,0.2708333333333333,0.16666666666666666,0.029730908343148944,3.762684203211886e-12,31.541666666666668,27.5,0.06224671458342831,0.16351652047736157,0.018034064624901716,"{""none"": 35, ""residual+conditioning+solver_failure"": 7, ""conditioning"": 2, ""conditioning+solver_failure"": 4}"
0.9583333333333334,0.9583333333333333,0.96,0.9965277777777777,0.00134030000117491,digits_4_vs_9,hybrid_standard_qnn_exploratory_svm_rbf,hybrid_standard_qnn_exploratory,svm_rbf,2,4,4,16,2.0,1.1,True,qnn_exploratory,standard,80,,,,,,,14.407579899998382,,,,,,,,,,,,,,,,0.7916666666666666,0.2708333333333333,0.16666666666666666,0.029730908343148944,3.762684203211886e-12,31.541666666666668,27.5,0.06224671458342831,0.16351652047736157,0.018034064624901716,"{""none"": 35, ""residual+conditioning+solver_failure"": 7, ""conditioning"": 2, ""conditioning+solver_failure"": 4}"
0.9583333333333334,0.9583333333333334,0.9583333333333334,0.9756944444444444,45.733011799999076,digits_4_vs_9,hybrid_standard_qnn_exploratory_qnn,hybrid_standard_qnn_exploratory,qnn,2,4,4,16,2.0,1.1,True,qnn_exploratory,standard,80,,,,,,,14.407579899998382,,,,,,,,,,,,,,,,0.7916666666666666,0.2708333333333333,0.16666666666666666,0.029730908343148944,3.762684203211886e-12,31.541666666666668,27.5,0.06224671458342831,0.16351652047736157,0.018034064624901716,"{""none"": 35, ""residual+conditioning+solver_failure"": 7, ""conditioning"": 2, ""conditioning+solver_failure"": 4}"
0.9583333333333334,0.9583333333333333,0.96,0.9895833333333333,0.0020752000018546823,digits_4_vs_9,hybrid_aggressive_qnn_exploratory_logreg,hybrid_aggressive_qnn_exploratory,logreg,2,4,4,16,2.0,1.1,True,qnn_exploratory,aggressive,80,,,,,,,41.97445220000009,,,,,,,,,,,,,,,,0.7916666666666666,0.625,0.4375,0.029730594369173746,1.818975190057016e-12,31.541666666666668,22.1875,0.2501558479166306,0.16351652047736157,0.06642976154066234,"{""conditioning"": 19, ""residual+conditioning+solver_failure"": 11, ""none"": 18}"
0.9375,0.9375,0.9387755102040817,0.9965277777777777,0.0013618999983009417,digits_4_vs_9,hybrid_aggressive_qnn_exploratory_svm_rbf,hybrid_aggressive_qnn_exploratory,svm_rbf,2,4,4,16,2.0,1.1,True,qnn_exploratory,aggressive,80,,,,,,,41.97445220000009,,,,,,,,,,,,,,,,0.7916666666666666,0.625,0.4375,0.029730594369173746,1.818975190057016e-12,31.541666666666668,22.1875,0.2501558479166306,0.16351652047736157,0.06642976154066234,"{""conditioning"": 19, ""residual+conditioning+solver_failure"": 11, ""none"": 18}"
0.9375,0.9375,0.9387755102040817,0.9791666666666666,44.92329410000093,digits_4_vs_9,hybrid_aggressive_qnn_exploratory_qnn,hybrid_aggressive_qnn_exploratory,qnn,2,4,4,16,2.0,1.1,True,qnn_exploratory,aggressive,80,,,,,,,41.97445220000009,,,,,,,,,,,,,,,,0.7916666666666666,0.625,0.4375,0.029730594369173746,1.818975190057016e-12,31.541666666666668,22.1875,0.2501558479166306,0.16351652047736157,0.06642976154066234,"{""conditioning"": 19, ""residual+conditioning+solver_failure"": 11, ""none"": 18}"
0.9583333333333334,0.9583333333333333,0.96,0.9791666666666666,0.0020321999982115813,digits_4_vs_9,hybrid_always_trigger_qnn_exploratory_logreg,hybrid_always_trigger_qnn_exploratory,logreg,2,4,4,16,2.0,1.1,True,qnn_exploratory,always_trigger,80,,,,,,,59.31457099999898,,,,,,,,,,,,,,,,0.7916666666666666,1.0,0.6666666666666666,0.029734247283678045,6.502193364498964e-16,31.541666666666668,18.395833333333332,0.42615551249999345,0.16351652047736157,0.10273216780332191,"{""residual+conditioning"": 37, ""residual+conditioning+solver_failure"": 11}"
0.9583333333333334,0.9583333333333333,0.96,0.9965277777777777,0.0013871999981347471,digits_4_vs_9,hybrid_always_trigger_qnn_exploratory_svm_rbf,hybrid_always_trigger_qnn_exploratory,svm_rbf,2,4,4,16,2.0,1.1,True,qnn_exploratory,always_trigger,80,,,,,,,59.31457099999898,,,,,,,,,,,,,,,,0.7916666666666666,1.0,0.6666666666666666,0.029734247283678045,6.502193364498964e-16,31.541666666666668,18.395833333333332,0.42615551249999345,0.16351652047736157,0.10273216780332191,"{""residual+conditioning"": 37, ""residual+conditioning+solver_failure"": 11}"
0.9583333333333334,0.9583333333333333,0.96,0.9774305555555555,45.941765399998985,digits_4_vs_9,hybrid_always_trigger_qnn_exploratory_qnn,hybrid_always_trigger_qnn_exploratory,qnn,2,4,4,16,2.0,1.1,True,qnn_exploratory,always_trigger,80,,,,,,,59.31457099999898,,,,,,,,,,,,,,,,0.7916666666666666,1.0,0.6666666666666666,0.029734247283678045,6.502193364498964e-16,31.541666666666668,18.395833333333332,0.42615551249999345,0.16351652047736157,0.10273216780332191,"{""residual+conditioning"": 37, ""residual+conditioning+solver_failure"": 11}"
0.9583333333333334,0.9583333333333333,0.96,0.9791666666666666,0.001978399999643443,digits_4_vs_9,hybrid_qnn_lenient_qnn_exploratory_logreg,hybrid_qnn_lenient_qnn_exploratory,logreg,2,4,4,16,2.0,1.1,True,qnn_exploratory,qnn_lenient,80,,,,,,,59.27730589999919,,,,,,,,,,,,,,,,0.7916666666666666,1.0,0.6666666666666666,0.029734247283678045,6.502193364498964e-16,31.541666666666668,18.395833333333332,0.42552772499978647,0.16351652047736157,0.10273216780332191,"{""residual+conditioning"": 37, ""residual+conditioning+solver_failure"": 11}"
0.9583333333333334,0.9583333333333333,0.96,0.9965277777777777,0.0014171000002534129,digits_4_vs_9,hybrid_qnn_lenient_qnn_exploratory_svm_rbf,hybrid_qnn_lenient_qnn_exploratory,svm_rbf,2,4,4,16,2.0,1.1,True,qnn_exploratory,qnn_lenient,80,,,,,,,59.27730589999919,,,,,,,,,,,,,,,,0.7916666666666666,1.0,0.6666666666666666,0.029734247283678045,6.502193364498964e-16,31.541666666666668,18.395833333333332,0.42552772499978647,0.16351652047736157,0.10273216780332191,"{""residual+conditioning"": 37, ""residual+conditioning+solver_failure"": 11}"
0.9583333333333334,0.9583333333333333,0.96,0.9774305555555555,45.84805419999975,digits_4_vs_9,hybrid_qnn_lenient_qnn_exploratory_qnn,hybrid_qnn_lenient_qnn_exploratory,qnn,2,4,4,16,2.0,1.1,True,qnn_exploratory,qnn_lenient,80,,,,,,,59.27730589999919,,,,,,,,,,,,,,,,0.7916666666666666,1.0,0.6666666666666666,0.029734247283678045,6.502193364498964e-16,31.541666666666668,18.395833333333332,0.42552772499978647,0.16351652047736157,0.10273216780332191,"{""residual+conditioning"": 37, ""residual+conditioning+solver_failure"": 11}"
0.9583333333333334,0.9583333333333333,0.96,0.9826388888888888,0.0017133999972429592,digits_4_vs_9,forced_no_detector_logreg,forced_no_detector,logreg,2,4,4,16,2.0,1.1,True,no_detector,standard,80,,,,,,,14.382429299999785,0.8125,0.7083333333333334,0.7708333333333334,0.6041666666666666,0.03743489380138257,0.07504815181745488,0.026960144820093387,4.232834018376933e-12,4.794574756066586e-16,31.541666666666668,18.0625,2384.5416666666665,0.10043704999983068,0.16351652047736157,0.1162551519208167,,,,,,,,,,,
0.9583333333333334,0.9583333333333333,0.96,0.9965277777777777,0.0013657999988936353,digits_4_vs_9,forced_no_detector_svm_rbf,forced_no_detector,svm_rbf,2,4,4,16,2.0,1.1,True,no_detector,standard,80,,,,,,,14.382429299999785,0.8125,0.7083333333333334,0.7708333333333334,0.6041666666666666,0.03743489380138257,0.07504815181745488,0.026960144820093387,4.232834018376933e-12,4.794574756066586e-16,31.541666666666668,18.0625,2384.5416666666665,0.10043704999983068,0.16351652047736157,0.1162551519208167,,,,,,,,,,,
0.9166666666666666,0.9166666666666666,0.9166666666666666,0.953125,44.07423770000241,digits_4_vs_9,forced_no_detector_qnn,forced_no_detector,qnn,2,4,4,16,2.0,1.1,True,no_detector,standard,80,,,,,,,14.382429299999785,0.8125,0.7083333333333334,0.7708333333333334,0.6041666666666666,0.03743489380138257,0.07504815181745488,0.026960144820093387,4.232834018376933e-12,4.794574756066586e-16,31.541666666666668,18.0625,2384.5416666666665,0.10043704999983068,0.16351652047736157,0.1162551519208167,,,,,,,,,,,
0.9583333333333334,0.9583333333333333,0.96,0.984375,0.0019576000013330486,digits_4_vs_9,hybrid_standard_no_detector_logreg,hybrid_standard_no_detector,logreg,2,4,4,16,2.0,1.1,True,no_detector,standard,80,,,,,,,3.701043799999752,,,,,,,,,,,,,,,,0.8125,0.2708333333333333,0.1875,0.026960144821856605,3.543087913212491e-12,31.541666666666668,27.1875,0.018693450000076457,0.16351652047736157,0.03366067288462929,"{""none"": 35, ""residual+conditioning+solver_failure"": 7, ""conditioning"": 2, ""conditioning+solver_failure"": 4}"
0.9583333333333334,0.9583333333333333,0.96,0.9965277777777777,0.0013419999995676335,digits_4_vs_9,hybrid_standard_no_detector_svm_rbf,hybrid_standard_no_detector,svm_rbf,2,4,4,16,2.0,1.1,True,no_detector,standard,80,,,,,,,3.701043799999752,,,,,,,,,,,,,,,,0.8125,0.2708333333333333,0.1875,0.026960144821856605,3.543087913212491e-12,31.541666666666668,27.1875,0.018693450000076457,0.16351652047736157,0.03366067288462929,"{""none"": 35, ""residual+conditioning+solver_failure"": 7, ""conditioning"": 2, ""conditioning+solver_failure"": 4}"
0.9583333333333334,0.9583333333333334,0.9583333333333334,0.9722222222222222,44.67895380000118,digits_4_vs_9,hybrid_standard_no_detector_qnn,hybrid_standard_no_detector,qnn,2,4,4,16,2.0,1.1,True,no_detector,standard,80,,,,,,,3.701043799999752,,,,,,,,,,,,,,,,0.8125,0.2708333333333333,0.1875,0.026960144821856605,3.543087913212491e-12,31.541666666666668,27.1875,0.018693450000076457,0.16351652047736157,0.03366067288462929,"{""none"": 35, ""residual+conditioning+solver_failure"": 7, ""conditioning"": 2, ""conditioning+solver_failure"": 4}"
0.9583333333333334,0.9583333333333333,0.96,0.9826388888888888,0.0019081999998888932,digits_4_vs_9,hybrid_aggressive_no_detector_logreg,hybrid_aggressive_no_detector,logreg,2,4,4,16,2.0,1.1,True,no_detector,aggressive,80,,,,,,,10.119245800000499,,,,,,,,,,,,,,,,0.8125,0.625,0.4791666666666667,0.02696014482097701,1.6413092765786035e-12,31.541666666666668,22.541666666666668,0.060846466666513756,0.16351652047736157,0.07956074871803916,"{""conditioning"": 19, ""residual+conditioning+solver_failure"": 11, ""none"": 18}"
0.9583333333333334,0.9583333333333333,0.96,0.9965277777777777,0.001372099999571219,digits_4_vs_9,hybrid_aggressive_no_detector_svm_rbf,hybrid_aggressive_no_detector,svm_rbf,2,4,4,16,2.0,1.1,True,no_detector,aggressive,80,,,,,,,10.119245800000499,,,,,,,,,,,,,,,,0.8125,0.625,0.4791666666666667,0.02696014482097701,1.6413092765786035e-12,31.541666666666668,22.541666666666668,0.060846466666513756,0.16351652047736157,0.07956074871803916,"{""conditioning"": 19, ""residual+conditioning+solver_failure"": 11, ""none"": 18}"
0.9375,0.9375,0.9387755102040817,0.986111111111111,46.29100879999896,digits_4_vs_9,hybrid_aggressive_no_detector_qnn,hybrid_aggressive_no_detector,qnn,2,4,4,16,2.0,1.1,True,no_detector,aggressive,80,,,,,,,10.119245800000499,,,,,,,,,,,,,,,,0.8125,0.625,0.4791666666666667,0.02696014482097701,1.6413092765786035e-12,31.541666666666668,22.541666666666668,0.060846466666513756,0.16351652047736157,0.07956074871803916,"{""conditioning"": 19, ""residual+conditioning+solver_failure"": 11, ""none"": 18}"
0.9583333333333334,0.9583333333333333,0.96,0.9826388888888888,0.002006700000492856,digits_4_vs_9,hybrid_always_trigger_no_detector_logreg,hybrid_always_trigger_no_detector,logreg,2,4,4,16,2.0,1.1,True,no_detector,always_trigger,80,,,,,,,14.36100240000087,,,,,,,,,,,,,,,,0.8125,1.0,0.7083333333333334,0.026960144820093387,4.794574756066586e-16,31.541666666666668,18.791666666666668,0.10051155625008808,0.16351652047736157,0.1162551519208167,"{""residual+conditioning"": 37, ""residual+conditioning+solver_failure"": 11}"
0.9583333333333334,0.9583333333333333,0.96,0.9965277777777777,0.0013548999995691702,digits_4_vs_9,hybrid_always_trigger_no_detector_svm_rbf,hybrid_always_trigger_no_detector,svm_rbf,2,4,4,16,2.0,1.1,True,no_detector,always_trigger,80,,,,,,,14.36100240000087,,,,,,,,,,,,,,,,0.8125,1.0,0.7083333333333334,0.026960144820093387,4.794574756066586e-16,31.541666666666668,18.791666666666668,0.10051155625008808,0.16351652047736157,0.1162551519208167,"{""residual+conditioning"": 37, ""residual+conditioning+solver_failure"": 11}"
0.9166666666666666,0.9166666666666666,0.9166666666666666,0.9496527777777778,44.36366129999806,digits_4_vs_9,hybrid_always_trigger_no_detector_qnn,hybrid_always_trigger_no_detector,qnn,2,4,4,16,2.0,1.1,True,no_detector,always_trigger,80,,,,,,,14.36100240000087,,,,,,,,,,,,,,,,0.8125,1.0,0.7083333333333334,0.026960144820093387,4.794574756066586e-16,31.541666666666668,18.791666666666668,0.10051155625008808,0.16351652047736157,0.1162551519208167,"{""residual+conditioning"": 37, ""residual+conditioning+solver_failure"": 11}"
0.9583333333333334,0.9583333333333333,0.96,0.9826388888888888,0.002163799999834737,digits_4_vs_9,hybrid_qnn_lenient_no_detector_logreg,hybrid_qnn_lenient_no_detector,logreg,2,4,4,16,2.0,1.1,True,no_detector,qnn_lenient,80,,,,,,,14.505376200002502,,,,,,,,,,,,,,,,0.8125,1.0,0.7083333333333334,0.026960144820093387,4.794574756066586e-16,31.541666666666668,18.791666666666668,0.10063031458306189,0.16351652047736157,0.1162551519208167,"{""residual+conditioning"": 37, ""residual+conditioning+solver_failure"": 11}"
0.9583333333333334,0.9583333333333333,0.96,0.9965277777777777,0.0013674000001628883,digits_4_vs_9,hybrid_qnn_lenient_no_detector_svm_rbf,hybrid_qnn_lenient_no_detector,svm_rbf,2,4,4,16,2.0,1.1,True,no_detector,qnn_lenient,80,,,,,,,14.505376200002502,,,,,,,,,,,,,,,,0.8125,1.0,0.7083333333333334,0.026960144820093387,4.794574756066586e-16,31.541666666666668,18.791666666666668,0.10063031458306189,0.16351652047736157,0.1162551519208167,"{""residual+conditioning"": 37, ""residual+conditioning+solver_failure"": 11}"
0.9166666666666666,0.9166666666666666,0.9166666666666666,0.9496527777777778,45.31738960000075,digits_4_vs_9,hybrid_qnn_lenient_no_detector_qnn,hybrid_qnn_lenient_no_detector,qnn,2,4,4,16,2.0,1.1,True,no_detector,qnn_lenient,80,,,,,,,14.505376200002502,,,,,,,,,,,,,,,,0.8125,1.0,0.7083333333333334,0.026960144820093387,4.794574756066586e-16,31.541666666666668,18.791666666666668,0.10063031458306189,0.16351652047736157,0.1162551519208167,"{""residual+conditioning"": 37, ""residual+conditioning+solver_failure"": 11}"
0.9583333333333334,0.9583333333333333,0.96,0.9895833333333333,0.0020374999985506292,digits_4_vs_9,forced_residual_only_logreg,forced_residual_only,logreg,2,4,4,16,2.0,1.1,True,residual_only,standard,80,,,,,,,6.665963200000988,0.7916666666666666,0.6875,0.7708333333333334,0.5208333333333334,0.03743489380138257,0.09535446703772654,0.027633432295231408,4.232834018376933e-12,5.190349346041465e-16,31.541666666666668,10.583333333333334,2351.9583333333335,0.04301236458324335,0.16351652047736157,0.09024652828398694,,,,,,,,,,,
0.9375,0.9375,0.9387755102040817,0.9947916666666666,0.0021476000001712237,digits_4_vs_9,forced_residual_only_svm_rbf,forced_residual_only,svm_rbf,2,4,4,16,2.0,1.1,True,residual_only,standard,80,,,,,,,6.665963200000988,0.7916666666666666,0.6875,0.7708333333333334,0.5208333333333334,0.03743489380138257,0.09535446703772654,0.027633432295231408,4.232834018376933e-12,5.190349346041465e-16,31.541666666666668,10.583333333333334,2351.9583333333335,0.04301236458324335,0.16351652047736157,0.09024652828398694,,,,,,,,,,,
0.9583333333333334,0.9583333333333334,0.9583333333333334,0.9895833333333333,50.78934650000156,digits_4_vs_9,forced_residual_only_qnn,forced_residual_only,qnn,2,4,4,16,2.0,1.1,True,residual_only,standard,80,,,,,,,6.665963200000988,0.7916666666666666,0.6875,0.7708333333333334,0.5208333333333334,0.03743489380138257,0.09535446703772654,0.027633432295231408,4.232834018376933e-12,5.190349346041465e-16,31.541666666666668,10.583333333333334,2351.9583333333335,0.04301236458324335,0.16351652047736157,0.09024652828398694,,,,,,,,,,,
0.9583333333333334,0.9583333333333333,0.96,0.9895833333333333,0.001661700000113342,digits_4_vs_9,hybrid_standard_residual_only_logreg,hybrid_standard_residual_only,logreg,2,4,4,16,2.0,1.1,True,residual_only,standard,80,,,,,,,1.8890344999999797,,,,,,,,,,,,,,,,0.7916666666666666,0.2708333333333333,0.1875,0.02763505800061479,3.762684203211886e-12,31.541666666666668,26.104166666666668,0.00840644791704411,0.16351652047736157,0.019726011963245603,"{""none"": 35, ""residual+conditioning+solver_failure"": 7, ""conditioning"": 2, ""conditioning+solver_failure"": 4}"
0.9375,0.9375,0.9387755102040817,0.9947916666666666,0.001503499999671476,digits_4_vs_9,hybrid_standard_residual_only_svm_rbf,hybrid_standard_residual_only,svm_rbf,2,4,4,16,2.0,1.1,True,residual_only,standard,80,,,,,,,1.8890344999999797,,,,,,,,,,,,,,,,0.7916666666666666,0.2708333333333333,0.1875,0.02763505800061479,3.762684203211886e-12,31.541666666666668,26.104166666666668,0.00840644791704411,0.16351652047736157,0.019726011963245603,"{""none"": 35, ""residual+conditioning+solver_failure"": 7, ""conditioning"": 2, ""conditioning+solver_failure"": 4}"
0.9375,0.9375,0.9387755102040817,0.9878472222222222,48.19005610000022,digits_4_vs_9,hybrid_standard_residual_only_qnn,hybrid_standard_residual_only,qnn,2,4,4,16,2.0,1.1,True,residual_only,standard,80,,,,,,,1.8890344999999797,,,,,,,,,,,,,,,,0.7916666666666666,0.2708333333333333,0.1875,0.02763505800061479,3.762684203211886e-12,31.541666666666668,26.104166666666668,0.00840644791704411,0.16351652047736157,0.019726011963245603,"{""none"": 35, ""residual+conditioning+solver_failure"": 7, ""conditioning"": 2, ""conditioning+solver_failure"": 4}"
0.9583333333333334,0.9583333333333333,0.96,0.9895833333333333,0.001831300000048941,digits_4_vs_9,hybrid_aggressive_residual_only_logreg,hybrid_aggressive_residual_only,logreg,2,4,4,16,2.0,1.1,True,residual_only,aggressive,80,,,,,,,4.845744599999307,,,,,,,,,,,,,,,,0.7916666666666666,0.625,0.4791666666666667,0.027635057999719537,1.818975190057016e-12,31.541666666666668,19.895833333333332,0.028231870833224093,0.16351652047736157,0.07370468823593293,"{""conditioning"": 19, ""residual+conditioning+solver_failure"": 11, ""none"": 18}"
0.9375,0.9375,0.9387755102040817,0.9947916666666666,0.001357000001007691,digits_4_vs_9,hybrid_aggressive_residual_only_svm_rbf,hybrid_aggressive_residual_only,svm_rbf,2,4,4,16,2.0,1.1,True,residual_only,aggressive,80,,,,,,,4.845744599999307,,,,,,,,,,,,,,,,0.7916666666666666,0.625,0.4791666666666667,0.027635057999719537,1.818975190057016e-12,31.541666666666668,19.895833333333332,0.028231870833224093,0.16351652047736157,0.07370468823593293,"{""conditioning"": 19, ""residual+conditioning+solver_failure"": 11, ""none"": 18}"
0.9375,0.9375,0.9387755102040817,0.984375,44.106681299999764,digits_4_vs_9,hybrid_aggressive_residual_only_qnn,hybrid_aggressive_residual_only,qnn,2,4,4,16,2.0,1.1,True,residual_only,aggressive,80,,,,,,,4.845744599999307,,,,,,,,,,,,,,,,0.7916666666666666,0.625,0.4791666666666667,0.027635057999719537,1.818975190057016e-12,31.541666666666668,19.895833333333332,0.028231870833224093,0.16351652047736157,0.07370468823593293,"{""conditioning"": 19, ""residual+conditioning+solver_failure"": 11, ""none"": 18}"
0.9583333333333334,0.9583333333333333,0.96,0.9895833333333333,0.0018197999997937586,digits_4_vs_9,hybrid_always_trigger_residual_only_logreg,hybrid_always_trigger_residual_only,logreg,2,4,4,16,2.0,1.1,True,residual_only,always_trigger,80,,,,,,,6.712877499998285,,,,,,,,,,,,,,,,0.7916666666666666,1.0,0.6666666666666666,0.02763505799873034,5.190349346041465e-16,31.541666666666668,16.6875,0.043150418749670884,0.16351652047736157,0.09024652828398694,"{""residual+conditioning"": 37, ""residual+conditioning+solver_failure"": 11}"
0.9375,0.9375,0.9387755102040817,0.9947916666666666,0.0013899999976274557,digits_4_vs_9,hybrid_always_trigger_residual_only_svm_rbf,hybrid_always_trigger_residual_only,svm_rbf,2,4,4,16,2.0,1.1,True,residual_only,always_trigger,80,,,,,,,6.712877499998285,,,,,,,,,,,,,,,,0.7916666666666666,1.0,0.6666666666666666,0.02763505799873034,5.190349346041465e-16,31.541666666666668,16.6875,0.043150418749670884,0.16351652047736157,0.09024652828398694,"{""residual+conditioning"": 37, ""residual+conditioning+solver_failure"": 11}"
0.9583333333333334,0.9583333333333334,0.9583333333333334,0.984375,45.55741189999753,digits_4_vs_9,hybrid_always_trigger_residual_only_qnn,hybrid_always_trigger_residual_only,qnn,2,4,4,16,2.0,1.1,True,residual_only,always_trigger,80,,,,,,,6.712877499998285,,,,,,,,,,,,,,,,0.7916666666666666,1.0,0.6666666666666666,0.02763505799873034,5.190349346041465e-16,31.541666666666668,16.6875,0.043150418749670884,0.16351652047736157,0.09024652828398694,"{""residual+conditioning"": 37, ""residual+conditioning+solver_failure"": 11}"
0.9583333333333334,0.9583333333333333,0.96,0.9895833333333333,0.0020341999988886528,digits_4_vs_9,hybrid_qnn_lenient_residual_only_logreg,hybrid_qnn_lenient_residual_only,logreg,2,4,4,16,2.0,1.1,True,residual_only,qnn_lenient,80,,,,,,,6.7408992999990005,,,,,,,,,,,,,,,,0.7916666666666666,1.0,0.6666666666666666,0.02763505799873034,5.190349346041465e-16,31.541666666666668,16.6875,0.04400223541658003,0.16351652047736157,0.09024652828398694,"{""residual+conditioning"": 37, ""residual+conditioning+solver_failure"": 11}"
0.9375,0.9375,0.9387755102040817,0.9947916666666666,0.0013832999975420535,digits_4_vs_9,hybrid_qnn_lenient_residual_only_svm_rbf,hybrid_qnn_lenient_residual_only,svm_rbf,2,4,4,16,2.0,1.1,True,residual_only,qnn_lenient,80,,,,,,,6.7408992999990005,,,,,,,,,,,,,,,,0.7916666666666666,1.0,0.6666666666666666,0.02763505799873034,5.190349346041465e-16,31.541666666666668,16.6875,0.04400223541658003,0.16351652047736157,0.09024652828398694,"{""residual+conditioning"": 37, ""residual+conditioning+solver_failure"": 11}"
0.9583333333333334,0.9583333333333334,0.9583333333333334,0.984375,44.26143159999992,digits_4_vs_9,hybrid_qnn_lenient_residual_only_qnn,hybrid_qnn_lenient_residual_only,qnn,2,4,4,16,2.0,1.1,True,residual_only,qnn_lenient,80,,,,,,,6.7408992999990005,,,,,,,,,,,,,,,,0.7916666666666666,1.0,0.6666666666666666,0.02763505799873034,5.190349346041465e-16,31.541666666666668,16.6875,0.04400223541658003,0.16351652047736157,0.09024652828398694,"{""residual+conditioning"": 37, ""residual+conditioning+solver_failure"": 11}"
0.9791666666666666,0.9791666666666667,0.9795918367346939,0.9878472222222222,0.001123800000641495,digits_4_vs_9,pca_logreg,pca,logreg,3,4,4,16,2.0,1.1,True,full_balanced,standard,80,,,,,,,,,,,,,,,,,,,,,,,,,,,,,,,,,
0.9791666666666666,0.9791666666666667,0.9795918367346939,1.0,0.04467899999872316,digits_4_vs_9,pca_mlp,pca,mlp,3,4,4,16,2.0,1.1,True,full_balanced,standard,80,,,,,,,,,,,,,,,,,,,,,,,,,,,,,,,,,
0.9791666666666666,0.9791666666666667,0.9795918367346939,1.0,0.0012007000004814472,digits_4_vs_9,pca_svm_rbf,pca,svm_rbf,3,4,4,16,2.0,1.1,True,full_balanced,standard,80,,,,,,,,,,,,,,,,,,,,,,,,,,,,,,,,,
0.9791666666666666,0.9791666666666667,0.9795918367346939,1.0,44.2286400999983,digits_4_vs_9,pca_qnn,pca,qnn,3,4,4,16,2.0,1.1,True,full_balanced,standard,80,,,,,,,,,,,,,,,,,,,,,,,,,,,,,,,,,
0.9791666666666666,0.9791666666666667,0.9795918367346939,0.998263888888889,0.0032076999996206723,digits_4_vs_9,implicit_zero_logreg,implicit_zero,logreg,3,4,4,16,2.0,1.1,True,full_balanced,standard,80,0.6666666666666666,0.06384860633310539,2.8489956613949416e-12,29.75,0.0003067729167772389,0.14476934259620858,0.05662559999836958,,,,,,,,,,,,,,,,,,,,,,,,,,
0.9791666666666666,0.9791666666666667,0.9795918367346939,0.998263888888889,0.0020734000027005095,digits_4_vs_9,implicit_zero_svm_rbf,implicit_zero,svm_rbf,3,4,4,16,2.0,1.1,True,full_balanced,standard,80,0.6666666666666666,0.06384860633310539,2.8489956613949416e-12,29.75,0.0003067729167772389,0.14476934259620858,0.05662559999836958,,,,,,,,,,,,,,,,,,,,,,,,,,
0.9375,0.9375,0.9411764705882353,0.970486111111111,44.10547990000123,digits_4_vs_9,implicit_zero_qnn,implicit_zero,qnn,3,4,4,16,2.0,1.1,True,full_balanced,standard,80,0.6666666666666666,0.06384860633310539,2.8489956613949416e-12,29.75,0.0003067729167772389,0.14476934259620858,0.05662559999836958,,,,,,,,,,,,,,,,,,,,,,,,,,
0.9791666666666666,0.9791666666666667,0.9795918367346939,0.9965277777777778,0.0014682000000902917,digits_4_vs_9,forced_full_light_logreg,forced_full_light,logreg,3,4,4,16,2.0,1.1,True,full_light,standard,80,,,,,,,29.17014779999954,0.6875,0.9166666666666666,0.6666666666666666,0.6458333333333334,0.06384860633310539,0.0800497113880355,0.06155781384996082,2.8489956613949416e-12,3.722252532619094e-16,29.75,12.833333333333334,2034.2708333333333,0.18889418541675695,0.14476934259620858,0.14301973111242736,,,,,,,,,,,
0.9791666666666666,0.9791666666666667,0.9795918367346939,0.998263888888889,0.001136499999120133,digits_4_vs_9,forced_full_light_svm_rbf,forced_full_light,svm_rbf,3,4,4,16,2.0,1.1,True,full_light,standard,80,,,,,,,29.17014779999954,0.6875,0.9166666666666666,0.6666666666666666,0.6458333333333334,0.06384860633310539,0.0800497113880355,0.06155781384996082,2.8489956613949416e-12,3.722252532619094e-16,29.75,12.833333333333334,2034.2708333333333,0.18889418541675695,0.14476934259620858,0.14301973111242736,,,,,,,,,,,
0.9583333333333334,0.9583333333333333,0.96,1.0,44.07756470000095,digits_4_vs_9,forced_full_light_qnn,forced_full_light,qnn,3,4,4,16,2.0,1.1,True,full_light,standard,80,,,,,,,29.17014779999954,0.6875,0.9166666666666666,0.6666666666666666,0.6458333333333334,0.06384860633310539,0.0800497113880355,0.06155781384996082,2.8489956613949416e-12,3.722252532619094e-16,29.75,12.833333333333334,2034.2708333333333,0.18889418541675695,0.14476934259620858,0.14301973111242736,,,,,,,,,,,
0.9791666666666666,0.9791666666666667,0.9795918367346939,0.998263888888889,0.001995400001760572,digits_4_vs_9,hybrid_standard_full_light_logreg,hybrid_standard_full_light,logreg,3,4,4,16,2.0,1.1,True,full_light,standard,80,,,,,,,7.752455199999531,,,,,,,,,,,,,,,,0.6875,0.3541666666666667,0.14583333333333334,0.061905552729481596,2.6254078511629317e-12,29.75,25.625,0.03854342083316927,0.14476934259620858,0.008634892191284865,"{""none"": 31, ""residual+conditioning+solver_failure"": 14, ""conditioning+solver_failure"": 2, ""conditioning"": 1}"
0.9791666666666666,0.9791666666666667,0.9795918367346939,0.9965277777777778,0.001044600001478102,digits_4_vs_9,hybrid_standard_full_light_svm_rbf,hybrid_standard_full_light,svm_rbf,3,4,4,16,2.0,1.1,True,full_light,standard,80,,,,,,,7.752455199999531,,,,,,,,,,,,,,,,0.6875,0.3541666666666667,0.14583333333333334,0.061905552729481596,2.6254078511629317e-12,29.75,25.625,0.03854342083316927,0.14476934259620858,0.008634892191284865,"{""none"": 31, ""residual+conditioning+solver_failure"": 14, ""conditioning+solver_failure"": 2, ""conditioning"": 1}"
0.9375,0.9375,0.9387755102040817,0.9947916666666666,45.693304100001114,digits_4_vs_9,hybrid_standard_full_light_qnn,hybrid_standard_full_light,qnn,3,4,4,16,2.0,1.1,True,full_light,standard,80,,,,,,,7.752455199999531,,,,,,,,,,,,,,,,0.6875,0.3541666666666667,0.14583333333333334,0.061905552729481596,2.6254078511629317e-12,29.75,25.625,0.03854342083316927,0.14476934259620858,0.008634892191284865,"{""none"": 31, ""residual+conditioning+solver_failure"": 14, ""conditioning+solver_failure"": 2, ""conditioning"": 1}"
0.9791666666666666,0.9791666666666667,0.9795918367346939,0.998263888888889,0.0022164000001794193,digits_4_vs_9,hybrid_aggressive_full_light_logreg,hybrid_aggressive_full_light,logreg,3,4,4,16,2.0,1.1,True,full_light,aggressive,80,,,,,,,11.979529500000353,,,,,,,,,,,,,,,,0.6875,0.5416666666666666,0.2916666666666667,0.0619372575457048,2.513797850502413e-12,29.75,23.979166666666668,0.07953188333340222,0.14476934259620858,0.05299853315701549,"{""conditioning"": 10, ""residual+conditioning+solver_failure"": 16, ""none"": 22}"
0.9791666666666666,0.9791666666666667,0.9795918367346939,0.998263888888889,0.0010564999975031242,digits_4_vs_9,hybrid_aggressive_full_light_svm_rbf,hybrid_aggressive_full_light,svm_rbf,3,4,4,16,2.0,1.1,True,full_light,aggressive,80,,,,,,,11.979529500000353,,,,,,,,,,,,,,,,0.6875,0.5416666666666666,0.2916666666666667,0.0619372575457048,2.513797850502413e-12,29.75,23.979166666666668,0.07953188333340222,0.14476934259620858,0.05299853315701549,"{""conditioning"": 10, ""residual+conditioning+solver_failure"": 16, ""none"": 22}"
0.9583333333333334,0.9583333333333333,0.96,0.970486111111111,44.954988200002845,digits_4_vs_9,hybrid_aggressive_full_light_qnn,hybrid_aggressive_full_light,qnn,3,4,4,16,2.0,1.1,True,full_light,aggressive,80,,,,,,,11.979529500000353,,,,,,,,,,,,,,,,0.6875,0.5416666666666666,0.2916666666666667,0.0619372575457048,2.513797850502413e-12,29.75,23.979166666666668,0.07953188333340222,0.14476934259620858,0.05299853315701549,"{""conditioning"": 10, ""residual+conditioning+solver_failure"": 16, ""none"": 22}"
0.9791666666666666,0.9791666666666667,0.9795918367346939,0.998263888888889,0.002314599998499034,digits_4_vs_9,hybrid_always_trigger_full_light_logreg,hybrid_always_trigger_full_light,logreg,3,4,4,16,2.0,1.1,True,full_light,always_trigger,80,,,,,,,29.088251299999683,,,,,,,,,,,,,,,,0.6875,1.0,0.75,0.06193752023647058,4.1072972810848147e-16,29.75,18.354166666666668,0.19059851041636952,0.14476934259620858,0.14296076692166085,"{""residual+conditioning"": 32, ""residual+conditioning+solver_failure"": 16}"
0.9791666666666666,0.9791666666666667,0.9795918367346939,1.0,0.0010695999990275595,digits_4_vs_9,hybrid_always_trigger_full_light_svm_rbf,hybrid_always_trigger_full_light,svm_rbf,3,4,4,16,2.0,1.1,True,full_light,always_trigger,80,,,,,,,29.088251299999683,,,,,,,,,,,,,,,,0.6875,1.0,0.75,0.06193752023647058,4.1072972810848147e-16,29.75,18.354166666666668,0.19059851041636952,0.14476934259620858,0.14296076692166085,"{""residual+conditioning"": 32, ""residual+conditioning+solver_failure"": 16}"
0.9583333333333334,0.9583333333333333,0.96,0.9756944444444444,44.40760779999982,digits_4_vs_9,hybrid_always_trigger_full_light_qnn,hybrid_always_trigger_full_light,qnn,3,4,4,16,2.0,1.1,True,full_light,always_trigger,80,,,,,,,29.088251299999683,,,,,,,,,,,,,,,,0.6875,1.0,0.75,0.06193752023647058,4.1072972810848147e-16,29.75,18.354166666666668,0.19059851041636952,0.14476934259620858,0.14296076692166085,"{""residual+conditioning"": 32, ""residual+conditioning+solver_failure"": 16}"
0.9791666666666666,0.9791666666666667,0.9795918367346939,0.998263888888889,0.002060200000414625,digits_4_vs_9,hybrid_qnn_lenient_full_light_logreg,hybrid_qnn_lenient_full_light,logreg,3,4,4,16,2.0,1.1,True,full_light,qnn_lenient,80,,,,,,,29.0340378999972,,,,,,,,,,,,,,,,0.6875,1.0,0.75,0.06193752023647058,4.1072972810848147e-16,29.75,18.354166666666668,0.1906014750002214,0.14476934259620858,0.14296076692166085,"{""residual+conditioning"": 32, ""residual+conditioning+solver_failure"": 16}"
0.9791666666666666,0.9791666666666667,0.9795918367346939,1.0,0.00107640000351239,digits_4_vs_9,hybrid_qnn_lenient_full_light_svm_rbf,hybrid_qnn_lenient_full_light,svm_rbf,3,4,4,16,2.0,1.1,True,full_light,qnn_lenient,80,,,,,,,29.0340378999972,,,,,,,,,,,,,,,,0.6875,1.0,0.75,0.06193752023647058,4.1072972810848147e-16,29.75,18.354166666666668,0.1906014750002214,0.14476934259620858,0.14296076692166085,"{""residual+conditioning"": 32, ""residual+conditioning+solver_failure"": 16}"
0.9375,0.9375,0.9361702127659575,0.9878472222222222,46.789525199998025,digits_4_vs_9,hybrid_qnn_lenient_full_light_qnn,hybrid_qnn_lenient_full_light,qnn,3,4,4,16,2.0,1.1,True,full_light,qnn_lenient,80,,,,,,,29.0340378999972,,,,,,,,,,,,,,,,0.6875,1.0,0.75,0.06193752023647058,4.1072972810848147e-16,29.75,18.354166666666668,0.1906014750002214,0.14476934259620858,0.14296076692166085,"{""residual+conditioning"": 32, ""residual+conditioning+solver_failure"": 16}"
0.9791666666666666,0.9791666666666667,0.9795918367346939,0.9965277777777778,0.0024769000010564923,digits_4_vs_9,forced_full_balanced_logreg,forced_full_balanced,logreg,3,4,4,16,2.0,1.1,True,full_balanced,standard,80,,,,,,,41.48283530000117,0.6875,0.8958333333333334,0.6666666666666666,0.6458333333333334,0.06384860633310539,0.08007996698716799,0.061584027944715264,2.8489956613949416e-12,3.9712909177092935e-16,29.75,13.541666666666666,2496.1041666666665,0.2749415854167789,0.14476934259620858,0.14284571984393987,,,,,,,,,,,
0.9791666666666666,0.9791666666666667,0.9795918367346939,0.9965277777777778,0.0010302000009687617,digits_4_vs_9,forced_full_balanced_svm_rbf,forced_full_balanced,svm_rbf,3,4,4,16,2.0,1.1,True,full_balanced,standard,80,,,,,,,41.48283530000117,0.6875,0.8958333333333334,0.6666666666666666,0.6458333333333334,0.06384860633310539,0.08007996698716799,0.061584027944715264,2.8489956613949416e-12,3.9712909177092935e-16,29.75,13.541666666666666,2496.1041666666665,0.2749415854167789,0.14476934259620858,0.14284571984393987,,,,,,,,,,,
0.9583333333333334,0.9583333333333333,0.96,1.0,43.92108609999923,digits_4_vs_9,forced_full_balanced_qnn,forced_full_balanced,qnn,3,4,4,16,2.0,1.1,True,full_balanced,standard,80,,,,,,,41.48283530000117,0.6875,0.8958333333333334,0.6666666666666666,0.6458333333333334,0.06384860633310539,0.08007996698716799,0.061584027944715264,2.8489956613949416e-12,3.9712909177092935e-16,29.75,13.541666666666666,2496.1041666666665,0.2749415854167789,0.14476934259620858,0.14284571984393987,,,,,,,,,,,
0.9791666666666666,0.9791666666666667,0.9795918367346939,0.998263888888889,0.0020394999992277008,digits_4_vs_9,hybrid_standard_full_balanced_logreg,hybrid_standard_full_balanced,logreg,3,4,4,16,2.0,1.1,True,full_balanced,standard,80,,,,,,,9.019424699999945,,,,,,,,,,,,,,,,0.6875,0.3541666666666667,0.125,0.06196557016669902,2.6254078511629317e-12,29.75,26.041666666666668,0.044555520833228,0.14476934259620858,0.008299250206696284,"{""none"": 31, ""residual+conditioning+solver_failure"": 14, ""conditioning+solver_failure"": 2, ""conditioning"": 1}"
0.9791666666666666,0.9791666666666667,0.9795918367346939,0.9947916666666667,0.00105729999995674,digits_4_vs_9,hybrid_standard_full_balanced_svm_rbf,hybrid_standard_full_balanced,svm_rbf,3,4,4,16,2.0,1.1,True,full_balanced,standard,80,,,,,,,9.019424699999945,,,,,,,,,,,,,,,,0.6875,0.3541666666666667,0.125,0.06196557016669902,2.6254078511629317e-12,29.75,26.041666666666668,0.044555520833228,0.14476934259620858,0.008299250206696284,"{""none"": 31, ""residual+conditioning+solver_failure"": 14, ""conditioning+solver_failure"": 2, ""conditioning"": 1}"
0.9375,0.9375,0.9387755102040817,0.9861111111111112,45.532084500002384,digits_4_vs_9,hybrid_standard_full_balanced_qnn,hybrid_standard_full_balanced,qnn,3,4,4,16,2.0,1.1,True,full_balanced,standard,80,,,,,,,9.019424699999945,,,,,,,,,,,,,,,,0.6875,0.3541666666666667,0.125,0.06196557016669902,2.6254078511629317e-12,29.75,26.041666666666668,0.044555520833228,0.14476934259620858,0.008299250206696284,"{""none"": 31, ""residual+conditioning+solver_failure"": 14, ""conditioning+solver_failure"": 2, ""conditioning"": 1}"
0.9791666666666666,0.9791666666666667,0.9795918367346939,0.998263888888889,0.002102399997966131,digits_4_vs_9,hybrid_aggressive_full_balanced_logreg,hybrid_aggressive_full_balanced,logreg,3,4,4,16,2.0,1.1,True,full_balanced,aggressive,80,,,,,,,15.711818299998413,,,,,,,,,,,,,,,,0.6875,0.5416666666666666,0.2708333333333333,0.06196536312208276,2.513797850502413e-12,29.75,23.833333333333332,0.10763331249995645,0.14476934259620858,0.05296098131609474,"{""conditioning"": 10, ""residual+conditioning+solver_failure"": 16, ""none"": 22}"
0.9791666666666666,0.9791666666666667,0.9795918367346939,0.9965277777777778,0.0011543000000528991,digits_4_vs_9,hybrid_aggressive_full_balanced_svm_rbf,hybrid_aggressive_full_balanced,svm_rbf,3,4,4,16,2.0,1.1,True,full_balanced,aggressive,80,,,,,,,15.711818299998413,,,,,,,,,,,,,,,,0.6875,0.5416666666666666,0.2708333333333333,0.06196536312208276,2.513797850502413e-12,29.75,23.833333333333332,0.10763331249995645,0.14476934259620858,0.05296098131609474,"{""conditioning"": 10, ""residual+conditioning+solver_failure"": 16, ""none"": 22}"
0.9583333333333334,0.9583333333333333,0.96,0.9722222222222222,43.86257409999962,digits_4_vs_9,hybrid_aggressive_full_balanced_qnn,hybrid_aggressive_full_balanced,qnn,3,4,4,16,2.0,1.1,True,full_balanced,aggressive,80,,,,,,,15.711818299998413,,,,,,,,,,,,,,,,0.6875,0.5416666666666666,0.2708333333333333,0.06196536312208276,2.513797850502413e-12,29.75,23.833333333333332,0.10763331249995645,0.14476934259620858,0.05296098131609474,"{""conditioning"": 10, ""residual+conditioning+solver_failure"": 16, ""none"": 22}"
0.9791666666666666,0.9791666666666667,0.9795918367346939,0.9965277777777778,0.002689100001589395,digits_4_vs_9,hybrid_always_trigger_full_balanced_logreg,hybrid_always_trigger_full_balanced,logreg,3,4,4,16,2.0,1.1,True,full_balanced,always_trigger,80,,,,,,,41.14033919999929,,,,,,,,,,,,,,,,0.6666666666666666,1.0,0.75,0.061805767475582495,3.598740328348346e-16,29.75,17.291666666666668,0.2750290937504663,0.14476934259620858,0.14285891493438838,"{""residual+conditioning"": 32, ""residual+conditioning+solver_failure"": 16}"
0.9791666666666666,0.9791666666666667,0.9795918367346939,0.9965277777777778,0.0011049999993701931,digits_4_vs_9,hybrid_always_trigger_full_balanced_svm_rbf,hybrid_always_trigger_full_balanced,svm_rbf,3,4,4,16,2.0,1.1,True,full_balanced,always_trigger,80,,,,,,,41.14033919999929,,,,,,,,,,,,,,,,0.6666666666666666,1.0,0.75,0.061805767475582495,3.598740328348346e-16,29.75,17.291666666666668,0.2750290937504663,0.14476934259620858,0.14285891493438838,"{""residual+conditioning"": 32, ""residual+conditioning+solver_failure"": 16}"
0.9583333333333334,0.9583333333333333,0.96,1.0,44.953631600001245,digits_4_vs_9,hybrid_always_trigger_full_balanced_qnn,hybrid_always_trigger_full_balanced,qnn,3,4,4,16,2.0,1.1,True,full_balanced,always_trigger,80,,,,,,,41.14033919999929,,,,,,,,,,,,,,,,0.6666666666666666,1.0,0.75,0.061805767475582495,3.598740328348346e-16,29.75,17.291666666666668,0.2750290937504663,0.14476934259620858,0.14285891493438838,"{""residual+conditioning"": 32, ""residual+conditioning+solver_failure"": 16}"
0.9791666666666666,0.9791666666666667,0.9795918367346939,0.998263888888889,0.002273800000693882,digits_4_vs_9,hybrid_qnn_lenient_full_balanced_logreg,hybrid_qnn_lenient_full_balanced,logreg,3,4,4,16,2.0,1.1,True,full_balanced,qnn_lenient,80,,,,,,,41.18601370000033,,,,,,,,,,,,,,,,0.6666666666666666,1.0,0.75,0.061805767475582495,3.598740328348346e-16,29.75,17.291666666666668,0.27461561458305067,0.14476934259620858,0.14285891493438838,"{""residual+conditioning"": 32, ""residual+conditioning+solver_failure"": 16}"
0.9791666666666666,0.9791666666666667,0.9795918367346939,0.998263888888889,0.0011276000004727393,digits_4_vs_9,hybrid_qnn_lenient_full_balanced_svm_rbf,hybrid_qnn_lenient_full_balanced,svm_rbf,3,4,4,16,2.0,1.1,True,full_balanced,qnn_lenient,80,,,,,,,41.18601370000033,,,,,,,,,,,,,,,,0.6666666666666666,1.0,0.75,0.061805767475582495,3.598740328348346e-16,29.75,17.291666666666668,0.27461561458305067,0.14476934259620858,0.14285891493438838,"{""residual+conditioning"": 32, ""residual+conditioning+solver_failure"": 16}"
0.9583333333333334,0.9583333333333333,0.96,0.9791666666666666,45.21618009999656,digits_4_vs_9,hybrid_qnn_lenient_full_balanced_qnn,hybrid_qnn_lenient_full_balanced,qnn,3,4,4,16,2.0,1.1,True,full_balanced,qnn_lenient,80,,,,,,,41.18601370000033,,,,,,,,,,,,,,,,0.6666666666666666,1.0,0.75,0.061805767475582495,3.598740328348346e-16,29.75,17.291666666666668,0.27461561458305067,0.14476934259620858,0.14285891493438838,"{""residual+conditioning"": 32, ""residual+conditioning+solver_failure"": 16}"
0.9791666666666666,0.9791666666666667,0.9795918367346939,0.9965277777777778,0.0021956000018690247,digits_4_vs_9,forced_qnn_oriented_logreg,forced_qnn_oriented,logreg,3,4,4,16,2.0,1.1,True,qnn_oriented,standard,80,,,,,,,58.17401699999755,0.6666666666666666,0.8958333333333334,0.6666666666666666,0.625,0.06384860633310539,0.07465283218324997,0.05567651376303118,2.8489956613949416e-12,3.954304171881589e-16,29.75,13.583333333333334,2888.5208333333335,0.3907998645833383,0.14476934259620858,0.14273575977726338,,,,,,,,,,,
0.9791666666666666,0.9791666666666667,0.9795918367346939,0.998263888888889,0.0010452000024088193,digits_4_vs_9,forced_qnn_oriented_svm_rbf,forced_qnn_oriented,svm_rbf,3,4,4,16,2.0,1.1,True,qnn_oriented,standard,80,,,,,,,58.17401699999755,0.6666666666666666,0.8958333333333334,0.6666666666666666,0.625,0.06384860633310539,0.07465283218324997,0.05567651376303118,2.8489956613949416e-12,3.954304171881589e-16,29.75,13.583333333333334,2888.5208333333335,0.3907998645833383,0.14476934259620858,0.14273575977726338,,,,,,,,,,,
0.9375,0.9375,0.9411764705882353,1.0,44.9902159000012,digits_4_vs_9,forced_qnn_oriented_qnn,forced_qnn_oriented,qnn,3,4,4,16,2.0,1.1,True,qnn_oriented,standard,80,,,,,,,58.17401699999755,0.6666666666666666,0.8958333333333334,0.6666666666666666,0.625,0.06384860633310539,0.07465283218324997,0.05567651376303118,2.8489956613949416e-12,3.954304171881589e-16,29.75,13.583333333333334,2888.5208333333335,0.3907998645833383,0.14476934259620858,0.14273575977726338,,,,,,,,,,,
0.9791666666666666,0.9791666666666667,0.9795918367346939,0.998263888888889,0.0021631999989040196,digits_4_vs_9,hybrid_standard_qnn_oriented_logreg,hybrid_standard_qnn_oriented,logreg,3,4,4,16,2.0,1.1,True,qnn_oriented,standard,80,,,,,,,11.886744999999792,,,,,,,,,,,,,,,,0.6875,0.3541666666666667,0.16666666666666666,0.05576914874014888,2.6254078511629317e-12,29.75,24.541666666666668,0.06063439583302473,0.14476934259620858,0.008285441787494923,"{""none"": 31, ""residual+conditioning+solver_failure"": 14, ""conditioning+solver_failure"": 2, ""conditioning"": 1}"
0.9791666666666666,0.9791666666666667,0.9795918367346939,0.9965277777777778,0.0010538999995333143,digits_4_vs_9,hybrid_standard_qnn_oriented_svm_rbf,hybrid_standard_qnn_oriented,svm_rbf,3,4,4,16,2.0,1.1,True,qnn_oriented,standard,80,,,,,,,11.886744999999792,,,,,,,,,,,,,,,,0.6875,0.3541666666666667,0.16666666666666666,0.05576914874014888,2.6254078511629317e-12,29.75,24.541666666666668,0.06063439583302473,0.14476934259620858,0.008285441787494923,"{""none"": 31, ""residual+conditioning+solver_failure"": 14, ""conditioning+solver_failure"": 2, ""conditioning"": 1}"
0.9583333333333334,0.9583333333333333,0.96,1.0,44.84775390000141,digits_4_vs_9,hybrid_standard_qnn_oriented_qnn,hybrid_standard_qnn_oriented,qnn,3,4,4,16,2.0,1.1,True,qnn_oriented,standard,80,,,,,,,11.886744999999792,,,,,,,,,,,,,,,,0.6875,0.3541666666666667,0.16666666666666666,0.05576914874014888,2.6254078511629317e-12,29.75,24.541666666666668,0.06063439583302473,0.14476934259620858,0.008285441787494923,"{""none"": 31, ""residual+conditioning+solver_failure"": 14, ""conditioning+solver_failure"": 2, ""conditioning"": 1}"
0.9791666666666666,0.9791666666666667,0.9795918367346939,0.998263888888889,0.0021940000005997717,digits_4_vs_9,hybrid_aggressive_qnn_oriented_logreg,hybrid_aggressive_qnn_oriented,logreg,3,4,4,16,2.0,1.1,True,qnn_oriented,aggressive,80,,,,,,,20.651584499999444,,,,,,,,,,,,,,,,0.6875,0.5416666666666666,0.3125,0.05576872971681871,2.513797850502413e-12,29.75,22.4375,0.14327373333298965,0.14476934259620858,0.05281743873754358,"{""conditioning"": 10, ""residual+conditioning+solver_failure"": 16, ""none"": 22}"
0.9791666666666666,0.9791666666666667,0.9795918367346939,0.9965277777777778,0.0010604000017337967,digits_4_vs_9,hybrid_aggressive_qnn_oriented_svm_rbf,hybrid_aggressive_qnn_oriented,svm_rbf,3,4,4,16,2.0,1.1,True,qnn_oriented,aggressive,80,,,,,,,20.651584499999444,,,,,,,,,,,,,,,,0.6875,0.5416666666666666,0.3125,0.05576872971681871,2.513797850502413e-12,29.75,22.4375,0.14327373333298965,0.14476934259620858,0.05281743873754358,"{""conditioning"": 10, ""residual+conditioning+solver_failure"": 16, ""none"": 22}"
0.9583333333333334,0.9583333333333334,0.9583333333333334,0.9913194444444444,45.089908699999796,digits_4_vs_9,hybrid_aggressive_qnn_oriented_qnn,hybrid_aggressive_qnn_oriented,qnn,3,4,4,16,2.0,1.1,True,qnn_oriented,aggressive,80,,,,,,,20.651584499999444,,,,,,,,,,,,,,,,0.6875,0.5416666666666666,0.3125,0.05576872971681871,2.513797850502413e-12,29.75,22.4375,0.14327373333298965,0.14476934259620858,0.05281743873754358,"{""conditioning"": 10, ""residual+conditioning+solver_failure"": 16, ""none"": 22}"
0.9791666666666666,0.9791666666666667,0.9795918367346939,0.998263888888889,0.0025094999982684385,digits_4_vs_9,hybrid_always_trigger_qnn_oriented_logreg,hybrid_always_trigger_qnn_oriented,logreg,3,4,4,16,2.0,1.1,True,qnn_oriented,always_trigger,80,,,,,,,57.328342800003156,,,,,,,,,,,,,,,,0.6666666666666666,1.0,0.75,0.05582531245159598,3.8918843829168247e-16,29.75,18.0625,0.3819978312500704,0.14476934259620858,0.14271734392561175,"{""residual+conditioning"": 32, ""residual+conditioning+solver_failure"": 16}"
0.9791666666666666,0.9791666666666667,0.9795918367346939,0.998263888888889,0.0015241000000969507,digits_4_vs_9,hybrid_always_trigger_qnn_oriented_svm_rbf,hybrid_always_trigger_qnn_oriented,svm_rbf,3,4,4,16,2.0,1.1,True,qnn_oriented,always_trigger,80,,,,,,,57.328342800003156,,,,,,,,,,,,,,,,0.6666666666666666,1.0,0.75,0.05582531245159598,3.8918843829168247e-16,29.75,18.0625,0.3819978312500704,0.14476934259620858,0.14271734392561175,"{""residual+conditioning"": 32, ""residual+conditioning+solver_failure"": 16}"
0.9583333333333334,0.9583333333333333,0.96,0.9809027777777777,46.49287869999898,digits_4_vs_9,hybrid_always_trigger_qnn_oriented_qnn,hybrid_always_trigger_qnn_oriented,qnn,3,4,4,16,2.0,1.1,True,qnn_oriented,always_trigger,80,,,,,,,57.328342800003156,,,,,,,,,,,,,,,,0.6666666666666666,1.0,0.75,0.05582531245159598,3.8918843829168247e-16,29.75,18.0625,0.3819978312500704,0.14476934259620858,0.14271734392561175,"{""residual+conditioning"": 32, ""residual+conditioning+solver_failure"": 16}"
0.9791666666666666,0.9791666666666667,0.9795918367346939,0.998263888888889,0.0020736000005854294,digits_4_vs_9,hybrid_qnn_lenient_qnn_oriented_logreg,hybrid_qnn_lenient_qnn_oriented,logreg,3,4,4,16,2.0,1.1,True,qnn_oriented,qnn_lenient,80,,,,,,,57.31191690000196,,,,,,,,,,,,,,,,0.6666666666666666,1.0,0.75,0.05582531245159598,3.8918843829168247e-16,29.75,18.0625,0.38301866875000695,0.14476934259620858,0.14271734392561175,"{""residual+conditioning"": 32, ""residual+conditioning+solver_failure"": 16}"
0.9791666666666666,0.9791666666666667,0.9795918367346939,0.998263888888889,0.0013800999986415263,digits_4_vs_9,hybrid_qnn_lenient_qnn_oriented_svm_rbf,hybrid_qnn_lenient_qnn_oriented,svm_rbf,3,4,4,16,2.0,1.1,True,qnn_oriented,qnn_lenient,80,,,,,,,57.31191690000196,,,,,,,,,,,,,,,,0.6666666666666666,1.0,0.75,0.05582531245159598,3.8918843829168247e-16,29.75,18.0625,0.38301866875000695,0.14476934259620858,0.14271734392561175,"{""residual+conditioning"": 32, ""residual+conditioning+solver_failure"": 16}"
0.9166666666666666,0.9166666666666666,0.9166666666666666,0.970486111111111,46.624882799998886,digits_4_vs_9,hybrid_qnn_lenient_qnn_oriented_qnn,hybrid_qnn_lenient_qnn_oriented,qnn,3,4,4,16,2.0,1.1,True,qnn_oriented,qnn_lenient,80,,,,,,,57.31191690000196,,,,,,,,,,,,,,,,0.6666666666666666,1.0,0.75,0.05582531245159598,3.8918843829168247e-16,29.75,18.0625,0.38301866875000695,0.14476934259620858,0.14271734392561175,"{""residual+conditioning"": 32, ""residual+conditioning+solver_failure"": 16}"
0.9791666666666666,0.9791666666666667,0.9795918367346939,0.9965277777777778,0.0025829000005614944,digits_4_vs_9,forced_qnn_exploratory_logreg,forced_qnn_exploratory,logreg,3,4,4,16,2.0,1.1,True,qnn_exploratory,standard,80,,,,,,,65.14198770000075,0.6875,0.8541666666666666,0.6666666666666666,0.6458333333333334,0.06384860633310539,0.090996728030181,0.06158264092602738,2.8489956613949416e-12,4.070735128083275e-16,29.75,12.5,2798.5625,0.4290710666667413,0.14476934259620858,0.14282252142529403,,,,,,,,,,,
0.9791666666666666,0.9791666666666667,0.9795918367346939,0.9947916666666667,0.0012148999994678888,digits_4_vs_9,forced_qnn_exploratory_svm_rbf,forced_qnn_exploratory,svm_rbf,3,4,4,16,2.0,1.1,True,qnn_exploratory,standard,80,,,,,,,65.14198770000075,0.6875,0.8541666666666666,0.6666666666666666,0.6458333333333334,0.06384860633310539,0.090996728030181,0.06158264092602738,2.8489956613949416e-12,4.070735128083275e-16,29.75,12.5,2798.5625,0.4290710666667413,0.14476934259620858,0.14282252142529403,,,,,,,,,,,
0.9583333333333334,0.9583333333333333,0.96,0.9739583333333333,46.028322500002105,digits_4_vs_9,forced_qnn_exploratory_qnn,forced_qnn_exploratory,qnn,3,4,4,16,2.0,1.1,True,qnn_exploratory,standard,80,,,,,,,65.14198770000075,0.6875,0.8541666666666666,0.6666666666666666,0.6458333333333334,0.06384860633310539,0.090996728030181,0.06158264092602738,2.8489956613949416e-12,4.070735128083275e-16,29.75,12.5,2798.5625,0.4290710666667413,0.14476934259620858,0.14282252142529403,,,,,,,,,,,
0.9791666666666666,0.9791666666666667,0.9795918367346939,0.998263888888889,0.0017797000000427943,digits_4_vs_9,hybrid_standard_qnn_exploratory_logreg,hybrid_standard_qnn_exploratory,logreg,3,4,4,16,2.0,1.1,True,qnn_exploratory,standard,80,,,,,,,13.437372700002015,,,,,,,,,,,,,,,,0.6875,0.3541666666666667,0.10416666666666667,0.06197827299478365,2.6254078511629317e-12,29.75,26.104166666666668,0.06600542083348653,0.14476934259620858,0.008450404207849357,"{""none"": 31, ""residual+conditioning+solver_failure"": 14, ""conditioning+solver_failure"": 2, ""conditioning"": 1}"
0.9791666666666666,0.9791666666666667,0.9795918367346939,0.9947916666666667,0.0016389000011258759,digits_4_vs_9,hybrid_standard_qnn_exploratory_svm_rbf,hybrid_standard_qnn_exploratory,svm_rbf,3,4,4,16,2.0,1.1,True,qnn_exploratory,standard,80,,,,,,,13.437372700002015,,,,,,,,,,,,,,,,0.6875,0.3541666666666667,0.10416666666666667,0.06197827299478365,2.6254078511629317e-12,29.75,26.104166666666668,0.06600542083348653,0.14476934259620858,0.008450404207849357,"{""none"": 31, ""residual+conditioning+solver_failure"": 14, ""conditioning+solver_failure"": 2, ""conditioning"": 1}"
0.9583333333333334,0.9583333333333333,0.96,0.9670138888888888,46.08750120000332,digits_4_vs_9,hybrid_standard_qnn_exploratory_qnn,hybrid_standard_qnn_exploratory,qnn,3,4,4,16,2.0,1.1,True,qnn_exploratory,standard,80,,,,,,,13.437372700002015,,,,,,,,,,,,,,,,0.6875,0.3541666666666667,0.10416666666666667,0.06197827299478365,2.6254078511629317e-12,29.75,26.104166666666668,0.06600542083348653,0.14476934259620858,0.008450404207849357,"{""none"": 31, ""residual+conditioning+solver_failure"": 14, ""conditioning+solver_failure"": 2, ""conditioning"": 1}"
0.9791666666666666,0.9791666666666667,0.9795918367346939,0.998263888888889,0.0017238000000361353,digits_4_vs_9,hybrid_aggressive_qnn_exploratory_logreg,hybrid_aggressive_qnn_exploratory,logreg,3,4,4,16,2.0,1.1,True,qnn_exploratory,aggressive,80,,,,,,,23.794715899999574,,,,,,,,,,,,,,,,0.6875,0.5416666666666666,0.2708333333333333,0.06179608749295188,2.513797850502413e-12,29.75,22.895833333333332,0.16445638541707316,0.14476934259620858,0.0532200344540679,"{""conditioning"": 10, ""residual+conditioning+solver_failure"": 16, ""none"": 22}"
0.9791666666666666,0.9791666666666667,0.9795918367346939,0.9965277777777778,0.0010838999987754505,digits_4_vs_9,hybrid_aggressive_qnn_exploratory_svm_rbf,hybrid_aggressive_qnn_exploratory,svm_rbf,3,4,4,16,2.0,1.1,True,qnn_exploratory,aggressive,80,,,,,,,23.794715899999574,,,,,,,,,,,,,,,,0.6875,0.5416666666666666,0.2708333333333333,0.06179608749295188,2.513797850502413e-12,29.75,22.895833333333332,0.16445638541707316,0.14476934259620858,0.0532200344540679,"{""conditioning"": 10, ""residual+conditioning+solver_failure"": 16, ""none"": 22}"
0.9583333333333334,0.9583333333333333,0.96,0.96875,46.318319499998324,digits_4_vs_9,hybrid_aggressive_qnn_exploratory_qnn,hybrid_aggressive_qnn_exploratory,qnn,3,4,4,16,2.0,1.1,True,qnn_exploratory,aggressive,80,,,,,,,23.794715899999574,,,,,,,,,,,,,,,,0.6875,0.5416666666666666,0.2708333333333333,0.06179608749295188,2.513797850502413e-12,29.75,22.895833333333332,0.16445638541707316,0.14476934259620858,0.0532200344540679,"{""conditioning"": 10, ""residual+conditioning+solver_failure"": 16, ""none"": 22}"
0.9791666666666666,0.9791666666666667,0.9795918367346939,0.9965277777777778,0.0025029000025824644,digits_4_vs_9,hybrid_always_trigger_qnn_exploratory_logreg,hybrid_always_trigger_qnn_exploratory,logreg,3,4,4,16,2.0,1.1,True,qnn_exploratory,always_trigger,80,,,,,,,65.70960029999696,,,,,,,,,,,,,,,,0.6875,1.0,0.7083333333333334,0.06197833106819567,3.942466380595232e-16,29.75,18.375,0.42773745833346766,0.14476934259620858,0.14290131257688307,"{""residual+conditioning"": 32, ""residual+conditioning+solver_failure"": 16}"
0.9791666666666666,0.9791666666666667,0.9795918367346939,0.9965277777777778,0.0010847000012290664,digits_4_vs_9,hybrid_always_trigger_qnn_exploratory_svm_rbf,hybrid_always_trigger_qnn_exploratory,svm_rbf,3,4,4,16,2.0,1.1,True,qnn_exploratory,always_trigger,80,,,,,,,65.70960029999696,,,,,,,,,,,,,,,,0.6875,1.0,0.7083333333333334,0.06197833106819567,3.942466380595232e-16,29.75,18.375,0.42773745833346766,0.14476934259620858,0.14290131257688307,"{""residual+conditioning"": 32, ""residual+conditioning+solver_failure"": 16}"
0.9583333333333334,0.9583333333333333,0.96,0.9670138888888888,45.91032669999913,digits_4_vs_9,hybrid_always_trigger_qnn_exploratory_qnn,hybrid_always_trigger_qnn_exploratory,qnn,3,4,4,16,2.0,1.1,True,qnn_exploratory,always_trigger,80,,,,,,,65.70960029999696,,,,,,,,,,,,,,,,0.6875,1.0,0.7083333333333334,0.06197833106819567,3.942466380595232e-16,29.75,18.375,0.42773745833346766,0.14476934259620858,0.14290131257688307,"{""residual+conditioning"": 32, ""residual+conditioning+solver_failure"": 16}"
0.9791666666666666,0.9791666666666667,0.9795918367346939,0.9965277777777778,0.0025601000015740283,digits_4_vs_9,hybrid_qnn_lenient_qnn_exploratory_logreg,hybrid_qnn_lenient_qnn_exploratory,logreg,3,4,4,16,2.0,1.1,True,qnn_exploratory,qnn_lenient,80,,,,,,,65.54784360000122,,,,,,,,,,,,,,,,0.6875,1.0,0.7083333333333334,0.06197833106819567,3.942466380595232e-16,29.75,18.375,0.4283287041667639,0.14476934259620858,0.14290131257688307,"{""residual+conditioning"": 32, ""residual+conditioning+solver_failure"": 16}"
0.9791666666666666,0.9791666666666667,0.9795918367346939,0.998263888888889,0.0011749000004783738,digits_4_vs_9,hybrid_qnn_lenient_qnn_exploratory_svm_rbf,hybrid_qnn_lenient_qnn_exploratory,svm_rbf,3,4,4,16,2.0,1.1,True,qnn_exploratory,qnn_lenient,80,,,,,,,65.54784360000122,,,,,,,,,,,,,,,,0.6875,1.0,0.7083333333333334,0.06197833106819567,3.942466380595232e-16,29.75,18.375,0.4283287041667639,0.14476934259620858,0.14290131257688307,"{""residual+conditioning"": 32, ""residual+conditioning+solver_failure"": 16}"
0.9583333333333334,0.9583333333333333,0.96,0.9722222222222222,45.43894150000051,digits_4_vs_9,hybrid_qnn_lenient_qnn_exploratory_qnn,hybrid_qnn_lenient_qnn_exploratory,qnn,3,4,4,16,2.0,1.1,True,qnn_exploratory,qnn_lenient,80,,,,,,,65.54784360000122,,,,,,,,,,,,,,,,0.6875,1.0,0.7083333333333334,0.06197833106819567,3.942466380595232e-16,29.75,18.375,0.4283287041667639,0.14476934259620858,0.14290131257688307,"{""residual+conditioning"": 32, ""residual+conditioning+solver_failure"": 16}"
0.9791666666666666,0.9791666666666667,0.9795918367346939,0.9965277777777778,0.0019567999988794327,digits_4_vs_9,forced_no_detector_logreg,forced_no_detector,logreg,3,4,4,16,2.0,1.1,True,no_detector,standard,80,,,,,,,15.88147089999984,0.6666666666666666,0.8958333333333334,0.6666666666666666,0.625,0.06384860633310539,0.08007941609505433,0.06158381003363287,2.8489956613949416e-12,3.665011192088878e-16,29.75,13.770833333333334,2487.6041666666665,0.10462088541657977,0.14476934259620858,0.1428392984004642,,,,,,,,,,,
0.9791666666666666,0.9791666666666667,0.9795918367346939,0.9965277777777778,0.0010535000001254957,digits_4_vs_9,forced_no_detector_svm_rbf,forced_no_detector,svm_rbf,3,4,4,16,2.0,1.1,True,no_detector,standard,80,,,,,,,15.88147089999984,0.6666666666666666,0.8958333333333334,0.6666666666666666,0.625,0.06384860633310539,0.08007941609505433,0.06158381003363287,2.8489956613949416e-12,3.665011192088878e-16,29.75,13.770833333333334,2487.6041666666665,0.10462088541657977,0.14476934259620858,0.1428392984004642,,,,,,,,,,,
0.9583333333333334,0.9583333333333333,0.96,1.0,45.63072340000144,digits_4_vs_9,forced_no_detector_qnn,forced_no_detector,qnn,3,4,4,16,2.0,1.1,True,no_detector,standard,80,,,,,,,15.88147089999984,0.6666666666666666,0.8958333333333334,0.6666666666666666,0.625,0.06384860633310539,0.08007941609505433,0.06158381003363287,2.8489956613949416e-12,3.665011192088878e-16,29.75,13.770833333333334,2487.6041666666665,0.10462088541657977,0.14476934259620858,0.1428392984004642,,,,,,,,,,,
0.9791666666666666,0.9791666666666667,0.9795918367346939,0.998263888888889,0.002117699998052558,digits_4_vs_9,hybrid_standard_no_detector_logreg,hybrid_standard_no_detector,logreg,3,4,4,16,2.0,1.1,True,no_detector,standard,80,,,,,,,3.4239726000014343,,,,,,,,,,,,,,,,0.6875,0.3541666666666667,0.08333333333333333,0.06197700494521929,2.6254078511629317e-12,29.75,27.1875,0.0169323208329691,0.14476934259620858,0.008312475451472545,"{""none"": 31, ""residual+conditioning+solver_failure"": 14, ""conditioning+solver_failure"": 2, ""conditioning"": 1}"
0.9791666666666666,0.9791666666666667,0.9795918367346939,0.9947916666666667,0.001223200000822544,digits_4_vs_9,hybrid_standard_no_detector_svm_rbf,hybrid_standard_no_detector,svm_rbf,3,4,4,16,2.0,1.1,True,no_detector,standard,80,,,,,,,3.4239726000014343,,,,,,,,,,,,,,,,0.6875,0.3541666666666667,0.08333333333333333,0.06197700494521929,2.6254078511629317e-12,29.75,27.1875,0.0169323208329691,0.14476934259620858,0.008312475451472545,"{""none"": 31, ""residual+conditioning+solver_failure"": 14, ""conditioning+solver_failure"": 2, ""conditioning"": 1}"
0.9375,0.9375,0.9387755102040817,0.9826388888888888,45.75880859999961,digits_4_vs_9,hybrid_standard_no_detector_qnn,hybrid_standard_no_detector,qnn,3,4,4,16,2.0,1.1,True,no_detector,standard,80,,,,,,,3.4239726000014343,,,,,,,,,,,,,,,,0.6875,0.3541666666666667,0.08333333333333333,0.06197700494521929,2.6254078511629317e-12,29.75,27.1875,0.0169323208329691,0.14476934259620858,0.008312475451472545,"{""none"": 31, ""residual+conditioning+solver_failure"": 14, ""conditioning+solver_failure"": 2, ""conditioning"": 1}"
0.9791666666666666,0.9791666666666667,0.9795918367346939,0.998263888888889,0.0020040000017615966,digits_4_vs_9,hybrid_aggressive_no_detector_logreg,hybrid_aggressive_no_detector,logreg,3,4,4,16,2.0,1.1,True,no_detector,aggressive,80,,,,,,,5.917675500000769,,,,,,,,,,,,,,,,0.6875,0.5416666666666666,0.22916666666666666,0.06197700494487226,2.513797850502413e-12,29.75,24.979166666666668,0.03935769999967912,0.14476934259620858,0.05294046046066889,"{""conditioning"": 10, ""residual+conditioning+solver_failure"": 16, ""none"": 22}"
0.9791666666666666,0.9791666666666667,0.9795918367346939,0.9965277777777778,0.0010571999991952907,digits_4_vs_9,hybrid_aggressive_no_detector_svm_rbf,hybrid_aggressive_no_detector,svm_rbf,3,4,4,16,2.0,1.1,True,no_detector,aggressive,80,,,,,,,5.917675500000769,,,,,,,,,,,,,,,,0.6875,0.5416666666666666,0.22916666666666666,0.06197700494487226,2.513797850502413e-12,29.75,24.979166666666668,0.03935769999967912,0.14476934259620858,0.05294046046066889,"{""conditioning"": 10, ""residual+conditioning+solver_failure"": 16, ""none"": 22}"
0.9583333333333334,0.9583333333333333,0.96,0.970486111111111,46.572391400000924,digits_4_vs_9,hybrid_aggressive_no_detector_qnn,hybrid_aggressive_no_detector,qnn,3,4,4,16,2.0,1.1,True,no_detector,aggressive,80,,,,,,,5.917675500000769,,,,,,,,,,,,,,,,0.6875,0.5416666666666666,0.22916666666666666,0.06197700494487226,2.513797850502413e-12,29.75,24.979166666666668,0.03935769999967912,0.14476934259620858,0.05294046046066889,"{""conditioning"": 10, ""residual+conditioning+solver_failure"": 16, ""none"": 22}"
0.9791666666666666,0.9791666666666667,0.9795918367346939,0.998263888888889,0.002118600001267623,digits_4_vs_9,hybrid_always_trigger_no_detector_logreg,hybrid_always_trigger_no_detector,logreg,3,4,4,16,2.0,1.1,True,no_detector,always_trigger,80,,,,,,,15.896433900001284,,,,,,,,,,,,,,,,0.6666666666666666,1.0,0.6875,0.06197700494378327,3.665011192088878e-16,29.75,19.520833333333332,0.10511156458331546,0.14476934259620858,0.1428392984004642,"{""residual+conditioning"": 32, ""residual+conditioning+solver_failure"": 16}"
0.9791666666666666,0.9791666666666667,0.9795918367346939,0.998263888888889,0.0010786000020743813,digits_4_vs_9,hybrid_always_trigger_no_detector_svm_rbf,hybrid_always_trigger_no_detector,svm_rbf,3,4,4,16,2.0,1.1,True,no_detector,always_trigger,80,,,,,,,15.896433900001284,,,,,,,,,,,,,,,,0.6666666666666666,1.0,0.6875,0.06197700494378327,3.665011192088878e-16,29.75,19.520833333333332,0.10511156458331546,0.14476934259620858,0.1428392984004642,"{""residual+conditioning"": 32, ""residual+conditioning+solver_failure"": 16}"
0.9583333333333334,0.9583333333333333,0.96,0.9756944444444444,45.668228099999396,digits_4_vs_9,hybrid_always_trigger_no_detector_qnn,hybrid_always_trigger_no_detector,qnn,3,4,4,16,2.0,1.1,True,no_detector,always_trigger,80,,,,,,,15.896433900001284,,,,,,,,,,,,,,,,0.6666666666666666,1.0,0.6875,0.06197700494378327,3.665011192088878e-16,29.75,19.520833333333332,0.10511156458331546,0.14476934259620858,0.1428392984004642,"{""residual+conditioning"": 32, ""residual+conditioning+solver_failure"": 16}"
0.9791666666666666,0.9791666666666667,0.9795918367346939,0.998263888888889,0.0019391999994695652,digits_4_vs_9,hybrid_qnn_lenient_no_detector_logreg,hybrid_qnn_lenient_no_detector,logreg,3,4,4,16,2.0,1.1,True,no_detector,qnn_lenient,80,,,,,,,15.97005739999804,,,,,,,,,,,,,,,,0.6666666666666666,1.0,0.6875,0.06197700494378327,3.665011192088878e-16,29.75,19.520833333333332,0.10583857291658205,0.14476934259620858,0.1428392984004642,"{""residual+conditioning"": 32, ""residual+conditioning+solver_failure"": 16}"
0.9791666666666666,0.9791666666666667,0.9795918367346939,0.998263888888889,0.0010502000004635192,digits_4_vs_9,hybrid_qnn_lenient_no_detector_svm_rbf,hybrid_qnn_lenient_no_detector,svm_rbf,3,4,4,16,2.0,1.1,True,no_detector,qnn_lenient,80,,,,,,,15.97005739999804,,,,,,,,,,,,,,,,0.6666666666666666,1.0,0.6875,0.06197700494378327,3.665011192088878e-16,29.75,19.520833333333332,0.10583857291658205,0.14476934259620858,0.1428392984004642,"{""residual+conditioning"": 32, ""residual+conditioning+solver_failure"": 16}"
0.9375,0.9375,0.9387755102040817,0.9774305555555555,44.387452900002245,digits_4_vs_9,hybrid_qnn_lenient_no_detector_qnn,hybrid_qnn_lenient_no_detector,qnn,3,4,4,16,2.0,1.1,True,no_detector,qnn_lenient,80,,,,,,,15.97005739999804,,,,,,,,,,,,,,,,0.6666666666666666,1.0,0.6875,0.06197700494378327,3.665011192088878e-16,29.75,19.520833333333332,0.10583857291658205,0.14476934259620858,0.1428392984004642,"{""residual+conditioning"": 32, ""residual+conditioning+solver_failure"": 16}"
0.9791666666666666,0.9791666666666667,0.9795918367346939,0.9965277777777778,0.002182899999752408,digits_4_vs_9,forced_residual_only_logreg,forced_residual_only,logreg,3,4,4,16,2.0,1.1,True,residual_only,standard,80,,,,,,,7.213945300001797,0.6875,0.9375,0.6666666666666666,0.6875,0.06384860633310539,0.06547720499935146,0.05573679248678385,2.8489956613949416e-12,3.620490212271864e-16,29.75,9.8125,2676.375,0.048496347916852756,0.14476934259620858,0.14688899947881795,,,,,,,,,,,
0.9791666666666666,0.9791666666666667,0.9795918367346939,0.998263888888889,0.0010825999997905456,digits_4_vs_9,forced_residual_only_svm_rbf,forced_residual_only,svm_rbf,3,4,4,16,2.0,1.1,True,residual_only,standard,80,,,,,,,7.213945300001797,0.6875,0.9375,0.6666666666666666,0.6875,0.06384860633310539,0.06547720499935146,0.05573679248678385,2.8489956613949416e-12,3.620490212271864e-16,29.75,9.8125,2676.375,0.048496347916852756,0.14476934259620858,0.14688899947881795,,,,,,,,,,,
0.8958333333333334,0.8958333333333333,0.9056603773584906,0.9756944444444444,43.2533786999993,digits_4_vs_9,forced_residual_only_qnn,forced_residual_only,qnn,3,4,4,16,2.0,1.1,True,residual_only,standard,80,,,,,,,7.213945300001797,0.6875,0.9375,0.6666666666666666,0.6875,0.06384860633310539,0.06547720499935146,0.05573679248678385,2.8489956613949416e-12,3.620490212271864e-16,29.75,9.8125,2676.375,0.048496347916852756,0.14476934259620858,0.14688899947881795,,,,,,,,,,,
0.9791666666666666,0.9791666666666667,0.9795918367346939,0.9965277777777778,0.0022238999990804587,digits_4_vs_9,hybrid_standard_residual_only_logreg,hybrid_standard_residual_only,logreg,3,4,4,16,2.0,1.1,True,residual_only,standard,80,,,,,,,1.7730434000004607,,,,,,,,,,,,,,,,0.6875,0.3541666666666667,0.1875,0.055830351661351835,2.5919793796722623e-12,29.75,23.541666666666668,0.00928689791665723,0.14476934259620858,0.013398164003482238,"{""none"": 31, ""residual+conditioning+solver_failure"": 14, ""conditioning+solver_failure"": 2, ""conditioning"": 1}"
0.9791666666666666,0.9791666666666667,0.9795918367346939,0.9965277777777778,0.0010996999990311451,digits_4_vs_9,hybrid_standard_residual_only_svm_rbf,hybrid_standard_residual_only,svm_rbf,3,4,4,16,2.0,1.1,True,residual_only,standard,80,,,,,,,1.7730434000004607,,,,,,,,,,,,,,,,0.6875,0.3541666666666667,0.1875,0.055830351661351835,2.5919793796722623e-12,29.75,23.541666666666668,0.00928689791665723,0.14476934259620858,0.013398164003482238,"{""none"": 31, ""residual+conditioning+solver_failure"": 14, ""conditioning+solver_failure"": 2, ""conditioning"": 1}"
0.9166666666666666,0.9166666666666667,0.9230769230769231,0.9774305555555556,45.83479400000215,digits_4_vs_9,hybrid_standard_residual_only_qnn,hybrid_standard_residual_only,qnn,3,4,4,16,2.0,1.1,True,residual_only,standard,80,,,,,,,1.7730434000004607,,,,,,,,,,,,,,,,0.6875,0.3541666666666667,0.1875,0.055830351661351835,2.5919793796722623e-12,29.75,23.541666666666668,0.00928689791665723,0.14476934259620858,0.013398164003482238,"{""none"": 31, ""residual+conditioning+solver_failure"": 14, ""conditioning+solver_failure"": 2, ""conditioning"": 1}"
0.9791666666666666,0.9791666666666667,0.9795918367346939,0.998263888888889,0.0019969999993918464,digits_4_vs_9,hybrid_aggressive_residual_only_logreg,hybrid_aggressive_residual_only,logreg,3,4,4,16,2.0,1.1,True,residual_only,aggressive,80,,,,,,,2.9839969999993627,,,,,,,,,,,,,,,,0.6875,0.5416666666666666,0.375,0.055830351660991345,2.4302023346763782e-12,29.75,20.291666666666668,0.020768610416780575,0.14476934259620858,0.06041683168224495,"{""conditioning"": 10, ""residual+conditioning+solver_failure"": 16, ""none"": 22}"
0.9791666666666666,0.9791666666666667,0.9795918367346939,0.998263888888889,0.0011019000012311153,digits_4_vs_9,hybrid_aggressive_residual_only_svm_rbf,hybrid_aggressive_residual_only,svm_rbf,3,4,4,16,2.0,1.1,True,residual_only,aggressive,80,,,,,,,2.9839969999993627,,,,,,,,,,,,,,,,0.6875,0.5416666666666666,0.375,0.055830351660991345,2.4302023346763782e-12,29.75,20.291666666666668,0.020768610416780575,0.14476934259620858,0.06041683168224495,"{""conditioning"": 10, ""residual+conditioning+solver_failure"": 16, ""none"": 22}"
0.8958333333333334,0.8958333333333333,0.9056603773584906,0.9704861111111112,45.87105070000325,digits_4_vs_9,hybrid_aggressive_residual_only_qnn,hybrid_aggressive_residual_only,qnn,3,4,4,16,2.0,1.1,True,residual_only,aggressive,80,,,,,,,2.9839969999993627,,,,,,,,,,,,,,,,0.6875,0.5416666666666666,0.375,0.055830351660991345,2.4302023346763782e-12,29.75,20.291666666666668,0.020768610416780575,0.14476934259620858,0.06041683168224495,"{""conditioning"": 10, ""residual+conditioning+solver_failure"": 16, ""none"": 22}"
0.9791666666666666,0.9791666666666667,0.9795918367346939,0.9965277777777778,0.0023031000018818304,digits_4_vs_9,hybrid_always_trigger_residual_only_logreg,hybrid_always_trigger_residual_only,logreg,3,4,4,16,2.0,1.1,True,residual_only,always_trigger,80,,,,,,,7.227271799998562,,,,,,,,,,,,,,,,0.6875,1.0,0.8333333333333334,0.055830351659902355,3.620490212271864e-16,29.75,14.645833333333334,0.04851224999985485,0.14476934259620858,0.14688899947881795,"{""residual+conditioning"": 32, ""residual+conditioning+solver_failure"": 16}"
0.9791666666666666,0.9791666666666667,0.9795918367346939,0.998263888888889,0.0010795999987749383,digits_4_vs_9,hybrid_always_trigger_residual_only_svm_rbf,hybrid_always_trigger_residual_only,svm_rbf,3,4,4,16,2.0,1.1,True,residual_only,always_trigger,80,,,,,,,7.227271799998562,,,,,,,,,,,,,,,,0.6875,1.0,0.8333333333333334,0.055830351659902355,3.620490212271864e-16,29.75,14.645833333333334,0.04851224999985485,0.14476934259620858,0.14688899947881795,"{""residual+conditioning"": 32, ""residual+conditioning+solver_failure"": 16}"
0.9166666666666666,0.9166666666666667,0.9230769230769231,0.9774305555555556,44.94389030000093,digits_4_vs_9,hybrid_always_trigger_residual_only_qnn,hybrid_always_trigger_residual_only,qnn,3,4,4,16,2.0,1.1,True,residual_only,always_trigger,80,,,,,,,7.227271799998562,,,,,,,,,,,,,,,,0.6875,1.0,0.8333333333333334,0.055830351659902355,3.620490212271864e-16,29.75,14.645833333333334,0.04851224999985485,0.14476934259620858,0.14688899947881795,"{""residual+conditioning"": 32, ""residual+conditioning+solver_failure"": 16}"
0.9791666666666666,0.9791666666666667,0.9795918367346939,0.9965277777777778,0.0019151000014971942,digits_4_vs_9,hybrid_qnn_lenient_residual_only_logreg,hybrid_qnn_lenient_residual_only,logreg,3,4,4,16,2.0,1.1,True,residual_only,qnn_lenient,80,,,,,,,7.221890099997836,,,,,,,,,,,,,,,,0.6875,1.0,0.8333333333333334,0.055830351659902355,3.620490212271864e-16,29.75,14.645833333333334,0.04850630208299359,0.14476934259620858,0.14688899947881795,"{""residual+conditioning"": 32, ""residual+conditioning+solver_failure"": 16}"
0.9791666666666666,0.9791666666666667,0.9795918367346939,0.998263888888889,0.001088299999537412,digits_4_vs_9,hybrid_qnn_lenient_residual_only_svm_rbf,hybrid_qnn_lenient_residual_only,svm_rbf,3,4,4,16,2.0,1.1,True,residual_only,qnn_lenient,80,,,,,,,7.221890099997836,,,,,,,,,,,,,,,,0.6875,1.0,0.8333333333333334,0.055830351659902355,3.620490212271864e-16,29.75,14.645833333333334,0.04850630208299359,0.14476934259620858,0.14688899947881795,"{""residual+conditioning"": 32, ""residual+conditioning+solver_failure"": 16}"
0.9166666666666666,0.9166666666666667,0.9230769230769231,0.9670138888888888,45.841061700000864,digits_4_vs_9,hybrid_qnn_lenient_residual_only_qnn,hybrid_qnn_lenient_residual_only,qnn,3,4,4,16,2.0,1.1,True,residual_only,qnn_lenient,80,,,,,,,7.221890099997836,,,,,,,,,,,,,,,,0.6875,1.0,0.8333333333333334,0.055830351659902355,3.620490212271864e-16,29.75,14.645833333333334,0.04850630208299359,0.14476934259620858,0.14688899947881795,"{""residual+conditioning"": 32, ""residual+conditioning+solver_failure"": 16}"
0.9791666666666666,0.9791666666666667,0.9795918367346939,0.9930555555555556,0.001612099997146288,digits_4_vs_9,pca_logreg,pca,logreg,4,4,4,16,2.0,1.1,True,full_balanced,standard,80,,,,,,,,,,,,,,,,,,,,,,,,,,,,,,,,,
0.9791666666666666,0.9791666666666667,0.9795918367346939,1.0,0.05058920000010403,digits_4_vs_9,pca_mlp,pca,mlp,4,4,4,16,2.0,1.1,True,full_balanced,standard,80,,,,,,,,,,,,,,,,,,,,,,,,,,,,,,,,,
0.9583333333333334,0.9583333333333334,0.9583333333333334,0.998263888888889,0.0011215999984415248,digits_4_vs_9,pca_svm_rbf,pca,svm_rbf,4,4,4,16,2.0,1.1,True,full_balanced,standard,80,,,,,,,,,,,,,,,,,,,,,,,,,,,,,,,,,
1.0,1.0,1.0,1.0,45.25458219999928,digits_4_vs_9,pca_qnn,pca,qnn,4,4,4,16,2.0,1.1,True,full_balanced,standard,80,,,,,,,,,,,,,,,,,,,,,,,,,,,,,,,,,
0.9791666666666666,0.9791666666666667,0.9795918367346939,0.9895833333333334,0.0024556999997003004,digits_4_vs_9,implicit_zero_logreg,implicit_zero,logreg,4,4,4,16,2.0,1.1,True,full_balanced,standard,80,0.7916666666666666,0.023329587630883507,2.0635598232372273e-12,31.291666666666668,0.00019575416664944592,0.15834012122386856,0.04569930000070599,,,,,,,,,,,,,,,,,,,,,,,,,,
0.9166666666666666,0.9166666666666667,0.9130434782608695,0.9895833333333334,0.0012305999989621341,digits_4_vs_9,implicit_zero_svm_rbf,implicit_zero,svm_rbf,4,4,4,16,2.0,1.1,True,full_balanced,standard,80,0.7916666666666666,0.023329587630883507,2.0635598232372273e-12,31.291666666666668,0.00019575416664944592,0.15834012122386856,0.04569930000070599,,,,,,,,,,,,,,,,,,,,,,,,,,
0.9375,0.9375,0.9361702127659575,0.9826388888888888,45.92519739999989,digits_4_vs_9,implicit_zero_qnn,implicit_zero,qnn,4,4,4,16,2.0,1.1,True,full_balanced,standard,80,0.7916666666666666,0.023329587630883507,2.0635598232372273e-12,31.291666666666668,0.00019575416664944592,0.15834012122386856,0.04569930000070599,,,,,,,,,,,,,,,,,,,,,,,,,,
0.9791666666666666,0.9791666666666667,0.9795918367346939,0.9895833333333334,0.002365799999097362,digits_4_vs_9,forced_full_light_logreg,forced_full_light,logreg,4,4,4,16,2.0,1.1,True,full_light,standard,80,,,,,,,30.175094499998522,0.7916666666666666,0.75,0.7916666666666666,0.625,0.023329587630883507,0.06784870590557497,0.01851367687114388,2.0635598232372273e-12,5.624571006650133e-16,31.291666666666668,15.979166666666666,1988.5833333333333,0.18575100624957486,0.15834012122386856,0.12363439701746774,,,,,,,,,,,
0.9166666666666666,0.9166666666666667,0.9130434782608695,0.9895833333333334,0.0010847000012290664,digits_4_vs_9,forced_full_light_svm_rbf,forced_full_light,svm_rbf,4,4,4,16,2.0,1.1,True,full_light,standard,80,,,,,,,30.175094499998522,0.7916666666666666,0.75,0.7916666666666666,0.625,0.023329587630883507,0.06784870590557497,0.01851367687114388,2.0635598232372273e-12,5.624571006650133e-16,31.291666666666668,15.979166666666666,1988.5833333333333,0.18575100624957486,0.15834012122386856,0.12363439701746774,,,,,,,,,,,
0.9791666666666666,0.9791666666666667,0.9795918367346939,0.9965277777777778,45.754062500000146,digits_4_vs_9,forced_full_light_qnn,forced_full_light,qnn,4,4,4,16,2.0,1.1,True,full_light,standard,80,,,,,,,30.175094499998522,0.7916666666666666,0.75,0.7916666666666666,0.625,0.023329587630883507,0.06784870590557497,0.01851367687114388,2.0635598232372273e-12,5.624571006650133e-16,31.291666666666668,15.979166666666666,1988.5833333333333,0.18575100624957486,0.15834012122386856,0.12363439701746774,,,,,,,,,,,
0.9791666666666666,0.9791666666666667,0.9795918367346939,0.9930555555555556,0.0024406000011367723,digits_4_vs_9,hybrid_standard_full_light_logreg,hybrid_standard_full_light,logreg,4,4,4,16,2.0,1.1,True,full_light,standard,80,,,,,,,7.671100100000331,,,,,,,,,,,,,,,,0.7916666666666666,0.2708333333333333,0.10416666666666667,0.018552378957979128,2.0635598232372273e-12,31.291666666666668,29.1875,0.036127322916627236,0.15834012122386856,0.006946882861226554,"{""none"": 35, ""conditioning"": 3, ""residual+conditioning+solver_failure"": 9, ""conditioning+solver_failure"": 1}"
0.9375,0.9375,0.9361702127659575,0.9895833333333334,0.001157500002591405,digits_4_vs_9,hybrid_standard_full_light_svm_rbf,hybrid_standard_full_light,svm_rbf,4,4,4,16,2.0,1.1,True,full_light,standard,80,,,,,,,7.671100100000331,,,,,,,,,,,,,,,,0.7916666666666666,0.2708333333333333,0.10416666666666667,0.018552378957979128,2.0635598232372273e-12,31.291666666666668,29.1875,0.036127322916627236,0.15834012122386856,0.006946882861226554,"{""none"": 35, ""conditioning"": 3, ""residual+conditioning+solver_failure"": 9, ""conditioning+solver_failure"": 1}"
0.8958333333333334,0.8958333333333333,0.8936170212765957,0.9895833333333333,44.88568360000136,digits_4_vs_9,hybrid_standard_full_light_qnn,hybrid_standard_full_light,qnn,4,4,4,16,2.0,1.1,True,full_light,standard,80,,,,,,,7.671100100000331,,,,,,,,,,,,,,,,0.7916666666666666,0.2708333333333333,0.10416666666666667,0.018552378957979128,2.0635598232372273e-12,31.291666666666668,29.1875,0.036127322916627236,0.15834012122386856,0.006946882861226554,"{""none"": 35, ""conditioning"": 3, ""residual+conditioning+solver_failure"": 9, ""conditioning+solver_failure"": 1}"
0.9791666666666666,0.9791666666666667,0.9795918367346939,0.9930555555555556,0.0020777999998244923,digits_4_vs_9,hybrid_aggressive_full_light_logreg,hybrid_aggressive_full_light,logreg,4,4,4,16,2.0,1.1,True,full_light,aggressive,80,,,,,,,15.28388100000302,,,,,,,,,,,,,,,,0.7916666666666666,0.5833333333333334,0.3125,0.01855230349692023,1.1667055811751368e-12,31.291666666666668,26.583333333333332,0.09469879583351333,0.15834012122386856,0.05829133714402287,"{""none"": 20, ""conditioning"": 18, ""residual+conditioning+solver_failure"": 10}"
0.9375,0.9375,0.9361702127659575,0.9895833333333334,0.0011330999986967072,digits_4_vs_9,hybrid_aggressive_full_light_svm_rbf,hybrid_aggressive_full_light,svm_rbf,4,4,4,16,2.0,1.1,True,full_light,aggressive,80,,,,,,,15.28388100000302,,,,,,,,,,,,,,,,0.7916666666666666,0.5833333333333334,0.3125,0.01855230349692023,1.1667055811751368e-12,31.291666666666668,26.583333333333332,0.09469879583351333,0.15834012122386856,0.05829133714402287,"{""none"": 20, ""conditioning"": 18, ""residual+conditioning+solver_failure"": 10}"
0.9375,0.9375,0.9361702127659575,0.9895833333333334,44.208400799998344,digits_4_vs_9,hybrid_aggressive_full_light_qnn,hybrid_aggressive_full_light,qnn,4,4,4,16,2.0,1.1,True,full_light,aggressive,80,,,,,,,15.28388100000302,,,,,,,,,,,,,,,,0.7916666666666666,0.5833333333333334,0.3125,0.01855230349692023,1.1667055811751368e-12,31.291666666666668,26.583333333333332,0.09469879583351333,0.15834012122386856,0.05829133714402287,"{""none"": 20, ""conditioning"": 18, ""residual+conditioning+solver_failure"": 10}"
0.9791666666666666,0.9791666666666667,0.9795918367346939,0.9895833333333334,0.0022834999981569126,digits_4_vs_9,hybrid_always_trigger_full_light_logreg,hybrid_always_trigger_full_light,logreg,4,4,4,16,2.0,1.1,True,full_light,always_trigger,80,,,,,,,30.59970279999834,,,,,,,,,,,,,,,,0.7916666666666666,1.0,0.6875,0.01854461495822379,4.922308966498328e-16,31.291666666666668,19.291666666666668,0.19095344166627606,0.15834012122386856,0.12358726863146689,"{""residual+conditioning"": 38, ""residual+conditioning+solver_failure"": 10}"
0.9375,0.9375,0.9361702127659575,0.9861111111111112,0.0012482000020099804,digits_4_vs_9,hybrid_always_trigger_full_light_svm_rbf,hybrid_always_trigger_full_light,svm_rbf,4,4,4,16,2.0,1.1,True,full_light,always_trigger,80,,,,,,,30.59970279999834,,,,,,,,,,,,,,,,0.7916666666666666,1.0,0.6875,0.01854461495822379,4.922308966498328e-16,31.291666666666668,19.291666666666668,0.19095344166627606,0.15834012122386856,0.12358726863146689,"{""residual+conditioning"": 38, ""residual+conditioning+solver_failure"": 10}"
0.9583333333333334,0.9583333333333334,0.9583333333333334,0.9861111111111112,44.330576700001984,digits_4_vs_9,hybrid_always_trigger_full_light_qnn,hybrid_always_trigger_full_light,qnn,4,4,4,16,2.0,1.1,True,full_light,always_trigger,80,,,,,,,30.59970279999834,,,,,,,,,,,,,,,,0.7916666666666666,1.0,0.6875,0.01854461495822379,4.922308966498328e-16,31.291666666666668,19.291666666666668,0.19095344166627606,0.15834012122386856,0.12358726863146689,"{""residual+conditioning"": 38, ""residual+conditioning+solver_failure"": 10}"
0.9791666666666666,0.9791666666666667,0.9795918367346939,0.9895833333333334,0.0023489000013796613,digits_4_vs_9,hybrid_qnn_lenient_full_light_logreg,hybrid_qnn_lenient_full_light,logreg,4,4,4,16,2.0,1.1,True,full_light,qnn_lenient,80,,,,,,,30.563764799997443,,,,,,,,,,,,,,,,0.7916666666666666,1.0,0.6875,0.01854461495822379,4.922308966498328e-16,31.291666666666668,19.291666666666668,0.19061996458322028,0.15834012122386856,0.12358726863146689,"{""residual+conditioning"": 38, ""residual+conditioning+solver_failure"": 10}"
0.9375,0.9375,0.9361702127659575,0.9861111111111112,0.001095699997677002,digits_4_vs_9,hybrid_qnn_lenient_full_light_svm_rbf,hybrid_qnn_lenient_full_light,svm_rbf,4,4,4,16,2.0,1.1,True,full_light,qnn_lenient,80,,,,,,,30.563764799997443,,,,,,,,,,,,,,,,0.7916666666666666,1.0,0.6875,0.01854461495822379,4.922308966498328e-16,31.291666666666668,19.291666666666668,0.19061996458322028,0.15834012122386856,0.12358726863146689,"{""residual+conditioning"": 38, ""residual+conditioning+solver_failure"": 10}"
0.9583333333333334,0.9583333333333334,0.9583333333333334,0.9861111111111112,46.040169899999455,digits_4_vs_9,hybrid_qnn_lenient_full_light_qnn,hybrid_qnn_lenient_full_light,qnn,4,4,4,16,2.0,1.1,True,full_light,qnn_lenient,80,,,,,,,30.563764799997443,,,,,,,,,,,,,,,,0.7916666666666666,1.0,0.6875,0.01854461495822379,4.922308966498328e-16,31.291666666666668,19.291666666666668,0.19061996458322028,0.15834012122386856,0.12358726863146689,"{""residual+conditioning"": 38, ""residual+conditioning+solver_failure"": 10}"
0.9791666666666666,0.9791666666666667,0.9795918367346939,0.9913194444444444,0.002373200000874931,digits_4_vs_9,forced_full_balanced_logreg,forced_full_balanced,logreg,4,4,4,16,2.0,1.1,True,full_balanced,standard,80,,,,,,,42.37669719999758,0.7916666666666666,0.7083333333333334,0.7916666666666666,0.625,0.023329587630883507,0.07180884996770533,0.018523055387729737,2.0635598232372273e-12,4.966037857069783e-16,31.291666666666668,16.0,2403.6666666666665,0.2648420562501694,0.15834012122386856,0.12397402852246987,,,,,,,,,,,
0.9375,0.9375,0.9361702127659575,0.9913194444444444,0.0011300000005576294,digits_4_vs_9,forced_full_balanced_svm_rbf,forced_full_balanced,svm_rbf,4,4,4,16,2.0,1.1,True,full_balanced,standard,80,,,,,,,42.37669719999758,0.7916666666666666,0.7083333333333334,0.7916666666666666,0.625,0.023329587630883507,0.07180884996770533,0.018523055387729737,2.0635598232372273e-12,4.966037857069783e-16,31.291666666666668,16.0,2403.6666666666665,0.2648420562501694,0.15834012122386856,0.12397402852246987,,,,,,,,,,,
0.9375,0.9375,0.9333333333333333,0.9965277777777777,45.61478050000005,digits_4_vs_9,forced_full_balanced_qnn,forced_full_balanced,qnn,4,4,4,16,2.0,1.1,True,full_balanced,standard,80,,,,,,,42.37669719999758,0.7916666666666666,0.7083333333333334,0.7916666666666666,0.625,0.023329587630883507,0.07180884996770533,0.018523055387729737,2.0635598232372273e-12,4.966037857069783e-16,31.291666666666668,16.0,2403.6666666666665,0.2648420562501694,0.15834012122386856,0.12397402852246987,,,,,,,,,,,
0.9791666666666666,0.9791666666666667,0.9795918367346939,0.9930555555555556,0.0022202000000106636,digits_4_vs_9,hybrid_standard_full_balanced_logreg,hybrid_standard_full_balanced,logreg,4,4,4,16,2.0,1.1,True,full_balanced,standard,80,,,,,,,9.613738100000774,,,,,,,,,,,,,,,,0.7916666666666666,0.2708333333333333,0.10416666666666667,0.018532246155908785,2.0635598232372273e-12,31.291666666666668,29.0625,0.04548222499988697,0.15834012122386856,0.008138356663887174,"{""none"": 35, ""conditioning"": 3, ""residual+conditioning+solver_failure"": 9, ""conditioning+solver_failure"": 1}"
0.9583333333333334,0.9583333333333334,0.9583333333333334,0.9895833333333334,0.0011689000020851381,digits_4_vs_9,hybrid_standard_full_balanced_svm_rbf,hybrid_standard_full_balanced,svm_rbf,4,4,4,16,2.0,1.1,True,full_balanced,standard,80,,,,,,,9.613738100000774,,,,,,,,,,,,,,,,0.7916666666666666,0.2708333333333333,0.10416666666666667,0.018532246155908785,2.0635598232372273e-12,31.291666666666668,29.0625,0.04548222499988697,0.15834012122386856,0.008138356663887174,"{""none"": 35, ""conditioning"": 3, ""residual+conditioning+solver_failure"": 9, ""conditioning+solver_failure"": 1}"
0.9583333333333334,0.9583333333333333,0.9565217391304348,0.9965277777777777,44.44857449999836,digits_4_vs_9,hybrid_standard_full_balanced_qnn,hybrid_standard_full_balanced,qnn,4,4,4,16,2.0,1.1,True,full_balanced,standard,80,,,,,,,9.613738100000774,,,,,,,,,,,,,,,,0.7916666666666666,0.2708333333333333,0.10416666666666667,0.018532246155908785,2.0635598232372273e-12,31.291666666666668,29.0625,0.04548222499988697,0.15834012122386856,0.008138356663887174,"{""none"": 35, ""conditioning"": 3, ""residual+conditioning+solver_failure"": 9, ""conditioning+solver_failure"": 1}"
0.9791666666666666,0.9791666666666667,0.9795918367346939,0.9930555555555556,0.002479899998434121,digits_4_vs_9,hybrid_aggressive_full_balanced_logreg,hybrid_aggressive_full_balanced,logreg,4,4,4,16,2.0,1.1,True,full_balanced,aggressive,80,,,,,,,20.467460500000016,,,,,,,,,,,,,,,,0.7916666666666666,0.5833333333333334,0.3125,0.018536802677124337,1.1667055811751368e-12,31.291666666666668,25.9375,0.1271409500000118,0.15834012122386856,0.05896578471771398,"{""none"": 20, ""conditioning"": 18, ""residual+conditioning+solver_failure"": 10}"
0.9583333333333334,0.9583333333333334,0.9583333333333334,0.9895833333333334,0.0011542999964149203,digits_4_vs_9,hybrid_aggressive_full_balanced_svm_rbf,hybrid_aggressive_full_balanced,svm_rbf,4,4,4,16,2.0,1.1,True,full_balanced,aggressive,80,,,,,,,20.467460500000016,,,,,,,,,,,,,,,,0.7916666666666666,0.5833333333333334,0.3125,0.018536802677124337,1.1667055811751368e-12,31.291666666666668,25.9375,0.1271409500000118,0.15834012122386856,0.05896578471771398,"{""none"": 20, ""conditioning"": 18, ""residual+conditioning+solver_failure"": 10}"
0.9791666666666666,0.9791666666666667,0.9795918367346939,0.9965277777777778,44.0197991999994,digits_4_vs_9,hybrid_aggressive_full_balanced_qnn,hybrid_aggressive_full_balanced,qnn,4,4,4,16,2.0,1.1,True,full_balanced,aggressive,80,,,,,,,20.467460500000016,,,,,,,,,,,,,,,,0.7916666666666666,0.5833333333333334,0.3125,0.018536802677124337,1.1667055811751368e-12,31.291666666666668,25.9375,0.1271409500000118,0.15834012122386856,0.05896578471771398,"{""none"": 20, ""conditioning"": 18, ""residual+conditioning+solver_failure"": 10}"
0.9791666666666666,0.9791666666666667,0.9795918367346939,0.9895833333333334,0.002067900000838563,digits_4_vs_9,hybrid_always_trigger_full_balanced_logreg,hybrid_always_trigger_full_balanced,logreg,4,4,4,16,2.0,1.1,True,full_balanced,always_trigger,80,,,,,,,41.94088499999998,,,,,,,,,,,,,,,,0.7916666666666666,1.0,0.6458333333333334,0.018532394314404503,4.99609278303114e-16,31.291666666666668,19.9375,0.26776329166644547,0.15834012122386856,0.12393569446787149,"{""residual+conditioning"": 38, ""residual+conditioning+solver_failure"": 10}"
0.9375,0.9375,0.9361702127659575,0.9895833333333334,0.001157700000476325,digits_4_vs_9,hybrid_always_trigger_full_balanced_svm_rbf,hybrid_always_trigger_full_balanced,svm_rbf,4,4,4,16,2.0,1.1,True,full_balanced,always_trigger,80,,,,,,,41.94088499999998,,,,,,,,,,,,,,,,0.7916666666666666,1.0,0.6458333333333334,0.018532394314404503,4.99609278303114e-16,31.291666666666668,19.9375,0.26776329166644547,0.15834012122386856,0.12393569446787149,"{""residual+conditioning"": 38, ""residual+conditioning+solver_failure"": 10}"
0.9375,0.9375,0.9361702127659575,0.9947916666666666,44.55807559999812,digits_4_vs_9,hybrid_always_trigger_full_balanced_qnn,hybrid_always_trigger_full_balanced,qnn,4,4,4,16,2.0,1.1,True,full_balanced,always_trigger,80,,,,,,,41.94088499999998,,,,,,,,,,,,,,,,0.7916666666666666,1.0,0.6458333333333334,0.018532394314404503,4.99609278303114e-16,31.291666666666668,19.9375,0.26776329166644547,0.15834012122386856,0.12393569446787149,"{""residual+conditioning"": 38, ""residual+conditioning+solver_failure"": 10}"
0.9791666666666666,0.9791666666666667,0.9795918367346939,0.9895833333333334,0.002305100002558902,digits_4_vs_9,hybrid_qnn_lenient_full_balanced_logreg,hybrid_qnn_lenient_full_balanced,logreg,4,4,4,16,2.0,1.1,True,full_balanced,qnn_lenient,80,,,,,,,41.87667869999859,,,,,,,,,,,,,,,,0.7916666666666666,1.0,0.6458333333333334,0.018532394314404503,4.99609278303114e-16,31.291666666666668,19.9375,0.26750089791683723,0.15834012122386856,0.12393569446787149,"{""residual+conditioning"": 38, ""residual+conditioning+solver_failure"": 10}"
0.9375,0.9375,0.9361702127659575,0.9895833333333334,0.0011403999997128267,digits_4_vs_9,hybrid_qnn_lenient_full_balanced_svm_rbf,hybrid_qnn_lenient_full_balanced,svm_rbf,4,4,4,16,2.0,1.1,True,full_balanced,qnn_lenient,80,,,,,,,41.87667869999859,,,,,,,,,,,,,,,,0.7916666666666666,1.0,0.6458333333333334,0.018532394314404503,4.99609278303114e-16,31.291666666666668,19.9375,0.26750089791683723,0.15834012122386856,0.12393569446787149,"{""residual+conditioning"": 38, ""residual+conditioning+solver_failure"": 10}"
0.9375,0.9375,0.9333333333333333,0.9947916666666666,46.06649309999921,digits_4_vs_9,hybrid_qnn_lenient_full_balanced_qnn,hybrid_qnn_lenient_full_balanced,qnn,4,4,4,16,2.0,1.1,True,full_balanced,qnn_lenient,80,,,,,,,41.87667869999859,,,,,,,,,,,,,,,,0.7916666666666666,1.0,0.6458333333333334,0.018532394314404503,4.99609278303114e-16,31.291666666666668,19.9375,0.26750089791683723,0.15834012122386856,0.12393569446787149,"{""residual+conditioning"": 38, ""residual+conditioning+solver_failure"": 10}"
0.9791666666666666,0.9791666666666667,0.9795918367346939,0.9895833333333334,0.00249430000258144,digits_4_vs_9,forced_qnn_oriented_logreg,forced_qnn_oriented,logreg,4,4,4,16,2.0,1.1,True,qnn_oriented,standard,80,,,,,,,58.062612400000944,0.7916666666666666,0.75,0.7916666666666666,0.625,0.023329587630883507,0.06779258387048788,0.018485185651834494,2.0635598232372273e-12,5.518681820872119e-16,31.291666666666668,15.3125,2627.1458333333335,0.359177072916206,0.15834012122386856,0.12367181768172553,,,,,,,,,,,
0.9166666666666666,0.9166666666666667,0.9130434782608695,0.9878472222222222,0.0011871999995491933,digits_4_vs_9,forced_qnn_oriented_svm_rbf,forced_qnn_oriented,svm_rbf,4,4,4,16,2.0,1.1,True,qnn_oriented,standard,80,,,,,,,58.062612400000944,0.7916666666666666,0.75,0.7916666666666666,0.625,0.023329587630883507,0.06779258387048788,0.018485185651834494,2.0635598232372273e-12,5.518681820872119e-16,31.291666666666668,15.3125,2627.1458333333335,0.359177072916206,0.15834012122386856,0.12367181768172553,,,,,,,,,,,
0.9791666666666666,0.9791666666666667,0.9787234042553191,0.998263888888889,45.240949800001545,digits_4_vs_9,forced_qnn_oriented_qnn,forced_qnn_oriented,qnn,4,4,4,16,2.0,1.1,True,qnn_oriented,standard,80,,,,,,,58.062612400000944,0.7916666666666666,0.75,0.7916666666666666,0.625,0.023329587630883507,0.06779258387048788,0.018485185651834494,2.0635598232372273e-12,5.518681820872119e-16,31.291666666666668,15.3125,2627.1458333333335,0.359177072916206,0.15834012122386856,0.12367181768172553,,,,,,,,,,,
0.9791666666666666,0.9791666666666667,0.9795918367346939,0.9930555555555556,0.002875900001527043,digits_4_vs_9,hybrid_standard_qnn_oriented_logreg,hybrid_standard_qnn_oriented,logreg,4,4,4,16,2.0,1.1,True,qnn_oriented,standard,80,,,,,,,12.022224000000278,,,,,,,,,,,,,,,,0.7916666666666666,0.2708333333333333,0.08333333333333333,0.0185181570491458,2.0635598232372273e-12,31.291666666666668,29.479166666666668,0.05889167708354156,0.15834012122386856,0.007299744066252139,"{""none"": 35, ""conditioning"": 3, ""residual+conditioning+solver_failure"": 9, ""conditioning+solver_failure"": 1}"
0.9375,0.9375,0.9361702127659575,0.9895833333333334,0.0011414000000513624,digits_4_vs_9,hybrid_standard_qnn_oriented_svm_rbf,hybrid_standard_qnn_oriented,svm_rbf,4,4,4,16,2.0,1.1,True,qnn_oriented,standard,80,,,,,,,12.022224000000278,,,,,,,,,,,,,,,,0.7916666666666666,0.2708333333333333,0.08333333333333333,0.0185181570491458,2.0635598232372273e-12,31.291666666666668,29.479166666666668,0.05889167708354156,0.15834012122386856,0.007299744066252139,"{""none"": 35, ""conditioning"": 3, ""residual+conditioning+solver_failure"": 9, ""conditioning+solver_failure"": 1}"
0.9583333333333334,0.9583333333333333,0.9565217391304348,0.998263888888889,44.66245739999795,digits_4_vs_9,hybrid_standard_qnn_oriented_qnn,hybrid_standard_qnn_oriented,qnn,4,4,4,16,2.0,1.1,True,qnn_oriented,standard,80,,,,,,,12.022224000000278,,,,,,,,,,,,,,,,0.7916666666666666,0.2708333333333333,0.08333333333333333,0.0185181570491458,2.0635598232372273e-12,31.291666666666668,29.479166666666668,0.05889167708354156,0.15834012122386856,0.007299744066252139,"{""none"": 35, ""conditioning"": 3, ""residual+conditioning+solver_failure"": 9, ""conditioning+solver_failure"": 1}"
0.9791666666666666,0.9791666666666667,0.9795918367346939,0.9930555555555556,0.0022998999993433245,digits_4_vs_9,hybrid_aggressive_qnn_oriented_logreg,hybrid_aggressive_qnn_oriented,logreg,4,4,4,16,2.0,1.1,True,qnn_oriented,aggressive,80,,,,,,,27.645683399998234,,,,,,,,,,,,,,,,0.7916666666666666,0.5833333333333334,0.2916666666666667,0.018518093284030816,1.1667055811751368e-12,31.291666666666668,26.541666666666668,0.1693476916665683,0.15834012122386856,0.0585360568818722,"{""none"": 20, ""conditioning"": 18, ""residual+conditioning+solver_failure"": 10}"
0.9375,0.9375,0.9361702127659575,0.9913194444444444,0.0011149999991175719,digits_4_vs_9,hybrid_aggressive_qnn_oriented_svm_rbf,hybrid_aggressive_qnn_oriented,svm_rbf,4,4,4,16,2.0,1.1,True,qnn_oriented,aggressive,80,,,,,,,27.645683399998234,,,,,,,,,,,,,,,,0.7916666666666666,0.5833333333333334,0.2916666666666667,0.018518093284030816,1.1667055811751368e-12,31.291666666666668,26.541666666666668,0.1693476916665683,0.15834012122386856,0.0585360568818722,"{""none"": 20, ""conditioning"": 18, ""residual+conditioning+solver_failure"": 10}"
0.9791666666666666,0.9791666666666667,0.9787234042553191,1.0,46.069251100001566,digits_4_vs_9,hybrid_aggressive_qnn_oriented_qnn,hybrid_aggressive_qnn_oriented,qnn,4,4,4,16,2.0,1.1,True,qnn_oriented,aggressive,80,,,,,,,27.645683399998234,,,,,,,,,,,,,,,,0.7916666666666666,0.5833333333333334,0.2916666666666667,0.018518093284030816,1.1667055811751368e-12,31.291666666666668,26.541666666666668,0.1693476916665683,0.15834012122386856,0.0585360568818722,"{""none"": 20, ""conditioning"": 18, ""residual+conditioning+solver_failure"": 10}"
0.9791666666666666,0.9791666666666667,0.9795918367346939,0.9895833333333334,0.0020754999968630727,digits_4_vs_9,hybrid_always_trigger_qnn_oriented_logreg,hybrid_always_trigger_qnn_oriented,logreg,4,4,4,16,2.0,1.1,True,qnn_oriented,always_trigger,80,,,,,,,58.88544059999913,,,,,,,,,,,,,,,,0.7916666666666666,1.0,0.6458333333333334,0.018518240088954377,5.052623962551174e-16,31.291666666666668,20.479166666666668,0.37171811874986815,0.15834012122386856,0.12365883889354597,"{""residual+conditioning"": 38, ""residual+conditioning+solver_failure"": 10}"
0.9166666666666666,0.9166666666666667,0.9130434782608695,0.9878472222222222,0.0012544000019261148,digits_4_vs_9,hybrid_always_trigger_qnn_oriented_svm_rbf,hybrid_always_trigger_qnn_oriented,svm_rbf,4,4,4,16,2.0,1.1,True,qnn_oriented,always_trigger,80,,,,,,,58.88544059999913,,,,,,,,,,,,,,,,0.7916666666666666,1.0,0.6458333333333334,0.018518240088954377,5.052623962551174e-16,31.291666666666668,20.479166666666668,0.37171811874986815,0.15834012122386856,0.12365883889354597,"{""residual+conditioning"": 38, ""residual+conditioning+solver_failure"": 10}"
0.8958333333333334,0.8958333333333333,0.8936170212765957,0.984375,44.486444300000585,digits_4_vs_9,hybrid_always_trigger_qnn_oriented_qnn,hybrid_always_trigger_qnn_oriented,qnn,4,4,4,16,2.0,1.1,True,qnn_oriented,always_trigger,80,,,,,,,58.88544059999913,,,,,,,,,,,,,,,,0.7916666666666666,1.0,0.6458333333333334,0.018518240088954377,5.052623962551174e-16,31.291666666666668,20.479166666666668,0.37171811874986815,0.15834012122386856,0.12365883889354597,"{""residual+conditioning"": 38, ""residual+conditioning+solver_failure"": 10}"
0.9791666666666666,0.9791666666666667,0.9795918367346939,0.9895833333333334,0.0021878000006836373,digits_4_vs_9,hybrid_qnn_lenient_qnn_oriented_logreg,hybrid_qnn_lenient_qnn_oriented,logreg,4,4,4,16,2.0,1.1,True,qnn_oriented,qnn_lenient,80,,,,,,,58.73594349999985,,,,,,,,,,,,,,,,0.7916666666666666,1.0,0.6458333333333334,0.018518240088954377,5.052623962551174e-16,31.291666666666668,20.479166666666668,0.3694604062501033,0.15834012122386856,0.12365883889354597,"{""residual+conditioning"": 38, ""residual+conditioning+solver_failure"": 10}"
0.9166666666666666,0.9166666666666667,0.9130434782608695,0.9878472222222222,0.00109359999987646,digits_4_vs_9,hybrid_qnn_lenient_qnn_oriented_svm_rbf,hybrid_qnn_lenient_qnn_oriented,svm_rbf,4,4,4,16,2.0,1.1,True,qnn_oriented,qnn_lenient,80,,,,,,,58.73594349999985,,,,,,,,,,,,,,,,0.7916666666666666,1.0,0.6458333333333334,0.018518240088954377,5.052623962551174e-16,31.291666666666668,20.479166666666668,0.3694604062501033,0.15834012122386856,0.12365883889354597,"{""residual+conditioning"": 38, ""residual+conditioning+solver_failure"": 10}"
0.8958333333333334,0.8958333333333333,0.8936170212765957,0.984375,45.69773690000147,digits_4_vs_9,hybrid_qnn_lenient_qnn_oriented_qnn,hybrid_qnn_lenient_qnn_oriented,qnn,4,4,4,16,2.0,1.1,True,qnn_oriented,qnn_lenient,80,,,,,,,58.73594349999985,,,,,,,,,,,,,,,,0.7916666666666666,1.0,0.6458333333333334,0.018518240088954377,5.052623962551174e-16,31.291666666666668,20.479166666666668,0.3694604062501033,0.15834012122386856,0.12365883889354597,"{""residual+conditioning"": 38, ""residual+conditioning+solver_failure"": 10}"
0.9791666666666666,0.9791666666666667,0.9795918367346939,0.9930555555555556,0.002249400000437163,digits_4_vs_9,forced_qnn_exploratory_logreg,forced_qnn_exploratory,logreg,4,4,4,16,2.0,1.1,True,qnn_exploratory,standard,80,,,,,,,65.63406290000057,0.7916666666666666,0.7291666666666666,0.7916666666666666,0.6041666666666666,0.023329587630883507,0.07156004341308854,0.0184755099530714,2.0635598232372273e-12,5.486103107958751e-16,31.291666666666668,14.6875,2660.7916666666665,0.4108746770837115,0.15834012122386856,0.11900655806477016,,,,,,,,,,,
0.9166666666666666,0.9166666666666667,0.9130434782608695,0.9913194444444444,0.001568399999086978,digits_4_vs_9,forced_qnn_exploratory_svm_rbf,forced_qnn_exploratory,svm_rbf,4,4,4,16,2.0,1.1,True,qnn_exploratory,standard,80,,,,,,,65.63406290000057,0.7916666666666666,0.7291666666666666,0.7916666666666666,0.6041666666666666,0.023329587630883507,0.07156004341308854,0.0184755099530714,2.0635598232372273e-12,5.486103107958751e-16,31.291666666666668,14.6875,2660.7916666666665,0.4108746770837115,0.15834012122386856,0.11900655806477016,,,,,,,,,,,
0.9791666666666666,0.9791666666666667,0.9795918367346939,1.0,44.274383699998,digits_4_vs_9,forced_qnn_exploratory_qnn,forced_qnn_exploratory,qnn,4,4,4,16,2.0,1.1,True,qnn_exploratory,standard,80,,,,,,,65.63406290000057,0.7916666666666666,0.7291666666666666,0.7916666666666666,0.6041666666666666,0.023329587630883507,0.07156004341308854,0.0184755099530714,2.0635598232372273e-12,5.486103107958751e-16,31.291666666666668,14.6875,2660.7916666666665,0.4108746770837115,0.15834012122386856,0.11900655806477016,,,,,,,,,,,
0.9791666666666666,0.9791666666666667,0.9795918367346939,0.9930555555555556,0.0025492999993730336,digits_4_vs_9,hybrid_standard_qnn_exploratory_logreg,hybrid_standard_qnn_exploratory,logreg,4,4,4,16,2.0,1.1,True,qnn_exploratory,standard,80,,,,,,,14.35221140000067,,,,,,,,,,,,,,,,0.7916666666666666,0.2708333333333333,0.10416666666666667,0.018496829716700757,2.0635598232372273e-12,31.291666666666668,28.979166666666668,0.07008702083347391,0.15834012122386856,0.00755960642028158,"{""none"": 35, ""conditioning"": 3, ""residual+conditioning+solver_failure"": 9, ""conditioning+solver_failure"": 1}"
0.9375,0.9375,0.9361702127659575,0.9895833333333334,0.0011554999982763547,digits_4_vs_9,hybrid_standard_qnn_exploratory_svm_rbf,hybrid_standard_qnn_exploratory,svm_rbf,4,4,4,16,2.0,1.1,True,qnn_exploratory,standard,80,,,,,,,14.35221140000067,,,,,,,,,,,,,,,,0.7916666666666666,0.2708333333333333,0.10416666666666667,0.018496829716700757,2.0635598232372273e-12,31.291666666666668,28.979166666666668,0.07008702083347391,0.15834012122386856,0.00755960642028158,"{""none"": 35, ""conditioning"": 3, ""residual+conditioning+solver_failure"": 9, ""conditioning+solver_failure"": 1}"
0.9791666666666666,0.9791666666666667,0.9787234042553191,0.998263888888889,44.23384369999985,digits_4_vs_9,hybrid_standard_qnn_exploratory_qnn,hybrid_standard_qnn_exploratory,qnn,4,4,4,16,2.0,1.1,True,qnn_exploratory,standard,80,,,,,,,14.35221140000067,,,,,,,,,,,,,,,,0.7916666666666666,0.2708333333333333,0.10416666666666667,0.018496829716700757,2.0635598232372273e-12,31.291666666666668,28.979166666666668,0.07008702083347391,0.15834012122386856,0.00755960642028158,"{""none"": 35, ""conditioning"": 3, ""residual+conditioning+solver_failure"": 9, ""conditioning+solver_failure"": 1}"
0.9791666666666666,0.9791666666666667,0.9795918367346939,0.9930555555555556,0.002536899999540765,digits_4_vs_9,hybrid_aggressive_qnn_exploratory_logreg,hybrid_aggressive_qnn_exploratory,logreg,4,4,4,16,2.0,1.1,True,qnn_exploratory,aggressive,80,,,,,,,31.856827200001135,,,,,,,,,,,,,,,,0.7916666666666666,0.5833333333333334,0.3125,0.01850194392763828,1.1602706187742344e-12,31.291666666666668,26.5,0.2066135250000419,0.15834012122386856,0.06283852874724462,"{""none"": 20, ""conditioning"": 18, ""residual+conditioning+solver_failure"": 10}"
0.9375,0.9375,0.9361702127659575,0.9913194444444444,0.001117200001317542,digits_4_vs_9,hybrid_aggressive_qnn_exploratory_svm_rbf,hybrid_aggressive_qnn_exploratory,svm_rbf,4,4,4,16,2.0,1.1,True,qnn_exploratory,aggressive,80,,,,,,,31.856827200001135,,,,,,,,,,,,,,,,0.7916666666666666,0.5833333333333334,0.3125,0.01850194392763828,1.1602706187742344e-12,31.291666666666668,26.5,0.2066135250000419,0.15834012122386856,0.06283852874724462,"{""none"": 20, ""conditioning"": 18, ""residual+conditioning+solver_failure"": 10}"
0.9375,0.9375,0.9361702127659575,0.9965277777777778,43.912762699997984,digits_4_vs_9,hybrid_aggressive_qnn_exploratory_qnn,hybrid_aggressive_qnn_exploratory,qnn,4,4,4,16,2.0,1.1,True,qnn_exploratory,aggressive,80,,,,,,,31.856827200001135,,,,,,,,,,,,,,,,0.7916666666666666,0.5833333333333334,0.3125,0.01850194392763828,1.1602706187742344e-12,31.291666666666668,26.5,0.2066135250000419,0.15834012122386856,0.06283852874724462,"{""none"": 20, ""conditioning"": 18, ""residual+conditioning+solver_failure"": 10}"
0.9791666666666666,0.9791666666666667,0.9795918367346939,0.9930555555555556,0.0022195000055944547,digits_4_vs_9,hybrid_always_trigger_qnn_exploratory_logreg,hybrid_always_trigger_qnn_exploratory,logreg,4,4,4,16,2.0,1.1,True,qnn_exploratory,always_trigger,80,,,,,,,66.39459579999675,,,,,,,,,,,,,,,,0.7916666666666666,1.0,0.6458333333333334,0.01849703470290259,4.808602143701088e-16,31.291666666666668,19.708333333333332,0.4114478812496903,0.15834012122386856,0.1195042894511701,"{""residual+conditioning"": 38, ""residual+conditioning+solver_failure"": 10}"
0.9166666666666666,0.9166666666666667,0.9130434782608695,0.9913194444444444,0.0010978999998769723,digits_4_vs_9,hybrid_always_trigger_qnn_exploratory_svm_rbf,hybrid_always_trigger_qnn_exploratory,svm_rbf,4,4,4,16,2.0,1.1,True,qnn_exploratory,always_trigger,80,,,,,,,66.39459579999675,,,,,,,,,,,,,,,,0.7916666666666666,1.0,0.6458333333333334,0.01849703470290259,4.808602143701088e-16,31.291666666666668,19.708333333333332,0.4114478812496903,0.15834012122386856,0.1195042894511701,"{""residual+conditioning"": 38, ""residual+conditioning+solver_failure"": 10}"
0.9791666666666666,0.9791666666666667,0.9795918367346939,1.0,44.89153019999503,digits_4_vs_9,hybrid_always_trigger_qnn_exploratory_qnn,hybrid_always_trigger_qnn_exploratory,qnn,4,4,4,16,2.0,1.1,True,qnn_exploratory,always_trigger,80,,,,,,,66.39459579999675,,,,,,,,,,,,,,,,0.7916666666666666,1.0,0.6458333333333334,0.01849703470290259,4.808602143701088e-16,31.291666666666668,19.708333333333332,0.4114478812496903,0.15834012122386856,0.1195042894511701,"{""residual+conditioning"": 38, ""residual+conditioning+solver_failure"": 10}"
0.9791666666666666,0.9791666666666667,0.9795918367346939,0.9930555555555556,0.002025800000410527,digits_4_vs_9,hybrid_qnn_lenient_qnn_exploratory_logreg,hybrid_qnn_lenient_qnn_exploratory,logreg,4,4,4,16,2.0,1.1,True,qnn_exploratory,qnn_lenient,80,,,,,,,66.22520250000525,,,,,,,,,,,,,,,,0.7916666666666666,1.0,0.6458333333333334,0.01849703470290259,4.808602143701088e-16,31.291666666666668,19.708333333333332,0.41186952916647596,0.15834012122386856,0.1195042894511701,"{""residual+conditioning"": 38, ""residual+conditioning+solver_failure"": 10}"
0.9166666666666666,0.9166666666666667,0.9130434782608695,0.9913194444444444,0.0010713000010582618,digits_4_vs_9,hybrid_qnn_lenient_qnn_exploratory_svm_rbf,hybrid_qnn_lenient_qnn_exploratory,svm_rbf,4,4,4,16,2.0,1.1,True,qnn_exploratory,qnn_lenient,80,,,,,,,66.22520250000525,,,,,,,,,,,,,,,,0.7916666666666666,1.0,0.6458333333333334,0.01849703470290259,4.808602143701088e-16,31.291666666666668,19.708333333333332,0.41186952916647596,0.15834012122386856,0.1195042894511701,"{""residual+conditioning"": 38, ""residual+conditioning+solver_failure"": 10}"
0.9791666666666666,0.9791666666666667,0.9795918367346939,1.0,44.36276329999964,digits_4_vs_9,hybrid_qnn_lenient_qnn_exploratory_qnn,hybrid_qnn_lenient_qnn_exploratory,qnn,4,4,4,16,2.0,1.1,True,qnn_exploratory,qnn_lenient,80,,,,,,,66.22520250000525,,,,,,,,,,,,,,,,0.7916666666666666,1.0,0.6458333333333334,0.01849703470290259,4.808602143701088e-16,31.291666666666668,19.708333333333332,0.41186952916647596,0.15834012122386856,0.1195042894511701,"{""residual+conditioning"": 38, ""residual+conditioning+solver_failure"": 10}"
0.9791666666666666,0.9791666666666667,0.9795918367346939,0.9895833333333334,0.002538999993703328,digits_4_vs_9,forced_no_detector_logreg,forced_no_detector,logreg,4,4,4,16,2.0,1.1,True,no_detector,standard,80,,,,,,,15.795864699997765,0.7916666666666666,0.7083333333333334,0.7916666666666666,0.625,0.023329587630883507,0.07182290758515726,0.01852321051677051,2.0635598232372273e-12,4.597671329473142e-16,31.291666666666668,15.5,2388.7916666666665,0.10119056666690085,0.15834012122386856,0.12399776408854606,,,,,,,,,,,
0.9375,0.9375,0.9361702127659575,0.9895833333333334,0.0011228000003029592,digits_4_vs_9,forced_no_detector_svm_rbf,forced_no_detector,svm_rbf,4,4,4,16,2.0,1.1,True,no_detector,standard,80,,,,,,,15.795864699997765,0.7916666666666666,0.7083333333333334,0.7916666666666666,0.625,0.023329587630883507,0.07182290758515726,0.01852321051677051,2.0635598232372273e-12,4.597671329473142e-16,31.291666666666668,15.5,2388.7916666666665,0.10119056666690085,0.15834012122386856,0.12399776408854606,,,,,,,,,,,
0.9375,0.9375,0.9387755102040817,0.9809027777777778,43.87115459999768,digits_4_vs_9,forced_no_detector_qnn,forced_no_detector,qnn,4,4,4,16,2.0,1.1,True,no_detector,standard,80,,,,,,,15.795864699997765,0.7916666666666666,0.7083333333333334,0.7916666666666666,0.625,0.023329587630883507,0.07182290758515726,0.01852321051677051,2.0635598232372273e-12,4.597671329473142e-16,31.291666666666668,15.5,2388.7916666666665,0.10119056666690085,0.15834012122386856,0.12399776408854606,,,,,,,,,,,
0.9791666666666666,0.9791666666666667,0.9795918367346939,0.9930555555555556,0.0018471000003046356,digits_4_vs_9,hybrid_standard_no_detector_logreg,hybrid_standard_no_detector,logreg,4,4,4,16,2.0,1.1,True,no_detector,standard,80,,,,,,,3.657549299998209,,,,,,,,,,,,,,,,0.7916666666666666,0.2708333333333333,0.10416666666666667,0.018538417342808724,2.0635598232372273e-12,31.291666666666668,29.270833333333332,0.017758133333851827,0.15834012122386856,0.00825534024647856,"{""none"": 35, ""conditioning"": 3, ""residual+conditioning+solver_failure"": 9, ""conditioning+solver_failure"": 1}"
0.9375,0.9375,0.9361702127659575,0.9895833333333334,0.0011496000006445684,digits_4_vs_9,hybrid_standard_no_detector_svm_rbf,hybrid_standard_no_detector,svm_rbf,4,4,4,16,2.0,1.1,True,no_detector,standard,80,,,,,,,3.657549299998209,,,,,,,,,,,,,,,,0.7916666666666666,0.2708333333333333,0.10416666666666667,0.018538417342808724,2.0635598232372273e-12,31.291666666666668,29.270833333333332,0.017758133333851827,0.15834012122386856,0.00825534024647856,"{""none"": 35, ""conditioning"": 3, ""residual+conditioning+solver_failure"": 9, ""conditioning+solver_failure"": 1}"
0.9791666666666666,0.9791666666666667,0.9795918367346939,0.9965277777777778,44.13902919999964,digits_4_vs_9,hybrid_standard_no_detector_qnn,hybrid_standard_no_detector,qnn,4,4,4,16,2.0,1.1,True,no_detector,standard,80,,,,,,,3.657549299998209,,,,,,,,,,,,,,,,0.7916666666666666,0.2708333333333333,0.10416666666666667,0.018538417342808724,2.0635598232372273e-12,31.291666666666668,29.270833333333332,0.017758133333851827,0.15834012122386856,0.00825534024647856,"{""none"": 35, ""conditioning"": 3, ""residual+conditioning+solver_failure"": 9, ""conditioning+solver_failure"": 1}"
0.9791666666666666,0.9791666666666667,0.9795918367346939,0.9930555555555556,0.002222899995103944,digits_4_vs_9,hybrid_aggressive_no_detector_logreg,hybrid_aggressive_no_detector,logreg,4,4,4,16,2.0,1.1,True,no_detector,aggressive,80,,,,,,,7.907022700004745,,,,,,,,,,,,,,,,0.7916666666666666,0.5833333333333334,0.2916666666666667,0.018538417342188765,1.1667055811751368e-12,31.291666666666668,26.479166666666668,0.04992329375060459,0.15834012122386856,0.05892683936712655,"{""none"": 20, ""conditioning"": 18, ""residual+conditioning+solver_failure"": 10}"
0.9583333333333334,0.9583333333333334,0.9583333333333334,0.9895833333333334,0.0011490999968373217,digits_4_vs_9,hybrid_aggressive_no_detector_svm_rbf,hybrid_aggressive_no_detector,svm_rbf,4,4,4,16,2.0,1.1,True,no_detector,aggressive,80,,,,,,,7.907022700004745,,,,,,,,,,,,,,,,0.7916666666666666,0.5833333333333334,0.2916666666666667,0.018538417342188765,1.1667055811751368e-12,31.291666666666668,26.479166666666668,0.04992329375060459,0.15834012122386856,0.05892683936712655,"{""none"": 20, ""conditioning"": 18, ""residual+conditioning+solver_failure"": 10}"
0.9791666666666666,0.9791666666666667,0.9795918367346939,0.998263888888889,44.319989600000554,digits_4_vs_9,hybrid_aggressive_no_detector_qnn,hybrid_aggressive_no_detector,qnn,4,4,4,16,2.0,1.1,True,no_detector,aggressive,80,,,,,,,7.907022700004745,,,,,,,,,,,,,,,,0.7916666666666666,0.5833333333333334,0.2916666666666667,0.018538417342188765,1.1667055811751368e-12,31.291666666666668,26.479166666666668,0.04992329375060459,0.15834012122386856,0.05892683936712655,"{""none"": 20, ""conditioning"": 18, ""residual+conditioning+solver_failure"": 10}"
0.9791666666666666,0.9791666666666667,0.9795918367346939,0.9895833333333334,0.0023122999991755933,digits_4_vs_9,hybrid_always_trigger_no_detector_logreg,hybrid_always_trigger_no_detector,logreg,4,4,4,16,2.0,1.1,True,no_detector,always_trigger,80,,,,,,,15.851228399995307,,,,,,,,,,,,,,,,0.7916666666666666,1.0,0.6458333333333334,0.01853841734064397,4.597671329473142e-16,31.291666666666668,19.875,0.1010793812506563,0.15834012122386856,0.12399776408854606,"{""residual+conditioning"": 38, ""residual+conditioning+solver_failure"": 10}"
0.9375,0.9375,0.9361702127659575,0.9895833333333334,0.001135200000135228,digits_4_vs_9,hybrid_always_trigger_no_detector_svm_rbf,hybrid_always_trigger_no_detector,svm_rbf,4,4,4,16,2.0,1.1,True,no_detector,always_trigger,80,,,,,,,15.851228399995307,,,,,,,,,,,,,,,,0.7916666666666666,1.0,0.6458333333333334,0.01853841734064397,4.597671329473142e-16,31.291666666666668,19.875,0.1010793812506563,0.15834012122386856,0.12399776408854606,"{""residual+conditioning"": 38, ""residual+conditioning+solver_failure"": 10}"
0.9375,0.9375,0.9387755102040817,0.9809027777777778,44.551698100003705,digits_4_vs_9,hybrid_always_trigger_no_detector_qnn,hybrid_always_trigger_no_detector,qnn,4,4,4,16,2.0,1.1,True,no_detector,always_trigger,80,,,,,,,15.851228399995307,,,,,,,,,,,,,,,,0.7916666666666666,1.0,0.6458333333333334,0.01853841734064397,4.597671329473142e-16,31.291666666666668,19.875,0.1010793812506563,0.15834012122386856,0.12399776408854606,"{""residual+conditioning"": 38, ""residual+conditioning+solver_failure"": 10}"
0.9791666666666666,0.9791666666666667,0.9795918367346939,0.9895833333333334,0.003124399998341687,digits_4_vs_9,hybrid_qnn_lenient_no_detector_logreg,hybrid_qnn_lenient_no_detector,logreg,4,4,4,16,2.0,1.1,True,no_detector,qnn_lenient,80,,,,,,,16.06110389999958,,,,,,,,,,,,,,,,0.7916666666666666,1.0,0.6458333333333334,0.01853841734064397,4.597671329473142e-16,31.291666666666668,19.875,0.10133892708336134,0.15834012122386856,0.12399776408854606,"{""residual+conditioning"": 38, ""residual+conditioning+solver_failure"": 10}"
0.9375,0.9375,0.9361702127659575,0.9895833333333334,0.0013228000025264919,digits_4_vs_9,hybrid_qnn_lenient_no_detector_svm_rbf,hybrid_qnn_lenient_no_detector,svm_rbf,4,4,4,16,2.0,1.1,True,no_detector,qnn_lenient,80,,,,,,,16.06110389999958,,,,,,,,,,,,,,,,0.7916666666666666,1.0,0.6458333333333334,0.01853841734064397,4.597671329473142e-16,31.291666666666668,19.875,0.10133892708336134,0.15834012122386856,0.12399776408854606,"{""residual+conditioning"": 38, ""residual+conditioning+solver_failure"": 10}"
0.9375,0.9375,0.9387755102040817,0.9878472222222222,44.89579629999935,digits_4_vs_9,hybrid_qnn_lenient_no_detector_qnn,hybrid_qnn_lenient_no_detector,qnn,4,4,4,16,2.0,1.1,True,no_detector,qnn_lenient,80,,,,,,,16.06110389999958,,,,,,,,,,,,,,,,0.7916666666666666,1.0,0.6458333333333334,0.01853841734064397,4.597671329473142e-16,31.291666666666668,19.875,0.10133892708336134,0.15834012122386856,0.12399776408854606,"{""residual+conditioning"": 38, ""residual+conditioning+solver_failure"": 10}"
0.9583333333333334,0.9583333333333334,0.9583333333333334,0.9895833333333334,0.0024004999941098504,digits_4_vs_9,forced_residual_only_logreg,forced_residual_only,logreg,4,4,4,16,2.0,1.1,True,residual_only,standard,80,,,,,,,7.781774300005054,0.8125,0.7291666666666666,0.7916666666666666,0.6666666666666666,0.023329587630883507,0.06820657681224447,0.013347120769311589,2.0635598232372273e-12,4.626992741256467e-16,31.291666666666668,9.479166666666666,2791.4791666666665,0.051206206248934905,0.15834012122386856,0.12752568749619927,,,,,,,,,,,
0.8958333333333334,0.8958333333333334,0.8888888888888888,0.9895833333333334,0.0010787999999593012,digits_4_vs_9,forced_residual_only_svm_rbf,forced_residual_only,svm_rbf,4,4,4,16,2.0,1.1,True,residual_only,standard,80,,,,,,,7.781774300005054,0.8125,0.7291666666666666,0.7916666666666666,0.6666666666666666,0.023329587630883507,0.06820657681224447,0.013347120769311589,2.0635598232372273e-12,4.626992741256467e-16,31.291666666666668,9.479166666666666,2791.4791666666665,0.051206206248934905,0.15834012122386856,0.12752568749619927,,,,,,,,,,,
0.9166666666666666,0.9166666666666667,0.9090909090909091,0.984375,45.10840160000225,digits_4_vs_9,forced_residual_only_qnn,forced_residual_only,qnn,4,4,4,16,2.0,1.1,True,residual_only,standard,80,,,,,,,7.781774300005054,0.8125,0.7291666666666666,0.7916666666666666,0.6666666666666666,0.023329587630883507,0.06820657681224447,0.013347120769311589,2.0635598232372273e-12,4.626992741256467e-16,31.291666666666668,9.479166666666666,2791.4791666666665,0.051206206248934905,0.15834012122386856,0.12752568749619927,,,,,,,,,,,
0.9791666666666666,0.9791666666666667,0.9795918367346939,0.9930555555555556,0.0018992999976035208,digits_4_vs_9,hybrid_standard_residual_only_logreg,hybrid_standard_residual_only,logreg,4,4,4,16,2.0,1.1,True,residual_only,standard,80,,,,,,,1.9523119000004954,,,,,,,,,,,,,,,,0.8125,0.2708333333333333,0.125,0.013380991462331784,1.8767765254639817e-12,31.291666666666668,28.0,0.009905493750011374,0.15834012122386856,0.03713573232797395,"{""none"": 35, ""conditioning"": 3, ""residual+conditioning+solver_failure"": 9, ""conditioning+solver_failure"": 1}"
0.9375,0.9375,0.9361702127659575,0.9895833333333334,0.0011177999986102805,digits_4_vs_9,hybrid_standard_residual_only_svm_rbf,hybrid_standard_residual_only,svm_rbf,4,4,4,16,2.0,1.1,True,residual_only,standard,80,,,,,,,1.9523119000004954,,,,,,,,,,,,,,,,0.8125,0.2708333333333333,0.125,0.013380991462331784,1.8767765254639817e-12,31.291666666666668,28.0,0.009905493750011374,0.15834012122386856,0.03713573232797395,"{""none"": 35, ""conditioning"": 3, ""residual+conditioning+solver_failure"": 9, ""conditioning+solver_failure"": 1}"
0.9583333333333334,0.9583333333333334,0.9583333333333334,0.9652777777777778,45.556641399998625,digits_4_vs_9,hybrid_standard_residual_only_qnn,hybrid_standard_residual_only,qnn,4,4,4,16,2.0,1.1,True,residual_only,standard,80,,,,,,,1.9523119000004954,,,,,,,,,,,,,,,,0.8125,0.2708333333333333,0.125,0.013380991462331784,1.8767765254639817e-12,31.291666666666668,28.0,0.009905493750011374,0.15834012122386856,0.03713573232797395,"{""none"": 35, ""conditioning"": 3, ""residual+conditioning+solver_failure"": 9, ""conditioning+solver_failure"": 1}"
0.9791666666666666,0.9791666666666667,0.9795918367346939,0.9895833333333334,0.0019388000000617467,digits_4_vs_9,hybrid_aggressive_residual_only_logreg,hybrid_aggressive_residual_only,logreg,4,4,4,16,2.0,1.1,True,residual_only,aggressive,80,,,,,,,4.064980100003595,,,,,,,,,,,,,,,,0.8125,0.5833333333333334,0.3333333333333333,0.013380991461684137,1.032339938356546e-12,31.291666666666668,24.0,0.02619368541672884,0.15834012122386856,0.07280576805878505,"{""none"": 20, ""conditioning"": 18, ""residual+conditioning+solver_failure"": 10}"
0.9166666666666666,0.9166666666666667,0.9130434782608695,0.9895833333333334,0.0011285000000498258,digits_4_vs_9,hybrid_aggressive_residual_only_svm_rbf,hybrid_aggressive_residual_only,svm_rbf,4,4,4,16,2.0,1.1,True,residual_only,aggressive,80,,,,,,,4.064980100003595,,,,,,,,,,,,,,,,0.8125,0.5833333333333334,0.3333333333333333,0.013380991461684137,1.032339938356546e-12,31.291666666666668,24.0,0.02619368541672884,0.15834012122386856,0.07280576805878505,"{""none"": 20, ""conditioning"": 18, ""residual+conditioning+solver_failure"": 10}"
0.9166666666666666,0.9166666666666667,0.9130434782608695,0.9947916666666667,44.814118000002054,digits_4_vs_9,hybrid_aggressive_residual_only_qnn,hybrid_aggressive_residual_only,qnn,4,4,4,16,2.0,1.1,True,residual_only,aggressive,80,,,,,,,4.064980100003595,,,,,,,,,,,,,,,,0.8125,0.5833333333333334,0.3333333333333333,0.013380991461684137,1.032339938356546e-12,31.291666666666668,24.0,0.02619368541672884,0.15834012122386856,0.07280576805878505,"{""none"": 20, ""conditioning"": 18, ""residual+conditioning+solver_failure"": 10}"
0.9583333333333334,0.9583333333333334,0.9583333333333334,0.9895833333333334,0.002197300003899727,digits_4_vs_9,hybrid_always_trigger_residual_only_logreg,hybrid_always_trigger_residual_only,logreg,4,4,4,16,2.0,1.1,True,residual_only,always_trigger,80,,,,,,,7.8031938999993145,,,,,,,,,,,,,,,,0.8125,1.0,0.6875,0.01338099146012458,4.626992741256467e-16,31.291666666666668,16.895833333333332,0.05120744583352158,0.15834012122386856,0.12752568749619927,"{""residual+conditioning"": 38, ""residual+conditioning+solver_failure"": 10}"
0.8958333333333334,0.8958333333333334,0.8888888888888888,0.9895833333333334,0.0011259999955655076,digits_4_vs_9,hybrid_always_trigger_residual_only_svm_rbf,hybrid_always_trigger_residual_only,svm_rbf,4,4,4,16,2.0,1.1,True,residual_only,always_trigger,80,,,,,,,7.8031938999993145,,,,,,,,,,,,,,,,0.8125,1.0,0.6875,0.01338099146012458,4.626992741256467e-16,31.291666666666668,16.895833333333332,0.05120744583352158,0.15834012122386856,0.12752568749619927,"{""residual+conditioning"": 38, ""residual+conditioning+solver_failure"": 10}"
0.9166666666666666,0.9166666666666667,0.9090909090909091,0.9895833333333333,45.45310880000034,digits_4_vs_9,hybrid_always_trigger_residual_only_qnn,hybrid_always_trigger_residual_only,qnn,4,4,4,16,2.0,1.1,True,residual_only,always_trigger,80,,,,,,,7.8031938999993145,,,,,,,,,,,,,,,,0.8125,1.0,0.6875,0.01338099146012458,4.626992741256467e-16,31.291666666666668,16.895833333333332,0.05120744583352158,0.15834012122386856,0.12752568749619927,"{""residual+conditioning"": 38, ""residual+conditioning+solver_failure"": 10}"
0.9583333333333334,0.9583333333333334,0.9583333333333334,0.9930555555555556,0.00207090000185417,digits_4_vs_9,hybrid_qnn_lenient_residual_only_logreg,hybrid_qnn_lenient_residual_only,logreg,4,4,4,16,2.0,1.1,True,residual_only,qnn_lenient,80,,,,,,,7.786961099998734,,,,,,,,,,,,,,,,0.8125,1.0,0.6875,0.01338099146012458,4.626992741256467e-16,31.291666666666668,16.895833333333332,0.051194256249649094,0.15834012122386856,0.12752568749619927,"{""residual+conditioning"": 38, ""residual+conditioning+solver_failure"": 10}"
0.9375,0.9375,0.9361702127659575,0.9895833333333334,0.0010857000015676022,digits_4_vs_9,hybrid_qnn_lenient_residual_only_svm_rbf,hybrid_qnn_lenient_residual_only,svm_rbf,4,4,4,16,2.0,1.1,True,residual_only,qnn_lenient,80,,,,,,,7.786961099998734,,,,,,,,,,,,,,,,0.8125,1.0,0.6875,0.01338099146012458,4.626992741256467e-16,31.291666666666668,16.895833333333332,0.051194256249649094,0.15834012122386856,0.12752568749619927,"{""residual+conditioning"": 38, ""residual+conditioning+solver_failure"": 10}"
0.9583333333333334,0.9583333333333334,0.9583333333333334,0.998263888888889,44.202291599998716,digits_4_vs_9,hybrid_qnn_lenient_residual_only_qnn,hybrid_qnn_lenient_residual_only,qnn,4,4,4,16,2.0,1.1,True,residual_only,qnn_lenient,80,,,,,,,7.786961099998734,,,,,,,,,,,,,,,,0.8125,1.0,0.6875,0.01338099146012458,4.626992741256467e-16,31.291666666666668,16.895833333333332,0.051194256249649094,0.15834012122386856,0.12752568749619927,"{""residual+conditioning"": 38, ""residual+conditioning+solver_failure"": 10}"
0.9791666666666666,0.9791666666666667,0.9787234042553191,0.998263888888889,0.0016630000027362257,digits_5_vs_6,pca_logreg,pca,logreg,0,4,4,16,2.0,1.1,True,full_balanced,standard,80,,,,,,,,,,,,,,,,,,,,,,,,,,,,,,,,,
0.9791666666666666,0.9791666666666667,0.9787234042553191,0.998263888888889,0.046145599997544196,digits_5_vs_6,pca_mlp,pca,mlp,0,4,4,16,2.0,1.1,True,full_balanced,standard,80,,,,,,,,,,,,,,,,,,,,,,,,,,,,,,,,,
0.9791666666666666,0.9791666666666667,0.9787234042553191,1.0,0.001119199994718656,digits_5_vs_6,pca_svm_rbf,pca,svm_rbf,0,4,4,16,2.0,1.1,True,full_balanced,standard,80,,,,,,,,,,,,,,,,,,,,,,,,,,,,,,,,,
0.9583333333333334,0.9583333333333333,0.9565217391304348,1.0,43.85201000000234,digits_5_vs_6,pca_qnn,pca,qnn,0,4,4,16,2.0,1.1,True,full_balanced,standard,80,,,,,,,,,,,,,,,,,,,,,,,,,,,,,,,,,
0.9583333333333334,0.9583333333333333,0.9565217391304348,0.998263888888889,0.0020498000012594275,digits_5_vs_6,implicit_zero_logreg,implicit_zero,logreg,0,4,4,16,2.0,1.1,True,full_balanced,standard,80,0.3333333333333333,0.2008679801828849,0.13219786698594171,42.1875,0.0003489541669902489,0.07047240265054659,0.05310089999693446,,,,,,,,,,,,,,,,,,,,,,,,,,
0.9583333333333334,0.9583333333333334,0.9583333333333334,0.9965277777777777,0.0012705999979516491,digits_5_vs_6,implicit_zero_svm_rbf,implicit_zero,svm_rbf,0,4,4,16,2.0,1.1,True,full_balanced,standard,80,0.3333333333333333,0.2008679801828849,0.13219786698594171,42.1875,0.0003489541669902489,0.07047240265054659,0.05310089999693446,,,,,,,,,,,,,,,,,,,,,,,,,,
0.9583333333333334,0.9583333333333333,0.9565217391304348,0.984375,45.33678789999976,digits_5_vs_6,implicit_zero_qnn,implicit_zero,qnn,0,4,4,16,2.0,1.1,True,full_balanced,standard,80,0.3333333333333333,0.2008679801828849,0.13219786698594171,42.1875,0.0003489541669902489,0.07047240265054659,0.05310089999693446,,,,,,,,,,,,,,,,,,,,,,,,,,
0.9583333333333334,0.9583333333333333,0.9565217391304348,0.9947916666666666,0.002184699995268602,digits_5_vs_6,forced_full_light_logreg,forced_full_light,logreg,0,4,4,16,2.0,1.1,True,full_light,standard,80,,,,,,,25.86142380000092,0.4166666666666667,0.9166666666666666,0.3333333333333333,0.3333333333333333,0.2008679801828849,0.1953291043094433,0.1604459091508288,0.13219786698594171,0.1050260379142434,42.1875,19.604166666666668,1682.5833333333333,0.15781562916648303,0.07047240265054659,0.07547779640670864,,,,,,,,,,,
0.9583333333333334,0.9583333333333334,0.9583333333333334,0.9861111111111112,0.0011518999963300303,digits_5_vs_6,forced_full_light_svm_rbf,forced_full_light,svm_rbf,0,4,4,16,2.0,1.1,True,full_light,standard,80,,,,,,,25.86142380000092,0.4166666666666667,0.9166666666666666,0.3333333333333333,0.3333333333333333,0.2008679801828849,0.1953291043094433,0.1604459091508288,0.13219786698594171,0.1050260379142434,42.1875,19.604166666666668,1682.5833333333333,0.15781562916648303,0.07047240265054659,0.07547779640670864,,,,,,,,,,,
0.9583333333333334,0.9583333333333334,0.9583333333333334,0.984375,44.70983700000215,digits_5_vs_6,forced_full_light_qnn,forced_full_light,qnn,0,4,4,16,2.0,1.1,True,full_light,standard,80,,,,,,,25.86142380000092,0.4166666666666667,0.9166666666666666,0.3333333333333333,0.3333333333333333,0.2008679801828849,0.1953291043094433,0.1604459091508288,0.13219786698594171,0.1050260379142434,42.1875,19.604166666666668,1682.5833333333333,0.15781562916648303,0.07047240265054659,0.07547779640670864,,,,,,,,,,,
0.9583333333333334,0.9583333333333333,0.9565217391304348,0.9965277777777777,0.0018890999999712221,digits_5_vs_6,hybrid_standard_full_light_logreg,hybrid_standard_full_light,logreg,0,4,4,16,2.0,1.1,True,full_light,standard,80,,,,,,,13.243723400002636,,,,,,,,,,,,,,,,0.4166666666666667,0.7083333333333334,0.5208333333333334,0.16071644522424336,0.07962493382090971,42.1875,27.916666666666668,0.0919326812501519,0.07047240265054659,0.04155709623240741,"{""none"": 14, ""residual+conditioning+solver_failure"": 30, ""conditioning+solver_failure"": 2, ""conditioning"": 2}"
0.9583333333333334,0.9583333333333334,0.9583333333333334,0.9895833333333334,0.0011700000031851232,digits_5_vs_6,hybrid_standard_full_light_svm_rbf,hybrid_standard_full_light,svm_rbf,0,4,4,16,2.0,1.1,True,full_light,standard,80,,,,,,,13.243723400002636,,,,,,,,,,,,,,,,0.4166666666666667,0.7083333333333334,0.5208333333333334,0.16071644522424336,0.07962493382090971,42.1875,27.916666666666668,0.0919326812501519,0.07047240265054659,0.04155709623240741,"{""none"": 14, ""residual+conditioning+solver_failure"": 30, ""conditioning+solver_failure"": 2, ""conditioning"": 2}"
0.9791666666666666,0.9791666666666667,0.9787234042553191,0.9878472222222221,44.80287379999936,digits_5_vs_6,hybrid_standard_full_light_qnn,hybrid_standard_full_light,qnn,0,4,4,16,2.0,1.1,True,full_light,standard,80,,,,,,,13.243723400002636,,,,,,,,,,,,,,,,0.4166666666666667,0.7083333333333334,0.5208333333333334,0.16071644522424336,0.07962493382090971,42.1875,27.916666666666668,0.0919326812501519,0.07047240265054659,0.04155709623240741,"{""none"": 14, ""residual+conditioning+solver_failure"": 30, ""conditioning+solver_failure"": 2, ""conditioning"": 2}"
0.9583333333333334,0.9583333333333333,0.9565217391304348,0.9965277777777777,0.002035099998465739,digits_5_vs_6,hybrid_aggressive_full_light_logreg,hybrid_aggressive_full_light,logreg,0,4,4,16,2.0,1.1,True,full_light,aggressive,80,,,,,,,17.69831510000222,,,,,,,,,,,,,,,,0.4166666666666667,0.8333333333333334,0.6041666666666666,0.1606931746659249,0.07962493382090971,42.1875,26.395833333333332,0.1169537020835681,0.07047240265054659,0.052845884099169196,"{""conditioning"": 8, ""residual+conditioning+solver_failure"": 32, ""none"": 8}"
0.9583333333333334,0.9583333333333334,0.9583333333333334,0.9895833333333334,0.0011344999948050827,digits_5_vs_6,hybrid_aggressive_full_light_svm_rbf,hybrid_aggressive_full_light,svm_rbf,0,4,4,16,2.0,1.1,True,full_light,aggressive,80,,,,,,,17.69831510000222,,,,,,,,,,,,,,,,0.4166666666666667,0.8333333333333334,0.6041666666666666,0.1606931746659249,0.07962493382090971,42.1875,26.395833333333332,0.1169537020835681,0.07047240265054659,0.052845884099169196,"{""conditioning"": 8, ""residual+conditioning+solver_failure"": 32, ""none"": 8}"
0.9583333333333334,0.9583333333333334,0.9583333333333334,0.9861111111111112,46.050359199995,digits_5_vs_6,hybrid_aggressive_full_light_qnn,hybrid_aggressive_full_light,qnn,0,4,4,16,2.0,1.1,True,full_light,aggressive,80,,,,,,,17.69831510000222,,,,,,,,,,,,,,,,0.4166666666666667,0.8333333333333334,0.6041666666666666,0.1606931746659249,0.07962493382090971,42.1875,26.395833333333332,0.1169537020835681,0.07047240265054659,0.052845884099169196,"{""conditioning"": 8, ""residual+conditioning+solver_failure"": 32, ""none"": 8}"
0.9583333333333334,0.9583333333333333,0.9565217391304348,0.9965277777777777,0.002190100000007078,digits_5_vs_6,hybrid_always_trigger_full_light_logreg,hybrid_always_trigger_full_light,logreg,0,4,4,16,2.0,1.1,True,full_light,always_trigger,80,,,,,,,25.818236099999922,,,,,,,,,,,,,,,,0.4166666666666667,1.0,0.7291666666666666,0.16069302419925272,0.07962493382090971,42.1875,24.333333333333332,0.15374604583287996,0.07047240265054659,0.0755431970935387,"{""residual+conditioning"": 16, ""residual+conditioning+solver_failure"": 32}"
0.9583333333333334,0.9583333333333334,0.9583333333333334,0.9895833333333334,0.0011540000050445087,digits_5_vs_6,hybrid_always_trigger_full_light_svm_rbf,hybrid_always_trigger_full_light,svm_rbf,0,4,4,16,2.0,1.1,True,full_light,always_trigger,80,,,,,,,25.818236099999922,,,,,,,,,,,,,,,,0.4166666666666667,1.0,0.7291666666666666,0.16069302419925272,0.07962493382090971,42.1875,24.333333333333332,0.15374604583287996,0.07047240265054659,0.0755431970935387,"{""residual+conditioning"": 16, ""residual+conditioning+solver_failure"": 32}"
0.9791666666666666,0.9791666666666667,0.9787234042553191,0.984375,44.57101529999636,digits_5_vs_6,hybrid_always_trigger_full_light_qnn,hybrid_always_trigger_full_light,qnn,0,4,4,16,2.0,1.1,True,full_light,always_trigger,80,,,,,,,25.818236099999922,,,,,,,,,,,,,,,,0.4166666666666667,1.0,0.7291666666666666,0.16069302419925272,0.07962493382090971,42.1875,24.333333333333332,0.15374604583287996,0.07047240265054659,0.0755431970935387,"{""residual+conditioning"": 16, ""residual+conditioning+solver_failure"": 32}"
0.9583333333333334,0.9583333333333333,0.9565217391304348,0.9965277777777777,0.0020864999969489872,digits_5_vs_6,hybrid_qnn_lenient_full_light_logreg,hybrid_qnn_lenient_full_light,logreg,0,4,4,16,2.0,1.1,True,full_light,qnn_lenient,80,,,,,,,25.88641009999992,,,,,,,,,,,,,,,,0.4166666666666667,1.0,0.7291666666666666,0.16069302419925272,0.07962493382090971,42.1875,24.333333333333332,0.15458874791678076,0.07047240265054659,0.0755431970935387,"{""residual+conditioning"": 16, ""residual+conditioning+solver_failure"": 32}"
0.9583333333333334,0.9583333333333334,0.9583333333333334,0.9895833333333334,0.0011569999987841584,digits_5_vs_6,hybrid_qnn_lenient_full_light_svm_rbf,hybrid_qnn_lenient_full_light,svm_rbf,0,4,4,16,2.0,1.1,True,full_light,qnn_lenient,80,,,,,,,25.88641009999992,,,,,,,,,,,,,,,,0.4166666666666667,1.0,0.7291666666666666,0.16069302419925272,0.07962493382090971,42.1875,24.333333333333332,0.15458874791678076,0.07047240265054659,0.0755431970935387,"{""residual+conditioning"": 16, ""residual+conditioning+solver_failure"": 32}"
0.9791666666666666,0.9791666666666667,0.9787234042553191,0.984375,45.69198970000434,digits_5_vs_6,hybrid_qnn_lenient_full_light_qnn,hybrid_qnn_lenient_full_light,qnn,0,4,4,16,2.0,1.1,True,full_light,qnn_lenient,80,,,,,,,25.88641009999992,,,,,,,,,,,,,,,,0.4166666666666667,1.0,0.7291666666666666,0.16069302419925272,0.07962493382090971,42.1875,24.333333333333332,0.15458874791678076,0.07047240265054659,0.0755431970935387,"{""residual+conditioning"": 16, ""residual+conditioning+solver_failure"": 32}"
0.9583333333333334,0.9583333333333333,0.9565217391304348,0.9947916666666666,0.0020127000025240704,digits_5_vs_6,forced_full_balanced_logreg,forced_full_balanced,logreg,0,4,4,16,2.0,1.1,True,full_balanced,standard,80,,,,,,,33.51620479999838,0.4166666666666667,0.875,0.3333333333333333,0.3125,0.2008679801828849,0.19657228472301683,0.15540763727360282,0.13219786698594171,0.12985224417094382,42.1875,19.6875,1709.5,0.19107406458306286,0.07047240265054659,0.06454677238332324,,,,,,,,,,,
0.9583333333333334,0.9583333333333334,0.9583333333333334,0.9895833333333334,0.0011365999962436035,digits_5_vs_6,forced_full_balanced_svm_rbf,forced_full_balanced,svm_rbf,0,4,4,16,2.0,1.1,True,full_balanced,standard,80,,,,,,,33.51620479999838,0.4166666666666667,0.875,0.3333333333333333,0.3125,0.2008679801828849,0.19657228472301683,0.15540763727360282,0.13219786698594171,0.12985224417094382,42.1875,19.6875,1709.5,0.19107406458306286,0.07047240265054659,0.06454677238332324,,,,,,,,,,,
0.9375,0.9375,0.9361702127659575,0.984375,44.74891460000072,digits_5_vs_6,forced_full_balanced_qnn,forced_full_balanced,qnn,0,4,4,16,2.0,1.1,True,full_balanced,standard,80,,,,,,,33.51620479999838,0.4166666666666667,0.875,0.3333333333333333,0.3125,0.2008679801828849,0.19657228472301683,0.15540763727360282,0.13219786698594171,0.12985224417094382,42.1875,19.6875,1709.5,0.19107406458306286,0.07047240265054659,0.06454677238332324,,,,,,,,,,,
0.9583333333333334,0.9583333333333333,0.9565217391304348,0.9965277777777777,0.002260900000692345,digits_5_vs_6,hybrid_standard_full_balanced_logreg,hybrid_standard_full_balanced,logreg,0,4,4,16,2.0,1.1,True,full_balanced,standard,80,,,,,,,15.565672700002324,,,,,,,,,,,,,,,,0.4375,0.7083333333333334,0.5,0.1508608425090124,0.06253053867237925,42.1875,29.125,0.1162926625002001,0.07047240265054659,0.047990719159230394,"{""none"": 14, ""residual+conditioning+solver_failure"": 30, ""conditioning+solver_failure"": 2, ""conditioning"": 2}"
0.9583333333333334,0.9583333333333334,0.9583333333333334,0.9913194444444444,0.0015794999999343418,digits_5_vs_6,hybrid_standard_full_balanced_svm_rbf,hybrid_standard_full_balanced,svm_rbf,0,4,4,16,2.0,1.1,True,full_balanced,standard,80,,,,,,,15.565672700002324,,,,,,,,,,,,,,,,0.4375,0.7083333333333334,0.5,0.1508608425090124,0.06253053867237925,42.1875,29.125,0.1162926625002001,0.07047240265054659,0.047990719159230394,"{""none"": 14, ""residual+conditioning+solver_failure"": 30, ""conditioning+solver_failure"": 2, ""conditioning"": 2}"
0.9583333333333334,0.9583333333333333,0.9565217391304348,0.986111111111111,45.819078700005775,digits_5_vs_6,hybrid_standard_full_balanced_qnn,hybrid_standard_full_balanced,qnn,0,4,4,16,2.0,1.1,True,full_balanced,standard,80,,,,,,,15.565672700002324,,,,,,,,,,,,,,,,0.4375,0.7083333333333334,0.5,0.1508608425090124,0.06253053867237925,42.1875,29.125,0.1162926625002001,0.07047240265054659,0.047990719159230394,"{""none"": 14, ""residual+conditioning+solver_failure"": 30, ""conditioning+solver_failure"": 2, ""conditioning"": 2}"
0.9583333333333334,0.9583333333333333,0.9565217391304348,0.9965277777777777,0.0020647999990615062,digits_5_vs_6,hybrid_aggressive_full_balanced_logreg,hybrid_aggressive_full_balanced,logreg,0,4,4,16,2.0,1.1,True,full_balanced,aggressive,80,,,,,,,21.66871080000419,,,,,,,,,,,,,,,,0.4375,0.8333333333333334,0.6041666666666666,0.15085984382916093,0.0625295884517681,42.1875,26.083333333333332,0.14940129166673918,0.07047240265054659,0.0585728045795854,"{""conditioning"": 8, ""residual+conditioning+solver_failure"": 32, ""none"": 8}"
0.9583333333333334,0.9583333333333334,0.9583333333333334,0.9913194444444444,0.001131500001065433,digits_5_vs_6,hybrid_aggressive_full_balanced_svm_rbf,hybrid_aggressive_full_balanced,svm_rbf,0,4,4,16,2.0,1.1,True,full_balanced,aggressive,80,,,,,,,21.66871080000419,,,,,,,,,,,,,,,,0.4375,0.8333333333333334,0.6041666666666666,0.15085984382916093,0.0625295884517681,42.1875,26.083333333333332,0.14940129166673918,0.07047240265054659,0.0585728045795854,"{""conditioning"": 8, ""residual+conditioning+solver_failure"": 32, ""none"": 8}"
0.9375,0.9375,0.9361702127659575,0.9861111111111112,43.94640010000148,digits_5_vs_6,hybrid_aggressive_full_balanced_qnn,hybrid_aggressive_full_balanced,qnn,0,4,4,16,2.0,1.1,True,full_balanced,aggressive,80,,,,,,,21.66871080000419,,,,,,,,,,,,,,,,0.4375,0.8333333333333334,0.6041666666666666,0.15085984382916093,0.0625295884517681,42.1875,26.083333333333332,0.14940129166673918,0.07047240265054659,0.0585728045795854,"{""conditioning"": 8, ""residual+conditioning+solver_failure"": 32, ""none"": 8}"
0.9583333333333334,0.9583333333333333,0.9565217391304348,0.9965277777777777,0.002388100001553539,digits_5_vs_6,hybrid_always_trigger_full_balanced_logreg,hybrid_always_trigger_full_balanced,logreg,0,4,4,16,2.0,1.1,True,full_balanced,always_trigger,80,,,,,,,33.90447040000436,,,,,,,,,,,,,,,,0.4375,1.0,0.7291666666666666,0.1507796317701798,0.06252706718857913,42.1875,24.270833333333332,0.1989206583334635,0.07047240265054659,0.07281602906168946,"{""residual+conditioning"": 16, ""residual+conditioning+solver_failure"": 32}"
0.9583333333333334,0.9583333333333334,0.9583333333333334,0.9913194444444444,0.0011840000006486662,digits_5_vs_6,hybrid_always_trigger_full_balanced_svm_rbf,hybrid_always_trigger_full_balanced,svm_rbf,0,4,4,16,2.0,1.1,True,full_balanced,always_trigger,80,,,,,,,33.90447040000436,,,,,,,,,,,,,,,,0.4375,1.0,0.7291666666666666,0.1507796317701798,0.06252706718857913,42.1875,24.270833333333332,0.1989206583334635,0.07047240265054659,0.07281602906168946,"{""residual+conditioning"": 16, ""residual+conditioning+solver_failure"": 32}"
0.9583333333333334,0.9583333333333333,0.9565217391304348,0.984375,45.052491300004476,digits_5_vs_6,hybrid_always_trigger_full_balanced_qnn,hybrid_always_trigger_full_balanced,qnn,0,4,4,16,2.0,1.1,True,full_balanced,always_trigger,80,,,,,,,33.90447040000436,,,,,,,,,,,,,,,,0.4375,1.0,0.7291666666666666,0.1507796317701798,0.06252706718857913,42.1875,24.270833333333332,0.1989206583334635,0.07047240265054659,0.07281602906168946,"{""residual+conditioning"": 16, ""residual+conditioning+solver_failure"": 32}"
0.9583333333333334,0.9583333333333333,0.9565217391304348,0.9965277777777777,0.0026796000020112842,digits_5_vs_6,hybrid_qnn_lenient_full_balanced_logreg,hybrid_qnn_lenient_full_balanced,logreg,0,4,4,16,2.0,1.1,True,full_balanced,qnn_lenient,80,,,,,,,33.805827000003774,,,,,,,,,,,,,,,,0.4375,1.0,0.7291666666666666,0.1507796317701798,0.06252706718857913,42.1875,24.270833333333332,0.19836458333323512,0.07047240265054659,0.07281602906168946,"{""residual+conditioning"": 16, ""residual+conditioning+solver_failure"": 32}"
0.9583333333333334,0.9583333333333334,0.9583333333333334,0.9913194444444444,0.0012256999980309047,digits_5_vs_6,hybrid_qnn_lenient_full_balanced_svm_rbf,hybrid_qnn_lenient_full_balanced,svm_rbf,0,4,4,16,2.0,1.1,True,full_balanced,qnn_lenient,80,,,,,,,33.805827000003774,,,,,,,,,,,,,,,,0.4375,1.0,0.7291666666666666,0.1507796317701798,0.06252706718857913,42.1875,24.270833333333332,0.19836458333323512,0.07047240265054659,0.07281602906168946,"{""residual+conditioning"": 16, ""residual+conditioning+solver_failure"": 32}"
0.9583333333333334,0.9583333333333333,0.9565217391304348,0.984375,44.70388749999984,digits_5_vs_6,hybrid_qnn_lenient_full_balanced_qnn,hybrid_qnn_lenient_full_balanced,qnn,0,4,4,16,2.0,1.1,True,full_balanced,qnn_lenient,80,,,,,,,33.805827000003774,,,,,,,,,,,,,,,,0.4375,1.0,0.7291666666666666,0.1507796317701798,0.06252706718857913,42.1875,24.270833333333332,0.19836458333323512,0.07047240265054659,0.07281602906168946,"{""residual+conditioning"": 16, ""residual+conditioning+solver_failure"": 32}"
0.9583333333333334,0.9583333333333333,0.9565217391304348,0.9947916666666666,0.002207300000009127,digits_5_vs_6,forced_qnn_oriented_logreg,forced_qnn_oriented,logreg,0,4,4,16,2.0,1.1,True,qnn_oriented,standard,80,,,,,,,46.61914000000252,0.4375,0.875,0.3333333333333333,0.3541666666666667,0.2008679801828849,0.1875764105071417,0.14715998184558438,0.13219786698594171,0.10486495806385027,42.1875,18.583333333333332,2033.2083333333333,0.27901323541694484,0.07047240265054659,0.07763632975724348,,,,,,,,,,,
0.9583333333333334,0.9583333333333334,0.9583333333333334,0.9878472222222221,0.001128299998526927,digits_5_vs_6,forced_qnn_oriented_svm_rbf,forced_qnn_oriented,svm_rbf,0,4,4,16,2.0,1.1,True,qnn_oriented,standard,80,,,,,,,46.61914000000252,0.4375,0.875,0.3333333333333333,0.3541666666666667,0.2008679801828849,0.1875764105071417,0.14715998184558438,0.13219786698594171,0.10486495806385027,42.1875,18.583333333333332,2033.2083333333333,0.27901323541694484,0.07047240265054659,0.07763632975724348,,,,,,,,,,,
0.9375,0.9375,0.9361702127659575,0.9861111111111112,43.828371000003244,digits_5_vs_6,forced_qnn_oriented_qnn,forced_qnn_oriented,qnn,0,4,4,16,2.0,1.1,True,qnn_oriented,standard,80,,,,,,,46.61914000000252,0.4375,0.875,0.3333333333333333,0.3541666666666667,0.2008679801828849,0.1875764105071417,0.14715998184558438,0.13219786698594171,0.10486495806385027,42.1875,18.583333333333332,2033.2083333333333,0.27901323541694484,0.07047240265054659,0.07763632975724348,,,,,,,,,,,
0.9583333333333334,0.9583333333333333,0.9565217391304348,0.9947916666666666,0.0019732000000658445,digits_5_vs_6,hybrid_standard_qnn_oriented_logreg,hybrid_standard_qnn_oriented,logreg,0,4,4,16,2.0,1.1,True,qnn_oriented,standard,80,,,,,,,21.229177499997604,,,,,,,,,,,,,,,,0.4166666666666667,0.7083333333333334,0.5416666666666666,0.15752934201318192,0.07951877746787317,42.1875,26.958333333333332,0.1494491916663113,0.07047240265054659,0.03838296117804225,"{""none"": 14, ""residual+conditioning+solver_failure"": 30, ""conditioning+solver_failure"": 2, ""conditioning"": 2}"
0.9791666666666666,0.9791666666666667,0.9787234042553191,0.9913194444444444,0.0016498999975738116,digits_5_vs_6,hybrid_standard_qnn_oriented_svm_rbf,hybrid_standard_qnn_oriented,svm_rbf,0,4,4,16,2.0,1.1,True,qnn_oriented,standard,80,,,,,,,21.229177499997604,,,,,,,,,,,,,,,,0.4166666666666667,0.7083333333333334,0.5416666666666666,0.15752934201318192,0.07951877746787317,42.1875,26.958333333333332,0.1494491916663113,0.07047240265054659,0.03838296117804225,"{""none"": 14, ""residual+conditioning+solver_failure"": 30, ""conditioning+solver_failure"": 2, ""conditioning"": 2}"
0.9375,0.9375,0.9361702127659575,0.9930555555555555,45.07902280000417,digits_5_vs_6,hybrid_standard_qnn_oriented_qnn,hybrid_standard_qnn_oriented,qnn,0,4,4,16,2.0,1.1,True,qnn_oriented,standard,80,,,,,,,21.229177499997604,,,,,,,,,,,,,,,,0.4166666666666667,0.7083333333333334,0.5416666666666666,0.15752934201318192,0.07951877746787317,42.1875,26.958333333333332,0.1494491916663113,0.07047240265054659,0.03838296117804225,"{""none"": 14, ""residual+conditioning+solver_failure"": 30, ""conditioning+solver_failure"": 2, ""conditioning"": 2}"
0.9583333333333334,0.9583333333333333,0.9565217391304348,0.9947916666666666,0.002160099997126963,digits_5_vs_6,hybrid_aggressive_qnn_oriented_logreg,hybrid_aggressive_qnn_oriented,logreg,0,4,4,16,2.0,1.1,True,qnn_oriented,aggressive,80,,,,,,,29.98238069999934,,,,,,,,,,,,,,,,0.4166666666666667,0.8333333333333334,0.5625,0.1575565385305813,0.07951705435297637,42.1875,27.145833333333332,0.19215688541604928,0.07047240265054659,0.04985798328169369,"{""conditioning"": 8, ""residual+conditioning+solver_failure"": 32, ""none"": 8}"
0.9791666666666666,0.9791666666666667,0.9787234042553191,0.9913194444444444,0.0011554000011528842,digits_5_vs_6,hybrid_aggressive_qnn_oriented_svm_rbf,hybrid_aggressive_qnn_oriented,svm_rbf,0,4,4,16,2.0,1.1,True,qnn_oriented,aggressive,80,,,,,,,29.98238069999934,,,,,,,,,,,,,,,,0.4166666666666667,0.8333333333333334,0.5625,0.1575565385305813,0.07951705435297637,42.1875,27.145833333333332,0.19215688541604928,0.07047240265054659,0.04985798328169369,"{""conditioning"": 8, ""residual+conditioning+solver_failure"": 32, ""none"": 8}"
0.9375,0.9375,0.9361702127659575,0.9861111111111112,43.278764300004696,digits_5_vs_6,hybrid_aggressive_qnn_oriented_qnn,hybrid_aggressive_qnn_oriented,qnn,0,4,4,16,2.0,1.1,True,qnn_oriented,aggressive,80,,,,,,,29.98238069999934,,,,,,,,,,,,,,,,0.4166666666666667,0.8333333333333334,0.5625,0.1575565385305813,0.07951705435297637,42.1875,27.145833333333332,0.19215688541604928,0.07047240265054659,0.04985798328169369,"{""conditioning"": 8, ""residual+conditioning+solver_failure"": 32, ""none"": 8}"
0.9583333333333334,0.9583333333333333,0.9565217391304348,0.9947916666666666,0.002229300000180956,digits_5_vs_6,hybrid_always_trigger_qnn_oriented_logreg,hybrid_always_trigger_qnn_oriented,logreg,0,4,4,16,2.0,1.1,True,qnn_oriented,always_trigger,80,,,,,,,46.19225709999591,,,,,,,,,,,,,,,,0.4166666666666667,1.0,0.6875,0.15772501355892812,0.07962493382090971,42.1875,25.041666666666668,0.26438785416636773,0.07047240265054659,0.07198271258183105,"{""residual+conditioning"": 16, ""residual+conditioning+solver_failure"": 32}"
0.9583333333333334,0.9583333333333334,0.9583333333333334,0.9913194444444444,0.0011529000039445236,digits_5_vs_6,hybrid_always_trigger_qnn_oriented_svm_rbf,hybrid_always_trigger_qnn_oriented,svm_rbf,0,4,4,16,2.0,1.1,True,qnn_oriented,always_trigger,80,,,,,,,46.19225709999591,,,,,,,,,,,,,,,,0.4166666666666667,1.0,0.6875,0.15772501355892812,0.07962493382090971,42.1875,25.041666666666668,0.26438785416636773,0.07047240265054659,0.07198271258183105,"{""residual+conditioning"": 16, ""residual+conditioning+solver_failure"": 32}"
0.9375,0.9375,0.9361702127659575,0.984375,44.9141352000006,digits_5_vs_6,hybrid_always_trigger_qnn_oriented_qnn,hybrid_always_trigger_qnn_oriented,qnn,0,4,4,16,2.0,1.1,True,qnn_oriented,always_trigger,80,,,,,,,46.19225709999591,,,,,,,,,,,,,,,,0.4166666666666667,1.0,0.6875,0.15772501355892812,0.07962493382090971,42.1875,25.041666666666668,0.26438785416636773,0.07047240265054659,0.07198271258183105,"{""residual+conditioning"": 16, ""residual+conditioning+solver_failure"": 32}"
0.9583333333333334,0.9583333333333333,0.9565217391304348,0.9947916666666666,0.002243100003397558,digits_5_vs_6,hybrid_qnn_lenient_qnn_oriented_logreg,hybrid_qnn_lenient_qnn_oriented,logreg,0,4,4,16,2.0,1.1,True,qnn_oriented,qnn_lenient,80,,,,,,,46.20302110000193,,,,,,,,,,,,,,,,0.4166666666666667,1.0,0.6875,0.15772501355892812,0.07962493382090971,42.1875,25.041666666666668,0.2645793312500852,0.07047240265054659,0.07198271258183105,"{""residual+conditioning"": 16, ""residual+conditioning+solver_failure"": 32}"
0.9583333333333334,0.9583333333333334,0.9583333333333334,0.9913194444444444,0.0012166000014985912,digits_5_vs_6,hybrid_qnn_lenient_qnn_oriented_svm_rbf,hybrid_qnn_lenient_qnn_oriented,svm_rbf,0,4,4,16,2.0,1.1,True,qnn_oriented,qnn_lenient,80,,,,,,,46.20302110000193,,,,,,,,,,,,,,,,0.4166666666666667,1.0,0.6875,0.15772501355892812,0.07962493382090971,42.1875,25.041666666666668,0.2645793312500852,0.07047240265054659,0.07198271258183105,"{""residual+conditioning"": 16, ""residual+conditioning+solver_failure"": 32}"
0.9375,0.9375,0.9361702127659575,0.984375,46.262271400002646,digits_5_vs_6,hybrid_qnn_lenient_qnn_oriented_qnn,hybrid_qnn_lenient_qnn_oriented,qnn,0,4,4,16,2.0,1.1,True,qnn_oriented,qnn_lenient,80,,,,,,,46.20302110000193,,,,,,,,,,,,,,,,0.4166666666666667,1.0,0.6875,0.15772501355892812,0.07962493382090971,42.1875,25.041666666666668,0.2645793312500852,0.07047240265054659,0.07198271258183105,"{""residual+conditioning"": 16, ""residual+conditioning+solver_failure"": 32}"
0.9583333333333334,0.9583333333333333,0.9565217391304348,0.9947916666666666,0.0030368000007001683,digits_5_vs_6,forced_qnn_exploratory_logreg,forced_qnn_exploratory,logreg,0,4,4,16,2.0,1.1,True,qnn_exploratory,standard,80,,,,,,,56.37570799999958,0.4166666666666667,0.8958333333333334,0.3333333333333333,0.3125,0.2008679801828849,0.19767198226490557,0.15712711529564033,0.13219786698594171,0.12947183084389605,42.1875,17.666666666666668,1989.2916666666667,0.31254763749969544,0.07047240265054659,0.06494015539388774,,,,,,,,,,,
0.9583333333333334,0.9583333333333334,0.9583333333333334,0.984375,0.0012713999967672862,digits_5_vs_6,forced_qnn_exploratory_svm_rbf,forced_qnn_exploratory,svm_rbf,0,4,4,16,2.0,1.1,True,qnn_exploratory,standard,80,,,,,,,56.37570799999958,0.4166666666666667,0.8958333333333334,0.3333333333333333,0.3125,0.2008679801828849,0.19767198226490557,0.15712711529564033,0.13219786698594171,0.12947183084389605,42.1875,17.666666666666668,1989.2916666666667,0.31254763749969544,0.07047240265054659,0.06494015539388774,,,,,,,,,,,
0.9583333333333334,0.9583333333333334,0.9583333333333334,0.9861111111111112,44.35029740000027,digits_5_vs_6,forced_qnn_exploratory_qnn,forced_qnn_exploratory,qnn,0,4,4,16,2.0,1.1,True,qnn_exploratory,standard,80,,,,,,,56.37570799999958,0.4166666666666667,0.8958333333333334,0.3333333333333333,0.3125,0.2008679801828849,0.19767198226490557,0.15712711529564033,0.13219786698594171,0.12947183084389605,42.1875,17.666666666666668,1989.2916666666667,0.31254763749969544,0.07047240265054659,0.06494015539388774,,,,,,,,,,,
0.9583333333333334,0.9583333333333333,0.9565217391304348,0.9947916666666666,0.0023086000001057982,digits_5_vs_6,hybrid_standard_qnn_exploratory_logreg,hybrid_standard_qnn_exploratory,logreg,0,4,4,16,2.0,1.1,True,qnn_exploratory,standard,80,,,,,,,25.220691700000316,,,,,,,,,,,,,,,,0.4166666666666667,0.7083333333333334,0.5416666666666666,0.15756182472314098,0.07925937682658936,42.1875,25.645833333333332,0.17557118333312852,0.07047240265054659,0.03795705489270972,"{""none"": 14, ""residual+conditioning+solver_failure"": 30, ""conditioning+solver_failure"": 2, ""conditioning"": 2}"
0.9791666666666666,0.9791666666666667,0.9787234042553191,0.9913194444444444,0.0011364999954821542,digits_5_vs_6,hybrid_standard_qnn_exploratory_svm_rbf,hybrid_standard_qnn_exploratory,svm_rbf,0,4,4,16,2.0,1.1,True,qnn_exploratory,standard,80,,,,,,,25.220691700000316,,,,,,,,,,,,,,,,0.4166666666666667,0.7083333333333334,0.5416666666666666,0.15756182472314098,0.07925937682658936,42.1875,25.645833333333332,0.17557118333312852,0.07047240265054659,0.03795705489270972,"{""none"": 14, ""residual+conditioning+solver_failure"": 30, ""conditioning+solver_failure"": 2, ""conditioning"": 2}"
0.9583333333333334,0.9583333333333333,0.9565217391304348,0.984375,44.52478410000185,digits_5_vs_6,hybrid_standard_qnn_exploratory_qnn,hybrid_standard_qnn_exploratory,qnn,0,4,4,16,2.0,1.1,True,qnn_exploratory,standard,80,,,,,,,25.220691700000316,,,,,,,,,,,,,,,,0.4166666666666667,0.7083333333333334,0.5416666666666666,0.15756182472314098,0.07925937682658936,42.1875,25.645833333333332,0.17557118333312852,0.07047240265054659,0.03795705489270972,"{""none"": 14, ""residual+conditioning+solver_failure"": 30, ""conditioning+solver_failure"": 2, ""conditioning"": 2}"
0.9583333333333334,0.9583333333333333,0.9565217391304348,0.9947916666666666,0.002180299998144619,digits_5_vs_6,hybrid_aggressive_qnn_exploratory_logreg,hybrid_aggressive_qnn_exploratory,logreg,0,4,4,16,2.0,1.1,True,qnn_exploratory,aggressive,80,,,,,,,36.53292209999927,,,,,,,,,,,,,,,,0.4166666666666667,0.8333333333333334,0.6041666666666666,0.15756157235025173,0.07926071348213637,42.1875,24.875,0.24637241666702417,0.07047240265054659,0.0493464404715343,"{""conditioning"": 8, ""residual+conditioning+solver_failure"": 32, ""none"": 8}"
0.9791666666666666,0.9791666666666667,0.9787234042553191,0.9913194444444444,0.0011408000063966028,digits_5_vs_6,hybrid_aggressive_qnn_exploratory_svm_rbf,hybrid_aggressive_qnn_exploratory,svm_rbf,0,4,4,16,2.0,1.1,True,qnn_exploratory,aggressive,80,,,,,,,36.53292209999927,,,,,,,,,,,,,,,,0.4166666666666667,0.8333333333333334,0.6041666666666666,0.15756157235025173,0.07926071348213637,42.1875,24.875,0.24637241666702417,0.07047240265054659,0.0493464404715343,"{""conditioning"": 8, ""residual+conditioning+solver_failure"": 32, ""none"": 8}"
0.9583333333333334,0.9583333333333333,0.9565217391304348,0.9895833333333333,44.147815100004664,digits_5_vs_6,hybrid_aggressive_qnn_exploratory_qnn,hybrid_aggressive_qnn_exploratory,qnn,0,4,4,16,2.0,1.1,True,qnn_exploratory,aggressive,80,,,,,,,36.53292209999927,,,,,,,,,,,,,,,,0.4166666666666667,0.8333333333333334,0.6041666666666666,0.15756157235025173,0.07926071348213637,42.1875,24.875,0.24637241666702417,0.07047240265054659,0.0493464404715343,"{""conditioning"": 8, ""residual+conditioning+solver_failure"": 32, ""none"": 8}"
0.9583333333333334,0.9583333333333333,0.9565217391304348,0.9947916666666666,0.0022525000022142194,digits_5_vs_6,hybrid_always_trigger_qnn_exploratory_logreg,hybrid_always_trigger_qnn_exploratory,logreg,0,4,4,16,2.0,1.1,True,qnn_exploratory,always_trigger,80,,,,,,,56.95392569999967,,,,,,,,,,,,,,,,0.4166666666666667,1.0,0.7083333333333334,0.15756434508038603,0.07926057617043547,42.1875,23.145833333333332,0.3170017812505345,0.07047240265054659,0.06504586962214333,"{""residual+conditioning"": 16, ""residual+conditioning+solver_failure"": 32}"
0.9583333333333334,0.9583333333333334,0.9583333333333334,0.9913194444444444,0.001117000007070601,digits_5_vs_6,hybrid_always_trigger_qnn_exploratory_svm_rbf,hybrid_always_trigger_qnn_exploratory,svm_rbf,0,4,4,16,2.0,1.1,True,qnn_exploratory,always_trigger,80,,,,,,,56.95392569999967,,,,,,,,,,,,,,,,0.4166666666666667,1.0,0.7083333333333334,0.15756434508038603,0.07926057617043547,42.1875,23.145833333333332,0.3170017812505345,0.07047240265054659,0.06504586962214333,"{""residual+conditioning"": 16, ""residual+conditioning+solver_failure"": 32}"
0.9375,0.9375,0.9361702127659575,0.9878472222222223,45.54114889999619,digits_5_vs_6,hybrid_always_trigger_qnn_exploratory_qnn,hybrid_always_trigger_qnn_exploratory,qnn,0,4,4,16,2.0,1.1,True,qnn_exploratory,always_trigger,80,,,,,,,56.95392569999967,,,,,,,,,,,,,,,,0.4166666666666667,1.0,0.7083333333333334,0.15756434508038603,0.07926057617043547,42.1875,23.145833333333332,0.3170017812505345,0.07047240265054659,0.06504586962214333,"{""residual+conditioning"": 16, ""residual+conditioning+solver_failure"": 32}"
0.9583333333333334,0.9583333333333333,0.9565217391304348,0.9947916666666666,0.002678800003195647,digits_5_vs_6,hybrid_qnn_lenient_qnn_exploratory_logreg,hybrid_qnn_lenient_qnn_exploratory,logreg,0,4,4,16,2.0,1.1,True,qnn_exploratory,qnn_lenient,80,,,,,,,56.90768460000254,,,,,,,,,,,,,,,,0.4166666666666667,1.0,0.7083333333333334,0.15756434508038603,0.07926057617043547,42.1875,23.145833333333332,0.3170713937497567,0.07047240265054659,0.06504586962214333,"{""residual+conditioning"": 16, ""residual+conditioning+solver_failure"": 32}"
0.9583333333333334,0.9583333333333334,0.9583333333333334,0.9913194444444444,0.0011749999976018444,digits_5_vs_6,hybrid_qnn_lenient_qnn_exploratory_svm_rbf,hybrid_qnn_lenient_qnn_exploratory,svm_rbf,0,4,4,16,2.0,1.1,True,qnn_exploratory,qnn_lenient,80,,,,,,,56.90768460000254,,,,,,,,,,,,,,,,0.4166666666666667,1.0,0.7083333333333334,0.15756434508038603,0.07926057617043547,42.1875,23.145833333333332,0.3170713937497567,0.07047240265054659,0.06504586962214333,"{""residual+conditioning"": 16, ""residual+conditioning+solver_failure"": 32}"
0.9375,0.9375,0.9361702127659575,0.9878472222222223,44.45909319999919,digits_5_vs_6,hybrid_qnn_lenient_qnn_exploratory_qnn,hybrid_qnn_lenient_qnn_exploratory,qnn,0,4,4,16,2.0,1.1,True,qnn_exploratory,qnn_lenient,80,,,,,,,56.90768460000254,,,,,,,,,,,,,,,,0.4166666666666667,1.0,0.7083333333333334,0.15756434508038603,0.07926057617043547,42.1875,23.145833333333332,0.3170713937497567,0.07047240265054659,0.06504586962214333,"{""residual+conditioning"": 16, ""residual+conditioning+solver_failure"": 32}"
0.9583333333333334,0.9583333333333333,0.9565217391304348,0.9965277777777777,0.0021905000030528754,digits_5_vs_6,forced_no_detector_logreg,forced_no_detector,logreg,0,4,4,16,2.0,1.1,True,no_detector,standard,80,,,,,,,12.716871099997661,0.4375,0.8541666666666666,0.3333333333333333,0.3333333333333333,0.2008679801828849,0.19174849117726014,0.15055894567637682,0.13219786698594171,0.10482725978722646,42.1875,19.625,1775.375,0.0759567583346931,0.07047240265054659,0.07291203823187936,,,,,,,,,,,
0.9583333333333334,0.9583333333333334,0.9583333333333334,0.9895833333333334,0.0015435999957844615,digits_5_vs_6,forced_no_detector_svm_rbf,forced_no_detector,svm_rbf,0,4,4,16,2.0,1.1,True,no_detector,standard,80,,,,,,,12.716871099997661,0.4375,0.8541666666666666,0.3333333333333333,0.3333333333333333,0.2008679801828849,0.19174849117726014,0.15055894567637682,0.13219786698594171,0.10482725978722646,42.1875,19.625,1775.375,0.0759567583346931,0.07047240265054659,0.07291203823187936,,,,,,,,,,,
0.9375,0.9375,0.9361702127659575,0.9861111111111112,46.486010100001295,digits_5_vs_6,forced_no_detector_qnn,forced_no_detector,qnn,0,4,4,16,2.0,1.1,True,no_detector,standard,80,,,,,,,12.716871099997661,0.4375,0.8541666666666666,0.3333333333333333,0.3333333333333333,0.2008679801828849,0.19174849117726014,0.15055894567637682,0.13219786698594171,0.10482725978722646,42.1875,19.625,1775.375,0.0759567583346931,0.07047240265054659,0.07291203823187936,,,,,,,,,,,
0.9583333333333334,0.9583333333333333,0.9565217391304348,0.9965277777777777,0.0026585999949020334,digits_5_vs_6,hybrid_standard_no_detector_logreg,hybrid_standard_no_detector,logreg,0,4,4,16,2.0,1.1,True,no_detector,standard,80,,,,,,,5.770131499994022,,,,,,,,,,,,,,,,0.4375,0.7083333333333334,0.4791666666666667,0.150792054277355,0.06261719335955701,42.1875,28.791666666666668,0.04324001875011163,0.07047240265054659,0.04837195005191687,"{""none"": 14, ""residual+conditioning+solver_failure"": 30, ""conditioning+solver_failure"": 2, ""conditioning"": 2}"
0.9583333333333334,0.9583333333333334,0.9583333333333334,0.9913194444444444,0.0011219000007258728,digits_5_vs_6,hybrid_standard_no_detector_svm_rbf,hybrid_standard_no_detector,svm_rbf,0,4,4,16,2.0,1.1,True,no_detector,standard,80,,,,,,,5.770131499994022,,,,,,,,,,,,,,,,0.4375,0.7083333333333334,0.4791666666666667,0.150792054277355,0.06261719335955701,42.1875,28.791666666666668,0.04324001875011163,0.07047240265054659,0.04837195005191687,"{""none"": 14, ""residual+conditioning+solver_failure"": 30, ""conditioning+solver_failure"": 2, ""conditioning"": 2}"
0.9583333333333334,0.9583333333333333,0.9565217391304348,0.9861111111111112,46.567417999998725,digits_5_vs_6,hybrid_standard_no_detector_qnn,hybrid_standard_no_detector,qnn,0,4,4,16,2.0,1.1,True,no_detector,standard,80,,,,,,,5.770131499994022,,,,,,,,,,,,,,,,0.4375,0.7083333333333334,0.4791666666666667,0.150792054277355,0.06261719335955701,42.1875,28.791666666666668,0.04324001875011163,0.07047240265054659,0.04837195005191687,"{""none"": 14, ""residual+conditioning+solver_failure"": 30, ""conditioning+solver_failure"": 2, ""conditioning"": 2}"
0.9583333333333334,0.9583333333333333,0.9565217391304348,0.9965277777777777,0.0017092999987653457,digits_5_vs_6,hybrid_aggressive_no_detector_logreg,hybrid_aggressive_no_detector,logreg,0,4,4,16,2.0,1.1,True,no_detector,aggressive,80,,,,,,,8.135522200005653,,,,,,,,,,,,,,,,0.4375,0.8333333333333334,0.5625,0.15079205427724496,0.06261719335955701,42.1875,27.395833333333332,0.05642465208347858,0.07047240265054659,0.05879091258178064,"{""conditioning"": 8, ""residual+conditioning+solver_failure"": 32, ""none"": 8}"
0.9583333333333334,0.9583333333333334,0.9583333333333334,0.9913194444444444,0.001419600004737731,digits_5_vs_6,hybrid_aggressive_no_detector_svm_rbf,hybrid_aggressive_no_detector,svm_rbf,0,4,4,16,2.0,1.1,True,no_detector,aggressive,80,,,,,,,8.135522200005653,,,,,,,,,,,,,,,,0.4375,0.8333333333333334,0.5625,0.15079205427724496,0.06261719335955701,42.1875,27.395833333333332,0.05642465208347858,0.07047240265054659,0.05879091258178064,"{""conditioning"": 8, ""residual+conditioning+solver_failure"": 32, ""none"": 8}"
0.9375,0.9375,0.9361702127659575,0.9861111111111112,45.486831399997754,digits_5_vs_6,hybrid_aggressive_no_detector_qnn,hybrid_aggressive_no_detector,qnn,0,4,4,16,2.0,1.1,True,no_detector,aggressive,80,,,,,,,8.135522200005653,,,,,,,,,,,,,,,,0.4375,0.8333333333333334,0.5625,0.15079205427724496,0.06261719335955701,42.1875,27.395833333333332,0.05642465208347858,0.07047240265054659,0.05879091258178064,"{""conditioning"": 8, ""residual+conditioning+solver_failure"": 32, ""none"": 8}"
0.9583333333333334,0.9583333333333333,0.9565217391304348,0.9965277777777777,0.0021906999972998165,digits_5_vs_6,hybrid_always_trigger_no_detector_logreg,hybrid_always_trigger_no_detector,logreg,0,4,4,16,2.0,1.1,True,no_detector,always_trigger,80,,,,,,,12.742305200001283,,,,,,,,,,,,,,,,0.4375,1.0,0.6666666666666666,0.15079205427703357,0.06261719335955701,42.1875,25.666666666666668,0.07586264583339168,0.07047240265054659,0.07291203823187936,"{""residual+conditioning"": 16, ""residual+conditioning+solver_failure"": 32}"
0.9583333333333334,0.9583333333333334,0.9583333333333334,0.9913194444444444,0.0011768000040319748,digits_5_vs_6,hybrid_always_trigger_no_detector_svm_rbf,hybrid_always_trigger_no_detector,svm_rbf,0,4,4,16,2.0,1.1,True,no_detector,always_trigger,80,,,,,,,12.742305200001283,,,,,,,,,,,,,,,,0.4375,1.0,0.6666666666666666,0.15079205427703357,0.06261719335955701,42.1875,25.666666666666668,0.07586264583339168,0.07047240265054659,0.07291203823187936,"{""residual+conditioning"": 16, ""residual+conditioning+solver_failure"": 32}"
0.9791666666666666,0.9791666666666667,0.9787234042553191,0.9878472222222221,45.85736609999731,digits_5_vs_6,hybrid_always_trigger_no_detector_qnn,hybrid_always_trigger_no_detector,qnn,0,4,4,16,2.0,1.1,True,no_detector,always_trigger,80,,,,,,,12.742305200001283,,,,,,,,,,,,,,,,0.4375,1.0,0.6666666666666666,0.15079205427703357,0.06261719335955701,42.1875,25.666666666666668,0.07586264583339168,0.07047240265054659,0.07291203823187936,"{""residual+conditioning"": 16, ""residual+conditioning+solver_failure"": 32}"
0.9583333333333334,0.9583333333333333,0.9565217391304348,0.9965277777777777,0.002431499997328501,digits_5_vs_6,hybrid_qnn_lenient_no_detector_logreg,hybrid_qnn_lenient_no_detector,logreg,0,4,4,16,2.0,1.1,True,no_detector,qnn_lenient,80,,,,,,,12.73019419999764,,,,,,,,,,,,,,,,0.4375,1.0,0.6666666666666666,0.15079205427703357,0.06261719335955701,42.1875,25.666666666666668,0.0756510812493616,0.07047240265054659,0.07291203823187936,"{""residual+conditioning"": 16, ""residual+conditioning+solver_failure"": 32}"
0.9583333333333334,0.9583333333333334,0.9583333333333334,0.9913194444444444,0.0012021000002278015,digits_5_vs_6,hybrid_qnn_lenient_no_detector_svm_rbf,hybrid_qnn_lenient_no_detector,svm_rbf,0,4,4,16,2.0,1.1,True,no_detector,qnn_lenient,80,,,,,,,12.73019419999764,,,,,,,,,,,,,,,,0.4375,1.0,0.6666666666666666,0.15079205427703357,0.06261719335955701,42.1875,25.666666666666668,0.0756510812493616,0.07047240265054659,0.07291203823187936,"{""residual+conditioning"": 16, ""residual+conditioning+solver_failure"": 32}"
0.9791666666666666,0.9791666666666667,0.9787234042553191,0.9878472222222221,44.386865199994645,digits_5_vs_6,hybrid_qnn_lenient_no_detector_qnn,hybrid_qnn_lenient_no_detector,qnn,0,4,4,16,2.0,1.1,True,no_detector,qnn_lenient,80,,,,,,,12.73019419999764,,,,,,,,,,,,,,,,0.4375,1.0,0.6666666666666666,0.15079205427703357,0.06261719335955701,42.1875,25.666666666666668,0.0756510812493616,0.07047240265054659,0.07291203823187936,"{""residual+conditioning"": 16, ""residual+conditioning+solver_failure"": 32}"
0.9583333333333334,0.9583333333333333,0.9565217391304348,0.9947916666666666,0.0020702000037999824,digits_5_vs_6,forced_residual_only_logreg,forced_residual_only,logreg,0,4,4,16,2.0,1.1,True,residual_only,standard,80,,,,,,,5.907108399995195,0.3541666666666667,0.875,0.3333333333333333,0.2708333333333333,0.2008679801828849,0.23633296526089217,0.18966033396857598,0.13219786698594171,0.17863737329835594,42.1875,14.9375,1732.1666666666667,0.032884649999990266,0.07047240265054659,0.058765393568692016,,,,,,,,,,,
0.9583333333333334,0.9583333333333334,0.9583333333333334,0.9895833333333334,0.0011784999951487407,digits_5_vs_6,forced_residual_only_svm_rbf,forced_residual_only,svm_rbf,0,4,4,16,2.0,1.1,True,residual_only,standard,80,,,,,,,5.907108399995195,0.3541666666666667,0.875,0.3333333333333333,0.2708333333333333,0.2008679801828849,0.23633296526089217,0.18966033396857598,0.13219786698594171,0.17863737329835594,42.1875,14.9375,1732.1666666666667,0.032884649999990266,0.07047240265054659,0.058765393568692016,,,,,,,,,,,
0.9583333333333334,0.9583333333333333,0.9565217391304348,0.9809027777777779,46.028340700002445,digits_5_vs_6,forced_residual_only_qnn,forced_residual_only,qnn,0,4,4,16,2.0,1.1,True,residual_only,standard,80,,,,,,,5.907108399995195,0.3541666666666667,0.875,0.3333333333333333,0.2708333333333333,0.2008679801828849,0.23633296526089217,0.18966033396857598,0.13219786698594171,0.17863737329835594,42.1875,14.9375,1732.1666666666667,0.032884649999990266,0.07047240265054659,0.058765393568692016,,,,,,,,,,,
0.9583333333333334,0.9583333333333333,0.9565217391304348,0.9947916666666666,0.0022836000061943196,digits_5_vs_6,hybrid_standard_residual_only_logreg,hybrid_standard_residual_only,logreg,0,4,4,16,2.0,1.1,True,residual_only,standard,80,,,,,,,2.8027094999997644,,,,,,,,,,,,,,,,0.3541666666666667,0.7083333333333334,0.4583333333333333,0.19028504147744418,0.10506845338102354,42.1875,27.916666666666668,0.017724268749892264,0.07047240265054659,0.01662570826212842,"{""none"": 14, ""residual+conditioning+solver_failure"": 30, ""conditioning+solver_failure"": 2, ""conditioning"": 2}"
0.9791666666666666,0.9791666666666667,0.9787234042553191,0.9930555555555556,0.0011760999987018295,digits_5_vs_6,hybrid_standard_residual_only_svm_rbf,hybrid_standard_residual_only,svm_rbf,0,4,4,16,2.0,1.1,True,residual_only,standard,80,,,,,,,2.8027094999997644,,,,,,,,,,,,,,,,0.3541666666666667,0.7083333333333334,0.4583333333333333,0.19028504147744418,0.10506845338102354,42.1875,27.916666666666668,0.017724268749892264,0.07047240265054659,0.01662570826212842,"{""none"": 14, ""residual+conditioning+solver_failure"": 30, ""conditioning+solver_failure"": 2, ""conditioning"": 2}"
0.9583333333333334,0.9583333333333333,0.9565217391304348,0.9809027777777779,45.815003000003344,digits_5_vs_6,hybrid_standard_residual_only_qnn,hybrid_standard_residual_only,qnn,0,4,4,16,2.0,1.1,True,residual_only,standard,80,,,,,,,2.8027094999997644,,,,,,,,,,,,,,,,0.3541666666666667,0.7083333333333334,0.4583333333333333,0.19028504147744418,0.10506845338102354,42.1875,27.916666666666668,0.017724268749892264,0.07047240265054659,0.01662570826212842,"{""none"": 14, ""residual+conditioning+solver_failure"": 30, ""conditioning+solver_failure"": 2, ""conditioning"": 2}"
0.9583333333333334,0.9583333333333333,0.9565217391304348,0.9947916666666666,0.0020070999962626956,digits_5_vs_6,hybrid_aggressive_residual_only_logreg,hybrid_aggressive_residual_only,logreg,0,4,4,16,2.0,1.1,True,residual_only,aggressive,80,,,,,,,3.8830070000039996,,,,,,,,,,,,,,,,0.3541666666666667,0.8333333333333334,0.5416666666666666,0.19028504147733413,0.10506845338102354,42.1875,26.229166666666668,0.023664043750613928,0.07047240265054659,0.03241799164409037,"{""conditioning"": 8, ""residual+conditioning+solver_failure"": 32, ""none"": 8}"
0.9791666666666666,0.9791666666666667,0.9787234042553191,0.9930555555555556,0.0011830000003101304,digits_5_vs_6,hybrid_aggressive_residual_only_svm_rbf,hybrid_aggressive_residual_only,svm_rbf,0,4,4,16,2.0,1.1,True,residual_only,aggressive,80,,,,,,,3.8830070000039996,,,,,,,,,,,,,,,,0.3541666666666667,0.8333333333333334,0.5416666666666666,0.19028504147733413,0.10506845338102354,42.1875,26.229166666666668,0.023664043750613928,0.07047240265054659,0.03241799164409037,"{""conditioning"": 8, ""residual+conditioning+solver_failure"": 32, ""none"": 8}"
0.9583333333333334,0.9583333333333333,0.9565217391304348,0.9791666666666667,44.217687399999704,digits_5_vs_6,hybrid_aggressive_residual_only_qnn,hybrid_aggressive_residual_only,qnn,0,4,4,16,2.0,1.1,True,residual_only,aggressive,80,,,,,,,3.8830070000039996,,,,,,,,,,,,,,,,0.3541666666666667,0.8333333333333334,0.5416666666666666,0.19028504147733413,0.10506845338102354,42.1875,26.229166666666668,0.023664043750613928,0.07047240265054659,0.03241799164409037,"{""conditioning"": 8, ""residual+conditioning+solver_failure"": 32, ""none"": 8}"
0.9583333333333334,0.9583333333333333,0.9565217391304348,0.9947916666666666,0.0023816000029910356,digits_5_vs_6,hybrid_always_trigger_residual_only_logreg,hybrid_always_trigger_residual_only,logreg,0,4,4,16,2.0,1.1,True,residual_only,always_trigger,80,,,,,,,5.863376599998446,,,,,,,,,,,,,,,,0.3541666666666667,1.0,0.6666666666666666,0.1902850414771158,0.10506845338102354,42.1875,24.104166666666668,0.0326656187497368,0.07047240265054659,0.058765393568692016,"{""residual+conditioning"": 16, ""residual+conditioning+solver_failure"": 32}"
0.9583333333333334,0.9583333333333334,0.9583333333333334,0.9913194444444444,0.0011664999983622693,digits_5_vs_6,hybrid_always_trigger_residual_only_svm_rbf,hybrid_always_trigger_residual_only,svm_rbf,0,4,4,16,2.0,1.1,True,residual_only,always_trigger,80,,,,,,,5.863376599998446,,,,,,,,,,,,,,,,0.3541666666666667,1.0,0.6666666666666666,0.1902850414771158,0.10506845338102354,42.1875,24.104166666666668,0.0326656187497368,0.07047240265054659,0.058765393568692016,"{""residual+conditioning"": 16, ""residual+conditioning+solver_failure"": 32}"
0.9375,0.9375,0.9333333333333333,0.9878472222222221,45.77530250000564,digits_5_vs_6,hybrid_always_trigger_residual_only_qnn,hybrid_always_trigger_residual_only,qnn,0,4,4,16,2.0,1.1,True,residual_only,always_trigger,80,,,,,,,5.863376599998446,,,,,,,,,,,,,,,,0.3541666666666667,1.0,0.6666666666666666,0.1902850414771158,0.10506845338102354,42.1875,24.104166666666668,0.0326656187497368,0.07047240265054659,0.058765393568692016,"{""residual+conditioning"": 16, ""residual+conditioning+solver_failure"": 32}"
0.9583333333333334,0.9583333333333333,0.9565217391304348,0.9947916666666666,0.0021135999995749444,digits_5_vs_6,hybrid_qnn_lenient_residual_only_logreg,hybrid_qnn_lenient_residual_only,logreg,0,4,4,16,2.0,1.1,True,residual_only,qnn_lenient,80,,,,,,,5.839842699999281,,,,,,,,,,,,,,,,0.3541666666666667,1.0,0.6666666666666666,0.1902850414771158,0.10506845338102354,42.1875,24.104166666666668,0.032592952083480974,0.07047240265054659,0.058765393568692016,"{""residual+conditioning"": 16, ""residual+conditioning+solver_failure"": 32}"
0.9583333333333334,0.9583333333333334,0.9583333333333334,0.9913194444444444,0.0012325999996392056,digits_5_vs_6,hybrid_qnn_lenient_residual_only_svm_rbf,hybrid_qnn_lenient_residual_only,svm_rbf,0,4,4,16,2.0,1.1,True,residual_only,qnn_lenient,80,,,,,,,5.839842699999281,,,,,,,,,,,,,,,,0.3541666666666667,1.0,0.6666666666666666,0.1902850414771158,0.10506845338102354,42.1875,24.104166666666668,0.032592952083480974,0.07047240265054659,0.058765393568692016,"{""residual+conditioning"": 16, ""residual+conditioning+solver_failure"": 32}"
0.9375,0.9375,0.9333333333333333,0.9878472222222221,44.10199470000225,digits_5_vs_6,hybrid_qnn_lenient_residual_only_qnn,hybrid_qnn_lenient_residual_only,qnn,0,4,4,16,2.0,1.1,True,residual_only,qnn_lenient,80,,,,,,,5.839842699999281,,,,,,,,,,,,,,,,0.3541666666666667,1.0,0.6666666666666666,0.1902850414771158,0.10506845338102354,42.1875,24.104166666666668,0.032592952083480974,0.07047240265054659,0.058765393568692016,"{""residual+conditioning"": 16, ""residual+conditioning+solver_failure"": 32}"
0.9791666666666666,0.9791666666666667,0.9795918367346939,1.0,0.0016382000030716881,digits_5_vs_6,pca_logreg,pca,logreg,1,4,4,16,2.0,1.1,True,full_balanced,standard,80,,,,,,,,,,,,,,,,,,,,,,,,,,,,,,,,,
0.9791666666666666,0.9791666666666667,0.9795918367346939,1.0,0.04042929999559419,digits_5_vs_6,pca_mlp,pca,mlp,1,4,4,16,2.0,1.1,True,full_balanced,standard,80,,,,,,,,,,,,,,,,,,,,,,,,,,,,,,,,,
0.9791666666666666,0.9791666666666667,0.9795918367346939,0.9947916666666667,0.001417700004822109,digits_5_vs_6,pca_svm_rbf,pca,svm_rbf,1,4,4,16,2.0,1.1,True,full_balanced,standard,80,,,,,,,,,,,,,,,,,,,,,,,,,,,,,,,,,
0.9791666666666666,0.9791666666666667,0.9795918367346939,1.0,44.77194660000532,digits_5_vs_6,pca_qnn,pca,qnn,1,4,4,16,2.0,1.1,True,full_balanced,standard,80,,,,,,,,,,,,,,,,,,,,,,,,,,,,,,,,,
0.9791666666666666,0.9791666666666667,0.9795918367346939,0.998263888888889,0.0026453000027686357,digits_5_vs_6,implicit_zero_logreg,implicit_zero,logreg,1,4,4,16,2.0,1.1,True,full_balanced,standard,80,0.7916666666666666,0.027702308538627332,3.1118697286266413e-12,35.229166666666664,0.0002925166671351083,0.18558404818471597,0.05127100000390783,,,,,,,,,,,,,,,,,,,,,,,,,,
0.9375,0.9375,0.9387755102040817,0.984375,0.002112699999997858,digits_5_vs_6,implicit_zero_svm_rbf,implicit_zero,svm_rbf,1,4,4,16,2.0,1.1,True,full_balanced,standard,80,0.7916666666666666,0.027702308538627332,3.1118697286266413e-12,35.229166666666664,0.0002925166671351083,0.18558404818471597,0.05127100000390783,,,,,,,,,,,,,,,,,,,,,,,,,,
0.9583333333333334,0.9583333333333334,0.9583333333333334,0.9965277777777778,44.11292360000516,digits_5_vs_6,implicit_zero_qnn,implicit_zero,qnn,1,4,4,16,2.0,1.1,True,full_balanced,standard,80,0.7916666666666666,0.027702308538627332,3.1118697286266413e-12,35.229166666666664,0.0002925166671351083,0.18558404818471597,0.05127100000390783,,,,,,,,,,,,,,,,,,,,,,,,,,
0.9791666666666666,0.9791666666666667,0.9795918367346939,0.998263888888889,0.0021044000022811815,digits_5_vs_6,forced_full_light_logreg,forced_full_light,logreg,1,4,4,16,2.0,1.1,True,full_light,standard,80,,,,,,,26.8562729999976,0.8541666666666666,0.5208333333333334,0.7916666666666666,0.5208333333333334,0.027702308538627332,0.17893999360825075,0.018950905321912556,3.1118697286266413e-12,1.825861781722946e-11,35.229166666666664,20.625,1876.3125,0.17690835833309393,0.18558404818471597,0.1141340532740454,,,,,,,,,,,
0.9375,0.9375,0.9387755102040817,0.9913194444444444,0.0012208999978611246,digits_5_vs_6,forced_full_light_svm_rbf,forced_full_light,svm_rbf,1,4,4,16,2.0,1.1,True,full_light,standard,80,,,,,,,26.8562729999976,0.8541666666666666,0.5208333333333334,0.7916666666666666,0.5208333333333334,0.027702308538627332,0.17893999360825075,0.018950905321912556,3.1118697286266413e-12,1.825861781722946e-11,35.229166666666664,20.625,1876.3125,0.17690835833309393,0.18558404818471597,0.1141340532740454,,,,,,,,,,,
0.9583333333333334,0.9583333333333334,0.9583333333333334,0.9913194444444444,43.735551300000225,digits_5_vs_6,forced_full_light_qnn,forced_full_light,qnn,1,4,4,16,2.0,1.1,True,full_light,standard,80,,,,,,,26.8562729999976,0.8541666666666666,0.5208333333333334,0.7916666666666666,0.5208333333333334,0.027702308538627332,0.17893999360825075,0.018950905321912556,3.1118697286266413e-12,1.825861781722946e-11,35.229166666666664,20.625,1876.3125,0.17690835833309393,0.18558404818471597,0.1141340532740454,,,,,,,,,,,
0.9791666666666666,0.9791666666666667,0.9795918367346939,0.998263888888889,0.0024804000058793463,digits_5_vs_6,hybrid_standard_full_light_logreg,hybrid_standard_full_light,logreg,1,4,4,16,2.0,1.1,True,full_light,standard,80,,,,,,,4.892154299996037,,,,,,,,,,,,,,,,0.8541666666666666,0.20833333333333334,0.14583333333333334,0.01895082791472008,2.5556323675853806e-12,35.229166666666664,31.229166666666668,0.03665871249995689,0.18558404818471597,0.07955624194921021,"{""none"": 38, ""residual+conditioning+solver_failure"": 7, ""conditioning+solver_failure"": 3}"
0.9375,0.9375,0.9387755102040817,0.9878472222222222,0.0012158999961684458,digits_5_vs_6,hybrid_standard_full_light_svm_rbf,hybrid_standard_full_light,svm_rbf,1,4,4,16,2.0,1.1,True,full_light,standard,80,,,,,,,4.892154299996037,,,,,,,,,,,,,,,,0.8541666666666666,0.20833333333333334,0.14583333333333334,0.01895082791472008,2.5556323675853806e-12,35.229166666666664,31.229166666666668,0.03665871249995689,0.18558404818471597,0.07955624194921021,"{""none"": 38, ""residual+conditioning+solver_failure"": 7, ""conditioning+solver_failure"": 3}"
0.9583333333333334,0.9583333333333334,0.9583333333333334,0.9947916666666666,45.51211229999899,digits_5_vs_6,hybrid_standard_full_light_qnn,hybrid_standard_full_light,qnn,1,4,4,16,2.0,1.1,True,full_light,standard,80,,,,,,,4.892154299996037,,,,,,,,,,,,,,,,0.8541666666666666,0.20833333333333334,0.14583333333333334,0.01895082791472008,2.5556323675853806e-12,35.229166666666664,31.229166666666668,0.03665871249995689,0.18558404818471597,0.07955624194921021,"{""none"": 38, ""residual+conditioning+solver_failure"": 7, ""conditioning+solver_failure"": 3}"
0.9791666666666666,0.9791666666666667,0.9795918367346939,0.998263888888889,0.0026613000009092502,digits_5_vs_6,hybrid_aggressive_full_light_logreg,hybrid_aggressive_full_light,logreg,1,4,4,16,2.0,1.1,True,full_light,aggressive,80,,,,,,,13.17701830000442,,,,,,,,,,,,,,,,0.8541666666666666,0.5208333333333334,0.3958333333333333,0.01895141243455504,2.362381327908713e-12,35.229166666666664,25.916666666666668,0.10592320833363071,0.18558404818471597,0.09137811745561131,"{""none"": 23, ""conditioning"": 15, ""residual+conditioning+solver_failure"": 10}"
0.9375,0.9375,0.9387755102040817,0.9913194444444444,0.0012089000010746531,digits_5_vs_6,hybrid_aggressive_full_light_svm_rbf,hybrid_aggressive_full_light,svm_rbf,1,4,4,16,2.0,1.1,True,full_light,aggressive,80,,,,,,,13.17701830000442,,,,,,,,,,,,,,,,0.8541666666666666,0.5208333333333334,0.3958333333333333,0.01895141243455504,2.362381327908713e-12,35.229166666666664,25.916666666666668,0.10592320833363071,0.18558404818471597,0.09137811745561131,"{""none"": 23, ""conditioning"": 15, ""residual+conditioning+solver_failure"": 10}"
0.9375,0.9375,0.9387755102040817,0.9913194444444444,44.84575439999753,digits_5_vs_6,hybrid_aggressive_full_light_qnn,hybrid_aggressive_full_light,qnn,1,4,4,16,2.0,1.1,True,full_light,aggressive,80,,,,,,,13.17701830000442,,,,,,,,,,,,,,,,0.8541666666666666,0.5208333333333334,0.3958333333333333,0.01895141243455504,2.362381327908713e-12,35.229166666666664,25.916666666666668,0.10592320833363071,0.18558404818471597,0.09137811745561131,"{""none"": 23, ""conditioning"": 15, ""residual+conditioning+solver_failure"": 10}"
0.9791666666666666,0.9791666666666667,0.9795918367346939,0.998263888888889,0.0024638999966555275,digits_5_vs_6,hybrid_always_trigger_full_light_logreg,hybrid_always_trigger_full_light,logreg,1,4,4,16,2.0,1.1,True,full_light,always_trigger,80,,,,,,,26.700566499996057,,,,,,,,,,,,,,,,0.8541666666666666,1.0,0.5416666666666666,0.01895174633323569,1.7905821854443171e-12,35.229166666666664,22.333333333333332,0.17549723333301395,0.18558404818471597,0.11416009097720196,"{""residual+conditioning"": 38, ""residual+conditioning+solver_failure"": 10}"
0.9375,0.9375,0.9387755102040817,0.9913194444444444,0.0017084999999497086,digits_5_vs_6,hybrid_always_trigger_full_light_svm_rbf,hybrid_always_trigger_full_light,svm_rbf,1,4,4,16,2.0,1.1,True,full_light,always_trigger,80,,,,,,,26.700566499996057,,,,,,,,,,,,,,,,0.8541666666666666,1.0,0.5416666666666666,0.01895174633323569,1.7905821854443171e-12,35.229166666666664,22.333333333333332,0.17549723333301395,0.18558404818471597,0.11416009097720196,"{""residual+conditioning"": 38, ""residual+conditioning+solver_failure"": 10}"
0.9583333333333334,0.9583333333333334,0.9583333333333334,0.9947916666666666,45.53167789999861,digits_5_vs_6,hybrid_always_trigger_full_light_qnn,hybrid_always_trigger_full_light,qnn,1,4,4,16,2.0,1.1,True,full_light,always_trigger,80,,,,,,,26.700566499996057,,,,,,,,,,,,,,,,0.8541666666666666,1.0,0.5416666666666666,0.01895174633323569,1.7905821854443171e-12,35.229166666666664,22.333333333333332,0.17549723333301395,0.18558404818471597,0.11416009097720196,"{""residual+conditioning"": 38, ""residual+conditioning+solver_failure"": 10}"
0.9791666666666666,0.9791666666666667,0.9795918367346939,0.998263888888889,0.002681099998881109,digits_5_vs_6,hybrid_qnn_lenient_full_light_logreg,hybrid_qnn_lenient_full_light,logreg,1,4,4,16,2.0,1.1,True,full_light,qnn_lenient,80,,,,,,,26.595323499997903,,,,,,,,,,,,,,,,0.8541666666666666,1.0,0.5416666666666666,0.01895174633323569,1.7905821854443171e-12,35.229166666666664,22.333333333333332,0.1751441104161131,0.18558404818471597,0.11416009097720196,"{""residual+conditioning"": 38, ""residual+conditioning+solver_failure"": 10}"
0.9375,0.9375,0.9387755102040817,0.9913194444444444,0.00127529999735998,digits_5_vs_6,hybrid_qnn_lenient_full_light_svm_rbf,hybrid_qnn_lenient_full_light,svm_rbf,1,4,4,16,2.0,1.1,True,full_light,qnn_lenient,80,,,,,,,26.595323499997903,,,,,,,,,,,,,,,,0.8541666666666666,1.0,0.5416666666666666,0.01895174633323569,1.7905821854443171e-12,35.229166666666664,22.333333333333332,0.1751441104161131,0.18558404818471597,0.11416009097720196,"{""residual+conditioning"": 38, ""residual+conditioning+solver_failure"": 10}"
0.9583333333333334,0.9583333333333334,0.9583333333333334,0.9947916666666666,45.139391999997315,digits_5_vs_6,hybrid_qnn_lenient_full_light_qnn,hybrid_qnn_lenient_full_light,qnn,1,4,4,16,2.0,1.1,True,full_light,qnn_lenient,80,,,,,,,26.595323499997903,,,,,,,,,,,,,,,,0.8541666666666666,1.0,0.5416666666666666,0.01895174633323569,1.7905821854443171e-12,35.229166666666664,22.333333333333332,0.1751441104161131,0.18558404818471597,0.11416009097720196,"{""residual+conditioning"": 38, ""residual+conditioning+solver_failure"": 10}"
0.9791666666666666,0.9791666666666667,0.9795918367346939,0.998263888888889,0.002562599998782389,digits_5_vs_6,forced_full_balanced_logreg,forced_full_balanced,logreg,1,4,4,16,2.0,1.1,True,full_balanced,standard,80,,,,,,,37.35950859999866,0.8333333333333334,0.5833333333333334,0.7916666666666666,0.5416666666666666,0.027702308538627332,0.180871344486115,0.024802112049251326,3.1118697286266413e-12,5.561039869861699e-12,35.229166666666664,19.6875,2090.2291666666665,0.23489773333206662,0.18558404818471597,0.11930263940245427,,,,,,,,,,,
0.9375,0.9375,0.9387755102040817,0.9895833333333334,0.001233499999216292,digits_5_vs_6,forced_full_balanced_svm_rbf,forced_full_balanced,svm_rbf,1,4,4,16,2.0,1.1,True,full_balanced,standard,80,,,,,,,37.35950859999866,0.8333333333333334,0.5833333333333334,0.7916666666666666,0.5416666666666666,0.027702308538627332,0.180871344486115,0.024802112049251326,3.1118697286266413e-12,5.561039869861699e-12,35.229166666666664,19.6875,2090.2291666666665,0.23489773333206662,0.18558404818471597,0.11930263940245427,,,,,,,,,,,
0.9375,0.9375,0.9387755102040817,0.9895833333333333,44.50667099999555,digits_5_vs_6,forced_full_balanced_qnn,forced_full_balanced,qnn,1,4,4,16,2.0,1.1,True,full_balanced,standard,80,,,,,,,37.35950859999866,0.8333333333333334,0.5833333333333334,0.7916666666666666,0.5416666666666666,0.027702308538627332,0.180871344486115,0.024802112049251326,3.1118697286266413e-12,5.561039869861699e-12,35.229166666666664,19.6875,2090.2291666666665,0.23489773333206662,0.18558404818471597,0.11930263940245427,,,,,,,,,,,
0.9791666666666666,0.9791666666666667,0.9795918367346939,0.998263888888889,0.0022017000010237098,digits_5_vs_6,hybrid_standard_full_balanced_logreg,hybrid_standard_full_balanced,logreg,1,4,4,16,2.0,1.1,True,full_balanced,standard,80,,,,,,,5.374964999995427,,,,,,,,,,,,,,,,0.8333333333333334,0.20833333333333334,0.125,0.024801100449211484,2.8978879126733815e-12,35.229166666666664,32.125,0.040737874999952815,0.18558404818471597,0.0496716022585263,"{""none"": 38, ""residual+conditioning+solver_failure"": 7, ""conditioning+solver_failure"": 3}"
0.9375,0.9375,0.9387755102040817,0.9861111111111112,0.0012062000023433939,digits_5_vs_6,hybrid_standard_full_balanced_svm_rbf,hybrid_standard_full_balanced,svm_rbf,1,4,4,16,2.0,1.1,True,full_balanced,standard,80,,,,,,,5.374964999995427,,,,,,,,,,,,,,,,0.8333333333333334,0.20833333333333334,0.125,0.024801100449211484,2.8978879126733815e-12,35.229166666666664,32.125,0.040737874999952815,0.18558404818471597,0.0496716022585263,"{""none"": 38, ""residual+conditioning+solver_failure"": 7, ""conditioning+solver_failure"": 3}"
0.9375,0.9375,0.9387755102040817,0.9965277777777777,44.31377970000176,digits_5_vs_6,hybrid_standard_full_balanced_qnn,hybrid_standard_full_balanced,qnn,1,4,4,16,2.0,1.1,True,full_balanced,standard,80,,,,,,,5.374964999995427,,,,,,,,,,,,,,,,0.8333333333333334,0.20833333333333334,0.125,0.024801100449211484,2.8978879126733815e-12,35.229166666666664,32.125,0.040737874999952815,0.18558404818471597,0.0496716022585263,"{""none"": 38, ""residual+conditioning+solver_failure"": 7, ""conditioning+solver_failure"": 3}"
0.9791666666666666,0.9791666666666667,0.9795918367346939,0.998263888888889,0.0021352999974624254,digits_5_vs_6,hybrid_aggressive_full_balanced_logreg,hybrid_aggressive_full_balanced,logreg,1,4,4,16,2.0,1.1,True,full_balanced,aggressive,80,,,,,,,17.25248859999556,,,,,,,,,,,,,,,,0.8333333333333334,0.5208333333333334,0.3541666666666667,0.024801074591206257,2.5556323675853806e-12,35.229166666666664,28.4375,0.13300267916717226,0.18558404818471597,0.07743386854719066,"{""none"": 23, ""conditioning"": 15, ""residual+conditioning+solver_failure"": 10}"
0.9375,0.9375,0.9387755102040817,0.9895833333333334,0.00185570000030566,digits_5_vs_6,hybrid_aggressive_full_balanced_svm_rbf,hybrid_aggressive_full_balanced,svm_rbf,1,4,4,16,2.0,1.1,True,full_balanced,aggressive,80,,,,,,,17.25248859999556,,,,,,,,,,,,,,,,0.8333333333333334,0.5208333333333334,0.3541666666666667,0.024801074591206257,2.5556323675853806e-12,35.229166666666664,28.4375,0.13300267916717226,0.18558404818471597,0.07743386854719066,"{""none"": 23, ""conditioning"": 15, ""residual+conditioning+solver_failure"": 10}"
0.9375,0.9375,0.9387755102040817,0.9895833333333333,43.58023500000127,digits_5_vs_6,hybrid_aggressive_full_balanced_qnn,hybrid_aggressive_full_balanced,qnn,1,4,4,16,2.0,1.1,True,full_balanced,aggressive,80,,,,,,,17.25248859999556,,,,,,,,,,,,,,,,0.8333333333333334,0.5208333333333334,0.3541666666666667,0.024801074591206257,2.5556323675853806e-12,35.229166666666664,28.4375,0.13300267916717226,0.18558404818471597,0.07743386854719066,"{""none"": 23, ""conditioning"": 15, ""residual+conditioning+solver_failure"": 10}"
0.9791666666666666,0.9791666666666667,0.9795918367346939,0.998263888888889,0.002344499996979721,digits_5_vs_6,hybrid_always_trigger_full_balanced_logreg,hybrid_always_trigger_full_balanced,logreg,1,4,4,16,2.0,1.1,True,full_balanced,always_trigger,80,,,,,,,36.61065379999491,,,,,,,,,,,,,,,,0.8333333333333334,1.0,0.5208333333333334,0.024802102822951005,1.7905821854443171e-12,35.229166666666664,23.770833333333332,0.23156731458235905,0.18558404818471597,0.11169773611301066,"{""residual+conditioning"": 38, ""residual+conditioning+solver_failure"": 10}"
0.9375,0.9375,0.9387755102040817,0.9895833333333334,0.0013095999966026284,digits_5_vs_6,hybrid_always_trigger_full_balanced_svm_rbf,hybrid_always_trigger_full_balanced,svm_rbf,1,4,4,16,2.0,1.1,True,full_balanced,always_trigger,80,,,,,,,36.61065379999491,,,,,,,,,,,,,,,,0.8333333333333334,1.0,0.5208333333333334,0.024802102822951005,1.7905821854443171e-12,35.229166666666664,23.770833333333332,0.23156731458235905,0.18558404818471597,0.11169773611301066,"{""residual+conditioning"": 38, ""residual+conditioning+solver_failure"": 10}"
0.9375,0.9375,0.9387755102040817,0.9895833333333333,44.71668789999967,digits_5_vs_6,hybrid_always_trigger_full_balanced_qnn,hybrid_always_trigger_full_balanced,qnn,1,4,4,16,2.0,1.1,True,full_balanced,always_trigger,80,,,,,,,36.61065379999491,,,,,,,,,,,,,,,,0.8333333333333334,1.0,0.5208333333333334,0.024802102822951005,1.7905821854443171e-12,35.229166666666664,23.770833333333332,0.23156731458235905,0.18558404818471597,0.11169773611301066,"{""residual+conditioning"": 38, ""residual+conditioning+solver_failure"": 10}"
0.9791666666666666,0.9791666666666667,0.9795918367346939,0.998263888888889,0.0022992000012891367,digits_5_vs_6,hybrid_qnn_lenient_full_balanced_logreg,hybrid_qnn_lenient_full_balanced,logreg,1,4,4,16,2.0,1.1,True,full_balanced,qnn_lenient,80,,,,,,,36.54135569999926,,,,,,,,,,,,,,,,0.8333333333333334,1.0,0.5208333333333334,0.024802102822951005,1.7905821854443171e-12,35.229166666666664,23.770833333333332,0.23074955208418638,0.18558404818471597,0.11169773611301066,"{""residual+conditioning"": 38, ""residual+conditioning+solver_failure"": 10}"
0.9375,0.9375,0.9387755102040817,0.9895833333333334,0.0012217000039527193,digits_5_vs_6,hybrid_qnn_lenient_full_balanced_svm_rbf,hybrid_qnn_lenient_full_balanced,svm_rbf,1,4,4,16,2.0,1.1,True,full_balanced,qnn_lenient,80,,,,,,,36.54135569999926,,,,,,,,,,,,,,,,0.8333333333333334,1.0,0.5208333333333334,0.024802102822951005,1.7905821854443171e-12,35.229166666666664,23.770833333333332,0.23074955208418638,0.18558404818471597,0.11169773611301066,"{""residual+conditioning"": 38, ""residual+conditioning+solver_failure"": 10}"
0.9375,0.9375,0.9387755102040817,0.9895833333333333,46.53910339999857,digits_5_vs_6,hybrid_qnn_lenient_full_balanced_qnn,hybrid_qnn_lenient_full_balanced,qnn,1,4,4,16,2.0,1.1,True,full_balanced,qnn_lenient,80,,,,,,,36.54135569999926,,,,,,,,,,,,,,,,0.8333333333333334,1.0,0.5208333333333334,0.024802102822951005,1.7905821854443171e-12,35.229166666666664,23.770833333333332,0.23074955208418638,0.18558404818471597,0.11169773611301066,"{""residual+conditioning"": 38, ""residual+conditioning+solver_failure"": 10}"
0.9791666666666666,0.9791666666666667,0.9795918367346939,0.998263888888889,0.00194309999642428,digits_5_vs_6,forced_qnn_oriented_logreg,forced_qnn_oriented,logreg,1,4,4,16,2.0,1.1,True,qnn_oriented,standard,80,,,,,,,49.562076400005026,0.8333333333333334,0.5625,0.7916666666666666,0.5416666666666666,0.027702308538627332,0.18822300556648838,0.024544969845547215,3.1118697286266413e-12,7.697873419078049e-12,35.229166666666664,19.270833333333332,2162.8333333333335,0.30128932708294087,0.18558404818471597,0.11624793015546685,,,,,,,,,,,
0.9375,0.9375,0.9387755102040817,0.9913194444444444,0.0012055999977746978,digits_5_vs_6,forced_qnn_oriented_svm_rbf,forced_qnn_oriented,svm_rbf,1,4,4,16,2.0,1.1,True,qnn_oriented,standard,80,,,,,,,49.562076400005026,0.8333333333333334,0.5625,0.7916666666666666,0.5416666666666666,0.027702308538627332,0.18822300556648838,0.024544969845547215,3.1118697286266413e-12,7.697873419078049e-12,35.229166666666664,19.270833333333332,2162.8333333333335,0.30128932708294087,0.18558404818471597,0.11624793015546685,,,,,,,,,,,
0.9791666666666666,0.9791666666666667,0.9795918367346939,0.998263888888889,46.26703979999729,digits_5_vs_6,forced_qnn_oriented_qnn,forced_qnn_oriented,qnn,1,4,4,16,2.0,1.1,True,qnn_oriented,standard,80,,,,,,,49.562076400005026,0.8333333333333334,0.5625,0.7916666666666666,0.5416666666666666,0.027702308538627332,0.18822300556648838,0.024544969845547215,3.1118697286266413e-12,7.697873419078049e-12,35.229166666666664,19.270833333333332,2162.8333333333335,0.30128932708294087,0.18558404818471597,0.11624793015546685,,,,,,,,,,,
0.9791666666666666,0.9791666666666667,0.9795918367346939,0.998263888888889,0.001873699999123346,digits_5_vs_6,hybrid_standard_qnn_oriented_logreg,hybrid_standard_qnn_oriented,logreg,1,4,4,16,2.0,1.1,True,qnn_oriented,standard,80,,,,,,,7.310364099997969,,,,,,,,,,,,,,,,0.8333333333333334,0.20833333333333334,0.125,0.024544699176482127,2.7282993808894505e-12,35.229166666666664,32.854166666666664,0.05388946874973044,0.18558404818471597,0.05677933784705452,"{""none"": 38, ""residual+conditioning+solver_failure"": 7, ""conditioning+solver_failure"": 3}"
0.9375,0.9375,0.9387755102040817,0.986111111111111,0.0012432999938027933,digits_5_vs_6,hybrid_standard_qnn_oriented_svm_rbf,hybrid_standard_qnn_oriented,svm_rbf,1,4,4,16,2.0,1.1,True,qnn_oriented,standard,80,,,,,,,7.310364099997969,,,,,,,,,,,,,,,,0.8333333333333334,0.20833333333333334,0.125,0.024544699176482127,2.7282993808894505e-12,35.229166666666664,32.854166666666664,0.05388946874973044,0.18558404818471597,0.05677933784705452,"{""none"": 38, ""residual+conditioning+solver_failure"": 7, ""conditioning+solver_failure"": 3}"
0.9375,0.9375,0.9411764705882353,0.9913194444444444,46.30783910000173,digits_5_vs_6,hybrid_standard_qnn_oriented_qnn,hybrid_standard_qnn_oriented,qnn,1,4,4,16,2.0,1.1,True,qnn_oriented,standard,80,,,,,,,7.310364099997969,,,,,,,,,,,,,,,,0.8333333333333334,0.20833333333333334,0.125,0.024544699176482127,2.7282993808894505e-12,35.229166666666664,32.854166666666664,0.05388946874973044,0.18558404818471597,0.05677933784705452,"{""none"": 38, ""residual+conditioning+solver_failure"": 7, ""conditioning+solver_failure"": 3}"
0.9791666666666666,0.9791666666666667,0.9795918367346939,0.998263888888889,0.002430200001981575,digits_5_vs_6,hybrid_aggressive_qnn_oriented_logreg,hybrid_aggressive_qnn_oriented,logreg,1,4,4,16,2.0,1.1,True,qnn_oriented,aggressive,80,,,,,,,24.299330100002408,,,,,,,,,,,,,,,,0.8333333333333334,0.5208333333333334,0.375,0.024544799889577307,2.362381327908713e-12,35.229166666666664,28.520833333333332,0.18428696458386185,0.18558404818471597,0.09208055939014873,"{""none"": 23, ""conditioning"": 15, ""residual+conditioning+solver_failure"": 10}"
0.9375,0.9375,0.9387755102040817,0.9913194444444444,0.0012016000036965124,digits_5_vs_6,hybrid_aggressive_qnn_oriented_svm_rbf,hybrid_aggressive_qnn_oriented,svm_rbf,1,4,4,16,2.0,1.1,True,qnn_oriented,aggressive,80,,,,,,,24.299330100002408,,,,,,,,,,,,,,,,0.8333333333333334,0.5208333333333334,0.375,0.024544799889577307,2.362381327908713e-12,35.229166666666664,28.520833333333332,0.18428696458386185,0.18558404818471597,0.09208055939014873,"{""none"": 23, ""conditioning"": 15, ""residual+conditioning+solver_failure"": 10}"
0.9791666666666666,0.9791666666666667,0.9795918367346939,0.998263888888889,46.09587279999687,digits_5_vs_6,hybrid_aggressive_qnn_oriented_qnn,hybrid_aggressive_qnn_oriented,qnn,1,4,4,16,2.0,1.1,True,qnn_oriented,aggressive,80,,,,,,,24.299330100002408,,,,,,,,,,,,,,,,0.8333333333333334,0.5208333333333334,0.375,0.024544799889577307,2.362381327908713e-12,35.229166666666664,28.520833333333332,0.18428696458386185,0.18558404818471597,0.09208055939014873,"{""none"": 23, ""conditioning"": 15, ""residual+conditioning+solver_failure"": 10}"
0.9791666666666666,0.9791666666666667,0.9795918367346939,0.998263888888889,0.001976600004127249,digits_5_vs_6,hybrid_always_trigger_qnn_oriented_logreg,hybrid_always_trigger_qnn_oriented,logreg,1,4,4,16,2.0,1.1,True,qnn_oriented,always_trigger,80,,,,,,,50.51529499999742,,,,,,,,,,,,,,,,0.8333333333333334,1.0,0.5625,0.02454479701020899,1.7905821854443171e-12,35.229166666666664,25.541666666666668,0.3006514062496232,0.18558404818471597,0.11592417292893135,"{""residual+conditioning"": 38, ""residual+conditioning+solver_failure"": 10}"
0.9375,0.9375,0.9387755102040817,0.9913194444444444,0.0012090000018361025,digits_5_vs_6,hybrid_always_trigger_qnn_oriented_svm_rbf,hybrid_always_trigger_qnn_oriented,svm_rbf,1,4,4,16,2.0,1.1,True,qnn_oriented,always_trigger,80,,,,,,,50.51529499999742,,,,,,,,,,,,,,,,0.8333333333333334,1.0,0.5625,0.02454479701020899,1.7905821854443171e-12,35.229166666666664,25.541666666666668,0.3006514062496232,0.18558404818471597,0.11592417292893135,"{""residual+conditioning"": 38, ""residual+conditioning+solver_failure"": 10}"
0.9791666666666666,0.9791666666666667,0.9795918367346939,0.998263888888889,44.6353952999998,digits_5_vs_6,hybrid_always_trigger_qnn_oriented_qnn,hybrid_always_trigger_qnn_oriented,qnn,1,4,4,16,2.0,1.1,True,qnn_oriented,always_trigger,80,,,,,,,50.51529499999742,,,,,,,,,,,,,,,,0.8333333333333334,1.0,0.5625,0.02454479701020899,1.7905821854443171e-12,35.229166666666664,25.541666666666668,0.3006514062496232,0.18558404818471597,0.11592417292893135,"{""residual+conditioning"": 38, ""residual+conditioning+solver_failure"": 10}"
0.9791666666666666,0.9791666666666667,0.9795918367346939,0.998263888888889,0.0019233999992138706,digits_5_vs_6,hybrid_qnn_lenient_qnn_oriented_logreg,hybrid_qnn_lenient_qnn_oriented,logreg,1,4,4,16,2.0,1.1,True,qnn_oriented,qnn_lenient,80,,,,,,,50.5583822999979,,,,,,,,,,,,,,,,0.8333333333333334,1.0,0.6041666666666666,0.02596462146715878,1.7905821854443171e-12,35.229166666666664,24.041666666666668,0.3005122312498922,0.18558404818471597,0.11592417292893135,"{""residual+conditioning"": 38, ""residual+conditioning+solver_failure"": 10}"
0.9375,0.9375,0.9387755102040817,0.9878472222222222,0.0012117000005673617,digits_5_vs_6,hybrid_qnn_lenient_qnn_oriented_svm_rbf,hybrid_qnn_lenient_qnn_oriented,svm_rbf,1,4,4,16,2.0,1.1,True,qnn_oriented,qnn_lenient,80,,,,,,,50.5583822999979,,,,,,,,,,,,,,,,0.8333333333333334,1.0,0.6041666666666666,0.02596462146715878,1.7905821854443171e-12,35.229166666666664,24.041666666666668,0.3005122312498922,0.18558404818471597,0.11592417292893135,"{""residual+conditioning"": 38, ""residual+conditioning+solver_failure"": 10}"
0.9791666666666666,0.9791666666666667,0.9795918367346939,0.9965277777777778,45.32835690000502,digits_5_vs_6,hybrid_qnn_lenient_qnn_oriented_qnn,hybrid_qnn_lenient_qnn_oriented,qnn,1,4,4,16,2.0,1.1,True,qnn_oriented,qnn_lenient,80,,,,,,,50.5583822999979,,,,,,,,,,,,,,,,0.8333333333333334,1.0,0.6041666666666666,0.02596462146715878,1.7905821854443171e-12,35.229166666666664,24.041666666666668,0.3005122312498922,0.18558404818471597,0.11592417292893135,"{""residual+conditioning"": 38, ""residual+conditioning+solver_failure"": 10}"
0.9791666666666666,0.9791666666666667,0.9795918367346939,0.998263888888889,0.002074299998639617,digits_5_vs_6,forced_qnn_exploratory_logreg,forced_qnn_exploratory,logreg,1,4,4,16,2.0,1.1,True,qnn_exploratory,standard,80,,,,,,,54.398653899996134,0.8333333333333334,0.5625,0.7916666666666666,0.5625,0.027702308538627332,0.16319701354797014,0.024552700282841153,3.1118697286266413e-12,5.480965380207568e-12,35.229166666666664,17.916666666666668,2406.8541666666665,0.3750086458327739,0.18558404818471597,0.1189973086104728,,,,,,,,,,,
0.9375,0.9375,0.9387755102040817,0.9895833333333333,0.0012859999987995252,digits_5_vs_6,forced_qnn_exploratory_svm_rbf,forced_qnn_exploratory,svm_rbf,1,4,4,16,2.0,1.1,True,qnn_exploratory,standard,80,,,,,,,54.398653899996134,0.8333333333333334,0.5625,0.7916666666666666,0.5625,0.027702308538627332,0.16319701354797014,0.024552700282841153,3.1118697286266413e-12,5.480965380207568e-12,35.229166666666664,17.916666666666668,2406.8541666666665,0.3750086458327739,0.18558404818471597,0.1189973086104728,,,,,,,,,,,
0.9375,0.9375,0.9411764705882353,0.9965277777777777,45.89183230000344,digits_5_vs_6,forced_qnn_exploratory_qnn,forced_qnn_exploratory,qnn,1,4,4,16,2.0,1.1,True,qnn_exploratory,standard,80,,,,,,,54.398653899996134,0.8333333333333334,0.5625,0.7916666666666666,0.5625,0.027702308538627332,0.16319701354797014,0.024552700282841153,3.1118697286266413e-12,5.480965380207568e-12,35.229166666666664,17.916666666666668,2406.8541666666665,0.3750086458327739,0.18558404818471597,0.1189973086104728,,,,,,,,,,,
0.9791666666666666,0.9791666666666667,0.9795918367346939,0.998263888888889,0.0023243000032380223,digits_5_vs_6,hybrid_standard_qnn_exploratory_logreg,hybrid_standard_qnn_exploratory,logreg,1,4,4,16,2.0,1.1,True,qnn_exploratory,standard,80,,,,,,,8.17668070000218,,,,,,,,,,,,,,,,0.8333333333333334,0.20833333333333334,0.125,0.024545048644944435,2.7282993808894505e-12,35.229166666666664,31.604166666666668,0.06774690416644565,0.18558404818471597,0.05540807158778025,"{""none"": 38, ""residual+conditioning+solver_failure"": 7, ""conditioning+solver_failure"": 3}"
0.9375,0.9375,0.9387755102040817,0.986111111111111,0.001265799997781869,digits_5_vs_6,hybrid_standard_qnn_exploratory_svm_rbf,hybrid_standard_qnn_exploratory,svm_rbf,1,4,4,16,2.0,1.1,True,qnn_exploratory,standard,80,,,,,,,8.17668070000218,,,,,,,,,,,,,,,,0.8333333333333334,0.20833333333333334,0.125,0.024545048644944435,2.7282993808894505e-12,35.229166666666664,31.604166666666668,0.06774690416644565,0.18558404818471597,0.05540807158778025,"{""none"": 38, ""residual+conditioning+solver_failure"": 7, ""conditioning+solver_failure"": 3}"
0.9583333333333334,0.9583333333333334,0.9583333333333334,0.9965277777777778,46.12805849999859,digits_5_vs_6,hybrid_standard_qnn_exploratory_qnn,hybrid_standard_qnn_exploratory,qnn,1,4,4,16,2.0,1.1,True,qnn_exploratory,standard,80,,,,,,,8.17668070000218,,,,,,,,,,,,,,,,0.8333333333333334,0.20833333333333334,0.125,0.024545048644944435,2.7282993808894505e-12,35.229166666666664,31.604166666666668,0.06774690416644565,0.18558404818471597,0.05540807158778025,"{""none"": 38, ""residual+conditioning+solver_failure"": 7, ""conditioning+solver_failure"": 3}"
0.9791666666666666,0.9791666666666667,0.9795918367346939,0.998263888888889,0.0023262999966391362,digits_5_vs_6,hybrid_aggressive_qnn_exploratory_logreg,hybrid_aggressive_qnn_exploratory,logreg,1,4,4,16,2.0,1.1,True,qnn_exploratory,aggressive,80,,,,,,,29.14495480000187,,,,,,,,,,,,,,,,0.8333333333333334,0.5208333333333334,0.375,0.024545076423182852,2.362381327908713e-12,35.229166666666664,26.0625,0.23648053749987716,0.18558404818471597,0.09458812453281616,"{""none"": 23, ""conditioning"": 15, ""residual+conditioning+solver_failure"": 10}"
0.9375,0.9375,0.9387755102040817,0.9895833333333333,0.0012245000034454279,digits_5_vs_6,hybrid_aggressive_qnn_exploratory_svm_rbf,hybrid_aggressive_qnn_exploratory,svm_rbf,1,4,4,16,2.0,1.1,True,qnn_exploratory,aggressive,80,,,,,,,29.14495480000187,,,,,,,,,,,,,,,,0.8333333333333334,0.5208333333333334,0.375,0.024545076423182852,2.362381327908713e-12,35.229166666666664,26.0625,0.23648053749987716,0.18558404818471597,0.09458812453281616,"{""none"": 23, ""conditioning"": 15, ""residual+conditioning+solver_failure"": 10}"
0.9375,0.9375,0.9411764705882353,0.9965277777777777,46.122233699999924,digits_5_vs_6,hybrid_aggressive_qnn_exploratory_qnn,hybrid_aggressive_qnn_exploratory,qnn,1,4,4,16,2.0,1.1,True,qnn_exploratory,aggressive,80,,,,,,,29.14495480000187,,,,,,,,,,,,,,,,0.8333333333333334,0.5208333333333334,0.375,0.024545076423182852,2.362381327908713e-12,35.229166666666664,26.0625,0.23648053749987716,0.18558404818471597,0.09458812453281616,"{""none"": 23, ""conditioning"": 15, ""residual+conditioning+solver_failure"": 10}"
0.9791666666666666,0.9791666666666667,0.9795918367346939,0.998263888888889,0.00185829999827547,digits_5_vs_6,hybrid_always_trigger_qnn_exploratory_logreg,hybrid_always_trigger_qnn_exploratory,logreg,1,4,4,16,2.0,1.1,True,qnn_exploratory,always_trigger,80,,,,,,,55.0170444999967,,,,,,,,,,,,,,,,0.8541666666666666,1.0,0.625,0.018939171790769444,8.192135643479877e-13,35.229166666666664,21.666666666666668,0.38834918750035285,0.18558404818471597,0.1256735227830766,"{""residual+conditioning"": 38, ""residual+conditioning+solver_failure"": 10}"
0.9375,0.9375,0.9387755102040817,0.9913194444444444,0.0011842000021715648,digits_5_vs_6,hybrid_always_trigger_qnn_exploratory_svm_rbf,hybrid_always_trigger_qnn_exploratory,svm_rbf,1,4,4,16,2.0,1.1,True,qnn_exploratory,always_trigger,80,,,,,,,55.0170444999967,,,,,,,,,,,,,,,,0.8541666666666666,1.0,0.625,0.018939171790769444,8.192135643479877e-13,35.229166666666664,21.666666666666668,0.38834918750035285,0.18558404818471597,0.1256735227830766,"{""residual+conditioning"": 38, ""residual+conditioning+solver_failure"": 10}"
0.9375,0.9375,0.9411764705882353,1.0,43.94650719999481,digits_5_vs_6,hybrid_always_trigger_qnn_exploratory_qnn,hybrid_always_trigger_qnn_exploratory,qnn,1,4,4,16,2.0,1.1,True,qnn_exploratory,always_trigger,80,,,,,,,55.0170444999967,,,,,,,,,,,,,,,,0.8541666666666666,1.0,0.625,0.018939171790769444,8.192135643479877e-13,35.229166666666664,21.666666666666668,0.38834918750035285,0.18558404818471597,0.1256735227830766,"{""residual+conditioning"": 38, ""residual+conditioning+solver_failure"": 10}"
0.9791666666666666,0.9791666666666667,0.9795918367346939,0.998263888888889,0.0020981999987270683,digits_5_vs_6,hybrid_qnn_lenient_qnn_exploratory_logreg,hybrid_qnn_lenient_qnn_exploratory,logreg,1,4,4,16,2.0,1.1,True,qnn_exploratory,qnn_lenient,80,,,,,,,55.006677400000626,,,,,,,,,,,,,,,,0.8541666666666666,1.0,0.625,0.018939171790769444,8.192135643479877e-13,35.229166666666664,21.666666666666668,0.3877921145829835,0.18558404818471597,0.1256735227830766,"{""residual+conditioning"": 38, ""residual+conditioning+solver_failure"": 10}"
0.9375,0.9375,0.9387755102040817,0.9913194444444444,0.0012061000015819445,digits_5_vs_6,hybrid_qnn_lenient_qnn_exploratory_svm_rbf,hybrid_qnn_lenient_qnn_exploratory,svm_rbf,1,4,4,16,2.0,1.1,True,qnn_exploratory,qnn_lenient,80,,,,,,,55.006677400000626,,,,,,,,,,,,,,,,0.8541666666666666,1.0,0.625,0.018939171790769444,8.192135643479877e-13,35.229166666666664,21.666666666666668,0.3877921145829835,0.18558404818471597,0.1256735227830766,"{""residual+conditioning"": 38, ""residual+conditioning+solver_failure"": 10}"
0.9375,0.9375,0.9411764705882353,1.0,46.159413599998516,digits_5_vs_6,hybrid_qnn_lenient_qnn_exploratory_qnn,hybrid_qnn_lenient_qnn_exploratory,qnn,1,4,4,16,2.0,1.1,True,qnn_exploratory,qnn_lenient,80,,,,,,,55.006677400000626,,,,,,,,,,,,,,,,0.8541666666666666,1.0,0.625,0.018939171790769444,8.192135643479877e-13,35.229166666666664,21.666666666666668,0.3877921145829835,0.18558404818471597,0.1256735227830766,"{""residual+conditioning"": 38, ""residual+conditioning+solver_failure"": 10}"
0.9791666666666666,0.9791666666666667,0.9795918367346939,0.998263888888889,0.002229600002465304,digits_5_vs_6,forced_no_detector_logreg,forced_no_detector,logreg,1,4,4,16,2.0,1.1,True,no_detector,standard,80,,,,,,,14.09253620000527,0.8333333333333334,0.5416666666666666,0.7916666666666666,0.5208333333333334,0.027702308538627332,0.18528607125297855,0.024801251309154972,3.1118697286266413e-12,9.12194968034606e-12,35.229166666666664,20.083333333333332,2050.9166666666665,0.08748145208422405,0.18558404818471597,0.1122180934535032,,,,,,,,,,,
0.9375,0.9375,0.9387755102040817,0.9895833333333334,0.0012420999992173165,digits_5_vs_6,forced_no_detector_svm_rbf,forced_no_detector,svm_rbf,1,4,4,16,2.0,1.1,True,no_detector,standard,80,,,,,,,14.09253620000527,0.8333333333333334,0.5416666666666666,0.7916666666666666,0.5208333333333334,0.027702308538627332,0.18528607125297855,0.024801251309154972,3.1118697286266413e-12,9.12194968034606e-12,35.229166666666664,20.083333333333332,2050.9166666666665,0.08748145208422405,0.18558404818471597,0.1122180934535032,,,,,,,,,,,
0.9375,0.9375,0.9387755102040817,0.9895833333333333,45.55139290000079,digits_5_vs_6,forced_no_detector_qnn,forced_no_detector,qnn,1,4,4,16,2.0,1.1,True,no_detector,standard,80,,,,,,,14.09253620000527,0.8333333333333334,0.5416666666666666,0.7916666666666666,0.5208333333333334,0.027702308538627332,0.18528607125297855,0.024801251309154972,3.1118697286266413e-12,9.12194968034606e-12,35.229166666666664,20.083333333333332,2050.9166666666665,0.08748145208422405,0.18558404818471597,0.1122180934535032,,,,,,,,,,,
0.9791666666666666,0.9791666666666667,0.9795918367346939,0.998263888888889,0.002564800000982359,digits_5_vs_6,hybrid_standard_no_detector_logreg,hybrid_standard_no_detector,logreg,1,4,4,16,2.0,1.1,True,no_detector,standard,80,,,,,,,2.115596800002095,,,,,,,,,,,,,,,,0.8333333333333334,0.20833333333333334,0.125,0.024801251310463925,2.8978879126733815e-12,35.229166666666664,31.270833333333332,0.015116570833773343,0.18558404818471597,0.04993265526356416,"{""none"": 38, ""residual+conditioning+solver_failure"": 7, ""conditioning+solver_failure"": 3}"
0.9375,0.9375,0.9387755102040817,0.9861111111111112,0.001305499994487036,digits_5_vs_6,hybrid_standard_no_detector_svm_rbf,hybrid_standard_no_detector,svm_rbf,1,4,4,16,2.0,1.1,True,no_detector,standard,80,,,,,,,2.115596800002095,,,,,,,,,,,,,,,,0.8333333333333334,0.20833333333333334,0.125,0.024801251310463925,2.8978879126733815e-12,35.229166666666664,31.270833333333332,0.015116570833773343,0.18558404818471597,0.04993265526356416,"{""none"": 38, ""residual+conditioning+solver_failure"": 7, ""conditioning+solver_failure"": 3}"
0.9375,0.9375,0.9387755102040817,0.9965277777777777,43.51301660000172,digits_5_vs_6,hybrid_standard_no_detector_qnn,hybrid_standard_no_detector,qnn,1,4,4,16,2.0,1.1,True,no_detector,standard,80,,,,,,,2.115596800002095,,,,,,,,,,,,,,,,0.8333333333333334,0.20833333333333334,0.125,0.024801251310463925,2.8978879126733815e-12,35.229166666666664,31.270833333333332,0.015116570833773343,0.18558404818471597,0.04993265526356416,"{""none"": 38, ""residual+conditioning+solver_failure"": 7, ""conditioning+solver_failure"": 3}"
0.9791666666666666,0.9791666666666667,0.9795918367346939,0.998263888888889,0.002517299995815847,digits_5_vs_6,hybrid_aggressive_no_detector_logreg,hybrid_aggressive_no_detector,logreg,1,4,4,16,2.0,1.1,True,no_detector,aggressive,80,,,,,,,6.973239700004342,,,,,,,,,,,,,,,,0.8333333333333334,0.5208333333333334,0.375,0.024801251309903658,2.5556323675853806e-12,35.229166666666664,27.229166666666668,0.05104765416687466,0.18558404818471597,0.08416593045342172,"{""none"": 23, ""conditioning"": 15, ""residual+conditioning+solver_failure"": 10}"
0.9375,0.9375,0.9387755102040817,0.9895833333333334,0.0012310000020079315,digits_5_vs_6,hybrid_aggressive_no_detector_svm_rbf,hybrid_aggressive_no_detector,svm_rbf,1,4,4,16,2.0,1.1,True,no_detector,aggressive,80,,,,,,,6.973239700004342,,,,,,,,,,,,,,,,0.8333333333333334,0.5208333333333334,0.375,0.024801251309903658,2.5556323675853806e-12,35.229166666666664,27.229166666666668,0.05104765416687466,0.18558404818471597,0.08416593045342172,"{""none"": 23, ""conditioning"": 15, ""residual+conditioning+solver_failure"": 10}"
0.9375,0.9375,0.9387755102040817,0.9895833333333333,44.877138800002285,digits_5_vs_6,hybrid_aggressive_no_detector_qnn,hybrid_aggressive_no_detector,qnn,1,4,4,16,2.0,1.1,True,no_detector,aggressive,80,,,,,,,6.973239700004342,,,,,,,,,,,,,,,,0.8333333333333334,0.5208333333333334,0.375,0.024801251309903658,2.5556323675853806e-12,35.229166666666664,27.229166666666668,0.05104765416687466,0.18558404818471597,0.08416593045342172,"{""none"": 23, ""conditioning"": 15, ""residual+conditioning+solver_failure"": 10}"
0.9791666666666666,0.9791666666666667,0.9795918367346939,0.998263888888889,0.0023164999947766773,digits_5_vs_6,hybrid_always_trigger_no_detector_logreg,hybrid_always_trigger_no_detector,logreg,1,4,4,16,2.0,1.1,True,no_detector,always_trigger,80,,,,,,,14.084636400002637,,,,,,,,,,,,,,,,0.8333333333333334,1.0,0.5416666666666666,0.024801251309154972,1.7905821854443171e-12,35.229166666666664,23.333333333333332,0.08730933333390567,0.18558404818471597,0.1122180934535032,"{""residual+conditioning"": 38, ""residual+conditioning+solver_failure"": 10}"
0.9375,0.9375,0.9387755102040817,0.9895833333333334,0.0012515999987954274,digits_5_vs_6,hybrid_always_trigger_no_detector_svm_rbf,hybrid_always_trigger_no_detector,svm_rbf,1,4,4,16,2.0,1.1,True,no_detector,always_trigger,80,,,,,,,14.084636400002637,,,,,,,,,,,,,,,,0.8333333333333334,1.0,0.5416666666666666,0.024801251309154972,1.7905821854443171e-12,35.229166666666664,23.333333333333332,0.08730933333390567,0.18558404818471597,0.1122180934535032,"{""residual+conditioning"": 38, ""residual+conditioning+solver_failure"": 10}"
0.9375,0.9375,0.9387755102040817,0.9895833333333333,45.60356519999914,digits_5_vs_6,hybrid_always_trigger_no_detector_qnn,hybrid_always_trigger_no_detector,qnn,1,4,4,16,2.0,1.1,True,no_detector,always_trigger,80,,,,,,,14.084636400002637,,,,,,,,,,,,,,,,0.8333333333333334,1.0,0.5416666666666666,0.024801251309154972,1.7905821854443171e-12,35.229166666666664,23.333333333333332,0.08730933333390567,0.18558404818471597,0.1122180934535032,"{""residual+conditioning"": 38, ""residual+conditioning+solver_failure"": 10}"
0.9791666666666666,0.9791666666666667,0.9795918367346939,0.998263888888889,0.0027281000002403744,digits_5_vs_6,hybrid_qnn_lenient_no_detector_logreg,hybrid_qnn_lenient_no_detector,logreg,1,4,4,16,2.0,1.1,True,no_detector,qnn_lenient,80,,,,,,,14.08942019999813,,,,,,,,,,,,,,,,0.8333333333333334,1.0,0.5416666666666666,0.024801251309154972,1.7905821854443171e-12,35.229166666666664,23.333333333333332,0.08747086041694274,0.18558404818471597,0.1122180934535032,"{""residual+conditioning"": 38, ""residual+conditioning+solver_failure"": 10}"
0.9375,0.9375,0.9387755102040817,0.9895833333333334,0.0012177000025985762,digits_5_vs_6,hybrid_qnn_lenient_no_detector_svm_rbf,hybrid_qnn_lenient_no_detector,svm_rbf,1,4,4,16,2.0,1.1,True,no_detector,qnn_lenient,80,,,,,,,14.08942019999813,,,,,,,,,,,,,,,,0.8333333333333334,1.0,0.5416666666666666,0.024801251309154972,1.7905821854443171e-12,35.229166666666664,23.333333333333332,0.08747086041694274,0.18558404818471597,0.1122180934535032,"{""residual+conditioning"": 38, ""residual+conditioning+solver_failure"": 10}"
0.9375,0.9375,0.9387755102040817,0.9895833333333333,43.99583900000289,digits_5_vs_6,hybrid_qnn_lenient_no_detector_qnn,hybrid_qnn_lenient_no_detector,qnn,1,4,4,16,2.0,1.1,True,no_detector,qnn_lenient,80,,,,,,,14.08942019999813,,,,,,,,,,,,,,,,0.8333333333333334,1.0,0.5416666666666666,0.024801251309154972,1.7905821854443171e-12,35.229166666666664,23.333333333333332,0.08747086041694274,0.18558404818471597,0.1122180934535032,"{""residual+conditioning"": 38, ""residual+conditioning+solver_failure"": 10}"
0.9791666666666666,0.9791666666666667,0.9795918367346939,0.998263888888889,0.0025289000041084364,digits_5_vs_6,forced_residual_only_logreg,forced_residual_only,logreg,1,4,4,16,2.0,1.1,True,residual_only,standard,80,,,,,,,8.077825600004871,0.875,0.7291666666666666,0.7916666666666666,0.6458333333333334,0.027702308538627332,0.10537403122783329,0.013231315805180305,3.1118697286266413e-12,4.731363696870097e-16,35.229166666666664,10.833333333333334,2947.3125,0.05392194791708486,0.18558404818471597,0.14660466199473318,,,,,,,,,,,
0.9375,0.9375,0.9387755102040817,0.9913194444444444,0.0012525999991339631,digits_5_vs_6,forced_residual_only_svm_rbf,forced_residual_only,svm_rbf,1,4,4,16,2.0,1.1,True,residual_only,standard,80,,,,,,,8.077825600004871,0.875,0.7291666666666666,0.7916666666666666,0.6458333333333334,0.027702308538627332,0.10537403122783329,0.013231315805180305,3.1118697286266413e-12,4.731363696870097e-16,35.229166666666664,10.833333333333334,2947.3125,0.05392194791708486,0.18558404818471597,0.14660466199473318,,,,,,,,,,,
0.9791666666666666,0.9791666666666667,0.9795918367346939,0.9965277777777778,45.453608200004965,digits_5_vs_6,forced_residual_only_qnn,forced_residual_only,qnn,1,4,4,16,2.0,1.1,True,residual_only,standard,80,,,,,,,8.077825600004871,0.875,0.7291666666666666,0.7916666666666666,0.6458333333333334,0.027702308538627332,0.10537403122783329,0.013231315805180305,3.1118697286266413e-12,4.731363696870097e-16,35.229166666666664,10.833333333333334,2947.3125,0.05392194791708486,0.18558404818471597,0.14660466199473318,,,,,,,,,,,
0.9791666666666666,0.9791666666666667,0.9795918367346939,0.998263888888889,0.0026403999945614487,digits_5_vs_6,hybrid_standard_residual_only_logreg,hybrid_standard_residual_only,logreg,1,4,4,16,2.0,1.1,True,residual_only,standard,80,,,,,,,1.1144064999971306,,,,,,,,,,,,,,,,0.875,0.20833333333333334,0.16666666666666666,0.013231315806992579,2.449414976255027e-12,35.229166666666664,29.020833333333332,0.009284610416671057,0.18558404818471597,0.10092990957986907,"{""none"": 38, ""residual+conditioning+solver_failure"": 7, ""conditioning+solver_failure"": 3}"
0.9375,0.9375,0.9387755102040817,0.9878472222222222,0.0012247999984538183,digits_5_vs_6,hybrid_standard_residual_only_svm_rbf,hybrid_standard_residual_only,svm_rbf,1,4,4,16,2.0,1.1,True,residual_only,standard,80,,,,,,,1.1144064999971306,,,,,,,,,,,,,,,,0.875,0.20833333333333334,0.16666666666666666,0.013231315806992579,2.449414976255027e-12,35.229166666666664,29.020833333333332,0.009284610416671057,0.18558404818471597,0.10092990957986907,"{""none"": 38, ""residual+conditioning+solver_failure"": 7, ""conditioning+solver_failure"": 3}"
0.9583333333333334,0.9583333333333334,0.9583333333333334,0.9965277777777777,45.84133300000394,digits_5_vs_6,hybrid_standard_residual_only_qnn,hybrid_standard_residual_only,qnn,1,4,4,16,2.0,1.1,True,residual_only,standard,80,,,,,,,1.1144064999971306,,,,,,,,,,,,,,,,0.875,0.20833333333333334,0.16666666666666666,0.013231315806992579,2.449414976255027e-12,35.229166666666664,29.020833333333332,0.009284610416671057,0.18558404818471597,0.10092990957986907,"{""none"": 38, ""residual+conditioning+solver_failure"": 7, ""conditioning+solver_failure"": 3}"
0.9791666666666666,0.9791666666666667,0.9795918367346939,0.998263888888889,0.0024296999981743284,digits_5_vs_6,hybrid_aggressive_residual_only_logreg,hybrid_aggressive_residual_only,logreg,1,4,4,16,2.0,1.1,True,residual_only,aggressive,80,,,,,,,3.3488288999942597,,,,,,,,,,,,,,,,0.875,0.5208333333333334,0.4166666666666667,0.013231315806364842,2.0726946641897684e-12,35.229166666666664,23.25,0.02814248124968799,0.18558404818471597,0.10574813366765672,"{""none"": 23, ""conditioning"": 15, ""residual+conditioning+solver_failure"": 10}"
0.9375,0.9375,0.9387755102040817,0.9913194444444444,0.0012456000040401705,digits_5_vs_6,hybrid_aggressive_residual_only_svm_rbf,hybrid_aggressive_residual_only,svm_rbf,1,4,4,16,2.0,1.1,True,residual_only,aggressive,80,,,,,,,3.3488288999942597,,,,,,,,,,,,,,,,0.875,0.5208333333333334,0.4166666666666667,0.013231315806364842,2.0726946641897684e-12,35.229166666666664,23.25,0.02814248124968799,0.18558404818471597,0.10574813366765672,"{""none"": 23, ""conditioning"": 15, ""residual+conditioning+solver_failure"": 10}"
0.9791666666666666,0.9791666666666667,0.9795918367346939,0.9965277777777778,43.73819889999868,digits_5_vs_6,hybrid_aggressive_residual_only_qnn,hybrid_aggressive_residual_only,qnn,1,4,4,16,2.0,1.1,True,residual_only,aggressive,80,,,,,,,3.3488288999942597,,,,,,,,,,,,,,,,0.875,0.5208333333333334,0.4166666666666667,0.013231315806364842,2.0726946641897684e-12,35.229166666666664,23.25,0.02814248124968799,0.18558404818471597,0.10574813366765672,"{""none"": 23, ""conditioning"": 15, ""residual+conditioning+solver_failure"": 10}"
0.9791666666666666,0.9791666666666667,0.9795918367346939,0.998263888888889,0.002696000003197696,digits_5_vs_6,hybrid_always_trigger_residual_only_logreg,hybrid_always_trigger_residual_only,logreg,1,4,4,16,2.0,1.1,True,residual_only,always_trigger,80,,,,,,,8.080804199998965,,,,,,,,,,,,,,,,0.875,1.0,0.7291666666666666,0.013231315805180305,4.731363696870097e-16,35.229166666666664,15.229166666666666,0.05379573124992021,0.18558404818471597,0.14660466199473318,"{""residual+conditioning"": 38, ""residual+conditioning+solver_failure"": 10}"
0.9375,0.9375,0.9387755102040817,0.9913194444444444,0.0014785000021220185,digits_5_vs_6,hybrid_always_trigger_residual_only_svm_rbf,hybrid_always_trigger_residual_only,svm_rbf,1,4,4,16,2.0,1.1,True,residual_only,always_trigger,80,,,,,,,8.080804199998965,,,,,,,,,,,,,,,,0.875,1.0,0.7291666666666666,0.013231315805180305,4.731363696870097e-16,35.229166666666664,15.229166666666666,0.05379573124992021,0.18558404818471597,0.14660466199473318,"{""residual+conditioning"": 38, ""residual+conditioning+solver_failure"": 10}"
0.9791666666666666,0.9791666666666667,0.9795918367346939,0.9965277777777778,44.37390610000148,digits_5_vs_6,hybrid_always_trigger_residual_only_qnn,hybrid_always_trigger_residual_only,qnn,1,4,4,16,2.0,1.1,True,residual_only,always_trigger,80,,,,,,,8.080804199998965,,,,,,,,,,,,,,,,0.875,1.0,0.7291666666666666,0.013231315805180305,4.731363696870097e-16,35.229166666666664,15.229166666666666,0.05379573124992021,0.18558404818471597,0.14660466199473318,"{""residual+conditioning"": 38, ""residual+conditioning+solver_failure"": 10}"
0.9791666666666666,0.9791666666666667,0.9795918367346939,0.998263888888889,0.0019467000020085834,digits_5_vs_6,hybrid_qnn_lenient_residual_only_logreg,hybrid_qnn_lenient_residual_only,logreg,1,4,4,16,2.0,1.1,True,residual_only,qnn_lenient,80,,,,,,,8.137394500001392,,,,,,,,,,,,,,,,0.875,1.0,0.7291666666666666,0.013231315805180305,4.731363696870097e-16,35.229166666666664,15.229166666666666,0.053705164583637575,0.18558404818471597,0.14660466199473318,"{""residual+conditioning"": 38, ""residual+conditioning+solver_failure"": 10}"
0.9375,0.9375,0.9387755102040817,0.9913194444444444,0.0017886999994516373,digits_5_vs_6,hybrid_qnn_lenient_residual_only_svm_rbf,hybrid_qnn_lenient_residual_only,svm_rbf,1,4,4,16,2.0,1.1,True,residual_only,qnn_lenient,80,,,,,,,8.137394500001392,,,,,,,,,,,,,,,,0.875,1.0,0.7291666666666666,0.013231315805180305,4.731363696870097e-16,35.229166666666664,15.229166666666666,0.053705164583637575,0.18558404818471597,0.14660466199473318,"{""residual+conditioning"": 38, ""residual+conditioning+solver_failure"": 10}"
0.9791666666666666,0.9791666666666667,0.9795918367346939,0.9965277777777778,45.141785699997854,digits_5_vs_6,hybrid_qnn_lenient_residual_only_qnn,hybrid_qnn_lenient_residual_only,qnn,1,4,4,16,2.0,1.1,True,residual_only,qnn_lenient,80,,,,,,,8.137394500001392,,,,,,,,,,,,,,,,0.875,1.0,0.7291666666666666,0.013231315805180305,4.731363696870097e-16,35.229166666666664,15.229166666666666,0.053705164583637575,0.18558404818471597,0.14660466199473318,"{""residual+conditioning"": 38, ""residual+conditioning+solver_failure"": 10}"
1.0,1.0,1.0,1.0,0.0015691000007791445,digits_5_vs_6,pca_logreg,pca,logreg,2,4,4,16,2.0,1.1,True,full_balanced,standard,80,,,,,,,,,,,,,,,,,,,,,,,,,,,,,,,,,
1.0,1.0,1.0,1.0,0.04963249999855179,digits_5_vs_6,pca_mlp,pca,mlp,2,4,4,16,2.0,1.1,True,full_balanced,standard,80,,,,,,,,,,,,,,,,,,,,,,,,,,,,,,,,,
1.0,1.0,1.0,1.0,0.0011353000008966774,digits_5_vs_6,pca_svm_rbf,pca,svm_rbf,2,4,4,16,2.0,1.1,True,full_balanced,standard,80,,,,,,,,,,,,,,,,,,,,,,,,,,,,,,,,,
1.0,1.0,1.0,1.0,44.59173020000162,digits_5_vs_6,pca_qnn,pca,qnn,2,4,4,16,2.0,1.1,True,full_balanced,standard,80,,,,,,,,,,,,,,,,,,,,,,,,,,,,,,,,,
1.0,1.0,1.0,1.0,0.00242430000071181,digits_5_vs_6,implicit_zero_logreg,implicit_zero,logreg,2,4,4,16,2.0,1.1,True,full_balanced,standard,80,0.875,0.016974577285531593,5.001201974517496e-12,32.875,0.0002669125004407154,0.22829225918034854,0.05102959999931045,,,,,,,,,,,,,,,,,,,,,,,,,,
1.0,1.0,1.0,1.0,0.0018760999955702573,digits_5_vs_6,implicit_zero_svm_rbf,implicit_zero,svm_rbf,2,4,4,16,2.0,1.1,True,full_balanced,standard,80,0.875,0.016974577285531593,5.001201974517496e-12,32.875,0.0002669125004407154,0.22829225918034854,0.05102959999931045,,,,,,,,,,,,,,,,,,,,,,,,,,
0.9375,0.9375,0.9387755102040817,0.9930555555555555,45.155238200000895,digits_5_vs_6,implicit_zero_qnn,implicit_zero,qnn,2,4,4,16,2.0,1.1,True,full_balanced,standard,80,0.875,0.016974577285531593,5.001201974517496e-12,32.875,0.0002669125004407154,0.22829225918034854,0.05102959999931045,,,,,,,,,,,,,,,,,,,,,,,,,,
1.0,1.0,1.0,1.0,0.0020078999950783327,digits_5_vs_6,forced_full_light_logreg,forced_full_light,logreg,2,4,4,16,2.0,1.1,True,full_light,standard,80,,,,,,,27.572303599998122,0.875,0.625,0.875,0.5416666666666666,0.016974577285531593,0.10069549465383572,0.011197033346408524,5.001201974517496e-12,3.5041470340749715e-12,32.875,17.354166666666668,1941.8333333333333,0.18067542500026926,0.22829225918034854,0.11853983821204817,,,,,,,,,,,
1.0,1.0,1.0,1.0,0.0013336999982129782,digits_5_vs_6,forced_full_light_svm_rbf,forced_full_light,svm_rbf,2,4,4,16,2.0,1.1,True,full_light,standard,80,,,,,,,27.572303599998122,0.875,0.625,0.875,0.5416666666666666,0.016974577285531593,0.10069549465383572,0.011197033346408524,5.001201974517496e-12,3.5041470340749715e-12,32.875,17.354166666666668,1941.8333333333333,0.18067542500026926,0.22829225918034854,0.11853983821204817,,,,,,,,,,,
0.9166666666666666,0.9166666666666667,0.92,0.9670138888888888,45.47223369999847,digits_5_vs_6,forced_full_light_qnn,forced_full_light,qnn,2,4,4,16,2.0,1.1,True,full_light,standard,80,,,,,,,27.572303599998122,0.875,0.625,0.875,0.5416666666666666,0.016974577285531593,0.10069549465383572,0.011197033346408524,5.001201974517496e-12,3.5041470340749715e-12,32.875,17.354166666666668,1941.8333333333333,0.18067542500026926,0.22829225918034854,0.11853983821204817,,,,,,,,,,,
1.0,1.0,1.0,1.0,0.0018456000034348108,digits_5_vs_6,hybrid_standard_full_light_logreg,hybrid_standard_full_light,logreg,2,4,4,16,2.0,1.1,True,full_light,standard,80,,,,,,,6.142831199998909,,,,,,,,,,,,,,,,0.875,0.1875,0.08333333333333333,0.011266878252198985,5.001201974517496e-12,32.875,31.0,0.028842195833628164,0.22829225918034854,0.01729337886439741,"{""none"": 39, ""residual+conditioning+solver_failure"": 5, ""conditioning"": 3, ""conditioning+solver_failure"": 1}"
1.0,1.0,1.0,1.0,0.0013142000025254674,digits_5_vs_6,hybrid_standard_full_light_svm_rbf,hybrid_standard_full_light,svm_rbf,2,4,4,16,2.0,1.1,True,full_light,standard,80,,,,,,,6.142831199998909,,,,,,,,,,,,,,,,0.875,0.1875,0.08333333333333333,0.011266878252198985,5.001201974517496e-12,32.875,31.0,0.028842195833628164,0.22829225918034854,0.01729337886439741,"{""none"": 39, ""residual+conditioning+solver_failure"": 5, ""conditioning"": 3, ""conditioning+solver_failure"": 1}"
0.9375,0.9375,0.9361702127659575,0.9913194444444444,44.365008700006,digits_5_vs_6,hybrid_standard_full_light_qnn,hybrid_standard_full_light,qnn,2,4,4,16,2.0,1.1,True,full_light,standard,80,,,,,,,6.142831199998909,,,,,,,,,,,,,,,,0.875,0.1875,0.08333333333333333,0.011266878252198985,5.001201974517496e-12,32.875,31.0,0.028842195833628164,0.22829225918034854,0.01729337886439741,"{""none"": 39, ""residual+conditioning+solver_failure"": 5, ""conditioning"": 3, ""conditioning+solver_failure"": 1}"
1.0,1.0,1.0,1.0,0.0023398000048473477,digits_5_vs_6,hybrid_aggressive_full_light_logreg,hybrid_aggressive_full_light,logreg,2,4,4,16,2.0,1.1,True,full_light,aggressive,80,,,,,,,15.189292399998521,,,,,,,,,,,,,,,,0.875,0.5,0.3125,0.011266971187086708,2.6863055720673256e-12,32.875,25.625,0.09401241458332758,0.22829225918034854,0.08734995768844689,"{""conditioning"": 18, ""none"": 24, ""residual+conditioning+solver_failure"": 6}"
1.0,1.0,1.0,1.0,0.0012837000031140633,digits_5_vs_6,hybrid_aggressive_full_light_svm_rbf,hybrid_aggressive_full_light,svm_rbf,2,4,4,16,2.0,1.1,True,full_light,aggressive,80,,,,,,,15.189292399998521,,,,,,,,,,,,,,,,0.875,0.5,0.3125,0.011266971187086708,2.6863055720673256e-12,32.875,25.625,0.09401241458332758,0.22829225918034854,0.08734995768844689,"{""conditioning"": 18, ""none"": 24, ""residual+conditioning+solver_failure"": 6}"
1.0,1.0,1.0,1.0,44.41606760000286,digits_5_vs_6,hybrid_aggressive_full_light_qnn,hybrid_aggressive_full_light,qnn,2,4,4,16,2.0,1.1,True,full_light,aggressive,80,,,,,,,15.189292399998521,,,,,,,,,,,,,,,,0.875,0.5,0.3125,0.011266971187086708,2.6863055720673256e-12,32.875,25.625,0.09401241458332758,0.22829225918034854,0.08734995768844689,"{""conditioning"": 18, ""none"": 24, ""residual+conditioning+solver_failure"": 6}"
1.0,1.0,1.0,1.0,0.0022877000010339543,digits_5_vs_6,hybrid_always_trigger_full_light_logreg,hybrid_always_trigger_full_light,logreg,2,4,4,16,2.0,1.1,True,full_light,always_trigger,80,,,,,,,28.306053000000247,,,,,,,,,,,,,,,,0.875,1.0,0.5416666666666666,0.011267023079716455,7.067109453039959e-15,32.875,21.458333333333332,0.1845902312494824,0.22829225918034854,0.11855148743637944,"{""residual+conditioning"": 42, ""residual+conditioning+solver_failure"": 6}"
1.0,1.0,1.0,1.0,0.0014233999972930178,digits_5_vs_6,hybrid_always_trigger_full_light_svm_rbf,hybrid_always_trigger_full_light,svm_rbf,2,4,4,16,2.0,1.1,True,full_light,always_trigger,80,,,,,,,28.306053000000247,,,,,,,,,,,,,,,,0.875,1.0,0.5416666666666666,0.011267023079716455,7.067109453039959e-15,32.875,21.458333333333332,0.1845902312494824,0.22829225918034854,0.11855148743637944,"{""residual+conditioning"": 42, ""residual+conditioning+solver_failure"": 6}"
1.0,1.0,1.0,1.0,46.00213199999416,digits_5_vs_6,hybrid_always_trigger_full_light_qnn,hybrid_always_trigger_full_light,qnn,2,4,4,16,2.0,1.1,True,full_light,always_trigger,80,,,,,,,28.306053000000247,,,,,,,,,,,,,,,,0.875,1.0,0.5416666666666666,0.011267023079716455,7.067109453039959e-15,32.875,21.458333333333332,0.1845902312494824,0.22829225918034854,0.11855148743637944,"{""residual+conditioning"": 42, ""residual+conditioning+solver_failure"": 6}"
1.0,1.0,1.0,1.0,0.0023771000051056035,digits_5_vs_6,hybrid_qnn_lenient_full_light_logreg,hybrid_qnn_lenient_full_light,logreg,2,4,4,16,2.0,1.1,True,full_light,qnn_lenient,80,,,,,,,28.265428099999554,,,,,,,,,,,,,,,,0.875,1.0,0.5416666666666666,0.011267023079716455,7.067109453039959e-15,32.875,21.458333333333332,0.18435889791635418,0.22829225918034854,0.11855148743637944,"{""residual+conditioning"": 42, ""residual+conditioning+solver_failure"": 6}"
1.0,1.0,1.0,1.0,0.0013001000043004751,digits_5_vs_6,hybrid_qnn_lenient_full_light_svm_rbf,hybrid_qnn_lenient_full_light,svm_rbf,2,4,4,16,2.0,1.1,True,full_light,qnn_lenient,80,,,,,,,28.265428099999554,,,,,,,,,,,,,,,,0.875,1.0,0.5416666666666666,0.011267023079716455,7.067109453039959e-15,32.875,21.458333333333332,0.18435889791635418,0.22829225918034854,0.11855148743637944,"{""residual+conditioning"": 42, ""residual+conditioning+solver_failure"": 6}"
1.0,1.0,1.0,1.0,46.05603510000219,digits_5_vs_6,hybrid_qnn_lenient_full_light_qnn,hybrid_qnn_lenient_full_light,qnn,2,4,4,16,2.0,1.1,True,full_light,qnn_lenient,80,,,,,,,28.265428099999554,,,,,,,,,,,,,,,,0.875,1.0,0.5416666666666666,0.011267023079716455,7.067109453039959e-15,32.875,21.458333333333332,0.18435889791635418,0.22829225918034854,0.11855148743637944,"{""residual+conditioning"": 42, ""residual+conditioning+solver_failure"": 6}"
1.0,1.0,1.0,1.0,0.00217240000347374,digits_5_vs_6,forced_full_balanced_logreg,forced_full_balanced,logreg,2,4,4,16,2.0,1.1,True,full_balanced,standard,80,,,,,,,36.25281960000575,0.875,0.625,0.875,0.5833333333333334,0.016974577285531593,0.09846817935232362,0.011231706611108344,5.001201974517496e-12,1.2445386134805312e-12,32.875,19.333333333333332,2180.1875,0.23983833333340954,0.22829225918034854,0.13520277260022628,,,,,,,,,,,
1.0,1.0,1.0,1.0,0.0017895999990287237,digits_5_vs_6,forced_full_balanced_svm_rbf,forced_full_balanced,svm_rbf,2,4,4,16,2.0,1.1,True,full_balanced,standard,80,,,,,,,36.25281960000575,0.875,0.625,0.875,0.5833333333333334,0.016974577285531593,0.09846817935232362,0.011231706611108344,5.001201974517496e-12,1.2445386134805312e-12,32.875,19.333333333333332,2180.1875,0.23983833333340954,0.22829225918034854,0.13520277260022628,,,,,,,,,,,
0.9791666666666666,0.9791666666666667,0.9787234042553191,1.0,44.56024919999618,digits_5_vs_6,forced_full_balanced_qnn,forced_full_balanced,qnn,2,4,4,16,2.0,1.1,True,full_balanced,standard,80,,,,,,,36.25281960000575,0.875,0.625,0.875,0.5833333333333334,0.016974577285531593,0.09846817935232362,0.011231706611108344,5.001201974517496e-12,1.2445386134805312e-12,32.875,19.333333333333332,2180.1875,0.23983833333340954,0.22829225918034854,0.13520277260022628,,,,,,,,,,,
1.0,1.0,1.0,1.0,0.0020917000001645647,digits_5_vs_6,hybrid_standard_full_balanced_logreg,hybrid_standard_full_balanced,logreg,2,4,4,16,2.0,1.1,True,full_balanced,standard,80,,,,,,,7.443992599997728,,,,,,,,,,,,,,,,0.875,0.1875,0.10416666666666667,0.011264174812968063,5.001201974517496e-12,32.875,29.5,0.03658001874994928,0.22829225918034854,0.017198656156015922,"{""none"": 39, ""residual+conditioning+solver_failure"": 5, ""conditioning"": 3, ""conditioning+solver_failure"": 1}"
1.0,1.0,1.0,1.0,0.0013246000016806647,digits_5_vs_6,hybrid_standard_full_balanced_svm_rbf,hybrid_standard_full_balanced,svm_rbf,2,4,4,16,2.0,1.1,True,full_balanced,standard,80,,,,,,,7.443992599997728,,,,,,,,,,,,,,,,0.875,0.1875,0.10416666666666667,0.011264174812968063,5.001201974517496e-12,32.875,29.5,0.03658001874994928,0.22829225918034854,0.017198656156015922,"{""none"": 39, ""residual+conditioning+solver_failure"": 5, ""conditioning"": 3, ""conditioning+solver_failure"": 1}"
0.9375,0.9375,0.9387755102040817,0.9444444444444444,45.56881350000185,digits_5_vs_6,hybrid_standard_full_balanced_qnn,hybrid_standard_full_balanced,qnn,2,4,4,16,2.0,1.1,True,full_balanced,standard,80,,,,,,,7.443992599997728,,,,,,,,,,,,,,,,0.875,0.1875,0.10416666666666667,0.011264174812968063,5.001201974517496e-12,32.875,29.5,0.03658001874994928,0.22829225918034854,0.017198656156015922,"{""none"": 39, ""residual+conditioning+solver_failure"": 5, ""conditioning"": 3, ""conditioning+solver_failure"": 1}"
1.0,1.0,1.0,1.0,0.002159600000595674,digits_5_vs_6,hybrid_aggressive_full_balanced_logreg,hybrid_aggressive_full_balanced,logreg,2,4,4,16,2.0,1.1,True,full_balanced,aggressive,80,,,,,,,19.468162299999676,,,,,,,,,,,,,,,,0.875,0.5,0.3333333333333333,0.01126373026469893,2.6863055720673256e-12,32.875,24.083333333333332,0.12749882083320094,0.22829225918034854,0.08735714788025063,"{""conditioning"": 18, ""none"": 24, ""residual+conditioning+solver_failure"": 6}"
1.0,1.0,1.0,1.0,0.0012772000045515597,digits_5_vs_6,hybrid_aggressive_full_balanced_svm_rbf,hybrid_aggressive_full_balanced,svm_rbf,2,4,4,16,2.0,1.1,True,full_balanced,aggressive,80,,,,,,,19.468162299999676,,,,,,,,,,,,,,,,0.875,0.5,0.3333333333333333,0.01126373026469893,2.6863055720673256e-12,32.875,24.083333333333332,0.12749882083320094,0.22829225918034854,0.08735714788025063,"{""conditioning"": 18, ""none"": 24, ""residual+conditioning+solver_failure"": 6}"
0.9583333333333334,0.9583333333333333,0.9565217391304348,0.998263888888889,45.90590749999683,digits_5_vs_6,hybrid_aggressive_full_balanced_qnn,hybrid_aggressive_full_balanced,qnn,2,4,4,16,2.0,1.1,True,full_balanced,aggressive,80,,,,,,,19.468162299999676,,,,,,,,,,,,,,,,0.875,0.5,0.3333333333333333,0.01126373026469893,2.6863055720673256e-12,32.875,24.083333333333332,0.12749882083320094,0.22829225918034854,0.08735714788025063,"{""conditioning"": 18, ""none"": 24, ""residual+conditioning+solver_failure"": 6}"
1.0,1.0,1.0,1.0,0.0019919999976991676,digits_5_vs_6,hybrid_always_trigger_full_balanced_logreg,hybrid_always_trigger_full_balanced,logreg,2,4,4,16,2.0,1.1,True,full_balanced,always_trigger,80,,,,,,,37.062899800002924,,,,,,,,,,,,,,,,0.875,1.0,0.5625,0.011264073977437151,9.646327850517054e-13,32.875,20.6875,0.23804340000030302,0.22829225918034854,0.12613824493993256,"{""residual+conditioning"": 42, ""residual+conditioning+solver_failure"": 6}"
1.0,1.0,1.0,1.0,0.0013139000002411194,digits_5_vs_6,hybrid_always_trigger_full_balanced_svm_rbf,hybrid_always_trigger_full_balanced,svm_rbf,2,4,4,16,2.0,1.1,True,full_balanced,always_trigger,80,,,,,,,37.062899800002924,,,,,,,,,,,,,,,,0.875,1.0,0.5625,0.011264073977437151,9.646327850517054e-13,32.875,20.6875,0.23804340000030302,0.22829225918034854,0.12613824493993256,"{""residual+conditioning"": 42, ""residual+conditioning+solver_failure"": 6}"
0.9375,0.9375,0.9411764705882353,0.9861111111111112,46.31016400000226,digits_5_vs_6,hybrid_always_trigger_full_balanced_qnn,hybrid_always_trigger_full_balanced,qnn,2,4,4,16,2.0,1.1,True,full_balanced,always_trigger,80,,,,,,,37.062899800002924,,,,,,,,,,,,,,,,0.875,1.0,0.5625,0.011264073977437151,9.646327850517054e-13,32.875,20.6875,0.23804340000030302,0.22829225918034854,0.12613824493993256,"{""residual+conditioning"": 42, ""residual+conditioning+solver_failure"": 6}"
1.0,1.0,1.0,1.0,0.0016242000056081451,digits_5_vs_6,hybrid_qnn_lenient_full_balanced_logreg,hybrid_qnn_lenient_full_balanced,logreg,2,4,4,16,2.0,1.1,True,full_balanced,qnn_lenient,80,,,,,,,37.068928900000174,,,,,,,,,,,,,,,,0.875,1.0,0.5625,0.011264073977437151,9.646327850517054e-13,32.875,20.6875,0.2376686333335177,0.22829225918034854,0.12613824493993256,"{""residual+conditioning"": 42, ""residual+conditioning+solver_failure"": 6}"
1.0,1.0,1.0,1.0,0.00130640000134008,digits_5_vs_6,hybrid_qnn_lenient_full_balanced_svm_rbf,hybrid_qnn_lenient_full_balanced,svm_rbf,2,4,4,16,2.0,1.1,True,full_balanced,qnn_lenient,80,,,,,,,37.068928900000174,,,,,,,,,,,,,,,,0.875,1.0,0.5625,0.011264073977437151,9.646327850517054e-13,32.875,20.6875,0.2376686333335177,0.22829225918034854,0.12613824493993256,"{""residual+conditioning"": 42, ""residual+conditioning+solver_failure"": 6}"
0.9375,0.9375,0.9411764705882353,0.9861111111111112,45.67402559999755,digits_5_vs_6,hybrid_qnn_lenient_full_balanced_qnn,hybrid_qnn_lenient_full_balanced,qnn,2,4,4,16,2.0,1.1,True,full_balanced,qnn_lenient,80,,,,,,,37.068928900000174,,,,,,,,,,,,,,,,0.875,1.0,0.5625,0.011264073977437151,9.646327850517054e-13,32.875,20.6875,0.2376686333335177,0.22829225918034854,0.12613824493993256,"{""residual+conditioning"": 42, ""residual+conditioning+solver_failure"": 6}"
1.0,1.0,1.0,1.0,0.0024524999971617945,digits_5_vs_6,forced_qnn_oriented_logreg,forced_qnn_oriented,logreg,2,4,4,16,2.0,1.1,True,qnn_oriented,standard,80,,,,,,,54.515600200000335,0.875,0.6666666666666666,0.875,0.6041666666666666,0.016974577285531593,0.07848290327884823,0.011193854590608973,5.001201974517496e-12,6.447124160314373e-16,32.875,16.479166666666668,2616.1666666666665,0.35363122916684614,0.22829225918034854,0.14017244924666986,,,,,,,,,,,
1.0,1.0,1.0,1.0,0.0013458999965223484,digits_5_vs_6,forced_qnn_oriented_svm_rbf,forced_qnn_oriented,svm_rbf,2,4,4,16,2.0,1.1,True,qnn_oriented,standard,80,,,,,,,54.515600200000335,0.875,0.6666666666666666,0.875,0.6041666666666666,0.016974577285531593,0.07848290327884823,0.011193854590608973,5.001201974517496e-12,6.447124160314373e-16,32.875,16.479166666666668,2616.1666666666665,0.35363122916684614,0.22829225918034854,0.14017244924666986,,,,,,,,,,,
0.9583333333333334,0.9583333333333334,0.9583333333333334,0.9722222222222222,43.86846899999364,digits_5_vs_6,forced_qnn_oriented_qnn,forced_qnn_oriented,qnn,2,4,4,16,2.0,1.1,True,qnn_oriented,standard,80,,,,,,,54.515600200000335,0.875,0.6666666666666666,0.875,0.6041666666666666,0.016974577285531593,0.07848290327884823,0.011193854590608973,5.001201974517496e-12,6.447124160314373e-16,32.875,16.479166666666668,2616.1666666666665,0.35363122916684614,0.22829225918034854,0.14017244924666986,,,,,,,,,,,
1.0,1.0,1.0,1.0,0.0020644000032916665,digits_5_vs_6,hybrid_standard_qnn_oriented_logreg,hybrid_standard_qnn_oriented,logreg,2,4,4,16,2.0,1.1,True,qnn_oriented,standard,80,,,,,,,9.59460389999731,,,,,,,,,,,,,,,,0.875,0.1875,0.08333333333333333,0.011259049812436943,5.001201974517496e-12,32.875,30.895833333333332,0.045755870834151814,0.22829225918034854,0.017665463655180246,"{""none"": 39, ""residual+conditioning+solver_failure"": 5, ""conditioning"": 3, ""conditioning+solver_failure"": 1}"
1.0,1.0,1.0,1.0,0.001295300004130695,digits_5_vs_6,hybrid_standard_qnn_oriented_svm_rbf,hybrid_standard_qnn_oriented,svm_rbf,2,4,4,16,2.0,1.1,True,qnn_oriented,standard,80,,,,,,,9.59460389999731,,,,,,,,,,,,,,,,0.875,0.1875,0.08333333333333333,0.011259049812436943,5.001201974517496e-12,32.875,30.895833333333332,0.045755870834151814,0.22829225918034854,0.017665463655180246,"{""none"": 39, ""residual+conditioning+solver_failure"": 5, ""conditioning"": 3, ""conditioning+solver_failure"": 1}"
0.9375,0.9375,0.9387755102040817,0.9809027777777777,43.679102399997646,digits_5_vs_6,hybrid_standard_qnn_oriented_qnn,hybrid_standard_qnn_oriented,qnn,2,4,4,16,2.0,1.1,True,qnn_oriented,standard,80,,,,,,,9.59460389999731,,,,,,,,,,,,,,,,0.875,0.1875,0.08333333333333333,0.011259049812436943,5.001201974517496e-12,32.875,30.895833333333332,0.045755870834151814,0.22829225918034854,0.017665463655180246,"{""none"": 39, ""residual+conditioning+solver_failure"": 5, ""conditioning"": 3, ""conditioning+solver_failure"": 1}"
1.0,1.0,1.0,1.0,0.0018377999949734658,digits_5_vs_6,hybrid_aggressive_qnn_oriented_logreg,hybrid_aggressive_qnn_oriented,logreg,2,4,4,16,2.0,1.1,True,qnn_oriented,aggressive,80,,,,,,,27.829417900000408,,,,,,,,,,,,,,,,0.875,0.5,0.3125,0.011259694762972524,2.6863055720673256e-12,32.875,24.645833333333332,0.1821092583331847,0.22829225918034854,0.08747619235993183,"{""conditioning"": 18, ""none"": 24, ""residual+conditioning+solver_failure"": 6}"
1.0,1.0,1.0,1.0,0.0012824000004911795,digits_5_vs_6,hybrid_aggressive_qnn_oriented_svm_rbf,hybrid_aggressive_qnn_oriented,svm_rbf,2,4,4,16,2.0,1.1,True,qnn_oriented,aggressive,80,,,,,,,27.829417900000408,,,,,,,,,,,,,,,,0.875,0.5,0.3125,0.011259694762972524,2.6863055720673256e-12,32.875,24.645833333333332,0.1821092583331847,0.22829225918034854,0.08747619235993183,"{""conditioning"": 18, ""none"": 24, ""residual+conditioning+solver_failure"": 6}"
0.9375,0.9375,0.9387755102040817,0.9791666666666666,44.2315249999956,digits_5_vs_6,hybrid_aggressive_qnn_oriented_qnn,hybrid_aggressive_qnn_oriented,qnn,2,4,4,16,2.0,1.1,True,qnn_oriented,aggressive,80,,,,,,,27.829417900000408,,,,,,,,,,,,,,,,0.875,0.5,0.3125,0.011259694762972524,2.6863055720673256e-12,32.875,24.645833333333332,0.1821092583331847,0.22829225918034854,0.08747619235993183,"{""conditioning"": 18, ""none"": 24, ""residual+conditioning+solver_failure"": 6}"
1.0,1.0,1.0,1.0,0.0021893999946769327,digits_5_vs_6,hybrid_always_trigger_qnn_oriented_logreg,hybrid_always_trigger_qnn_oriented,logreg,2,4,4,16,2.0,1.1,True,qnn_oriented,always_trigger,80,,,,,,,54.24101960000553,,,,,,,,,,,,,,,,0.875,1.0,0.625,0.011253948383794303,5.734389226535118e-16,32.875,18.4375,0.3607917479169676,0.22829225918034854,0.14021321742872206,"{""residual+conditioning"": 42, ""residual+conditioning+solver_failure"": 6}"
1.0,1.0,1.0,1.0,0.0013055000017629936,digits_5_vs_6,hybrid_always_trigger_qnn_oriented_svm_rbf,hybrid_always_trigger_qnn_oriented,svm_rbf,2,4,4,16,2.0,1.1,True,qnn_oriented,always_trigger,80,,,,,,,54.24101960000553,,,,,,,,,,,,,,,,0.875,1.0,0.625,0.011253948383794303,5.734389226535118e-16,32.875,18.4375,0.3607917479169676,0.22829225918034854,0.14021321742872206,"{""residual+conditioning"": 42, ""residual+conditioning+solver_failure"": 6}"
0.9375,0.9375,0.9387755102040817,0.9618055555555556,45.13862869999866,digits_5_vs_6,hybrid_always_trigger_qnn_oriented_qnn,hybrid_always_trigger_qnn_oriented,qnn,2,4,4,16,2.0,1.1,True,qnn_oriented,always_trigger,80,,,,,,,54.24101960000553,,,,,,,,,,,,,,,,0.875,1.0,0.625,0.011253948383794303,5.734389226535118e-16,32.875,18.4375,0.3607917479169676,0.22829225918034854,0.14021321742872206,"{""residual+conditioning"": 42, ""residual+conditioning+solver_failure"": 6}"
1.0,1.0,1.0,1.0,0.0019691999987117015,digits_5_vs_6,hybrid_qnn_lenient_qnn_oriented_logreg,hybrid_qnn_lenient_qnn_oriented,logreg,2,4,4,16,2.0,1.1,True,qnn_oriented,qnn_lenient,80,,,,,,,53.95901369999774,,,,,,,,,,,,,,,,0.875,1.0,0.625,0.011253948383794303,5.734389226535118e-16,32.875,18.4375,0.3596591666664608,0.22829225918034854,0.14021321742872206,"{""residual+conditioning"": 42, ""residual+conditioning+solver_failure"": 6}"
1.0,1.0,1.0,1.0,0.0013457000022754073,digits_5_vs_6,hybrid_qnn_lenient_qnn_oriented_svm_rbf,hybrid_qnn_lenient_qnn_oriented,svm_rbf,2,4,4,16,2.0,1.1,True,qnn_oriented,qnn_lenient,80,,,,,,,53.95901369999774,,,,,,,,,,,,,,,,0.875,1.0,0.625,0.011253948383794303,5.734389226535118e-16,32.875,18.4375,0.3596591666664608,0.22829225918034854,0.14021321742872206,"{""residual+conditioning"": 42, ""residual+conditioning+solver_failure"": 6}"
0.9375,0.9375,0.9387755102040817,0.9618055555555556,45.88964300000225,digits_5_vs_6,hybrid_qnn_lenient_qnn_oriented_qnn,hybrid_qnn_lenient_qnn_oriented,qnn,2,4,4,16,2.0,1.1,True,qnn_oriented,qnn_lenient,80,,,,,,,53.95901369999774,,,,,,,,,,,,,,,,0.875,1.0,0.625,0.011253948383794303,5.734389226535118e-16,32.875,18.4375,0.3596591666664608,0.22829225918034854,0.14021321742872206,"{""residual+conditioning"": 42, ""residual+conditioning+solver_failure"": 6}"
1.0,1.0,1.0,1.0,0.002191899999161251,digits_5_vs_6,forced_qnn_exploratory_logreg,forced_qnn_exploratory,logreg,2,4,4,16,2.0,1.1,True,qnn_exploratory,standard,80,,,,,,,61.936508600003435,0.875,0.6458333333333334,0.875,0.5416666666666666,0.016974577285531593,0.09521173892608836,0.011190588327739262,5.001201974517496e-12,2.1932965026461754e-12,32.875,15.25,2593.5,0.3986391854150497,0.22829225918034854,0.11684170565921198,,,,,,,,,,,
1.0,1.0,1.0,1.0,0.0015496999985771254,digits_5_vs_6,forced_qnn_exploratory_svm_rbf,forced_qnn_exploratory,svm_rbf,2,4,4,16,2.0,1.1,True,qnn_exploratory,standard,80,,,,,,,61.936508600003435,0.875,0.6458333333333334,0.875,0.5416666666666666,0.016974577285531593,0.09521173892608836,0.011190588327739262,5.001201974517496e-12,2.1932965026461754e-12,32.875,15.25,2593.5,0.3986391854150497,0.22829225918034854,0.11684170565921198,,,,,,,,,,,
1.0,1.0,1.0,1.0,45.82558879999851,digits_5_vs_6,forced_qnn_exploratory_qnn,forced_qnn_exploratory,qnn,2,4,4,16,2.0,1.1,True,qnn_exploratory,standard,80,,,,,,,61.936508600003435,0.875,0.6458333333333334,0.875,0.5416666666666666,0.016974577285531593,0.09521173892608836,0.011190588327739262,5.001201974517496e-12,2.1932965026461754e-12,32.875,15.25,2593.5,0.3986391854150497,0.22829225918034854,0.11684170565921198,,,,,,,,,,,
1.0,1.0,1.0,1.0,0.0018708000061451457,digits_5_vs_6,hybrid_standard_qnn_exploratory_logreg,hybrid_standard_qnn_exploratory,logreg,2,4,4,16,2.0,1.1,True,qnn_exploratory,standard,80,,,,,,,12.008856299995387,,,,,,,,,,,,,,,,0.875,0.1875,0.10416666666666667,0.011259511556557166,5.001201974517496e-12,32.875,29.354166666666668,0.06406664583331197,0.22829225918034854,0.017399079156572857,"{""none"": 39, ""residual+conditioning+solver_failure"": 5, ""conditioning"": 3, ""conditioning+solver_failure"": 1}"
1.0,1.0,1.0,1.0,0.0013073000009171665,digits_5_vs_6,hybrid_standard_qnn_exploratory_svm_rbf,hybrid_standard_qnn_exploratory,svm_rbf,2,4,4,16,2.0,1.1,True,qnn_exploratory,standard,80,,,,,,,12.008856299995387,,,,,,,,,,,,,,,,0.875,0.1875,0.10416666666666667,0.011259511556557166,5.001201974517496e-12,32.875,29.354166666666668,0.06406664583331197,0.22829225918034854,0.017399079156572857,"{""none"": 39, ""residual+conditioning+solver_failure"": 5, ""conditioning"": 3, ""conditioning+solver_failure"": 1}"
0.9791666666666666,0.9791666666666667,0.9795918367346939,0.998263888888889,45.17994550000003,digits_5_vs_6,hybrid_standard_qnn_exploratory_qnn,hybrid_standard_qnn_exploratory,qnn,2,4,4,16,2.0,1.1,True,qnn_exploratory,standard,80,,,,,,,12.008856299995387,,,,,,,,,,,,,,,,0.875,0.1875,0.10416666666666667,0.011259511556557166,5.001201974517496e-12,32.875,29.354166666666668,0.06406664583331197,0.22829225918034854,0.017399079156572857,"{""none"": 39, ""residual+conditioning+solver_failure"": 5, ""conditioning"": 3, ""conditioning+solver_failure"": 1}"
1.0,1.0,1.0,1.0,0.0017143000004580244,digits_5_vs_6,hybrid_aggressive_qnn_exploratory_logreg,hybrid_aggressive_qnn_exploratory,logreg,2,4,4,16,2.0,1.1,True,qnn_exploratory,aggressive,80,,,,,,,33.744441899994854,,,,,,,,,,,,,,,,0.875,0.5,0.3541666666666667,0.011259510200622007,2.6863055720673256e-12,32.875,23.416666666666668,0.2272925645832705,0.22829225918034854,0.08734243038264615,"{""conditioning"": 18, ""none"": 24, ""residual+conditioning+solver_failure"": 6}"
1.0,1.0,1.0,1.0,0.0013156999993952923,digits_5_vs_6,hybrid_aggressive_qnn_exploratory_svm_rbf,hybrid_aggressive_qnn_exploratory,svm_rbf,2,4,4,16,2.0,1.1,True,qnn_exploratory,aggressive,80,,,,,,,33.744441899994854,,,,,,,,,,,,,,,,0.875,0.5,0.3541666666666667,0.011259510200622007,2.6863055720673256e-12,32.875,23.416666666666668,0.2272925645832705,0.22829225918034854,0.08734243038264615,"{""conditioning"": 18, ""none"": 24, ""residual+conditioning+solver_failure"": 6}"
0.875,0.875,0.875,0.9253472222222222,43.02786360000027,digits_5_vs_6,hybrid_aggressive_qnn_exploratory_qnn,hybrid_aggressive_qnn_exploratory,qnn,2,4,4,16,2.0,1.1,True,qnn_exploratory,aggressive,80,,,,,,,33.744441899994854,,,,,,,,,,,,,,,,0.875,0.5,0.3541666666666667,0.011259510200622007,2.6863055720673256e-12,32.875,23.416666666666668,0.2272925645832705,0.22829225918034854,0.08734243038264615,"{""conditioning"": 18, ""none"": 24, ""residual+conditioning+solver_failure"": 6}"
1.0,1.0,1.0,1.0,0.0023122999991755933,digits_5_vs_6,hybrid_always_trigger_qnn_exploratory_logreg,hybrid_always_trigger_qnn_exploratory,logreg,2,4,4,16,2.0,1.1,True,qnn_exploratory,always_trigger,80,,,,,,,63.369756200001575,,,,,,,,,,,,,,,,0.875,1.0,0.5416666666666666,0.011259514334717668,1.3287686665657792e-13,32.875,19.979166666666668,0.397473000000294,0.22829225918034854,0.10316602244304877,"{""residual+conditioning"": 42, ""residual+conditioning+solver_failure"": 6}"
1.0,1.0,1.0,1.0,0.0013771000012638979,digits_5_vs_6,hybrid_always_trigger_qnn_exploratory_svm_rbf,hybrid_always_trigger_qnn_exploratory,svm_rbf,2,4,4,16,2.0,1.1,True,qnn_exploratory,always_trigger,80,,,,,,,63.369756200001575,,,,,,,,,,,,,,,,0.875,1.0,0.5416666666666666,0.011259514334717668,1.3287686665657792e-13,32.875,19.979166666666668,0.397473000000294,0.22829225918034854,0.10316602244304877,"{""residual+conditioning"": 42, ""residual+conditioning+solver_failure"": 6}"
0.8958333333333334,0.8958333333333334,0.8888888888888888,0.970486111111111,44.35627289999684,digits_5_vs_6,hybrid_always_trigger_qnn_exploratory_qnn,hybrid_always_trigger_qnn_exploratory,qnn,2,4,4,16,2.0,1.1,True,qnn_exploratory,always_trigger,80,,,,,,,63.369756200001575,,,,,,,,,,,,,,,,0.875,1.0,0.5416666666666666,0.011259514334717668,1.3287686665657792e-13,32.875,19.979166666666668,0.397473000000294,0.22829225918034854,0.10316602244304877,"{""residual+conditioning"": 42, ""residual+conditioning+solver_failure"": 6}"
1.0,1.0,1.0,1.0,0.0022037000017007813,digits_5_vs_6,hybrid_qnn_lenient_qnn_exploratory_logreg,hybrid_qnn_lenient_qnn_exploratory,logreg,2,4,4,16,2.0,1.1,True,qnn_exploratory,qnn_lenient,80,,,,,,,63.272441599998274,,,,,,,,,,,,,,,,0.875,1.0,0.5416666666666666,0.011259514334717668,1.3287686665657792e-13,32.875,19.979166666666668,0.39701113125011034,0.22829225918034854,0.10316602244304877,"{""residual+conditioning"": 42, ""residual+conditioning+solver_failure"": 6}"
1.0,1.0,1.0,1.0,0.0014392000011866912,digits_5_vs_6,hybrid_qnn_lenient_qnn_exploratory_svm_rbf,hybrid_qnn_lenient_qnn_exploratory,svm_rbf,2,4,4,16,2.0,1.1,True,qnn_exploratory,qnn_lenient,80,,,,,,,63.272441599998274,,,,,,,,,,,,,,,,0.875,1.0,0.5416666666666666,0.011259514334717668,1.3287686665657792e-13,32.875,19.979166666666668,0.39701113125011034,0.22829225918034854,0.10316602244304877,"{""residual+conditioning"": 42, ""residual+conditioning+solver_failure"": 6}"
0.8958333333333334,0.8958333333333334,0.8888888888888888,0.970486111111111,45.59154049999779,digits_5_vs_6,hybrid_qnn_lenient_qnn_exploratory_qnn,hybrid_qnn_lenient_qnn_exploratory,qnn,2,4,4,16,2.0,1.1,True,qnn_exploratory,qnn_lenient,80,,,,,,,63.272441599998274,,,,,,,,,,,,,,,,0.875,1.0,0.5416666666666666,0.011259514334717668,1.3287686665657792e-13,32.875,19.979166666666668,0.39701113125011034,0.22829225918034854,0.10316602244304877,"{""residual+conditioning"": 42, ""residual+conditioning+solver_failure"": 6}"
1.0,1.0,1.0,1.0,0.0024643000069772825,digits_5_vs_6,forced_no_detector_logreg,forced_no_detector,logreg,2,4,4,16,2.0,1.1,True,no_detector,standard,80,,,,,,,14.024124600000505,0.875,0.6458333333333334,0.875,0.5833333333333334,0.016974577285531593,0.08659161322244481,0.011225623107486454,5.001201974517496e-12,9.863986547177565e-13,32.875,19.645833333333332,2180.1875,0.09216063333299947,0.22829225918034854,0.13521601938491026,,,,,,,,,,,
1.0,1.0,1.0,1.0,0.001299199997447431,digits_5_vs_6,forced_no_detector_svm_rbf,forced_no_detector,svm_rbf,2,4,4,16,2.0,1.1,True,no_detector,standard,80,,,,,,,14.024124600000505,0.875,0.6458333333333334,0.875,0.5833333333333334,0.016974577285531593,0.08659161322244481,0.011225623107486454,5.001201974517496e-12,9.863986547177565e-13,32.875,19.645833333333332,2180.1875,0.09216063333299947,0.22829225918034854,0.13521601938491026,,,,,,,,,,,
0.9791666666666666,0.9791666666666667,0.9787234042553191,1.0,44.54358030000003,digits_5_vs_6,forced_no_detector_qnn,forced_no_detector,qnn,2,4,4,16,2.0,1.1,True,no_detector,standard,80,,,,,,,14.024124600000505,0.875,0.6458333333333334,0.875,0.5833333333333334,0.016974577285531593,0.08659161322244481,0.011225623107486454,5.001201974517496e-12,9.863986547177565e-13,32.875,19.645833333333332,2180.1875,0.09216063333299947,0.22829225918034854,0.13521601938491026,,,,,,,,,,,
1.0,1.0,1.0,1.0,0.00208129999373341,digits_5_vs_6,hybrid_standard_no_detector_logreg,hybrid_standard_no_detector,logreg,2,4,4,16,2.0,1.1,True,no_detector,standard,80,,,,,,,2.8524907999963034,,,,,,,,,,,,,,,,0.875,0.1875,0.10416666666666667,0.011257696671622868,5.001201974517496e-12,32.875,29.520833333333332,0.013412624999849262,0.22829225918034854,0.017098577360249733,"{""none"": 39, ""residual+conditioning+solver_failure"": 5, ""conditioning"": 3, ""conditioning+solver_failure"": 1}"
1.0,1.0,1.0,1.0,0.0013038000033702701,digits_5_vs_6,hybrid_standard_no_detector_svm_rbf,hybrid_standard_no_detector,svm_rbf,2,4,4,16,2.0,1.1,True,no_detector,standard,80,,,,,,,2.8524907999963034,,,,,,,,,,,,,,,,0.875,0.1875,0.10416666666666667,0.011257696671622868,5.001201974517496e-12,32.875,29.520833333333332,0.013412624999849262,0.22829225918034854,0.017098577360249733,"{""none"": 39, ""residual+conditioning+solver_failure"": 5, ""conditioning"": 3, ""conditioning+solver_failure"": 1}"
0.9583333333333334,0.9583333333333333,0.9565217391304348,0.998263888888889,45.98703750000277,digits_5_vs_6,hybrid_standard_no_detector_qnn,hybrid_standard_no_detector,qnn,2,4,4,16,2.0,1.1,True,no_detector,standard,80,,,,,,,2.8524907999963034,,,,,,,,,,,,,,,,0.875,0.1875,0.10416666666666667,0.011257696671622868,5.001201974517496e-12,32.875,29.520833333333332,0.013412624999849262,0.22829225918034854,0.017098577360249733,"{""none"": 39, ""residual+conditioning+solver_failure"": 5, ""conditioning"": 3, ""conditioning+solver_failure"": 1}"
1.0,1.0,1.0,1.0,0.0020618999988073483,digits_5_vs_6,hybrid_aggressive_no_detector_logreg,hybrid_aggressive_no_detector,logreg,2,4,4,16,2.0,1.1,True,no_detector,aggressive,80,,,,,,,7.491423600004055,,,,,,,,,,,,,,,,0.875,0.5,0.3125,0.011257696670044594,2.6863055720673256e-12,32.875,24.875,0.04815627291706429,0.22829225918034854,0.08734056195807734,"{""conditioning"": 18, ""none"": 24, ""residual+conditioning+solver_failure"": 6}"
1.0,1.0,1.0,1.0,0.001254399998288136,digits_5_vs_6,hybrid_aggressive_no_detector_svm_rbf,hybrid_aggressive_no_detector,svm_rbf,2,4,4,16,2.0,1.1,True,no_detector,aggressive,80,,,,,,,7.491423600004055,,,,,,,,,,,,,,,,0.875,0.5,0.3125,0.011257696670044594,2.6863055720673256e-12,32.875,24.875,0.04815627291706429,0.22829225918034854,0.08734056195807734,"{""conditioning"": 18, ""none"": 24, ""residual+conditioning+solver_failure"": 6}"
1.0,1.0,1.0,1.0,44.52649110000493,digits_5_vs_6,hybrid_aggressive_no_detector_qnn,hybrid_aggressive_no_detector,qnn,2,4,4,16,2.0,1.1,True,no_detector,aggressive,80,,,,,,,7.491423600004055,,,,,,,,,,,,,,,,0.875,0.5,0.3125,0.011257696670044594,2.6863055720673256e-12,32.875,24.875,0.04815627291706429,0.22829225918034854,0.08734056195807734,"{""conditioning"": 18, ""none"": 24, ""residual+conditioning+solver_failure"": 6}"
1.0,1.0,1.0,1.0,0.002356699995289091,digits_5_vs_6,hybrid_always_trigger_no_detector_logreg,hybrid_always_trigger_no_detector,logreg,2,4,4,16,2.0,1.1,True,no_detector,always_trigger,80,,,,,,,14.075246699998388,,,,,,,,,,,,,,,,0.875,1.0,0.5833333333333334,0.011257696668083147,3.505549187392451e-13,32.875,20.791666666666668,0.09229012708343969,0.22829225918034854,0.13521601938491026,"{""residual+conditioning"": 42, ""residual+conditioning+solver_failure"": 6}"
1.0,1.0,1.0,1.0,0.0013617000004160218,digits_5_vs_6,hybrid_always_trigger_no_detector_svm_rbf,hybrid_always_trigger_no_detector,svm_rbf,2,4,4,16,2.0,1.1,True,no_detector,always_trigger,80,,,,,,,14.075246699998388,,,,,,,,,,,,,,,,0.875,1.0,0.5833333333333334,0.011257696668083147,3.505549187392451e-13,32.875,20.791666666666668,0.09229012708343969,0.22829225918034854,0.13521601938491026,"{""residual+conditioning"": 42, ""residual+conditioning+solver_failure"": 6}"
0.9791666666666666,0.9791666666666667,0.9787234042553191,1.0,44.92424970000138,digits_5_vs_6,hybrid_always_trigger_no_detector_qnn,hybrid_always_trigger_no_detector,qnn,2,4,4,16,2.0,1.1,True,no_detector,always_trigger,80,,,,,,,14.075246699998388,,,,,,,,,,,,,,,,0.875,1.0,0.5833333333333334,0.011257696668083147,3.505549187392451e-13,32.875,20.791666666666668,0.09229012708343969,0.22829225918034854,0.13521601938491026,"{""residual+conditioning"": 42, ""residual+conditioning+solver_failure"": 6}"
1.0,1.0,1.0,1.0,0.0022848000007797964,digits_5_vs_6,hybrid_qnn_lenient_no_detector_logreg,hybrid_qnn_lenient_no_detector,logreg,2,4,4,16,2.0,1.1,True,no_detector,qnn_lenient,80,,,,,,,14.022593199995754,,,,,,,,,,,,,,,,0.875,1.0,0.5833333333333334,0.011257696668083147,3.505549187392451e-13,32.875,20.791666666666668,0.09172545208305867,0.22829225918034854,0.13521601938491026,"{""residual+conditioning"": 42, ""residual+conditioning+solver_failure"": 6}"
1.0,1.0,1.0,1.0,0.0013542000015149824,digits_5_vs_6,hybrid_qnn_lenient_no_detector_svm_rbf,hybrid_qnn_lenient_no_detector,svm_rbf,2,4,4,16,2.0,1.1,True,no_detector,qnn_lenient,80,,,,,,,14.022593199995754,,,,,,,,,,,,,,,,0.875,1.0,0.5833333333333334,0.011257696668083147,3.505549187392451e-13,32.875,20.791666666666668,0.09172545208305867,0.22829225918034854,0.13521601938491026,"{""residual+conditioning"": 42, ""residual+conditioning+solver_failure"": 6}"
0.9791666666666666,0.9791666666666667,0.9787234042553191,1.0,49.13894819999405,digits_5_vs_6,hybrid_qnn_lenient_no_detector_qnn,hybrid_qnn_lenient_no_detector,qnn,2,4,4,16,2.0,1.1,True,no_detector,qnn_lenient,80,,,,,,,14.022593199995754,,,,,,,,,,,,,,,,0.875,1.0,0.5833333333333334,0.011257696668083147,3.505549187392451e-13,32.875,20.791666666666668,0.09172545208305867,0.22829225918034854,0.13521601938491026,"{""residual+conditioning"": 42, ""residual+conditioning+solver_failure"": 6}"
1.0,1.0,1.0,1.0,0.002147899998817593,digits_5_vs_6,forced_residual_only_logreg,forced_residual_only,logreg,2,4,4,16,2.0,1.1,True,residual_only,standard,80,,,,,,,7.538791499995568,0.875,0.625,0.875,0.5,0.016974577285531593,0.08981371357421393,0.011199403003235442,5.001201974517496e-12,0.010194401645615378,32.875,11.3125,2372.8541666666665,0.04512066249996375,0.22829225918034854,0.10449070118580168,,,,,,,,,,,
1.0,1.0,1.0,1.0,0.001338399997621309,digits_5_vs_6,forced_residual_only_svm_rbf,forced_residual_only,svm_rbf,2,4,4,16,2.0,1.1,True,residual_only,standard,80,,,,,,,7.538791499995568,0.875,0.625,0.875,0.5,0.016974577285531593,0.08981371357421393,0.011199403003235442,5.001201974517496e-12,0.010194401645615378,32.875,11.3125,2372.8541666666665,0.04512066249996375,0.22829225918034854,0.10449070118580168,,,,,,,,,,,
0.9583333333333334,0.9583333333333333,0.9565217391304348,0.9600694444444445,49.5633480999968,digits_5_vs_6,forced_residual_only_qnn,forced_residual_only,qnn,2,4,4,16,2.0,1.1,True,residual_only,standard,80,,,,,,,7.538791499995568,0.875,0.625,0.875,0.5,0.016974577285531593,0.08981371357421393,0.011199403003235442,5.001201974517496e-12,0.010194401645615378,32.875,11.3125,2372.8541666666665,0.04512066249996375,0.22829225918034854,0.10449070118580168,,,,,,,,,,,
1.0,1.0,1.0,1.0,0.0017499999958090484,digits_5_vs_6,hybrid_standard_residual_only_logreg,hybrid_standard_residual_only,logreg,2,4,4,16,2.0,1.1,True,residual_only,standard,80,,,,,,,1.5729148000027635,,,,,,,,,,,,,,,,0.875,0.1875,0.125,0.011252003976026978,5.001201974517496e-12,32.875,28.104166666666668,0.006572818749646103,0.22829225918034854,0.013920879296105202,"{""none"": 39, ""residual+conditioning+solver_failure"": 5, ""conditioning"": 3, ""conditioning+solver_failure"": 1}"
1.0,1.0,1.0,1.0,0.0013074000016786158,digits_5_vs_6,hybrid_standard_residual_only_svm_rbf,hybrid_standard_residual_only,svm_rbf,2,4,4,16,2.0,1.1,True,residual_only,standard,80,,,,,,,1.5729148000027635,,,,,,,,,,,,,,,,0.875,0.1875,0.125,0.011252003976026978,5.001201974517496e-12,32.875,28.104166666666668,0.006572818749646103,0.22829225918034854,0.013920879296105202,"{""none"": 39, ""residual+conditioning+solver_failure"": 5, ""conditioning"": 3, ""conditioning+solver_failure"": 1}"
1.0,1.0,1.0,1.0,48.7360136999996,digits_5_vs_6,hybrid_standard_residual_only_qnn,hybrid_standard_residual_only,qnn,2,4,4,16,2.0,1.1,True,residual_only,standard,80,,,,,,,1.5729148000027635,,,,,,,,,,,,,,,,0.875,0.1875,0.125,0.011252003976026978,5.001201974517496e-12,32.875,28.104166666666668,0.006572818749646103,0.22829225918034854,0.013920879296105202,"{""none"": 39, ""residual+conditioning+solver_failure"": 5, ""conditioning"": 3, ""conditioning+solver_failure"": 1}"
1.0,1.0,1.0,1.0,0.0017949999964912422,digits_5_vs_6,hybrid_aggressive_residual_only_logreg,hybrid_aggressive_residual_only,logreg,2,4,4,16,2.0,1.1,True,residual_only,aggressive,80,,,,,,,3.8476379999992787,,,,,,,,,,,,,,,,0.875,0.5,0.375,0.011252003974371752,2.6863055720673256e-12,32.875,22.458333333333332,0.023458818749380345,0.22829225918034854,0.08439959780848989,"{""conditioning"": 18, ""none"": 24, ""residual+conditioning+solver_failure"": 6}"
1.0,1.0,1.0,1.0,0.0013255999947432429,digits_5_vs_6,hybrid_aggressive_residual_only_svm_rbf,hybrid_aggressive_residual_only,svm_rbf,2,4,4,16,2.0,1.1,True,residual_only,aggressive,80,,,,,,,3.8476379999992787,,,,,,,,,,,,,,,,0.875,0.5,0.375,0.011252003974371752,2.6863055720673256e-12,32.875,22.458333333333332,0.023458818749380345,0.22829225918034854,0.08439959780848989,"{""conditioning"": 18, ""none"": 24, ""residual+conditioning+solver_failure"": 6}"
0.9375,0.9375,0.9387755102040817,0.96875,48.72213379999448,digits_5_vs_6,hybrid_aggressive_residual_only_qnn,hybrid_aggressive_residual_only,qnn,2,4,4,16,2.0,1.1,True,residual_only,aggressive,80,,,,,,,3.8476379999992787,,,,,,,,,,,,,,,,0.875,0.5,0.375,0.011252003974371752,2.6863055720673256e-12,32.875,22.458333333333332,0.023458818749380345,0.22829225918034854,0.08439959780848989,"{""conditioning"": 18, ""none"": 24, ""residual+conditioning+solver_failure"": 6}"
1.0,1.0,1.0,1.0,0.0016820000018924475,digits_5_vs_6,hybrid_always_trigger_residual_only_logreg,hybrid_always_trigger_residual_only,logreg,2,4,4,16,2.0,1.1,True,residual_only,always_trigger,80,,,,,,,7.139277100002801,,,,,,,,,,,,,,,,0.875,1.0,0.5833333333333334,0.01125200397311456,2.5161043978558887e-15,32.875,18.666666666666668,0.042803472916451334,0.22829225918034854,0.10449070118580168,"{""residual+conditioning"": 42, ""residual+conditioning+solver_failure"": 6}"
1.0,1.0,1.0,1.0,0.0013424999997369014,digits_5_vs_6,hybrid_always_trigger_residual_only_svm_rbf,hybrid_always_trigger_residual_only,svm_rbf,2,4,4,16,2.0,1.1,True,residual_only,always_trigger,80,,,,,,,7.139277100002801,,,,,,,,,,,,,,,,0.875,1.0,0.5833333333333334,0.01125200397311456,2.5161043978558887e-15,32.875,18.666666666666668,0.042803472916451334,0.22829225918034854,0.10449070118580168,"{""residual+conditioning"": 42, ""residual+conditioning+solver_failure"": 6}"
0.9583333333333334,0.9583333333333333,0.9565217391304348,0.9600694444444445,48.517952900001546,digits_5_vs_6,hybrid_always_trigger_residual_only_qnn,hybrid_always_trigger_residual_only,qnn,2,4,4,16,2.0,1.1,True,residual_only,always_trigger,80,,,,,,,7.139277100002801,,,,,,,,,,,,,,,,0.875,1.0,0.5833333333333334,0.01125200397311456,2.5161043978558887e-15,32.875,18.666666666666668,0.042803472916451334,0.22829225918034854,0.10449070118580168,"{""residual+conditioning"": 42, ""residual+conditioning+solver_failure"": 6}"
1.0,1.0,1.0,1.0,0.002224000003479887,digits_5_vs_6,hybrid_qnn_lenient_residual_only_logreg,hybrid_qnn_lenient_residual_only,logreg,2,4,4,16,2.0,1.1,True,residual_only,qnn_lenient,80,,,,,,,7.11244550000265,,,,,,,,,,,,,,,,0.875,1.0,0.5833333333333334,0.01125200397311456,2.5161043978558887e-15,32.875,18.666666666666668,0.04272268750006939,0.22829225918034854,0.10449070118580168,"{""residual+conditioning"": 42, ""residual+conditioning+solver_failure"": 6}"
1.0,1.0,1.0,1.0,0.0013590999951702543,digits_5_vs_6,hybrid_qnn_lenient_residual_only_svm_rbf,hybrid_qnn_lenient_residual_only,svm_rbf,2,4,4,16,2.0,1.1,True,residual_only,qnn_lenient,80,,,,,,,7.11244550000265,,,,,,,,,,,,,,,,0.875,1.0,0.5833333333333334,0.01125200397311456,2.5161043978558887e-15,32.875,18.666666666666668,0.04272268750006939,0.22829225918034854,0.10449070118580168,"{""residual+conditioning"": 42, ""residual+conditioning+solver_failure"": 6}"
0.9583333333333334,0.9583333333333333,0.9565217391304348,0.9600694444444445,48.751457300000766,digits_5_vs_6,hybrid_qnn_lenient_residual_only_qnn,hybrid_qnn_lenient_residual_only,qnn,2,4,4,16,2.0,1.1,True,residual_only,qnn_lenient,80,,,,,,,7.11244550000265,,,,,,,,,,,,,,,,0.875,1.0,0.5833333333333334,0.01125200397311456,2.5161043978558887e-15,32.875,18.666666666666668,0.04272268750006939,0.22829225918034854,0.10449070118580168,"{""residual+conditioning"": 42, ""residual+conditioning+solver_failure"": 6}"
1.0,1.0,1.0,1.0,0.0018448999981046654,digits_5_vs_6,pca_logreg,pca,logreg,3,4,4,16,2.0,1.1,True,full_balanced,standard,80,,,,,,,,,,,,,,,,,,,,,,,,,,,,,,,,,
1.0,1.0,1.0,1.0,0.06400620000204071,digits_5_vs_6,pca_mlp,pca,mlp,3,4,4,16,2.0,1.1,True,full_balanced,standard,80,,,,,,,,,,,,,,,,,,,,,,,,,,,,,,,,,
0.9791666666666666,0.9791666666666667,0.9787234042553191,1.0,0.0014185999971232377,digits_5_vs_6,pca_svm_rbf,pca,svm_rbf,3,4,4,16,2.0,1.1,True,full_balanced,standard,80,,,,,,,,,,,,,,,,,,,,,,,,,,,,,,,,,
1.0,1.0,1.0,1.0,48.78585039999598,digits_5_vs_6,pca_qnn,pca,qnn,3,4,4,16,2.0,1.1,True,full_balanced,standard,80,,,,,,,,,,,,,,,,,,,,,,,,,,,,,,,,,
1.0,1.0,1.0,1.0,0.0020973999999114312,digits_5_vs_6,implicit_zero_logreg,implicit_zero,logreg,3,4,4,16,2.0,1.1,True,full_balanced,standard,80,0.4791666666666667,0.07674845929424662,0.016913603548115348,33.916666666666664,0.0002999416666777203,0.10826795131456272,0.05605649999779416,,,,,,,,,,,,,,,,,,,,,,,,,,
0.9791666666666666,0.9791666666666667,0.9787234042553191,1.0,0.0014939000029698946,digits_5_vs_6,implicit_zero_svm_rbf,implicit_zero,svm_rbf,3,4,4,16,2.0,1.1,True,full_balanced,standard,80,0.4791666666666667,0.07674845929424662,0.016913603548115348,33.916666666666664,0.0002999416666777203,0.10826795131456272,0.05605649999779416,,,,,,,,,,,,,,,,,,,,,,,,,,
0.9583333333333334,0.9583333333333333,0.9565217391304348,0.998263888888889,48.85654089999298,digits_5_vs_6,implicit_zero_qnn,implicit_zero,qnn,3,4,4,16,2.0,1.1,True,full_balanced,standard,80,0.4791666666666667,0.07674845929424662,0.016913603548115348,33.916666666666664,0.0002999416666777203,0.10826795131456272,0.05605649999779416,,,,,,,,,,,,,,,,,,,,,,,,,,
1.0,1.0,1.0,1.0,0.0016770999936852604,digits_5_vs_6,forced_full_light_logreg,forced_full_light,logreg,3,4,4,16,2.0,1.1,True,full_light,standard,80,,,,,,,25.661523599999782,0.4791666666666667,0.9166666666666666,0.4791666666666667,0.4583333333333333,0.07674845929424662,0.08052829748329533,0.07163834867314055,0.016913603548115348,0.03390272122867236,33.916666666666664,15.645833333333334,1807.25,0.16428367083365933,0.10826795131456272,0.10129472011261231,,,,,,,,,,,
0.9791666666666666,0.9791666666666667,0.9787234042553191,1.0,0.0010722000006353483,digits_5_vs_6,forced_full_light_svm_rbf,forced_full_light,svm_rbf,3,4,4,16,2.0,1.1,True,full_light,standard,80,,,,,,,25.661523599999782,0.4791666666666667,0.9166666666666666,0.4791666666666667,0.4583333333333333,0.07674845929424662,0.08052829748329533,0.07163834867314055,0.016913603548115348,0.03390272122867236,33.916666666666664,15.645833333333334,1807.25,0.16428367083365933,0.10826795131456272,0.10129472011261231,,,,,,,,,,,
1.0,1.0,1.0,1.0,48.57989159999852,digits_5_vs_6,forced_full_light_qnn,forced_full_light,qnn,3,4,4,16,2.0,1.1,True,full_light,standard,80,,,,,,,25.661523599999782,0.4791666666666667,0.9166666666666666,0.4791666666666667,0.4583333333333333,0.07674845929424662,0.08052829748329533,0.07163834867314055,0.016913603548115348,0.03390272122867236,33.916666666666664,15.645833333333334,1807.25,0.16428367083365933,0.10826795131456272,0.10129472011261231,,,,,,,,,,,
1.0,1.0,1.0,1.0,0.002293400000780821,digits_5_vs_6,hybrid_standard_full_light_logreg,hybrid_standard_full_light,logreg,3,4,4,16,2.0,1.1,True,full_light,standard,80,,,,,,,9.536834200000158,,,,,,,,,,,,,,,,0.4791666666666667,0.5416666666666666,0.3541666666666667,0.07127330264435029,0.016941013062100094,33.916666666666664,26.458333333333332,0.0592803104154882,0.10826795131456272,0.003060055550652128,"{""residual+conditioning+solver_failure"": 24, ""none"": 22, ""conditioning+solver_failure"": 1, ""conditioning"": 1}"
0.9583333333333334,0.9583333333333333,0.9565217391304348,1.0,0.0011371000000508502,digits_5_vs_6,hybrid_standard_full_light_svm_rbf,hybrid_standard_full_light,svm_rbf,3,4,4,16,2.0,1.1,True,full_light,standard,80,,,,,,,9.536834200000158,,,,,,,,,,,,,,,,0.4791666666666667,0.5416666666666666,0.3541666666666667,0.07127330264435029,0.016941013062100094,33.916666666666664,26.458333333333332,0.0592803104154882,0.10826795131456272,0.003060055550652128,"{""residual+conditioning+solver_failure"": 24, ""none"": 22, ""conditioning+solver_failure"": 1, ""conditioning"": 1}"
1.0,1.0,1.0,1.0,49.00301659999968,digits_5_vs_6,hybrid_standard_full_light_qnn,hybrid_standard_full_light,qnn,3,4,4,16,2.0,1.1,True,full_light,standard,80,,,,,,,9.536834200000158,,,,,,,,,,,,,,,,0.4791666666666667,0.5416666666666666,0.3541666666666667,0.07127330264435029,0.016941013062100094,33.916666666666664,26.458333333333332,0.0592803104154882,0.10826795131456272,0.003060055550652128,"{""residual+conditioning+solver_failure"": 24, ""none"": 22, ""conditioning+solver_failure"": 1, ""conditioning"": 1}"
1.0,1.0,1.0,1.0,0.0016615999993518926,digits_5_vs_6,hybrid_aggressive_full_light_logreg,hybrid_aggressive_full_light,logreg,3,4,4,16,2.0,1.1,True,full_light,aggressive,80,,,,,,,14.560206800000742,,,,,,,,,,,,,,,,0.4791666666666667,0.6875,0.5208333333333334,0.07173126773523049,0.016941165249592084,33.916666666666664,23.708333333333332,0.09619797291634313,0.10826795131456272,0.039285739951147695,"{""residual+conditioning+solver_failure"": 25, ""none"": 15, ""conditioning"": 8}"
0.9583333333333334,0.9583333333333333,0.9565217391304348,1.0,0.0010844999997061677,digits_5_vs_6,hybrid_aggressive_full_light_svm_rbf,hybrid_aggressive_full_light,svm_rbf,3,4,4,16,2.0,1.1,True,full_light,aggressive,80,,,,,,,14.560206800000742,,,,,,,,,,,,,,,,0.4791666666666667,0.6875,0.5208333333333334,0.07173126773523049,0.016941165249592084,33.916666666666664,23.708333333333332,0.09619797291634313,0.10826795131456272,0.039285739951147695,"{""residual+conditioning+solver_failure"": 25, ""none"": 15, ""conditioning"": 8}"
1.0,1.0,1.0,1.0,48.91907529999298,digits_5_vs_6,hybrid_aggressive_full_light_qnn,hybrid_aggressive_full_light,qnn,3,4,4,16,2.0,1.1,True,full_light,aggressive,80,,,,,,,14.560206800000742,,,,,,,,,,,,,,,,0.4791666666666667,0.6875,0.5208333333333334,0.07173126773523049,0.016941165249592084,33.916666666666664,23.708333333333332,0.09619797291634313,0.10826795131456272,0.039285739951147695,"{""residual+conditioning+solver_failure"": 25, ""none"": 15, ""conditioning"": 8}"
1.0,1.0,1.0,1.0,0.002096199998049997,digits_5_vs_6,hybrid_always_trigger_full_light_logreg,hybrid_always_trigger_full_light,logreg,3,4,4,16,2.0,1.1,True,full_light,always_trigger,80,,,,,,,25.27849779999815,,,,,,,,,,,,,,,,0.4791666666666667,1.0,0.7916666666666666,0.0718293579530533,0.01696581313474053,33.916666666666664,20.270833333333332,0.16698039375008497,0.10826795131456272,0.10138304442848482,"{""residual+conditioning+solver_failure"": 25, ""residual+conditioning"": 23}"
0.9791666666666666,0.9791666666666667,0.9787234042553191,1.0,0.0010580000016489066,digits_5_vs_6,hybrid_always_trigger_full_light_svm_rbf,hybrid_always_trigger_full_light,svm_rbf,3,4,4,16,2.0,1.1,True,full_light,always_trigger,80,,,,,,,25.27849779999815,,,,,,,,,,,,,,,,0.4791666666666667,1.0,0.7916666666666666,0.0718293579530533,0.01696581313474053,33.916666666666664,20.270833333333332,0.16698039375008497,0.10826795131456272,0.10138304442848482,"{""residual+conditioning+solver_failure"": 25, ""residual+conditioning"": 23}"
1.0,1.0,1.0,1.0,48.8154063999973,digits_5_vs_6,hybrid_always_trigger_full_light_qnn,hybrid_always_trigger_full_light,qnn,3,4,4,16,2.0,1.1,True,full_light,always_trigger,80,,,,,,,25.27849779999815,,,,,,,,,,,,,,,,0.4791666666666667,1.0,0.7916666666666666,0.0718293579530533,0.01696581313474053,33.916666666666664,20.270833333333332,0.16698039375008497,0.10826795131456272,0.10138304442848482,"{""residual+conditioning+solver_failure"": 25, ""residual+conditioning"": 23}"
1.0,1.0,1.0,1.0,0.002046300003712531,digits_5_vs_6,hybrid_qnn_lenient_full_light_logreg,hybrid_qnn_lenient_full_light,logreg,3,4,4,16,2.0,1.1,True,full_light,qnn_lenient,80,,,,,,,25.130090599996038,,,,,,,,,,,,,,,,0.4791666666666667,1.0,0.7916666666666666,0.0718293579530533,0.01696581313474053,33.916666666666664,20.270833333333332,0.16601321249981993,0.10826795131456272,0.10138304442848482,"{""residual+conditioning+solver_failure"": 25, ""residual+conditioning"": 23}"
0.9791666666666666,0.9791666666666667,0.9787234042553191,1.0,0.0010870999976759776,digits_5_vs_6,hybrid_qnn_lenient_full_light_svm_rbf,hybrid_qnn_lenient_full_light,svm_rbf,3,4,4,16,2.0,1.1,True,full_light,qnn_lenient,80,,,,,,,25.130090599996038,,,,,,,,,,,,,,,,0.4791666666666667,1.0,0.7916666666666666,0.0718293579530533,0.01696581313474053,33.916666666666664,20.270833333333332,0.16601321249981993,0.10826795131456272,0.10138304442848482,"{""residual+conditioning+solver_failure"": 25, ""residual+conditioning"": 23}"
1.0,1.0,1.0,1.0,48.610388299995975,digits_5_vs_6,hybrid_qnn_lenient_full_light_qnn,hybrid_qnn_lenient_full_light,qnn,3,4,4,16,2.0,1.1,True,full_light,qnn_lenient,80,,,,,,,25.130090599996038,,,,,,,,,,,,,,,,0.4791666666666667,1.0,0.7916666666666666,0.0718293579530533,0.01696581313474053,33.916666666666664,20.270833333333332,0.16601321249981993,0.10826795131456272,0.10138304442848482,"{""residual+conditioning+solver_failure"": 25, ""residual+conditioning"": 23}"
0.9791666666666666,0.9791666666666667,0.9787234042553191,1.0,0.0017968999964068644,digits_5_vs_6,forced_full_balanced_logreg,forced_full_balanced,logreg,3,4,4,16,2.0,1.1,True,full_balanced,standard,80,,,,,,,34.096497399994405,0.5,0.8958333333333334,0.4791666666666667,0.4791666666666667,0.07674845929424662,0.08301470345185591,0.07366675300284951,0.016913603548115348,0.016914723845230167,33.916666666666664,16.25,2139.1041666666665,0.22832028333399043,0.10826795131456272,0.10262072277996775,,,,,,,,,,,
0.9791666666666666,0.9791666666666667,0.9787234042553191,1.0,0.0010678000035113655,digits_5_vs_6,forced_full_balanced_svm_rbf,forced_full_balanced,svm_rbf,3,4,4,16,2.0,1.1,True,full_balanced,standard,80,,,,,,,34.096497399994405,0.5,0.8958333333333334,0.4791666666666667,0.4791666666666667,0.07674845929424662,0.08301470345185591,0.07366675300284951,0.016913603548115348,0.016914723845230167,33.916666666666664,16.25,2139.1041666666665,0.22832028333399043,0.10826795131456272,0.10262072277996775,,,,,,,,,,,
1.0,1.0,1.0,1.0,48.34109510000417,digits_5_vs_6,forced_full_balanced_qnn,forced_full_balanced,qnn,3,4,4,16,2.0,1.1,True,full_balanced,standard,80,,,,,,,34.096497399994405,0.5,0.8958333333333334,0.4791666666666667,0.4791666666666667,0.07674845929424662,0.08301470345185591,0.07366675300284951,0.016913603548115348,0.016914723845230167,33.916666666666664,16.25,2139.1041666666665,0.22832028333399043,0.10826795131456272,0.10262072277996775,,,,,,,,,,,
0.9791666666666666,0.9791666666666667,0.9787234042553191,1.0,0.001691400000709109,digits_5_vs_6,hybrid_standard_full_balanced_logreg,hybrid_standard_full_balanced,logreg,3,4,4,16,2.0,1.1,True,full_balanced,standard,80,,,,,,,10.696669400000246,,,,,,,,,,,,,,,,0.5,0.5416666666666666,0.25,0.07399887930450254,0.0017741114457653074,33.916666666666664,28.270833333333332,0.07096995624942792,0.10826795131456272,0.005872064241177257,"{""residual+conditioning+solver_failure"": 24, ""none"": 22, ""conditioning+solver_failure"": 1, ""conditioning"": 1}"
0.9583333333333334,0.9583333333333333,0.9565217391304348,1.0,0.0010680000050342642,digits_5_vs_6,hybrid_standard_full_balanced_svm_rbf,hybrid_standard_full_balanced,svm_rbf,3,4,4,16,2.0,1.1,True,full_balanced,standard,80,,,,,,,10.696669400000246,,,,,,,,,,,,,,,,0.5,0.5416666666666666,0.25,0.07399887930450254,0.0017741114457653074,33.916666666666664,28.270833333333332,0.07096995624942792,0.10826795131456272,0.005872064241177257,"{""residual+conditioning+solver_failure"": 24, ""none"": 22, ""conditioning+solver_failure"": 1, ""conditioning"": 1}"
0.9791666666666666,0.9791666666666667,0.9787234042553191,1.0,48.5434110999995,digits_5_vs_6,hybrid_standard_full_balanced_qnn,hybrid_standard_full_balanced,qnn,3,4,4,16,2.0,1.1,True,full_balanced,standard,80,,,,,,,10.696669400000246,,,,,,,,,,,,,,,,0.5,0.5416666666666666,0.25,0.07399887930450254,0.0017741114457653074,33.916666666666664,28.270833333333332,0.07096995624942792,0.10826795131456272,0.005872064241177257,"{""residual+conditioning+solver_failure"": 24, ""none"": 22, ""conditioning+solver_failure"": 1, ""conditioning"": 1}"
0.9791666666666666,0.9791666666666667,0.9787234042553191,1.0,0.002527899996493943,digits_5_vs_6,hybrid_aggressive_full_balanced_logreg,hybrid_aggressive_full_balanced,logreg,3,4,4,16,2.0,1.1,True,full_balanced,aggressive,80,,,,,,,17.648569099997985,,,,,,,,,,,,,,,,0.5,0.6875,0.4375,0.07445672452323769,0.0017741114457653074,33.916666666666664,25.229166666666668,0.1270287208338535,0.10826795131456272,0.04123439114343196,"{""residual+conditioning+solver_failure"": 25, ""none"": 15, ""conditioning"": 8}"
0.9583333333333334,0.9583333333333333,0.9565217391304348,1.0,0.001298700000916142,digits_5_vs_6,hybrid_aggressive_full_balanced_svm_rbf,hybrid_aggressive_full_balanced,svm_rbf,3,4,4,16,2.0,1.1,True,full_balanced,aggressive,80,,,,,,,17.648569099997985,,,,,,,,,,,,,,,,0.5,0.6875,0.4375,0.07445672452323769,0.0017741114457653074,33.916666666666664,25.229166666666668,0.1270287208338535,0.10826795131456272,0.04123439114343196,"{""residual+conditioning+solver_failure"": 25, ""none"": 15, ""conditioning"": 8}"
0.9791666666666666,0.9791666666666667,0.9787234042553191,1.0,49.43326410000009,digits_5_vs_6,hybrid_aggressive_full_balanced_qnn,hybrid_aggressive_full_balanced,qnn,3,4,4,16,2.0,1.1,True,full_balanced,aggressive,80,,,,,,,17.648569099997985,,,,,,,,,,,,,,,,0.5,0.6875,0.4375,0.07445672452323769,0.0017741114457653074,33.916666666666664,25.229166666666668,0.1270287208338535,0.10826795131456272,0.04123439114343196,"{""residual+conditioning+solver_failure"": 25, ""none"": 15, ""conditioning"": 8}"
0.9791666666666666,0.9791666666666667,0.9787234042553191,1.0,0.002013900004385505,digits_5_vs_6,hybrid_always_trigger_full_balanced_logreg,hybrid_always_trigger_full_balanced,logreg,3,4,4,16,2.0,1.1,True,full_balanced,always_trigger,80,,,,,,,34.576147100000526,,,,,,,,,,,,,,,,0.5,1.0,0.7291666666666666,0.074399019763911,0.0017741114457653074,33.916666666666664,21.958333333333332,0.23479732708422793,0.10826795131456272,0.10257442985406325,"{""residual+conditioning+solver_failure"": 25, ""residual+conditioning"": 23}"
0.9791666666666666,0.9791666666666667,0.9787234042553191,1.0,0.0010554000036790967,digits_5_vs_6,hybrid_always_trigger_full_balanced_svm_rbf,hybrid_always_trigger_full_balanced,svm_rbf,3,4,4,16,2.0,1.1,True,full_balanced,always_trigger,80,,,,,,,34.576147100000526,,,,,,,,,,,,,,,,0.5,1.0,0.7291666666666666,0.074399019763911,0.0017741114457653074,33.916666666666664,21.958333333333332,0.23479732708422793,0.10826795131456272,0.10257442985406325,"{""residual+conditioning+solver_failure"": 25, ""residual+conditioning"": 23}"
0.9791666666666666,0.9791666666666667,0.9787234042553191,1.0,48.95106880000094,digits_5_vs_6,hybrid_always_trigger_full_balanced_qnn,hybrid_always_trigger_full_balanced,qnn,3,4,4,16,2.0,1.1,True,full_balanced,always_trigger,80,,,,,,,34.576147100000526,,,,,,,,,,,,,,,,0.5,1.0,0.7291666666666666,0.074399019763911,0.0017741114457653074,33.916666666666664,21.958333333333332,0.23479732708422793,0.10826795131456272,0.10257442985406325,"{""residual+conditioning+solver_failure"": 25, ""residual+conditioning"": 23}"
0.9791666666666666,0.9791666666666667,0.9787234042553191,1.0,0.0019000999964191578,digits_5_vs_6,hybrid_qnn_lenient_full_balanced_logreg,hybrid_qnn_lenient_full_balanced,logreg,3,4,4,16,2.0,1.1,True,full_balanced,qnn_lenient,80,,,,,,,34.55841969999892,,,,,,,,,,,,,,,,0.5,1.0,0.7291666666666666,0.074399019763911,0.0017741114457653074,33.916666666666664,21.958333333333332,0.2345742770836902,0.10826795131456272,0.10257442985406325,"{""residual+conditioning+solver_failure"": 25, ""residual+conditioning"": 23}"
0.9791666666666666,0.9791666666666667,0.9787234042553191,1.0,0.001069199999619741,digits_5_vs_6,hybrid_qnn_lenient_full_balanced_svm_rbf,hybrid_qnn_lenient_full_balanced,svm_rbf,3,4,4,16,2.0,1.1,True,full_balanced,qnn_lenient,80,,,,,,,34.55841969999892,,,,,,,,,,,,,,,,0.5,1.0,0.7291666666666666,0.074399019763911,0.0017741114457653074,33.916666666666664,21.958333333333332,0.2345742770836902,0.10826795131456272,0.10257442985406325,"{""residual+conditioning+solver_failure"": 25, ""residual+conditioning"": 23}"
0.9791666666666666,0.9791666666666667,0.9787234042553191,1.0,49.14177880000352,digits_5_vs_6,hybrid_qnn_lenient_full_balanced_qnn,hybrid_qnn_lenient_full_balanced,qnn,3,4,4,16,2.0,1.1,True,full_balanced,qnn_lenient,80,,,,,,,34.55841969999892,,,,,,,,,,,,,,,,0.5,1.0,0.7291666666666666,0.074399019763911,0.0017741114457653074,33.916666666666664,21.958333333333332,0.2345742770836902,0.10826795131456272,0.10257442985406325,"{""residual+conditioning+solver_failure"": 25, ""residual+conditioning"": 23}"
1.0,1.0,1.0,1.0,0.0019287999966763891,digits_5_vs_6,forced_qnn_oriented_logreg,forced_qnn_oriented,logreg,3,4,4,16,2.0,1.1,True,qnn_oriented,standard,80,,,,,,,47.539333499997156,0.4791666666666667,0.9375,0.4791666666666667,0.4583333333333333,0.07674845929424662,0.08438988381304884,0.07552697420545947,0.016913603548115348,0.03534104536043744,33.916666666666664,14.458333333333334,2408.625,0.31980244791702717,0.10826795131456272,0.10094144123996725,,,,,,,,,,,
0.9791666666666666,0.9791666666666667,0.9787234042553191,1.0,0.0010776000053738244,digits_5_vs_6,forced_qnn_oriented_svm_rbf,forced_qnn_oriented,svm_rbf,3,4,4,16,2.0,1.1,True,qnn_oriented,standard,80,,,,,,,47.539333499997156,0.4791666666666667,0.9375,0.4791666666666667,0.4583333333333333,0.07674845929424662,0.08438988381304884,0.07552697420545947,0.016913603548115348,0.03534104536043744,33.916666666666664,14.458333333333334,2408.625,0.31980244791702717,0.10826795131456272,0.10094144123996725,,,,,,,,,,,
1.0,1.0,1.0,1.0,48.39337479999813,digits_5_vs_6,forced_qnn_oriented_qnn,forced_qnn_oriented,qnn,3,4,4,16,2.0,1.1,True,qnn_oriented,standard,80,,,,,,,47.539333499997156,0.4791666666666667,0.9375,0.4791666666666667,0.4583333333333333,0.07674845929424662,0.08438988381304884,0.07552697420545947,0.016913603548115348,0.03534104536043744,33.916666666666664,14.458333333333334,2408.625,0.31980244791702717,0.10826795131456272,0.10094144123996725,,,,,,,,,,,
1.0,1.0,1.0,1.0,0.0017544999936944805,digits_5_vs_6,hybrid_standard_qnn_oriented_logreg,hybrid_standard_qnn_oriented,logreg,3,4,4,16,2.0,1.1,True,qnn_oriented,standard,80,,,,,,,13.682470799998555,,,,,,,,,,,,,,,,0.4791666666666667,0.5416666666666666,0.3333333333333333,0.07525267856317867,0.01691524926686039,33.916666666666664,26.875,0.08816738125036257,0.10826795131456272,0.002743108764901743,"{""residual+conditioning+solver_failure"": 24, ""none"": 22, ""conditioning+solver_failure"": 1, ""conditioning"": 1}"
0.9583333333333334,0.9583333333333333,0.9565217391304348,1.0,0.0010859999965759926,digits_5_vs_6,hybrid_standard_qnn_oriented_svm_rbf,hybrid_standard_qnn_oriented,svm_rbf,3,4,4,16,2.0,1.1,True,qnn_oriented,standard,80,,,,,,,13.682470799998555,,,,,,,,,,,,,,,,0.4791666666666667,0.5416666666666666,0.3333333333333333,0.07525267856317867,0.01691524926686039,33.916666666666664,26.875,0.08816738125036257,0.10826795131456272,0.002743108764901743,"{""residual+conditioning+solver_failure"": 24, ""none"": 22, ""conditioning+solver_failure"": 1, ""conditioning"": 1}"
1.0,1.0,1.0,1.0,48.88032039999962,digits_5_vs_6,hybrid_standard_qnn_oriented_qnn,hybrid_standard_qnn_oriented,qnn,3,4,4,16,2.0,1.1,True,qnn_oriented,standard,80,,,,,,,13.682470799998555,,,,,,,,,,,,,,,,0.4791666666666667,0.5416666666666666,0.3333333333333333,0.07525267856317867,0.01691524926686039,33.916666666666664,26.875,0.08816738125036257,0.10826795131456272,0.002743108764901743,"{""residual+conditioning+solver_failure"": 24, ""none"": 22, ""conditioning+solver_failure"": 1, ""conditioning"": 1}"
1.0,1.0,1.0,1.0,0.001723200002743397,digits_5_vs_6,hybrid_aggressive_qnn_oriented_logreg,hybrid_aggressive_qnn_oriented,logreg,3,4,4,16,2.0,1.1,True,qnn_oriented,aggressive,80,,,,,,,23.400341699998535,,,,,,,,,,,,,,,,0.4791666666666667,0.6875,0.4791666666666667,0.07571145768400261,0.01691524926686039,33.916666666666664,24.583333333333332,0.1639754604166228,0.10826795131456272,0.038983924008039676,"{""residual+conditioning+solver_failure"": 25, ""none"": 15, ""conditioning"": 8}"
0.9583333333333334,0.9583333333333333,0.9565217391304348,1.0,0.0010771000015665777,digits_5_vs_6,hybrid_aggressive_qnn_oriented_svm_rbf,hybrid_aggressive_qnn_oriented,svm_rbf,3,4,4,16,2.0,1.1,True,qnn_oriented,aggressive,80,,,,,,,23.400341699998535,,,,,,,,,,,,,,,,0.4791666666666667,0.6875,0.4791666666666667,0.07571145768400261,0.01691524926686039,33.916666666666664,24.583333333333332,0.1639754604166228,0.10826795131456272,0.038983924008039676,"{""residual+conditioning+solver_failure"": 25, ""none"": 15, ""conditioning"": 8}"
1.0,1.0,1.0,1.0,48.96654249999847,digits_5_vs_6,hybrid_aggressive_qnn_oriented_qnn,hybrid_aggressive_qnn_oriented,qnn,3,4,4,16,2.0,1.1,True,qnn_oriented,aggressive,80,,,,,,,23.400341699998535,,,,,,,,,,,,,,,,0.4791666666666667,0.6875,0.4791666666666667,0.07571145768400261,0.01691524926686039,33.916666666666664,24.583333333333332,0.1639754604166228,0.10826795131456272,0.038983924008039676,"{""residual+conditioning+solver_failure"": 25, ""none"": 15, ""conditioning"": 8}"
1.0,1.0,1.0,1.0,0.0018815000003087334,digits_5_vs_6,hybrid_always_trigger_qnn_oriented_logreg,hybrid_always_trigger_qnn_oriented,logreg,3,4,4,16,2.0,1.1,True,qnn_oriented,always_trigger,80,,,,,,,47.01297660000273,,,,,,,,,,,,,,,,0.4791666666666667,1.0,0.7708333333333334,0.07573819314855852,0.01691528133576753,33.916666666666664,20.645833333333332,0.3126581541667595,0.10826795131456272,0.10091848533030313,"{""residual+conditioning+solver_failure"": 25, ""residual+conditioning"": 23}"
0.9791666666666666,0.9791666666666667,0.9787234042553191,1.0,0.0010772999958135188,digits_5_vs_6,hybrid_always_trigger_qnn_oriented_svm_rbf,hybrid_always_trigger_qnn_oriented,svm_rbf,3,4,4,16,2.0,1.1,True,qnn_oriented,always_trigger,80,,,,,,,47.01297660000273,,,,,,,,,,,,,,,,0.4791666666666667,1.0,0.7708333333333334,0.07573819314855852,0.01691528133576753,33.916666666666664,20.645833333333332,0.3126581541667595,0.10826795131456272,0.10091848533030313,"{""residual+conditioning+solver_failure"": 25, ""residual+conditioning"": 23}"
1.0,1.0,1.0,1.0,48.42455660000269,digits_5_vs_6,hybrid_always_trigger_qnn_oriented_qnn,hybrid_always_trigger_qnn_oriented,qnn,3,4,4,16,2.0,1.1,True,qnn_oriented,always_trigger,80,,,,,,,47.01297660000273,,,,,,,,,,,,,,,,0.4791666666666667,1.0,0.7708333333333334,0.07573819314855852,0.01691528133576753,33.916666666666664,20.645833333333332,0.3126581541667595,0.10826795131456272,0.10091848533030313,"{""residual+conditioning+solver_failure"": 25, ""residual+conditioning"": 23}"
1.0,1.0,1.0,1.0,0.0019116999974357896,digits_5_vs_6,hybrid_qnn_lenient_qnn_oriented_logreg,hybrid_qnn_lenient_qnn_oriented,logreg,3,4,4,16,2.0,1.1,True,qnn_oriented,qnn_lenient,80,,,,,,,47.16610409999703,,,,,,,,,,,,,,,,0.4791666666666667,1.0,0.7708333333333334,0.07573819314855852,0.01691528133576753,33.916666666666664,20.645833333333332,0.31545201249991806,0.10826795131456272,0.10091848533030313,"{""residual+conditioning+solver_failure"": 25, ""residual+conditioning"": 23}"
0.9791666666666666,0.9791666666666667,0.9787234042553191,1.0,0.0010710999995353632,digits_5_vs_6,hybrid_qnn_lenient_qnn_oriented_svm_rbf,hybrid_qnn_lenient_qnn_oriented,svm_rbf,3,4,4,16,2.0,1.1,True,qnn_oriented,qnn_lenient,80,,,,,,,47.16610409999703,,,,,,,,,,,,,,,,0.4791666666666667,1.0,0.7708333333333334,0.07573819314855852,0.01691528133576753,33.916666666666664,20.645833333333332,0.31545201249991806,0.10826795131456272,0.10091848533030313,"{""residual+conditioning+solver_failure"": 25, ""residual+conditioning"": 23}"
1.0,1.0,1.0,1.0,48.55710030000046,digits_5_vs_6,hybrid_qnn_lenient_qnn_oriented_qnn,hybrid_qnn_lenient_qnn_oriented,qnn,3,4,4,16,2.0,1.1,True,qnn_oriented,qnn_lenient,80,,,,,,,47.16610409999703,,,,,,,,,,,,,,,,0.4791666666666667,1.0,0.7708333333333334,0.07573819314855852,0.01691528133576753,33.916666666666664,20.645833333333332,0.31545201249991806,0.10826795131456272,0.10091848533030313,"{""residual+conditioning+solver_failure"": 25, ""residual+conditioning"": 23}"
1.0,1.0,1.0,1.0,0.002018400002270937,digits_5_vs_6,forced_qnn_exploratory_logreg,forced_qnn_exploratory,logreg,3,4,4,16,2.0,1.1,True,qnn_exploratory,standard,80,,,,,,,53.06812460000219,0.4791666666666667,0.8958333333333334,0.4791666666666667,0.4583333333333333,0.07674845929424662,0.09063955887272575,0.0755513005856439,0.016913603548115348,0.03645933943025058,33.916666666666664,15.125,2390.9166666666665,0.3572251729157567,0.10826795131456272,0.10095637374118611,,,,,,,,,,,
0.9791666666666666,0.9791666666666667,0.9787234042553191,1.0,0.0011310999980196357,digits_5_vs_6,forced_qnn_exploratory_svm_rbf,forced_qnn_exploratory,svm_rbf,3,4,4,16,2.0,1.1,True,qnn_exploratory,standard,80,,,,,,,53.06812460000219,0.4791666666666667,0.8958333333333334,0.4791666666666667,0.4583333333333333,0.07674845929424662,0.09063955887272575,0.0755513005856439,0.016913603548115348,0.03645933943025058,33.916666666666664,15.125,2390.9166666666665,0.3572251729157567,0.10826795131456272,0.10095637374118611,,,,,,,,,,,
1.0,1.0,1.0,1.0,47.81122229999892,digits_5_vs_6,forced_qnn_exploratory_qnn,forced_qnn_exploratory,qnn,3,4,4,16,2.0,1.1,True,qnn_exploratory,standard,80,,,,,,,53.06812460000219,0.4791666666666667,0.8958333333333334,0.4791666666666667,0.4583333333333333,0.07674845929424662,0.09063955887272575,0.0755513005856439,0.016913603548115348,0.03645933943025058,33.916666666666664,15.125,2390.9166666666665,0.3572251729157567,0.10826795131456272,0.10095637374118611,,,,,,,,,,,
1.0,1.0,1.0,1.0,0.0019890999974450096,digits_5_vs_6,hybrid_standard_qnn_exploratory_logreg,hybrid_standard_qnn_exploratory,logreg,3,4,4,16,2.0,1.1,True,qnn_exploratory,standard,80,,,,,,,15.222918399995251,,,,,,,,,,,,,,,,0.4791666666666667,0.5416666666666666,0.3333333333333333,0.07527986418872404,0.016887670384106535,33.916666666666664,26.6875,0.09241702500048632,0.10826795131456272,0.002693312070677363,"{""residual+conditioning+solver_failure"": 24, ""none"": 22, ""conditioning+solver_failure"": 1, ""conditioning"": 1}"
0.9583333333333334,0.9583333333333333,0.9565217391304348,1.0,0.0010782000026665628,digits_5_vs_6,hybrid_standard_qnn_exploratory_svm_rbf,hybrid_standard_qnn_exploratory,svm_rbf,3,4,4,16,2.0,1.1,True,qnn_exploratory,standard,80,,,,,,,15.222918399995251,,,,,,,,,,,,,,,,0.4791666666666667,0.5416666666666666,0.3333333333333333,0.07527986418872404,0.016887670384106535,33.916666666666664,26.6875,0.09241702500048632,0.10826795131456272,0.002693312070677363,"{""residual+conditioning+solver_failure"": 24, ""none"": 22, ""conditioning+solver_failure"": 1, ""conditioning"": 1}"
1.0,1.0,1.0,1.0,48.24395160000131,digits_5_vs_6,hybrid_standard_qnn_exploratory_qnn,hybrid_standard_qnn_exploratory,qnn,3,4,4,16,2.0,1.1,True,qnn_exploratory,standard,80,,,,,,,15.222918399995251,,,,,,,,,,,,,,,,0.4791666666666667,0.5416666666666666,0.3333333333333333,0.07527986418872404,0.016887670384106535,33.916666666666664,26.6875,0.09241702500048632,0.10826795131456272,0.002693312070677363,"{""residual+conditioning+solver_failure"": 24, ""none"": 22, ""conditioning+solver_failure"": 1, ""conditioning"": 1}"
1.0,1.0,1.0,1.0,0.0019266000017523766,digits_5_vs_6,hybrid_aggressive_qnn_exploratory_logreg,hybrid_aggressive_qnn_exploratory,logreg,3,4,4,16,2.0,1.1,True,qnn_exploratory,aggressive,80,,,,,,,26.485287899995456,,,,,,,,,,,,,,,,0.4791666666666667,0.6875,0.5208333333333334,0.07562824114806362,0.016888106908635646,33.916666666666664,23.145833333333332,0.17297561458356844,0.10826795131456272,0.03899379444577721,"{""residual+conditioning+solver_failure"": 25, ""none"": 15, ""conditioning"": 8}"
0.9583333333333334,0.9583333333333333,0.9565217391304348,1.0,0.0010786999991978519,digits_5_vs_6,hybrid_aggressive_qnn_exploratory_svm_rbf,hybrid_aggressive_qnn_exploratory,svm_rbf,3,4,4,16,2.0,1.1,True,qnn_exploratory,aggressive,80,,,,,,,26.485287899995456,,,,,,,,,,,,,,,,0.4791666666666667,0.6875,0.5208333333333334,0.07562824114806362,0.016888106908635646,33.916666666666664,23.145833333333332,0.17297561458356844,0.10826795131456272,0.03899379444577721,"{""residual+conditioning+solver_failure"": 25, ""none"": 15, ""conditioning"": 8}"
1.0,1.0,1.0,1.0,48.07425019999937,digits_5_vs_6,hybrid_aggressive_qnn_exploratory_qnn,hybrid_aggressive_qnn_exploratory,qnn,3,4,4,16,2.0,1.1,True,qnn_exploratory,aggressive,80,,,,,,,26.485287899995456,,,,,,,,,,,,,,,,0.4791666666666667,0.6875,0.5208333333333334,0.07562824114806362,0.016888106908635646,33.916666666666664,23.145833333333332,0.17297561458356844,0.10826795131456272,0.03899379444577721,"{""residual+conditioning+solver_failure"": 25, ""none"": 15, ""conditioning"": 8}"
1.0,1.0,1.0,1.0,0.002134899994416628,digits_5_vs_6,hybrid_always_trigger_qnn_exploratory_logreg,hybrid_always_trigger_qnn_exploratory,logreg,3,4,4,16,2.0,1.1,True,qnn_exploratory,always_trigger,80,,,,,,,53.649024800004554,,,,,,,,,,,,,,,,0.4791666666666667,1.0,0.8125,0.07563174565343167,0.016887869716711704,33.916666666666664,19.104166666666668,0.35844840416651397,0.10826795131456272,0.10102147996358113,"{""residual+conditioning+solver_failure"": 25, ""residual+conditioning"": 23}"
0.9791666666666666,0.9791666666666667,0.9787234042553191,1.0,0.0010747999986051582,digits_5_vs_6,hybrid_always_trigger_qnn_exploratory_svm_rbf,hybrid_always_trigger_qnn_exploratory,svm_rbf,3,4,4,16,2.0,1.1,True,qnn_exploratory,always_trigger,80,,,,,,,53.649024800004554,,,,,,,,,,,,,,,,0.4791666666666667,1.0,0.8125,0.07563174565343167,0.016887869716711704,33.916666666666664,19.104166666666668,0.35844840416651397,0.10826795131456272,0.10102147996358113,"{""residual+conditioning+solver_failure"": 25, ""residual+conditioning"": 23}"
1.0,1.0,1.0,1.0,48.48188729999674,digits_5_vs_6,hybrid_always_trigger_qnn_exploratory_qnn,hybrid_always_trigger_qnn_exploratory,qnn,3,4,4,16,2.0,1.1,True,qnn_exploratory,always_trigger,80,,,,,,,53.649024800004554,,,,,,,,,,,,,,,,0.4791666666666667,1.0,0.8125,0.07563174565343167,0.016887869716711704,33.916666666666664,19.104166666666668,0.35844840416651397,0.10826795131456272,0.10102147996358113,"{""residual+conditioning+solver_failure"": 25, ""residual+conditioning"": 23}"
1.0,1.0,1.0,1.0,0.0019085000021732412,digits_5_vs_6,hybrid_qnn_lenient_qnn_exploratory_logreg,hybrid_qnn_lenient_qnn_exploratory,logreg,3,4,4,16,2.0,1.1,True,qnn_exploratory,qnn_lenient,80,,,,,,,53.81474239999807,,,,,,,,,,,,,,,,0.4791666666666667,1.0,0.8125,0.07563174565343167,0.016887869716711704,33.916666666666664,19.104166666666668,0.3578554229164486,0.10826795131456272,0.10102147996358113,"{""residual+conditioning+solver_failure"": 25, ""residual+conditioning"": 23}"
0.9791666666666666,0.9791666666666667,0.9787234042553191,1.0,0.0011001000020769425,digits_5_vs_6,hybrid_qnn_lenient_qnn_exploratory_svm_rbf,hybrid_qnn_lenient_qnn_exploratory,svm_rbf,3,4,4,16,2.0,1.1,True,qnn_exploratory,qnn_lenient,80,,,,,,,53.81474239999807,,,,,,,,,,,,,,,,0.4791666666666667,1.0,0.8125,0.07563174565343167,0.016887869716711704,33.916666666666664,19.104166666666668,0.3578554229164486,0.10826795131456272,0.10102147996358113,"{""residual+conditioning+solver_failure"": 25, ""residual+conditioning"": 23}"
1.0,1.0,1.0,1.0,48.432629000002635,digits_5_vs_6,hybrid_qnn_lenient_qnn_exploratory_qnn,hybrid_qnn_lenient_qnn_exploratory,qnn,3,4,4,16,2.0,1.1,True,qnn_exploratory,qnn_lenient,80,,,,,,,53.81474239999807,,,,,,,,,,,,,,,,0.4791666666666667,1.0,0.8125,0.07563174565343167,0.016887869716711704,33.916666666666664,19.104166666666668,0.3578554229164486,0.10826795131456272,0.10102147996358113,"{""residual+conditioning+solver_failure"": 25, ""residual+conditioning"": 23}"
0.9791666666666666,0.9791666666666667,0.9787234042553191,1.0,0.0018239999990328215,digits_5_vs_6,forced_no_detector_logreg,forced_no_detector,logreg,3,4,4,16,2.0,1.1,True,no_detector,standard,80,,,,,,,13.184228400001302,0.5,0.8958333333333334,0.4791666666666667,0.4791666666666667,0.07674845929424662,0.08301422659956632,0.0736654706687166,0.016913603548115348,0.016914805017363334,33.916666666666664,16.395833333333332,2100.8541666666665,0.08702951875072056,0.10826795131456272,0.1026133334825019,,,,,,,,,,,
0.9791666666666666,0.9791666666666667,0.9787234042553191,1.0,0.001072400002158247,digits_5_vs_6,forced_no_detector_svm_rbf,forced_no_detector,svm_rbf,3,4,4,16,2.0,1.1,True,no_detector,standard,80,,,,,,,13.184228400001302,0.5,0.8958333333333334,0.4791666666666667,0.4791666666666667,0.07674845929424662,0.08301422659956632,0.0736654706687166,0.016913603548115348,0.016914805017363334,33.916666666666664,16.395833333333332,2100.8541666666665,0.08702951875072056,0.10826795131456272,0.1026133334825019,,,,,,,,,,,
1.0,1.0,1.0,1.0,48.575513600000704,digits_5_vs_6,forced_no_detector_qnn,forced_no_detector,qnn,3,4,4,16,2.0,1.1,True,no_detector,standard,80,,,,,,,13.184228400001302,0.5,0.8958333333333334,0.4791666666666667,0.4791666666666667,0.07674845929424662,0.08301422659956632,0.0736654706687166,0.016913603548115348,0.016914805017363334,33.916666666666664,16.395833333333332,2100.8541666666665,0.08702951875072056,0.10826795131456272,0.1026133334825019,,,,,,,,,,,
0.9791666666666666,0.9791666666666667,0.9787234042553191,1.0,0.0017732999986037612,digits_5_vs_6,hybrid_standard_no_detector_logreg,hybrid_standard_no_detector,logreg,3,4,4,16,2.0,1.1,True,no_detector,standard,80,,,,,,,4.114578400003666,,,,,,,,,,,,,,,,0.5,0.5416666666666666,0.2708333333333333,0.0739611171777596,0.0017741114457653074,33.916666666666664,27.833333333333332,0.026420158333470074,0.10826795131456272,0.005560663407109992,"{""residual+conditioning+solver_failure"": 24, ""none"": 22, ""conditioning+solver_failure"": 1, ""conditioning"": 1}"
0.9583333333333334,0.9583333333333333,0.9565217391304348,1.0,0.0010868000026675873,digits_5_vs_6,hybrid_standard_no_detector_svm_rbf,hybrid_standard_no_detector,svm_rbf,3,4,4,16,2.0,1.1,True,no_detector,standard,80,,,,,,,4.114578400003666,,,,,,,,,,,,,,,,0.5,0.5416666666666666,0.2708333333333333,0.0739611171777596,0.0017741114457653074,33.916666666666664,27.833333333333332,0.026420158333470074,0.10826795131456272,0.005560663407109992,"{""residual+conditioning+solver_failure"": 24, ""none"": 22, ""conditioning+solver_failure"": 1, ""conditioning"": 1}"
1.0,1.0,1.0,1.0,48.52866250000079,digits_5_vs_6,hybrid_standard_no_detector_qnn,hybrid_standard_no_detector,qnn,3,4,4,16,2.0,1.1,True,no_detector,standard,80,,,,,,,4.114578400003666,,,,,,,,,,,,,,,,0.5,0.5416666666666666,0.2708333333333333,0.0739611171777596,0.0017741114457653074,33.916666666666664,27.833333333333332,0.026420158333470074,0.10826795131456272,0.005560663407109992,"{""residual+conditioning+solver_failure"": 24, ""none"": 22, ""conditioning+solver_failure"": 1, ""conditioning"": 1}"
0.9791666666666666,0.9791666666666667,0.9787234042553191,1.0,0.0022433000049204566,digits_5_vs_6,hybrid_aggressive_no_detector_logreg,hybrid_aggressive_no_detector,logreg,3,4,4,16,2.0,1.1,True,no_detector,aggressive,80,,,,,,,6.731336400000146,,,,,,,,,,,,,,,,0.5,0.6875,0.4166666666666667,0.07396111717734825,0.0017741114457653074,33.916666666666664,25.6875,0.04585634375022588,0.10826795131456272,0.04125092266156705,"{""residual+conditioning+solver_failure"": 25, ""none"": 15, ""conditioning"": 8}"
0.9583333333333334,0.9583333333333333,0.9565217391304348,1.0,0.0011009000008925796,digits_5_vs_6,hybrid_aggressive_no_detector_svm_rbf,hybrid_aggressive_no_detector,svm_rbf,3,4,4,16,2.0,1.1,True,no_detector,aggressive,80,,,,,,,6.731336400000146,,,,,,,,,,,,,,,,0.5,0.6875,0.4166666666666667,0.07396111717734825,0.0017741114457653074,33.916666666666664,25.6875,0.04585634375022588,0.10826795131456272,0.04125092266156705,"{""residual+conditioning+solver_failure"": 25, ""none"": 15, ""conditioning"": 8}"
1.0,1.0,1.0,1.0,48.38351639999746,digits_5_vs_6,hybrid_aggressive_no_detector_qnn,hybrid_aggressive_no_detector,qnn,3,4,4,16,2.0,1.1,True,no_detector,aggressive,80,,,,,,,6.731336400000146,,,,,,,,,,,,,,,,0.5,0.6875,0.4166666666666667,0.07396111717734825,0.0017741114457653074,33.916666666666664,25.6875,0.04585634375022588,0.10826795131456272,0.04125092266156705,"{""residual+conditioning+solver_failure"": 25, ""none"": 15, ""conditioning"": 8}"
0.9791666666666666,0.9791666666666667,0.9787234042553191,1.0,0.0019595999983721413,digits_5_vs_6,hybrid_always_trigger_no_detector_logreg,hybrid_always_trigger_no_detector,logreg,3,4,4,16,2.0,1.1,True,no_detector,always_trigger,80,,,,,,,13.197377500000584,,,,,,,,,,,,,,,,0.5,1.0,0.7083333333333334,0.07396111717705907,0.0017741114457653074,33.916666666666664,22.1875,0.0871238270832085,0.10826795131456272,0.1026133334825019,"{""residual+conditioning+solver_failure"": 25, ""residual+conditioning"": 23}"
0.9791666666666666,0.9791666666666667,0.9787234042553191,1.0,0.0011169999997946434,digits_5_vs_6,hybrid_always_trigger_no_detector_svm_rbf,hybrid_always_trigger_no_detector,svm_rbf,3,4,4,16,2.0,1.1,True,no_detector,always_trigger,80,,,,,,,13.197377500000584,,,,,,,,,,,,,,,,0.5,1.0,0.7083333333333334,0.07396111717705907,0.0017741114457653074,33.916666666666664,22.1875,0.0871238270832085,0.10826795131456272,0.1026133334825019,"{""residual+conditioning+solver_failure"": 25, ""residual+conditioning"": 23}"
1.0,1.0,1.0,1.0,48.194510499997705,digits_5_vs_6,hybrid_always_trigger_no_detector_qnn,hybrid_always_trigger_no_detector,qnn,3,4,4,16,2.0,1.1,True,no_detector,always_trigger,80,,,,,,,13.197377500000584,,,,,,,,,,,,,,,,0.5,1.0,0.7083333333333334,0.07396111717705907,0.0017741114457653074,33.916666666666664,22.1875,0.0871238270832085,0.10826795131456272,0.1026133334825019,"{""residual+conditioning+solver_failure"": 25, ""residual+conditioning"": 23}"
0.9791666666666666,0.9791666666666667,0.9787234042553191,1.0,0.0020160999993095174,digits_5_vs_6,hybrid_qnn_lenient_no_detector_logreg,hybrid_qnn_lenient_no_detector,logreg,3,4,4,16,2.0,1.1,True,no_detector,qnn_lenient,80,,,,,,,13.18037490000279,,,,,,,,,,,,,,,,0.5,1.0,0.7083333333333334,0.07396111717705907,0.0017741114457653074,33.916666666666664,22.1875,0.08718244791680263,0.10826795131456272,0.1026133334825019,"{""residual+conditioning+solver_failure"": 25, ""residual+conditioning"": 23}"
0.9791666666666666,0.9791666666666667,0.9787234042553191,1.0,0.0010760000004665926,digits_5_vs_6,hybrid_qnn_lenient_no_detector_svm_rbf,hybrid_qnn_lenient_no_detector,svm_rbf,3,4,4,16,2.0,1.1,True,no_detector,qnn_lenient,80,,,,,,,13.18037490000279,,,,,,,,,,,,,,,,0.5,1.0,0.7083333333333334,0.07396111717705907,0.0017741114457653074,33.916666666666664,22.1875,0.08718244791680263,0.10826795131456272,0.1026133334825019,"{""residual+conditioning+solver_failure"": 25, ""residual+conditioning"": 23}"
1.0,1.0,1.0,1.0,48.52548709999974,digits_5_vs_6,hybrid_qnn_lenient_no_detector_qnn,hybrid_qnn_lenient_no_detector,qnn,3,4,4,16,2.0,1.1,True,no_detector,qnn_lenient,80,,,,,,,13.18037490000279,,,,,,,,,,,,,,,,0.5,1.0,0.7083333333333334,0.07396111717705907,0.0017741114457653074,33.916666666666664,22.1875,0.08718244791680263,0.10826795131456272,0.1026133334825019,"{""residual+conditioning+solver_failure"": 25, ""residual+conditioning"": 23}"
1.0,1.0,1.0,1.0,0.0016174000047612935,digits_5_vs_6,forced_residual_only_logreg,forced_residual_only,logreg,3,4,4,16,2.0,1.1,True,residual_only,standard,80,,,,,,,5.922827100002905,0.4791666666666667,0.875,0.4791666666666667,0.4375,0.07674845929424662,0.0922542137336878,0.0714848745264474,0.016913603548115348,0.0588401288016475,33.916666666666664,12.0,2123.5208333333335,0.03809141666685415,0.10826795131456272,0.09930228806205159,,,,,,,,,,,
0.9791666666666666,0.9791666666666667,0.9787234042553191,1.0,0.001077399996574968,digits_5_vs_6,forced_residual_only_svm_rbf,forced_residual_only,svm_rbf,3,4,4,16,2.0,1.1,True,residual_only,standard,80,,,,,,,5.922827100002905,0.4791666666666667,0.875,0.4791666666666667,0.4375,0.07674845929424662,0.0922542137336878,0.0714848745264474,0.016913603548115348,0.0588401288016475,33.916666666666664,12.0,2123.5208333333335,0.03809141666685415,0.10826795131456272,0.09930228806205159,,,,,,,,,,,
1.0,1.0,1.0,1.0,47.988355800000136,digits_5_vs_6,forced_residual_only_qnn,forced_residual_only,qnn,3,4,4,16,2.0,1.1,True,residual_only,standard,80,,,,,,,5.922827100002905,0.4791666666666667,0.875,0.4791666666666667,0.4375,0.07674845929424662,0.0922542137336878,0.0714848745264474,0.016913603548115348,0.0588401288016475,33.916666666666664,12.0,2123.5208333333335,0.03809141666685415,0.10826795131456272,0.09930228806205159,,,,,,,,,,,
1.0,1.0,1.0,1.0,0.001895200002763886,digits_5_vs_6,hybrid_standard_residual_only_logreg,hybrid_standard_residual_only,logreg,3,4,4,16,2.0,1.1,True,residual_only,standard,80,,,,,,,2.0244714000000386,,,,,,,,,,,,,,,,0.4791666666666667,0.5416666666666666,0.3333333333333333,0.07115184172298598,0.016855358255393648,33.916666666666664,24.145833333333332,0.012259675000374651,0.10826795131456272,0.003049937037232749,"{""residual+conditioning+solver_failure"": 24, ""none"": 22, ""conditioning+solver_failure"": 1, ""conditioning"": 1}"
0.9583333333333334,0.9583333333333333,0.9565217391304348,1.0,0.0010775999980978668,digits_5_vs_6,hybrid_standard_residual_only_svm_rbf,hybrid_standard_residual_only,svm_rbf,3,4,4,16,2.0,1.1,True,residual_only,standard,80,,,,,,,2.0244714000000386,,,,,,,,,,,,,,,,0.4791666666666667,0.5416666666666666,0.3333333333333333,0.07115184172298598,0.016855358255393648,33.916666666666664,24.145833333333332,0.012259675000374651,0.10826795131456272,0.003049937037232749,"{""residual+conditioning+solver_failure"": 24, ""none"": 22, ""conditioning+solver_failure"": 1, ""conditioning"": 1}"
1.0,1.0,1.0,1.0,48.06324500000483,digits_5_vs_6,hybrid_standard_residual_only_qnn,hybrid_standard_residual_only,qnn,3,4,4,16,2.0,1.1,True,residual_only,standard,80,,,,,,,2.0244714000000386,,,,,,,,,,,,,,,,0.4791666666666667,0.5416666666666666,0.3333333333333333,0.07115184172298598,0.016855358255393648,33.916666666666664,24.145833333333332,0.012259675000374651,0.10826795131456272,0.003049937037232749,"{""residual+conditioning+solver_failure"": 24, ""none"": 22, ""conditioning+solver_failure"": 1, ""conditioning"": 1}"
1.0,1.0,1.0,1.0,0.0015239999993355013,digits_5_vs_6,hybrid_aggressive_residual_only_logreg,hybrid_aggressive_residual_only,logreg,3,4,4,16,2.0,1.1,True,residual_only,aggressive,80,,,,,,,3.1532348999971873,,,,,,,,,,,,,,,,0.4791666666666667,0.6875,0.4791666666666667,0.07160960741567095,0.016855358255393648,33.916666666666664,21.541666666666668,0.019845508333067603,0.10826795131456272,0.03642642749435511,"{""residual+conditioning+solver_failure"": 25, ""none"": 15, ""conditioning"": 8}"
0.9583333333333334,0.9583333333333333,0.9565217391304348,1.0,0.0010967000052914955,digits_5_vs_6,hybrid_aggressive_residual_only_svm_rbf,hybrid_aggressive_residual_only,svm_rbf,3,4,4,16,2.0,1.1,True,residual_only,aggressive,80,,,,,,,3.1532348999971873,,,,,,,,,,,,,,,,0.4791666666666667,0.6875,0.4791666666666667,0.07160960741567095,0.016855358255393648,33.916666666666664,21.541666666666668,0.019845508333067603,0.10826795131456272,0.03642642749435511,"{""residual+conditioning+solver_failure"": 25, ""none"": 15, ""conditioning"": 8}"
1.0,1.0,1.0,1.0,48.373194499996316,digits_5_vs_6,hybrid_aggressive_residual_only_qnn,hybrid_aggressive_residual_only,qnn,3,4,4,16,2.0,1.1,True,residual_only,aggressive,80,,,,,,,3.1532348999971873,,,,,,,,,,,,,,,,0.4791666666666667,0.6875,0.4791666666666667,0.07160960741567095,0.016855358255393648,33.916666666666664,21.541666666666668,0.019845508333067603,0.10826795131456272,0.03642642749435511,"{""residual+conditioning+solver_failure"": 25, ""none"": 15, ""conditioning"": 8}"
1.0,1.0,1.0,1.0,0.00176830000418704,digits_5_vs_6,hybrid_always_trigger_residual_only_logreg,hybrid_always_trigger_residual_only,logreg,3,4,4,16,2.0,1.1,True,residual_only,always_trigger,80,,,,,,,5.9211696999991545,,,,,,,,,,,,,,,,0.4791666666666667,1.0,0.7708333333333334,0.07160960741538179,0.016855358255393648,33.916666666666664,17.541666666666668,0.03805819375020292,0.10826795131456272,0.09930228806205159,"{""residual+conditioning+solver_failure"": 25, ""residual+conditioning"": 23}"
0.9791666666666666,0.9791666666666667,0.9787234042553191,1.0,0.0010747999986051582,digits_5_vs_6,hybrid_always_trigger_residual_only_svm_rbf,hybrid_always_trigger_residual_only,svm_rbf,3,4,4,16,2.0,1.1,True,residual_only,always_trigger,80,,,,,,,5.9211696999991545,,,,,,,,,,,,,,,,0.4791666666666667,1.0,0.7708333333333334,0.07160960741538179,0.016855358255393648,33.916666666666664,17.541666666666668,0.03805819375020292,0.10826795131456272,0.09930228806205159,"{""residual+conditioning+solver_failure"": 25, ""residual+conditioning"": 23}"
1.0,1.0,1.0,1.0,48.59394369999791,digits_5_vs_6,hybrid_always_trigger_residual_only_qnn,hybrid_always_trigger_residual_only,qnn,3,4,4,16,2.0,1.1,True,residual_only,always_trigger,80,,,,,,,5.9211696999991545,,,,,,,,,,,,,,,,0.4791666666666667,1.0,0.7708333333333334,0.07160960741538179,0.016855358255393648,33.916666666666664,17.541666666666668,0.03805819375020292,0.10826795131456272,0.09930228806205159,"{""residual+conditioning+solver_failure"": 25, ""residual+conditioning"": 23}"
1.0,1.0,1.0,1.0,0.0015407000028062612,digits_5_vs_6,hybrid_qnn_lenient_residual_only_logreg,hybrid_qnn_lenient_residual_only,logreg,3,4,4,16,2.0,1.1,True,residual_only,qnn_lenient,80,,,,,,,5.971990199999709,,,,,,,,,,,,,,,,0.4791666666666667,1.0,0.7708333333333334,0.07160960741538179,0.016855358255393648,33.916666666666664,17.541666666666668,0.03821406875067623,0.10826795131456272,0.09930228806205159,"{""residual+conditioning+solver_failure"": 25, ""residual+conditioning"": 23}"
0.9791666666666666,0.9791666666666667,0.9787234042553191,1.0,0.0011019000012311153,digits_5_vs_6,hybrid_qnn_lenient_residual_only_svm_rbf,hybrid_qnn_lenient_residual_only,svm_rbf,3,4,4,16,2.0,1.1,True,residual_only,qnn_lenient,80,,,,,,,5.971990199999709,,,,,,,,,,,,,,,,0.4791666666666667,1.0,0.7708333333333334,0.07160960741538179,0.016855358255393648,33.916666666666664,17.541666666666668,0.03821406875067623,0.10826795131456272,0.09930228806205159,"{""residual+conditioning+solver_failure"": 25, ""residual+conditioning"": 23}"
1.0,1.0,1.0,1.0,48.99691889999667,digits_5_vs_6,hybrid_qnn_lenient_residual_only_qnn,hybrid_qnn_lenient_residual_only,qnn,3,4,4,16,2.0,1.1,True,residual_only,qnn_lenient,80,,,,,,,5.971990199999709,,,,,,,,,,,,,,,,0.4791666666666667,1.0,0.7708333333333334,0.07160960741538179,0.016855358255393648,33.916666666666664,17.541666666666668,0.03821406875067623,0.10826795131456272,0.09930228806205159,"{""residual+conditioning+solver_failure"": 25, ""residual+conditioning"": 23}"
1.0,1.0,1.0,1.0,0.0017473999978392385,digits_5_vs_6,pca_logreg,pca,logreg,4,4,4,16,2.0,1.1,True,full_balanced,standard,80,,,,,,,,,,,,,,,,,,,,,,,,,,,,,,,,,
1.0,1.0,1.0,1.0,0.046002900002349634,digits_5_vs_6,pca_mlp,pca,mlp,4,4,4,16,2.0,1.1,True,full_balanced,standard,80,,,,,,,,,,,,,,,,,,,,,,,,,,,,,,,,,
1.0,1.0,1.0,1.0,0.0015140000032261014,digits_5_vs_6,pca_svm_rbf,pca,svm_rbf,4,4,4,16,2.0,1.1,True,full_balanced,standard,80,,,,,,,,,,,,,,,,,,,,,,,,,,,,,,,,,
1.0,1.0,1.0,1.0,48.39192900000489,digits_5_vs_6,pca_qnn,pca,qnn,4,4,4,16,2.0,1.1,True,full_balanced,standard,80,,,,,,,,,,,,,,,,,,,,,,,,,,,,,,,,,
1.0,1.0,1.0,1.0,0.0018930000005639158,digits_5_vs_6,implicit_zero_logreg,implicit_zero,logreg,4,4,4,16,2.0,1.1,True,full_balanced,standard,80,0.75,0.030187927017764304,4.120315889218141e-12,32.833333333333336,0.0002771395828252328,0.16781318408596865,0.04313279999769293,,,,,,,,,,,,,,,,,,,,,,,,,,
1.0,1.0,1.0,1.0,0.0016049999976530671,digits_5_vs_6,implicit_zero_svm_rbf,implicit_zero,svm_rbf,4,4,4,16,2.0,1.1,True,full_balanced,standard,80,0.75,0.030187927017764304,4.120315889218141e-12,32.833333333333336,0.0002771395828252328,0.16781318408596865,0.04313279999769293,,,,,,,,,,,,,,,,,,,,,,,,,,
1.0,1.0,1.0,1.0,48.4460751000006,digits_5_vs_6,implicit_zero_qnn,implicit_zero,qnn,4,4,4,16,2.0,1.1,True,full_balanced,standard,80,0.75,0.030187927017764304,4.120315889218141e-12,32.833333333333336,0.0002771395828252328,0.16781318408596865,0.04313279999769293,,,,,,,,,,,,,,,,,,,,,,,,,,
1.0,1.0,1.0,1.0,0.001979099994059652,digits_5_vs_6,forced_full_light_logreg,forced_full_light,logreg,4,4,4,16,2.0,1.1,True,full_light,standard,80,,,,,,,30.22646939999686,0.7708333333333334,0.7083333333333334,0.75,0.5208333333333334,0.030187927017764304,0.07319424068141187,0.022525182368039742,4.120315889218141e-12,2.1939324835951083e-13,32.833333333333336,14.416666666666666,2013.0208333333333,0.1821765312494487,0.16781318408596865,0.10925279361002675,,,,,,,,,,,
0.9791666666666666,0.9791666666666667,0.9795918367346939,0.998263888888889,0.0011513999997987412,digits_5_vs_6,forced_full_light_svm_rbf,forced_full_light,svm_rbf,4,4,4,16,2.0,1.1,True,full_light,standard,80,,,,,,,30.22646939999686,0.7708333333333334,0.7083333333333334,0.75,0.5208333333333334,0.030187927017764304,0.07319424068141187,0.022525182368039742,4.120315889218141e-12,2.1939324835951083e-13,32.833333333333336,14.416666666666666,2013.0208333333333,0.1821765312494487,0.16781318408596865,0.10925279361002675,,,,,,,,,,,
0.9583333333333334,0.9583333333333334,0.9583333333333334,0.9826388888888888,48.62316239999927,digits_5_vs_6,forced_full_light_qnn,forced_full_light,qnn,4,4,4,16,2.0,1.1,True,full_light,standard,80,,,,,,,30.22646939999686,0.7708333333333334,0.7083333333333334,0.75,0.5208333333333334,0.030187927017764304,0.07319424068141187,0.022525182368039742,4.120315889218141e-12,2.1939324835951083e-13,32.833333333333336,14.416666666666666,2013.0208333333333,0.1821765312494487,0.16781318408596865,0.10925279361002675,,,,,,,,,,,
1.0,1.0,1.0,1.0,0.0019996999981231056,digits_5_vs_6,hybrid_standard_full_light_logreg,hybrid_standard_full_light,logreg,4,4,4,16,2.0,1.1,True,full_light,standard,80,,,,,,,7.535052200000791,,,,,,,,,,,,,,,,0.7708333333333334,0.3333333333333333,0.20833333333333334,0.022598701693684085,3.220789877944105e-12,32.833333333333336,26.75,0.0523151208329485,0.16781318408596865,0.01975055362809556,"{""none"": 32, ""conditioning+solver_failure"": 3, ""residual+conditioning+solver_failure"": 9, ""conditioning"": 4}"
0.9791666666666666,0.9791666666666667,0.9795918367346939,1.0,0.0011307999957352877,digits_5_vs_6,hybrid_standard_full_light_svm_rbf,hybrid_standard_full_light,svm_rbf,4,4,4,16,2.0,1.1,True,full_light,standard,80,,,,,,,7.535052200000791,,,,,,,,,,,,,,,,0.7708333333333334,0.3333333333333333,0.20833333333333334,0.022598701693684085,3.220789877944105e-12,32.833333333333336,26.75,0.0523151208329485,0.16781318408596865,0.01975055362809556,"{""none"": 32, ""conditioning+solver_failure"": 3, ""residual+conditioning+solver_failure"": 9, ""conditioning"": 4}"
1.0,1.0,1.0,1.0,47.97583260000101,digits_5_vs_6,hybrid_standard_full_light_qnn,hybrid_standard_full_light,qnn,4,4,4,16,2.0,1.1,True,full_light,standard,80,,,,,,,7.535052200000791,,,,,,,,,,,,,,,,0.7708333333333334,0.3333333333333333,0.20833333333333334,0.022598701693684085,3.220789877944105e-12,32.833333333333336,26.75,0.0523151208329485,0.16781318408596865,0.01975055362809556,"{""none"": 32, ""conditioning+solver_failure"": 3, ""residual+conditioning+solver_failure"": 9, ""conditioning"": 4}"
1.0,1.0,1.0,1.0,0.0020351999992271885,digits_5_vs_6,hybrid_aggressive_full_light_logreg,hybrid_aggressive_full_light,logreg,4,4,4,16,2.0,1.1,True,full_light,aggressive,80,,,,,,,13.615642500000831,,,,,,,,,,,,,,,,0.7708333333333334,0.5,0.3333333333333333,0.022598148221476325,2.643245362035765e-12,32.833333333333336,23.916666666666668,0.08900041875055346,0.16781318408596865,0.05192883527867461,"{""conditioning"": 12, ""none"": 24, ""residual+conditioning+solver_failure"": 12}"
1.0,1.0,1.0,1.0,0.0012265000041224994,digits_5_vs_6,hybrid_aggressive_full_light_svm_rbf,hybrid_aggressive_full_light,svm_rbf,4,4,4,16,2.0,1.1,True,full_light,aggressive,80,,,,,,,13.615642500000831,,,,,,,,,,,,,,,,0.7708333333333334,0.5,0.3333333333333333,0.022598148221476325,2.643245362035765e-12,32.833333333333336,23.916666666666668,0.08900041875055346,0.16781318408596865,0.05192883527867461,"{""conditioning"": 12, ""none"": 24, ""residual+conditioning+solver_failure"": 12}"
1.0,1.0,1.0,1.0,48.67640080000274,digits_5_vs_6,hybrid_aggressive_full_light_qnn,hybrid_aggressive_full_light,qnn,4,4,4,16,2.0,1.1,True,full_light,aggressive,80,,,,,,,13.615642500000831,,,,,,,,,,,,,,,,0.7708333333333334,0.5,0.3333333333333333,0.022598148221476325,2.643245362035765e-12,32.833333333333336,23.916666666666668,0.08900041875055346,0.16781318408596865,0.05192883527867461,"{""conditioning"": 12, ""none"": 24, ""residual+conditioning+solver_failure"": 12}"
1.0,1.0,1.0,1.0,0.002133299996785354,digits_5_vs_6,hybrid_always_trigger_full_light_logreg,hybrid_always_trigger_full_light,logreg,4,4,4,16,2.0,1.1,True,full_light,always_trigger,80,,,,,,,30.67338000000018,,,,,,,,,,,,,,,,0.7708333333333334,1.0,0.625,0.0225985620437397,3.8547212086975475e-14,32.833333333333336,17.270833333333332,0.18137187500042273,0.16781318408596865,0.10902619084514809,"{""residual+conditioning"": 36, ""residual+conditioning+solver_failure"": 12}"
0.9791666666666666,0.9791666666666667,0.9795918367346939,0.998263888888889,0.0011133000007248484,digits_5_vs_6,hybrid_always_trigger_full_light_svm_rbf,hybrid_always_trigger_full_light,svm_rbf,4,4,4,16,2.0,1.1,True,full_light,always_trigger,80,,,,,,,30.67338000000018,,,,,,,,,,,,,,,,0.7708333333333334,1.0,0.625,0.0225985620437397,3.8547212086975475e-14,32.833333333333336,17.270833333333332,0.18137187500042273,0.16781318408596865,0.10902619084514809,"{""residual+conditioning"": 36, ""residual+conditioning+solver_failure"": 12}"
0.9583333333333334,0.9583333333333334,0.9583333333333334,0.9826388888888888,47.86654609999823,digits_5_vs_6,hybrid_always_trigger_full_light_qnn,hybrid_always_trigger_full_light,qnn,4,4,4,16,2.0,1.1,True,full_light,always_trigger,80,,,,,,,30.67338000000018,,,,,,,,,,,,,,,,0.7708333333333334,1.0,0.625,0.0225985620437397,3.8547212086975475e-14,32.833333333333336,17.270833333333332,0.18137187500042273,0.16781318408596865,0.10902619084514809,"{""residual+conditioning"": 36, ""residual+conditioning+solver_failure"": 12}"
1.0,1.0,1.0,1.0,0.0017368999979225919,digits_5_vs_6,hybrid_qnn_lenient_full_light_logreg,hybrid_qnn_lenient_full_light,logreg,4,4,4,16,2.0,1.1,True,full_light,qnn_lenient,80,,,,,,,30.720769700004894,,,,,,,,,,,,,,,,0.7708333333333334,1.0,0.625,0.0225985620437397,3.8547212086975475e-14,32.833333333333336,17.270833333333332,0.1809213916671979,0.16781318408596865,0.10902619084514809,"{""residual+conditioning"": 36, ""residual+conditioning+solver_failure"": 12}"
0.9791666666666666,0.9791666666666667,0.9795918367346939,0.998263888888889,0.001120599998102989,digits_5_vs_6,hybrid_qnn_lenient_full_light_svm_rbf,hybrid_qnn_lenient_full_light,svm_rbf,4,4,4,16,2.0,1.1,True,full_light,qnn_lenient,80,,,,,,,30.720769700004894,,,,,,,,,,,,,,,,0.7708333333333334,1.0,0.625,0.0225985620437397,3.8547212086975475e-14,32.833333333333336,17.270833333333332,0.1809213916671979,0.16781318408596865,0.10902619084514809,"{""residual+conditioning"": 36, ""residual+conditioning+solver_failure"": 12}"
0.9583333333333334,0.9583333333333334,0.9583333333333334,0.9826388888888888,48.0257316999996,digits_5_vs_6,hybrid_qnn_lenient_full_light_qnn,hybrid_qnn_lenient_full_light,qnn,4,4,4,16,2.0,1.1,True,full_light,qnn_lenient,80,,,,,,,30.720769700004894,,,,,,,,,,,,,,,,0.7708333333333334,1.0,0.625,0.0225985620437397,3.8547212086975475e-14,32.833333333333336,17.270833333333332,0.1809213916671979,0.16781318408596865,0.10902619084514809,"{""residual+conditioning"": 36, ""residual+conditioning+solver_failure"": 12}"
1.0,1.0,1.0,1.0,0.001942100003361702,digits_5_vs_6,forced_full_balanced_logreg,forced_full_balanced,logreg,4,4,4,16,2.0,1.1,True,full_balanced,standard,80,,,,,,,43.479653899994446,0.7708333333333334,0.7083333333333334,0.75,0.5625,0.030187927017764304,0.0669781973159217,0.02256312363302658,4.120315889218141e-12,5.534472255659192e-16,32.833333333333336,15.666666666666666,2376.0416666666665,0.25366473124995537,0.16781318408596865,0.1201020937793571,,,,,,,,,,,
0.9583333333333334,0.9583333333333334,0.9583333333333334,0.998263888888889,0.00112269999954151,digits_5_vs_6,forced_full_balanced_svm_rbf,forced_full_balanced,svm_rbf,4,4,4,16,2.0,1.1,True,full_balanced,standard,80,,,,,,,43.479653899994446,0.7708333333333334,0.7083333333333334,0.75,0.5625,0.030187927017764304,0.0669781973159217,0.02256312363302658,4.120315889218141e-12,5.534472255659192e-16,32.833333333333336,15.666666666666666,2376.0416666666665,0.25366473124995537,0.16781318408596865,0.1201020937793571,,,,,,,,,,,
1.0,1.0,1.0,1.0,48.1752342999971,digits_5_vs_6,forced_full_balanced_qnn,forced_full_balanced,qnn,4,4,4,16,2.0,1.1,True,full_balanced,standard,80,,,,,,,43.479653899994446,0.7708333333333334,0.7083333333333334,0.75,0.5625,0.030187927017764304,0.0669781973159217,0.02256312363302658,4.120315889218141e-12,5.534472255659192e-16,32.833333333333336,15.666666666666666,2376.0416666666665,0.25366473124995537,0.16781318408596865,0.1201020937793571,,,,,,,,,,,
1.0,1.0,1.0,1.0,0.002079600002616644,digits_5_vs_6,hybrid_standard_full_balanced_logreg,hybrid_standard_full_balanced,logreg,4,4,4,16,2.0,1.1,True,full_balanced,standard,80,,,,,,,9.474047600000631,,,,,,,,,,,,,,,,0.7708333333333334,0.3333333333333333,0.16666666666666666,0.02260960173595734,3.220789877944105e-12,32.833333333333336,28.354166666666668,0.0627540083326797,0.16781318408596865,0.020774460458390164,"{""none"": 32, ""conditioning+solver_failure"": 3, ""residual+conditioning+solver_failure"": 9, ""conditioning"": 4}"
0.9791666666666666,0.9791666666666667,0.9795918367346939,0.998263888888889,0.0011360999997123145,digits_5_vs_6,hybrid_standard_full_balanced_svm_rbf,hybrid_standard_full_balanced,svm_rbf,4,4,4,16,2.0,1.1,True,full_balanced,standard,80,,,,,,,9.474047600000631,,,,,,,,,,,,,,,,0.7708333333333334,0.3333333333333333,0.16666666666666666,0.02260960173595734,3.220789877944105e-12,32.833333333333336,28.354166666666668,0.0627540083326797,0.16781318408596865,0.020774460458390164,"{""none"": 32, ""conditioning+solver_failure"": 3, ""residual+conditioning+solver_failure"": 9, ""conditioning"": 4}"
1.0,1.0,1.0,1.0,48.5106930999973,digits_5_vs_6,hybrid_standard_full_balanced_qnn,hybrid_standard_full_balanced,qnn,4,4,4,16,2.0,1.1,True,full_balanced,standard,80,,,,,,,9.474047600000631,,,,,,,,,,,,,,,,0.7708333333333334,0.3333333333333333,0.16666666666666666,0.02260960173595734,3.220789877944105e-12,32.833333333333336,28.354166666666668,0.0627540083326797,0.16781318408596865,0.020774460458390164,"{""none"": 32, ""conditioning+solver_failure"": 3, ""residual+conditioning+solver_failure"": 9, ""conditioning"": 4}"
1.0,1.0,1.0,1.0,0.0017168999984278344,digits_5_vs_6,hybrid_aggressive_full_balanced_logreg,hybrid_aggressive_full_balanced,logreg,4,4,4,16,2.0,1.1,True,full_balanced,aggressive,80,,,,,,,18.467894999994314,,,,,,,,,,,,,,,,0.7708333333333334,0.5,0.2916666666666667,0.022607823741817287,2.643245362035765e-12,32.833333333333336,25.479166666666668,0.12019067499992768,0.16781318408596865,0.05257915277339164,"{""conditioning"": 12, ""none"": 24, ""residual+conditioning+solver_failure"": 12}"
1.0,1.0,1.0,1.0,0.0011187999989488162,digits_5_vs_6,hybrid_aggressive_full_balanced_svm_rbf,hybrid_aggressive_full_balanced,svm_rbf,4,4,4,16,2.0,1.1,True,full_balanced,aggressive,80,,,,,,,18.467894999994314,,,,,,,,,,,,,,,,0.7708333333333334,0.5,0.2916666666666667,0.022607823741817287,2.643245362035765e-12,32.833333333333336,25.479166666666668,0.12019067499992768,0.16781318408596865,0.05257915277339164,"{""conditioning"": 12, ""none"": 24, ""residual+conditioning+solver_failure"": 12}"
1.0,1.0,1.0,1.0,48.644659800003865,digits_5_vs_6,hybrid_aggressive_full_balanced_qnn,hybrid_aggressive_full_balanced,qnn,4,4,4,16,2.0,1.1,True,full_balanced,aggressive,80,,,,,,,18.467894999994314,,,,,,,,,,,,,,,,0.7708333333333334,0.5,0.2916666666666667,0.022607823741817287,2.643245362035765e-12,32.833333333333336,25.479166666666668,0.12019067499992768,0.16781318408596865,0.05257915277339164,"{""conditioning"": 12, ""none"": 24, ""residual+conditioning+solver_failure"": 12}"
1.0,1.0,1.0,1.0,0.0019670999972731806,digits_5_vs_6,hybrid_always_trigger_full_balanced_logreg,hybrid_always_trigger_full_balanced,logreg,4,4,4,16,2.0,1.1,True,full_balanced,always_trigger,80,,,,,,,44.44911589999538,,,,,,,,,,,,,,,,0.7708333333333334,1.0,0.625,0.022604530750144725,4.693929294060076e-16,32.833333333333336,18.729166666666668,0.2613439854161091,0.16781318408596865,0.12012634496627893,"{""residual+conditioning"": 36, ""residual+conditioning+solver_failure"": 12}"
0.9583333333333334,0.9583333333333334,0.9583333333333334,0.998263888888889,0.0011257000005571172,digits_5_vs_6,hybrid_always_trigger_full_balanced_svm_rbf,hybrid_always_trigger_full_balanced,svm_rbf,4,4,4,16,2.0,1.1,True,full_balanced,always_trigger,80,,,,,,,44.44911589999538,,,,,,,,,,,,,,,,0.7708333333333334,1.0,0.625,0.022604530750144725,4.693929294060076e-16,32.833333333333336,18.729166666666668,0.2613439854161091,0.16781318408596865,0.12012634496627893,"{""residual+conditioning"": 36, ""residual+conditioning+solver_failure"": 12}"
1.0,1.0,1.0,1.0,48.71053119999851,digits_5_vs_6,hybrid_always_trigger_full_balanced_qnn,hybrid_always_trigger_full_balanced,qnn,4,4,4,16,2.0,1.1,True,full_balanced,always_trigger,80,,,,,,,44.44911589999538,,,,,,,,,,,,,,,,0.7708333333333334,1.0,0.625,0.022604530750144725,4.693929294060076e-16,32.833333333333336,18.729166666666668,0.2613439854161091,0.16781318408596865,0.12012634496627893,"{""residual+conditioning"": 36, ""residual+conditioning+solver_failure"": 12}"
1.0,1.0,1.0,1.0,0.0016232999987551011,digits_5_vs_6,hybrid_qnn_lenient_full_balanced_logreg,hybrid_qnn_lenient_full_balanced,logreg,4,4,4,16,2.0,1.1,True,full_balanced,qnn_lenient,80,,,,,,,44.43197549999604,,,,,,,,,,,,,,,,0.7708333333333334,1.0,0.625,0.022604530750144725,4.693929294060076e-16,32.833333333333336,18.729166666666668,0.2619005083333832,0.16781318408596865,0.12012634496627893,"{""residual+conditioning"": 36, ""residual+conditioning+solver_failure"": 12}"
0.9583333333333334,0.9583333333333334,0.9583333333333334,0.998263888888889,0.001130399999965448,digits_5_vs_6,hybrid_qnn_lenient_full_balanced_svm_rbf,hybrid_qnn_lenient_full_balanced,svm_rbf,4,4,4,16,2.0,1.1,True,full_balanced,qnn_lenient,80,,,,,,,44.43197549999604,,,,,,,,,,,,,,,,0.7708333333333334,1.0,0.625,0.022604530750144725,4.693929294060076e-16,32.833333333333336,18.729166666666668,0.2619005083333832,0.16781318408596865,0.12012634496627893,"{""residual+conditioning"": 36, ""residual+conditioning+solver_failure"": 12}"
1.0,1.0,1.0,1.0,48.46160190000228,digits_5_vs_6,hybrid_qnn_lenient_full_balanced_qnn,hybrid_qnn_lenient_full_balanced,qnn,4,4,4,16,2.0,1.1,True,full_balanced,qnn_lenient,80,,,,,,,44.43197549999604,,,,,,,,,,,,,,,,0.7708333333333334,1.0,0.625,0.022604530750144725,4.693929294060076e-16,32.833333333333336,18.729166666666668,0.2619005083333832,0.16781318408596865,0.12012634496627893,"{""residual+conditioning"": 36, ""residual+conditioning+solver_failure"": 12}"
1.0,1.0,1.0,1.0,0.0019567999988794327,digits_5_vs_6,forced_qnn_oriented_logreg,forced_qnn_oriented,logreg,4,4,4,16,2.0,1.1,True,qnn_oriented,standard,80,,,,,,,58.60257080000156,0.7708333333333334,0.7083333333333334,0.75,0.5208333333333334,0.030187927017764304,0.0744360466606076,0.022491390431549255,4.120315889218141e-12,5.636098582074135e-16,32.833333333333336,14.416666666666666,2644.5,0.35060674791687535,0.16781318408596865,0.10924533824512568,,,,,,,,,,,
0.9583333333333334,0.9583333333333334,0.9583333333333334,0.998263888888889,0.0011569999987841584,digits_5_vs_6,forced_qnn_oriented_svm_rbf,forced_qnn_oriented,svm_rbf,4,4,4,16,2.0,1.1,True,qnn_oriented,standard,80,,,,,,,58.60257080000156,0.7708333333333334,0.7083333333333334,0.75,0.5208333333333334,0.030187927017764304,0.0744360466606076,0.022491390431549255,4.120315889218141e-12,5.636098582074135e-16,32.833333333333336,14.416666666666666,2644.5,0.35060674791687535,0.16781318408596865,0.10924533824512568,,,,,,,,,,,
1.0,1.0,1.0,1.0,48.207375999998476,digits_5_vs_6,forced_qnn_oriented_qnn,forced_qnn_oriented,qnn,4,4,4,16,2.0,1.1,True,qnn_oriented,standard,80,,,,,,,58.60257080000156,0.7708333333333334,0.7083333333333334,0.75,0.5208333333333334,0.030187927017764304,0.0744360466606076,0.022491390431549255,4.120315889218141e-12,5.636098582074135e-16,32.833333333333336,14.416666666666666,2644.5,0.35060674791687535,0.16781318408596865,0.10924533824512568,,,,,,,,,,,
1.0,1.0,1.0,1.0,0.002256400002806913,digits_5_vs_6,hybrid_standard_qnn_oriented_logreg,hybrid_standard_qnn_oriented,logreg,4,4,4,16,2.0,1.1,True,qnn_oriented,standard,80,,,,,,,13.064046899999084,,,,,,,,,,,,,,,,0.7708333333333334,0.3333333333333333,0.20833333333333334,0.022565695892301816,3.220789877944105e-12,32.833333333333336,27.145833333333332,0.08983021041664567,0.16781318408596865,0.019866888838038624,"{""none"": 32, ""conditioning+solver_failure"": 3, ""residual+conditioning+solver_failure"": 9, ""conditioning"": 4}"
0.9791666666666666,0.9791666666666667,0.9795918367346939,0.998263888888889,0.0011513999997987412,digits_5_vs_6,hybrid_standard_qnn_oriented_svm_rbf,hybrid_standard_qnn_oriented,svm_rbf,4,4,4,16,2.0,1.1,True,qnn_oriented,standard,80,,,,,,,13.064046899999084,,,,,,,,,,,,,,,,0.7708333333333334,0.3333333333333333,0.20833333333333334,0.022565695892301816,3.220789877944105e-12,32.833333333333336,27.145833333333332,0.08983021041664567,0.16781318408596865,0.019866888838038624,"{""none"": 32, ""conditioning+solver_failure"": 3, ""residual+conditioning+solver_failure"": 9, ""conditioning"": 4}"
0.9791666666666666,0.9791666666666667,0.9787234042553191,1.0,48.47618289999809,digits_5_vs_6,hybrid_standard_qnn_oriented_qnn,hybrid_standard_qnn_oriented,qnn,4,4,4,16,2.0,1.1,True,qnn_oriented,standard,80,,,,,,,13.064046899999084,,,,,,,,,,,,,,,,0.7708333333333334,0.3333333333333333,0.20833333333333334,0.022565695892301816,3.220789877944105e-12,32.833333333333336,27.145833333333332,0.08983021041664567,0.16781318408596865,0.019866888838038624,"{""none"": 32, ""conditioning+solver_failure"": 3, ""residual+conditioning+solver_failure"": 9, ""conditioning"": 4}"
1.0,1.0,1.0,1.0,0.0017084999999497086,digits_5_vs_6,hybrid_aggressive_qnn_oriented_logreg,hybrid_aggressive_qnn_oriented,logreg,4,4,4,16,2.0,1.1,True,qnn_oriented,aggressive,80,,,,,,,25.74592819999816,,,,,,,,,,,,,,,,0.7708333333333334,0.5,0.3333333333333333,0.02256101399640706,2.643245362035765e-12,32.833333333333336,24.270833333333332,0.1697101812510482,0.16781318408596865,0.052075453208773735,"{""conditioning"": 12, ""none"": 24, ""residual+conditioning+solver_failure"": 12}"
0.9791666666666666,0.9791666666666667,0.9787234042553191,1.0,0.0011459000015747733,digits_5_vs_6,hybrid_aggressive_qnn_oriented_svm_rbf,hybrid_aggressive_qnn_oriented,svm_rbf,4,4,4,16,2.0,1.1,True,qnn_oriented,aggressive,80,,,,,,,25.74592819999816,,,,,,,,,,,,,,,,0.7708333333333334,0.5,0.3333333333333333,0.02256101399640706,2.643245362035765e-12,32.833333333333336,24.270833333333332,0.1697101812510482,0.16781318408596865,0.052075453208773735,"{""conditioning"": 12, ""none"": 24, ""residual+conditioning+solver_failure"": 12}"
1.0,1.0,1.0,1.0,48.80192700000043,digits_5_vs_6,hybrid_aggressive_qnn_oriented_qnn,hybrid_aggressive_qnn_oriented,qnn,4,4,4,16,2.0,1.1,True,qnn_oriented,aggressive,80,,,,,,,25.74592819999816,,,,,,,,,,,,,,,,0.7708333333333334,0.5,0.3333333333333333,0.02256101399640706,2.643245362035765e-12,32.833333333333336,24.270833333333332,0.1697101812510482,0.16781318408596865,0.052075453208773735,"{""conditioning"": 12, ""none"": 24, ""residual+conditioning+solver_failure"": 12}"
1.0,1.0,1.0,1.0,0.002054099997621961,digits_5_vs_6,hybrid_always_trigger_qnn_oriented_logreg,hybrid_always_trigger_qnn_oriented,logreg,4,4,4,16,2.0,1.1,True,qnn_oriented,always_trigger,80,,,,,,,58.7304398999986,,,,,,,,,,,,,,,,0.7708333333333334,1.0,0.6458333333333334,0.02256791563673909,5.583706217933444e-16,32.833333333333336,17.1875,0.3477389666671418,0.16781318408596865,0.10909813009274034,"{""residual+conditioning"": 36, ""residual+conditioning+solver_failure"": 12}"
0.9583333333333334,0.9583333333333334,0.9583333333333334,0.998263888888889,0.001167499998700805,digits_5_vs_6,hybrid_always_trigger_qnn_oriented_svm_rbf,hybrid_always_trigger_qnn_oriented,svm_rbf,4,4,4,16,2.0,1.1,True,qnn_oriented,always_trigger,80,,,,,,,58.7304398999986,,,,,,,,,,,,,,,,0.7708333333333334,1.0,0.6458333333333334,0.02256791563673909,5.583706217933444e-16,32.833333333333336,17.1875,0.3477389666671418,0.16781318408596865,0.10909813009274034,"{""residual+conditioning"": 36, ""residual+conditioning+solver_failure"": 12}"
0.9791666666666666,0.9791666666666667,0.9795918367346939,1.0,48.51898030000302,digits_5_vs_6,hybrid_always_trigger_qnn_oriented_qnn,hybrid_always_trigger_qnn_oriented,qnn,4,4,4,16,2.0,1.1,True,qnn_oriented,always_trigger,80,,,,,,,58.7304398999986,,,,,,,,,,,,,,,,0.7708333333333334,1.0,0.6458333333333334,0.02256791563673909,5.583706217933444e-16,32.833333333333336,17.1875,0.3477389666671418,0.16781318408596865,0.10909813009274034,"{""residual+conditioning"": 36, ""residual+conditioning+solver_failure"": 12}"
1.0,1.0,1.0,1.0,0.0020963999995728955,digits_5_vs_6,hybrid_qnn_lenient_qnn_oriented_logreg,hybrid_qnn_lenient_qnn_oriented,logreg,4,4,4,16,2.0,1.1,True,qnn_oriented,qnn_lenient,80,,,,,,,58.89741439999489,,,,,,,,,,,,,,,,0.7708333333333334,1.0,0.6458333333333334,0.02256791563673909,5.583706217933444e-16,32.833333333333336,17.1875,0.34691174374984257,0.16781318408596865,0.10909813009274034,"{""residual+conditioning"": 36, ""residual+conditioning+solver_failure"": 12}"
0.9583333333333334,0.9583333333333334,0.9583333333333334,0.998263888888889,0.0011438000001362525,digits_5_vs_6,hybrid_qnn_lenient_qnn_oriented_svm_rbf,hybrid_qnn_lenient_qnn_oriented,svm_rbf,4,4,4,16,2.0,1.1,True,qnn_oriented,qnn_lenient,80,,,,,,,58.89741439999489,,,,,,,,,,,,,,,,0.7708333333333334,1.0,0.6458333333333334,0.02256791563673909,5.583706217933444e-16,32.833333333333336,17.1875,0.34691174374984257,0.16781318408596865,0.10909813009274034,"{""residual+conditioning"": 36, ""residual+conditioning+solver_failure"": 12}"
0.9791666666666666,0.9791666666666667,0.9795918367346939,1.0,48.52973510000447,digits_5_vs_6,hybrid_qnn_lenient_qnn_oriented_qnn,hybrid_qnn_lenient_qnn_oriented,qnn,4,4,4,16,2.0,1.1,True,qnn_oriented,qnn_lenient,80,,,,,,,58.89741439999489,,,,,,,,,,,,,,,,0.7708333333333334,1.0,0.6458333333333334,0.02256791563673909,5.583706217933444e-16,32.833333333333336,17.1875,0.34691174374984257,0.16781318408596865,0.10909813009274034,"{""residual+conditioning"": 36, ""residual+conditioning+solver_failure"": 12}"
1.0,1.0,1.0,1.0,0.001771899995219428,digits_5_vs_6,forced_qnn_exploratory_logreg,forced_qnn_exploratory,logreg,4,4,4,16,2.0,1.1,True,qnn_exploratory,standard,80,,,,,,,69.95646059999854,0.7708333333333334,0.7291666666666666,0.75,0.5416666666666666,0.030187927017764304,0.05648266712827521,0.022480527039246686,4.120315889218141e-12,5.245649076373349e-16,32.833333333333336,13.6875,2779.4375,0.4112129437504943,0.16781318408596865,0.11244716470847216,,,,,,,,,,,
1.0,1.0,1.0,1.0,0.00109379999776138,digits_5_vs_6,forced_qnn_exploratory_svm_rbf,forced_qnn_exploratory,svm_rbf,4,4,4,16,2.0,1.1,True,qnn_exploratory,standard,80,,,,,,,69.95646059999854,0.7708333333333334,0.7291666666666666,0.75,0.5416666666666666,0.030187927017764304,0.05648266712827521,0.022480527039246686,4.120315889218141e-12,5.245649076373349e-16,32.833333333333336,13.6875,2779.4375,0.4112129437504943,0.16781318408596865,0.11244716470847216,,,,,,,,,,,
0.9166666666666666,0.9166666666666666,0.9166666666666666,0.9861111111111112,48.55835830000433,digits_5_vs_6,forced_qnn_exploratory_qnn,forced_qnn_exploratory,qnn,4,4,4,16,2.0,1.1,True,qnn_exploratory,standard,80,,,,,,,69.95646059999854,0.7708333333333334,0.7291666666666666,0.75,0.5416666666666666,0.030187927017764304,0.05648266712827521,0.022480527039246686,4.120315889218141e-12,5.245649076373349e-16,32.833333333333336,13.6875,2779.4375,0.4112129437504943,0.16781318408596865,0.11244716470847216,,,,,,,,,,,
1.0,1.0,1.0,1.0,0.001822300000640098,digits_5_vs_6,hybrid_standard_qnn_exploratory_logreg,hybrid_standard_qnn_exploratory,logreg,4,4,4,16,2.0,1.1,True,qnn_exploratory,standard,80,,,,,,,15.602277199999662,,,,,,,,,,,,,,,,0.7708333333333334,0.3333333333333333,0.22916666666666666,0.022553628988656718,3.220789877944105e-12,32.833333333333336,26.3125,0.09695914166726045,0.16781318408596865,0.01992070541677785,"{""none"": 32, ""conditioning+solver_failure"": 3, ""residual+conditioning+solver_failure"": 9, ""conditioning"": 4}"
0.9583333333333334,0.9583333333333334,0.9583333333333334,0.998263888888889,0.0011301999984425493,digits_5_vs_6,hybrid_standard_qnn_exploratory_svm_rbf,hybrid_standard_qnn_exploratory,svm_rbf,4,4,4,16,2.0,1.1,True,qnn_exploratory,standard,80,,,,,,,15.602277199999662,,,,,,,,,,,,,,,,0.7708333333333334,0.3333333333333333,0.22916666666666666,0.022553628988656718,3.220789877944105e-12,32.833333333333336,26.3125,0.09695914166726045,0.16781318408596865,0.01992070541677785,"{""none"": 32, ""conditioning+solver_failure"": 3, ""residual+conditioning+solver_failure"": 9, ""conditioning"": 4}"
1.0,1.0,1.0,1.0,48.19085500000074,digits_5_vs_6,hybrid_standard_qnn_exploratory_qnn,hybrid_standard_qnn_exploratory,qnn,4,4,4,16,2.0,1.1,True,qnn_exploratory,standard,80,,,,,,,15.602277199999662,,,,,,,,,,,,,,,,0.7708333333333334,0.3333333333333333,0.22916666666666666,0.022553628988656718,3.220789877944105e-12,32.833333333333336,26.3125,0.09695914166726045,0.16781318408596865,0.01992070541677785,"{""none"": 32, ""conditioning+solver_failure"": 3, ""residual+conditioning+solver_failure"": 9, ""conditioning"": 4}"
1.0,1.0,1.0,1.0,0.0017781999995349906,digits_5_vs_6,hybrid_aggressive_qnn_exploratory_logreg,hybrid_aggressive_qnn_exploratory,logreg,4,4,4,16,2.0,1.1,True,qnn_exploratory,aggressive,80,,,,,,,31.519375100004254,,,,,,,,,,,,,,,,0.7708333333333334,0.5,0.3333333333333333,0.02256599122173128,2.643245362035765e-12,32.833333333333336,23.833333333333332,0.19697264791648195,0.16781318408596865,0.052137525582647885,"{""conditioning"": 12, ""none"": 24, ""residual+conditioning+solver_failure"": 12}"
0.9791666666666666,0.9791666666666667,0.9795918367346939,1.0,0.001153199998952914,digits_5_vs_6,hybrid_aggressive_qnn_exploratory_svm_rbf,hybrid_aggressive_qnn_exploratory,svm_rbf,4,4,4,16,2.0,1.1,True,qnn_exploratory,aggressive,80,,,,,,,31.519375100004254,,,,,,,,,,,,,,,,0.7708333333333334,0.5,0.3333333333333333,0.02256599122173128,2.643245362035765e-12,32.833333333333336,23.833333333333332,0.19697264791648195,0.16781318408596865,0.052137525582647885,"{""conditioning"": 12, ""none"": 24, ""residual+conditioning+solver_failure"": 12}"
0.9791666666666666,0.9791666666666667,0.9787234042553191,1.0,48.14962160000141,digits_5_vs_6,hybrid_aggressive_qnn_exploratory_qnn,hybrid_aggressive_qnn_exploratory,qnn,4,4,4,16,2.0,1.1,True,qnn_exploratory,aggressive,80,,,,,,,31.519375100004254,,,,,,,,,,,,,,,,0.7708333333333334,0.5,0.3333333333333333,0.02256599122173128,2.643245362035765e-12,32.833333333333336,23.833333333333332,0.19697264791648195,0.16781318408596865,0.052137525582647885,"{""conditioning"": 12, ""none"": 24, ""residual+conditioning+solver_failure"": 12}"
1.0,1.0,1.0,1.0,0.001955300002009608,digits_5_vs_6,hybrid_always_trigger_qnn_exploratory_logreg,hybrid_always_trigger_qnn_exploratory,logreg,4,4,4,16,2.0,1.1,True,qnn_exploratory,always_trigger,80,,,,,,,69.67097830000421,,,,,,,,,,,,,,,,0.7708333333333334,1.0,0.6458333333333334,0.022557557500346822,5.099023434254065e-16,32.833333333333336,17.145833333333332,0.4154849916661381,0.16781318408596865,0.11244073343169136,"{""residual+conditioning"": 36, ""residual+conditioning+solver_failure"": 12}"
1.0,1.0,1.0,1.0,0.0012215000024298206,digits_5_vs_6,hybrid_always_trigger_qnn_exploratory_svm_rbf,hybrid_always_trigger_qnn_exploratory,svm_rbf,4,4,4,16,2.0,1.1,True,qnn_exploratory,always_trigger,80,,,,,,,69.67097830000421,,,,,,,,,,,,,,,,0.7708333333333334,1.0,0.6458333333333334,0.022557557500346822,5.099023434254065e-16,32.833333333333336,17.145833333333332,0.4154849916661381,0.16781318408596865,0.11244073343169136,"{""residual+conditioning"": 36, ""residual+conditioning+solver_failure"": 12}"
0.9583333333333334,0.9583333333333334,0.9583333333333334,0.9965277777777778,48.45374240000092,digits_5_vs_6,hybrid_always_trigger_qnn_exploratory_qnn,hybrid_always_trigger_qnn_exploratory,qnn,4,4,4,16,2.0,1.1,True,qnn_exploratory,always_trigger,80,,,,,,,69.67097830000421,,,,,,,,,,,,,,,,0.7708333333333334,1.0,0.6458333333333334,0.022557557500346822,5.099023434254065e-16,32.833333333333336,17.145833333333332,0.4154849916661381,0.16781318408596865,0.11244073343169136,"{""residual+conditioning"": 36, ""residual+conditioning+solver_failure"": 12}"
1.0,1.0,1.0,1.0,0.0015697999988333322,digits_5_vs_6,hybrid_qnn_lenient_qnn_exploratory_logreg,hybrid_qnn_lenient_qnn_exploratory,logreg,4,4,4,16,2.0,1.1,True,qnn_exploratory,qnn_lenient,80,,,,,,,69.72154520000186,,,,,,,,,,,,,,,,0.7708333333333334,1.0,0.6458333333333334,0.022557557500346822,5.099023434254065e-16,32.833333333333336,17.145833333333332,0.4171164479175786,0.16781318408596865,0.11244073343169136,"{""residual+conditioning"": 36, ""residual+conditioning+solver_failure"": 12}"
1.0,1.0,1.0,1.0,0.0011378999988664873,digits_5_vs_6,hybrid_qnn_lenient_qnn_exploratory_svm_rbf,hybrid_qnn_lenient_qnn_exploratory,svm_rbf,4,4,4,16,2.0,1.1,True,qnn_exploratory,qnn_lenient,80,,,,,,,69.72154520000186,,,,,,,,,,,,,,,,0.7708333333333334,1.0,0.6458333333333334,0.022557557500346822,5.099023434254065e-16,32.833333333333336,17.145833333333332,0.4171164479175786,0.16781318408596865,0.11244073343169136,"{""residual+conditioning"": 36, ""residual+conditioning+solver_failure"": 12}"
0.9583333333333334,0.9583333333333334,0.9583333333333334,0.9965277777777778,48.63821270000335,digits_5_vs_6,hybrid_qnn_lenient_qnn_exploratory_qnn,hybrid_qnn_lenient_qnn_exploratory,qnn,4,4,4,16,2.0,1.1,True,qnn_exploratory,qnn_lenient,80,,,,,,,69.72154520000186,,,,,,,,,,,,,,,,0.7708333333333334,1.0,0.6458333333333334,0.022557557500346822,5.099023434254065e-16,32.833333333333336,17.145833333333332,0.4171164479175786,0.16781318408596865,0.11244073343169136,"{""residual+conditioning"": 36, ""residual+conditioning+solver_failure"": 12}"
1.0,1.0,1.0,1.0,0.0019300000058137812,digits_5_vs_6,forced_no_detector_logreg,forced_no_detector,logreg,4,4,4,16,2.0,1.1,True,no_detector,standard,80,,,,,,,17.317311099999642,0.7708333333333334,0.7083333333333334,0.75,0.5625,0.030187927017764304,0.06695179662919507,0.022569082508408125,4.120315889218141e-12,5.384095702268735e-16,32.833333333333336,15.395833333333334,2425.625,0.10030998749971332,0.16781318408596865,0.12021261452884587,,,,,,,,,,,
0.9583333333333334,0.9583333333333334,0.9583333333333334,0.998263888888889,0.001135200000135228,digits_5_vs_6,forced_no_detector_svm_rbf,forced_no_detector,svm_rbf,4,4,4,16,2.0,1.1,True,no_detector,standard,80,,,,,,,17.317311099999642,0.7708333333333334,0.7083333333333334,0.75,0.5625,0.030187927017764304,0.06695179662919507,0.022569082508408125,4.120315889218141e-12,5.384095702268735e-16,32.833333333333336,15.395833333333334,2425.625,0.10030998749971332,0.16781318408596865,0.12021261452884587,,,,,,,,,,,
1.0,1.0,1.0,1.0,48.5294875000036,digits_5_vs_6,forced_no_detector_qnn,forced_no_detector,qnn,4,4,4,16,2.0,1.1,True,no_detector,standard,80,,,,,,,17.317311099999642,0.7708333333333334,0.7083333333333334,0.75,0.5625,0.030187927017764304,0.06695179662919507,0.022569082508408125,4.120315889218141e-12,5.384095702268735e-16,32.833333333333336,15.395833333333334,2425.625,0.10030998749971332,0.16781318408596865,0.12021261452884587,,,,,,,,,,,
1.0,1.0,1.0,1.0,0.001985499999136664,digits_5_vs_6,hybrid_standard_no_detector_logreg,hybrid_standard_no_detector,logreg,4,4,4,16,2.0,1.1,True,no_detector,standard,80,,,,,,,3.7472229999984847,,,,,,,,,,,,,,,,0.7708333333333334,0.3333333333333333,0.1875,0.022607832513331077,3.220789877944105e-12,32.833333333333336,27.416666666666668,0.024573681250330992,0.16781318408596865,0.020717916103335364,"{""none"": 32, ""conditioning+solver_failure"": 3, ""residual+conditioning+solver_failure"": 9, ""conditioning"": 4}"
0.9791666666666666,0.9791666666666667,0.9795918367346939,0.998263888888889,0.0011937999952351674,digits_5_vs_6,hybrid_standard_no_detector_svm_rbf,hybrid_standard_no_detector,svm_rbf,4,4,4,16,2.0,1.1,True,no_detector,standard,80,,,,,,,3.7472229999984847,,,,,,,,,,,,,,,,0.7708333333333334,0.3333333333333333,0.1875,0.022607832513331077,3.220789877944105e-12,32.833333333333336,27.416666666666668,0.024573681250330992,0.16781318408596865,0.020717916103335364,"{""none"": 32, ""conditioning+solver_failure"": 3, ""residual+conditioning+solver_failure"": 9, ""conditioning"": 4}"
1.0,1.0,1.0,1.0,48.4982175000041,digits_5_vs_6,hybrid_standard_no_detector_qnn,hybrid_standard_no_detector,qnn,4,4,4,16,2.0,1.1,True,no_detector,standard,80,,,,,,,3.7472229999984847,,,,,,,,,,,,,,,,0.7708333333333334,0.3333333333333333,0.1875,0.022607832513331077,3.220789877944105e-12,32.833333333333336,27.416666666666668,0.024573681250330992,0.16781318408596865,0.020717916103335364,"{""none"": 32, ""conditioning+solver_failure"": 3, ""residual+conditioning+solver_failure"": 9, ""conditioning"": 4}"
1.0,1.0,1.0,1.0,0.0017470999955548905,digits_5_vs_6,hybrid_aggressive_no_detector_logreg,hybrid_aggressive_no_detector,logreg,4,4,4,16,2.0,1.1,True,no_detector,aggressive,80,,,,,,,7.322605199995451,,,,,,,,,,,,,,,,0.7708333333333334,0.5,0.3125,0.02260783251282268,2.643245362035765e-12,32.833333333333336,24.520833333333332,0.045634339584163776,0.16781318408596865,0.05257163341379869,"{""conditioning"": 12, ""none"": 24, ""residual+conditioning+solver_failure"": 12}"
1.0,1.0,1.0,1.0,0.0011261000036029145,digits_5_vs_6,hybrid_aggressive_no_detector_svm_rbf,hybrid_aggressive_no_detector,svm_rbf,4,4,4,16,2.0,1.1,True,no_detector,aggressive,80,,,,,,,7.322605199995451,,,,,,,,,,,,,,,,0.7708333333333334,0.5,0.3125,0.02260783251282268,2.643245362035765e-12,32.833333333333336,24.520833333333332,0.045634339584163776,0.16781318408596865,0.05257163341379869,"{""conditioning"": 12, ""none"": 24, ""residual+conditioning+solver_failure"": 12}"
1.0,1.0,1.0,1.0,48.556304899997485,digits_5_vs_6,hybrid_aggressive_no_detector_qnn,hybrid_aggressive_no_detector,qnn,4,4,4,16,2.0,1.1,True,no_detector,aggressive,80,,,,,,,7.322605199995451,,,,,,,,,,,,,,,,0.7708333333333334,0.5,0.3125,0.02260783251282268,2.643245362035765e-12,32.833333333333336,24.520833333333332,0.045634339584163776,0.16781318408596865,0.05257163341379869,"{""conditioning"": 12, ""none"": 24, ""residual+conditioning+solver_failure"": 12}"
1.0,1.0,1.0,1.0,0.0018644000010681339,digits_5_vs_6,hybrid_always_trigger_no_detector_logreg,hybrid_always_trigger_no_detector,logreg,4,4,4,16,2.0,1.1,True,no_detector,always_trigger,80,,,,,,,17.29595359999803,,,,,,,,,,,,,,,,0.7708333333333334,1.0,0.6458333333333334,0.022607832510771853,5.384095702268735e-16,32.833333333333336,17.3125,0.10056866041607766,0.16781318408596865,0.12021261452884587,"{""residual+conditioning"": 36, ""residual+conditioning+solver_failure"": 12}"
0.9583333333333334,0.9583333333333334,0.9583333333333334,0.998263888888889,0.001134400001319591,digits_5_vs_6,hybrid_always_trigger_no_detector_svm_rbf,hybrid_always_trigger_no_detector,svm_rbf,4,4,4,16,2.0,1.1,True,no_detector,always_trigger,80,,,,,,,17.29595359999803,,,,,,,,,,,,,,,,0.7708333333333334,1.0,0.6458333333333334,0.022607832510771853,5.384095702268735e-16,32.833333333333336,17.3125,0.10056866041607766,0.16781318408596865,0.12021261452884587,"{""residual+conditioning"": 36, ""residual+conditioning+solver_failure"": 12}"
1.0,1.0,1.0,1.0,48.63586129999749,digits_5_vs_6,hybrid_always_trigger_no_detector_qnn,hybrid_always_trigger_no_detector,qnn,4,4,4,16,2.0,1.1,True,no_detector,always_trigger,80,,,,,,,17.29595359999803,,,,,,,,,,,,,,,,0.7708333333333334,1.0,0.6458333333333334,0.022607832510771853,5.384095702268735e-16,32.833333333333336,17.3125,0.10056866041607766,0.16781318408596865,0.12021261452884587,"{""residual+conditioning"": 36, ""residual+conditioning+solver_failure"": 12}"
1.0,1.0,1.0,1.0,0.001768499998433981,digits_5_vs_6,hybrid_qnn_lenient_no_detector_logreg,hybrid_qnn_lenient_no_detector,logreg,4,4,4,16,2.0,1.1,True,no_detector,qnn_lenient,80,,,,,,,17.82637230000546,,,,,,,,,,,,,,,,0.7708333333333334,1.0,0.6458333333333334,0.022607832510771853,5.384095702268735e-16,32.833333333333336,17.3125,0.10056056666644508,0.16781318408596865,0.12021261452884587,"{""residual+conditioning"": 36, ""residual+conditioning+solver_failure"": 12}"
0.9583333333333334,0.9583333333333334,0.9583333333333334,0.998263888888889,0.0011880000020028092,digits_5_vs_6,hybrid_qnn_lenient_no_detector_svm_rbf,hybrid_qnn_lenient_no_detector,svm_rbf,4,4,4,16,2.0,1.1,True,no_detector,qnn_lenient,80,,,,,,,17.82637230000546,,,,,,,,,,,,,,,,0.7708333333333334,1.0,0.6458333333333334,0.022607832510771853,5.384095702268735e-16,32.833333333333336,17.3125,0.10056056666644508,0.16781318408596865,0.12021261452884587,"{""residual+conditioning"": 36, ""residual+conditioning+solver_failure"": 12}"
1.0,1.0,1.0,1.0,48.27710529999604,digits_5_vs_6,hybrid_qnn_lenient_no_detector_qnn,hybrid_qnn_lenient_no_detector,qnn,4,4,4,16,2.0,1.1,True,no_detector,qnn_lenient,80,,,,,,,17.82637230000546,,,,,,,,,,,,,,,,0.7708333333333334,1.0,0.6458333333333334,0.022607832510771853,5.384095702268735e-16,32.833333333333336,17.3125,0.10056056666644508,0.16781318408596865,0.12021261452884587,"{""residual+conditioning"": 36, ""residual+conditioning+solver_failure"": 12}"
1.0,1.0,1.0,1.0,0.0017139999981736764,digits_5_vs_6,forced_residual_only_logreg,forced_residual_only,logreg,4,4,4,16,2.0,1.1,True,residual_only,standard,80,,,,,,,7.656270699997549,0.7916666666666666,0.6875,0.75,0.5416666666666666,0.030187927017764304,0.06812867585997041,0.018385449511627506,4.120315889218141e-12,5.366781980911998e-16,32.833333333333336,10.854166666666666,2498.5833333333335,0.045044377083437816,0.16781318408596865,0.11262157288845322,,,,,,,,,,,
1.0,1.0,1.0,1.0,0.0011183999959030189,digits_5_vs_6,forced_residual_only_svm_rbf,forced_residual_only,svm_rbf,4,4,4,16,2.0,1.1,True,residual_only,standard,80,,,,,,,7.656270699997549,0.7916666666666666,0.6875,0.75,0.5416666666666666,0.030187927017764304,0.06812867585997041,0.018385449511627506,4.120315889218141e-12,5.366781980911998e-16,32.833333333333336,10.854166666666666,2498.5833333333335,0.045044377083437816,0.16781318408596865,0.11262157288845322,,,,,,,,,,,
0.9791666666666666,0.9791666666666667,0.9787234042553191,1.0,48.52531050000107,digits_5_vs_6,forced_residual_only_qnn,forced_residual_only,qnn,4,4,4,16,2.0,1.1,True,residual_only,standard,80,,,,,,,7.656270699997549,0.7916666666666666,0.6875,0.75,0.5416666666666666,0.030187927017764304,0.06812867585997041,0.018385449511627506,4.120315889218141e-12,5.366781980911998e-16,32.833333333333336,10.854166666666666,2498.5833333333335,0.045044377083437816,0.16781318408596865,0.11262157288845322,,,,,,,,,,,
1.0,1.0,1.0,1.0,0.0015493999962927774,digits_5_vs_6,hybrid_standard_residual_only_logreg,hybrid_standard_residual_only,logreg,4,4,4,16,2.0,1.1,True,residual_only,standard,80,,,,,,,1.8090225999985705,,,,,,,,,,,,,,,,0.7916666666666666,0.3333333333333333,0.22916666666666666,0.018385465299731184,3.024499637601609e-12,32.833333333333336,25.708333333333332,0.012333002084081576,0.16781318408596865,0.039329206999964186,"{""none"": 32, ""conditioning+solver_failure"": 3, ""residual+conditioning+solver_failure"": 9, ""conditioning"": 4}"
0.9791666666666666,0.9791666666666667,0.9795918367346939,0.998263888888889,0.001144399997428991,digits_5_vs_6,hybrid_standard_residual_only_svm_rbf,hybrid_standard_residual_only,svm_rbf,4,4,4,16,2.0,1.1,True,residual_only,standard,80,,,,,,,1.8090225999985705,,,,,,,,,,,,,,,,0.7916666666666666,0.3333333333333333,0.22916666666666666,0.018385465299731184,3.024499637601609e-12,32.833333333333336,25.708333333333332,0.012333002084081576,0.16781318408596865,0.039329206999964186,"{""none"": 32, ""conditioning+solver_failure"": 3, ""residual+conditioning+solver_failure"": 9, ""conditioning"": 4}"
1.0,1.0,1.0,1.0,48.494293600000674,digits_5_vs_6,hybrid_standard_residual_only_qnn,hybrid_standard_residual_only,qnn,4,4,4,16,2.0,1.1,True,residual_only,standard,80,,,,,,,1.8090225999985705,,,,,,,,,,,,,,,,0.7916666666666666,0.3333333333333333,0.22916666666666666,0.018385465299731184,3.024499637601609e-12,32.833333333333336,25.708333333333332,0.012333002084081576,0.16781318408596865,0.039329206999964186,"{""none"": 32, ""conditioning+solver_failure"": 3, ""residual+conditioning+solver_failure"": 9, ""conditioning"": 4}"
1.0,1.0,1.0,1.0,0.002406100000371225,digits_5_vs_6,hybrid_aggressive_residual_only_logreg,hybrid_aggressive_residual_only,logreg,4,4,4,16,2.0,1.1,True,residual_only,aggressive,80,,,,,,,3.3938309000004665,,,,,,,,,,,,,,,,0.7916666666666666,0.5,0.3541666666666667,0.018385465299267142,2.3502981424813276e-12,32.833333333333336,23.083333333333332,0.021374710416997306,0.16781318408596865,0.05684907077928549,"{""conditioning"": 12, ""none"": 24, ""residual+conditioning+solver_failure"": 12}"
0.9791666666666666,0.9791666666666667,0.9795918367346939,1.0,0.0011586999971768819,digits_5_vs_6,hybrid_aggressive_residual_only_svm_rbf,hybrid_aggressive_residual_only,svm_rbf,4,4,4,16,2.0,1.1,True,residual_only,aggressive,80,,,,,,,3.3938309000004665,,,,,,,,,,,,,,,,0.7916666666666666,0.5,0.3541666666666667,0.018385465299267142,2.3502981424813276e-12,32.833333333333336,23.083333333333332,0.021374710416997306,0.16781318408596865,0.05684907077928549,"{""conditioning"": 12, ""none"": 24, ""residual+conditioning+solver_failure"": 12}"
1.0,1.0,1.0,1.0,48.30545150000398,digits_5_vs_6,hybrid_aggressive_residual_only_qnn,hybrid_aggressive_residual_only,qnn,4,4,4,16,2.0,1.1,True,residual_only,aggressive,80,,,,,,,3.3938309000004665,,,,,,,,,,,,,,,,0.7916666666666666,0.5,0.3541666666666667,0.018385465299267142,2.3502981424813276e-12,32.833333333333336,23.083333333333332,0.021374710416997306,0.16781318408596865,0.05684907077928549,"{""conditioning"": 12, ""none"": 24, ""residual+conditioning+solver_failure"": 12}"
1.0,1.0,1.0,1.0,0.0020256999996490777,digits_5_vs_6,hybrid_always_trigger_residual_only_logreg,hybrid_always_trigger_residual_only,logreg,4,4,4,16,2.0,1.1,True,residual_only,always_trigger,80,,,,,,,7.628068799996981,,,,,,,,,,,,,,,,0.7916666666666666,1.0,0.6666666666666666,0.018385465297377897,5.366781980911998e-16,32.833333333333336,16.604166666666668,0.04490434166700652,0.16781318408596865,0.11262157288845322,"{""residual+conditioning"": 36, ""residual+conditioning+solver_failure"": 12}"
1.0,1.0,1.0,1.0,0.0011216999992029741,digits_5_vs_6,hybrid_always_trigger_residual_only_svm_rbf,hybrid_always_trigger_residual_only,svm_rbf,4,4,4,16,2.0,1.1,True,residual_only,always_trigger,80,,,,,,,7.628068799996981,,,,,,,,,,,,,,,,0.7916666666666666,1.0,0.6666666666666666,0.018385465297377897,5.366781980911998e-16,32.833333333333336,16.604166666666668,0.04490434166700652,0.16781318408596865,0.11262157288845322,"{""residual+conditioning"": 36, ""residual+conditioning+solver_failure"": 12}"
0.9791666666666666,0.9791666666666667,0.9787234042553191,1.0,48.6182450999986,digits_5_vs_6,hybrid_always_trigger_residual_only_qnn,hybrid_always_trigger_residual_only,qnn,4,4,4,16,2.0,1.1,True,residual_only,always_trigger,80,,,,,,,7.628068799996981,,,,,,,,,,,,,,,,0.7916666666666666,1.0,0.6666666666666666,0.018385465297377897,5.366781980911998e-16,32.833333333333336,16.604166666666668,0.04490434166700652,0.16781318408596865,0.11262157288845322,"{""residual+conditioning"": 36, ""residual+conditioning+solver_failure"": 12}"
1.0,1.0,1.0,1.0,0.0019904000000678934,digits_5_vs_6,hybrid_qnn_lenient_residual_only_logreg,hybrid_qnn_lenient_residual_only,logreg,4,4,4,16,2.0,1.1,True,residual_only,qnn_lenient,80,,,,,,,7.653738799999701,,,,,,,,,,,,,,,,0.7916666666666666,1.0,0.6666666666666666,0.018385465297377897,5.366781980911998e-16,32.833333333333336,16.604166666666668,0.04480803541658437,0.16781318408596865,0.11262157288845322,"{""residual+conditioning"": 36, ""residual+conditioning+solver_failure"": 12}"
1.0,1.0,1.0,1.0,0.001175199999124743,digits_5_vs_6,hybrid_qnn_lenient_residual_only_svm_rbf,hybrid_qnn_lenient_residual_only,svm_rbf,4,4,4,16,2.0,1.1,True,residual_only,qnn_lenient,80,,,,,,,7.653738799999701,,,,,,,,,,,,,,,,0.7916666666666666,1.0,0.6666666666666666,0.018385465297377897,5.366781980911998e-16,32.833333333333336,16.604166666666668,0.04480803541658437,0.16781318408596865,0.11262157288845322,"{""residual+conditioning"": 36, ""residual+conditioning+solver_failure"": 12}"
0.9791666666666666,0.9791666666666667,0.9787234042553191,1.0,48.36250380000274,digits_5_vs_6,hybrid_qnn_lenient_residual_only_qnn,hybrid_qnn_lenient_residual_only,qnn,4,4,4,16,2.0,1.1,True,residual_only,qnn_lenient,80,,,,,,,7.653738799999701,,,,,,,,,,,,,,,,0.7916666666666666,1.0,0.6666666666666666,0.018385465297377897,5.366781980911998e-16,32.833333333333336,16.604166666666668,0.04480803541658437,0.16781318408596865,0.11262157288845322,"{""residual+conditioning"": 36, ""residual+conditioning+solver_failure"": 12}"
