accuracy,balanced_accuracy,f1,roc_auc,train_time_sec,dataset,method,representation,readout,seed,n_qubits,pca_dim,latent_dim,spectral_radius,input_scale,hard_layer,profile_name,hybrid_name,max_samples_per_class,stat_test_zero_success_rate,stat_test_zero_mean_residual,stat_test_zero_median_residual,stat_test_zero_mean_nfev,stat_test_zero_mean_runtime_sec_per_sample,stat_test_zero_mean_sigma_min,stat_feature_total_time_sec,stat_test_forced_success_rate,stat_test_forced_choose_mrbi_rate,stat_test_forced_zero_success_rate,stat_test_forced_mrbi_success_rate,stat_test_forced_zero_mean_residual,stat_test_forced_mrbi_mean_residual,stat_test_forced_final_mean_residual,stat_test_forced_zero_median_residual,stat_test_forced_mrbi_median_residual,stat_test_forced_zero_mean_nfev,stat_test_forced_mrbi_mean_nfev,stat_test_forced_mean_objective_calls,stat_test_forced_mean_runtime_sec_per_sample,stat_test_forced_mean_sigma_min_zero,stat_test_forced_mean_sigma_min_mrbi,stat_test_hybrid_success_rate,stat_test_hybrid_trigger_rate,stat_test_hybrid_accept_rate,stat_test_hybrid_mean_residual,stat_test_hybrid_median_residual,stat_test_hybrid_mean_zero_nfev,stat_test_hybrid_mean_final_nfev,stat_test_hybrid_mean_runtime_sec_per_sample,stat_test_hybrid_mean_sigma_min_zero,stat_test_hybrid_mean_sigma_min_det,stat_test_hybrid_trigger_reasons_json
0.9791666666666666,0.9791666666666667,0.9795918367346939,1.0,0.0018670999997993931,breast_cancer,pca_logreg,pca,logreg,0,4,4,16,2.0,1.1,True,full_balanced,standard,80,,,,,,,,,,,,,,,,,,,,,,,,,,,,,,,,,
0.9791666666666666,0.9791666666666667,0.9787234042553191,1.0,0.051522799985832535,breast_cancer,pca_mlp,pca,mlp,0,4,4,16,2.0,1.1,True,full_balanced,standard,80,,,,,,,,,,,,,,,,,,,,,,,,,,,,,,,,,
0.9375,0.9375,0.9387755102040817,0.9930555555555555,0.0012980000028619543,breast_cancer,pca_svm_rbf,pca,svm_rbf,0,4,4,16,2.0,1.1,True,full_balanced,standard,80,,,,,,,,,,,,,,,,,,,,,,,,,,,,,,,,,
1.0,1.0,1.0,1.0,50.87789509999857,breast_cancer,pca_qnn,pca,qnn,0,4,4,16,2.0,1.1,True,full_balanced,standard,80,,,,,,,,,,,,,,,,,,,,,,,,,,,,,,,,,
0.9375,0.9375,0.9387755102040817,0.9930555555555556,0.002571299992268905,breast_cancer,implicit_zero_logreg,implicit_zero,logreg,0,4,4,16,2.0,1.1,True,full_balanced,standard,80,0.5,0.10435761401821657,0.0004318064022972237,37.458333333333336,0.00033033750029668835,0.10208420110424549,0.061307900003157556,,,,,,,,,,,,,,,,,,,,,,,,,,
0.9375,0.9375,0.9387755102040817,0.9895833333333334,0.001673599996138364,breast_cancer,implicit_zero_svm_rbf,implicit_zero,svm_rbf,0,4,4,16,2.0,1.1,True,full_balanced,standard,80,0.5,0.10435761401821657,0.0004318064022972237,37.458333333333336,0.00033033750029668835,0.10208420110424549,0.061307900003157556,,,,,,,,,,,,,,,,,,,,,,,,,,
0.9583333333333334,0.9583333333333334,0.9583333333333334,0.9895833333333334,53.335272199998144,breast_cancer,implicit_zero_qnn,implicit_zero,qnn,0,4,4,16,2.0,1.1,True,full_balanced,standard,80,0.5,0.10435761401821657,0.0004318064022972237,37.458333333333336,0.00033033750029668835,0.10208420110424549,0.061307900003157556,,,,,,,,,,,,,,,,,,,,,,,,,,
0.9166666666666666,0.9166666666666667,0.92,0.9947916666666666,0.0023231000086525455,breast_cancer,forced_full_light_logreg,forced_full_light,logreg,0,4,4,16,2.0,1.1,True,full_light,standard,80,,,,,,,24.639853100001346,0.5,0.8958333333333334,0.5,0.4375,0.10435761401821657,0.1105964931633745,0.10287011794212812,0.0004318064022972237,0.03505411912622306,37.458333333333336,17.375,1811.5,0.1601994854172517,0.10208420110424549,0.08453523702050175,,,,,,,,,,,
0.9375,0.9375,0.9387755102040817,0.9913194444444444,0.0011737000022549182,breast_cancer,forced_full_light_svm_rbf,forced_full_light,svm_rbf,0,4,4,16,2.0,1.1,True,full_light,standard,80,,,,,,,24.639853100001346,0.5,0.8958333333333334,0.5,0.4375,0.10435761401821657,0.1105964931633745,0.10287011794212812,0.0004318064022972237,0.03505411912622306,37.458333333333336,17.375,1811.5,0.1601994854172517,0.10208420110424549,0.08453523702050175,,,,,,,,,,,
0.9375,0.9375,0.9387755102040817,0.9965277777777777,50.64860190000036,breast_cancer,forced_full_light_qnn,forced_full_light,qnn,0,4,4,16,2.0,1.1,True,full_light,standard,80,,,,,,,24.639853100001346,0.5,0.8958333333333334,0.5,0.4375,0.10435761401821657,0.1105964931633745,0.10287011794212812,0.0004318064022972237,0.03505411912622306,37.458333333333336,17.375,1811.5,0.1601994854172517,0.10208420110424549,0.08453523702050175,,,,,,,,,,,
0.9166666666666666,0.9166666666666667,0.92,0.9947916666666666,0.0017546000017318875,breast_cancer,hybrid_standard_full_light_logreg,hybrid_standard_full_light,logreg,0,4,4,16,2.0,1.1,True,full_light,standard,80,,,,,,,9.811061899992637,,,,,,,,,,,,,,,,0.5,0.5208333333333334,0.3125,0.10314554907319608,0.0004318064022972237,37.458333333333336,28.9375,0.05660237083247921,0.10208420110424549,0.0033231510157592415,"{""residual+conditioning+solver_failure"": 21, ""none"": 23, ""conditioning+solver_failure"": 3, ""conditioning"": 1}"
0.9375,0.9375,0.9387755102040817,0.9895833333333334,0.0011924999998882413,breast_cancer,hybrid_standard_full_light_svm_rbf,hybrid_standard_full_light,svm_rbf,0,4,4,16,2.0,1.1,True,full_light,standard,80,,,,,,,9.811061899992637,,,,,,,,,,,,,,,,0.5,0.5208333333333334,0.3125,0.10314554907319608,0.0004318064022972237,37.458333333333336,28.9375,0.05660237083247921,0.10208420110424549,0.0033231510157592415,"{""residual+conditioning+solver_failure"": 21, ""none"": 23, ""conditioning+solver_failure"": 3, ""conditioning"": 1}"
0.875,0.875,0.8846153846153846,0.9722222222222221,49.47397649999766,breast_cancer,hybrid_standard_full_light_qnn,hybrid_standard_full_light,qnn,0,4,4,16,2.0,1.1,True,full_light,standard,80,,,,,,,9.811061899992637,,,,,,,,,,,,,,,,0.5,0.5208333333333334,0.3125,0.10314554907319608,0.0004318064022972237,37.458333333333336,28.9375,0.05660237083247921,0.10208420110424549,0.0033231510157592415,"{""residual+conditioning+solver_failure"": 21, ""none"": 23, ""conditioning+solver_failure"": 3, ""conditioning"": 1}"
0.9166666666666666,0.9166666666666667,0.92,0.9947916666666666,0.0017335000011371449,breast_cancer,hybrid_aggressive_full_light_logreg,hybrid_aggressive_full_light,logreg,0,4,4,16,2.0,1.1,True,full_light,aggressive,80,,,,,,,16.99574840000423,,,,,,,,,,,,,,,,0.5,0.7708333333333334,0.5416666666666666,0.10314369310192657,0.0004318064022972237,37.458333333333336,25.125,0.11491763541592566,0.10208420110424549,0.04798042381546859,"{""residual+conditioning+solver_failure"": 23, ""none"": 11, ""conditioning"": 13, ""conditioning+solver_failure"": 1}"
0.9375,0.9375,0.9387755102040817,0.9895833333333334,0.0012023000017507002,breast_cancer,hybrid_aggressive_full_light_svm_rbf,hybrid_aggressive_full_light,svm_rbf,0,4,4,16,2.0,1.1,True,full_light,aggressive,80,,,,,,,16.99574840000423,,,,,,,,,,,,,,,,0.5,0.7708333333333334,0.5416666666666666,0.10314369310192657,0.0004318064022972237,37.458333333333336,25.125,0.11491763541592566,0.10208420110424549,0.04798042381546859,"{""residual+conditioning+solver_failure"": 23, ""none"": 11, ""conditioning"": 13, ""conditioning+solver_failure"": 1}"
0.875,0.875,0.8846153846153846,0.9739583333333333,49.87879970000358,breast_cancer,hybrid_aggressive_full_light_qnn,hybrid_aggressive_full_light,qnn,0,4,4,16,2.0,1.1,True,full_light,aggressive,80,,,,,,,16.99574840000423,,,,,,,,,,,,,,,,0.5,0.7708333333333334,0.5416666666666666,0.10314369310192657,0.0004318064022972237,37.458333333333336,25.125,0.11491763541592566,0.10208420110424549,0.04798042381546859,"{""residual+conditioning+solver_failure"": 23, ""none"": 11, ""conditioning"": 13, ""conditioning+solver_failure"": 1}"
0.9166666666666666,0.9166666666666667,0.92,0.9947916666666666,0.0017617999983485788,breast_cancer,hybrid_always_trigger_full_light_logreg,hybrid_always_trigger_full_light,logreg,0,4,4,16,2.0,1.1,True,full_light,always_trigger,80,,,,,,,24.374221399993985,,,,,,,,,,,,,,,,0.5,1.0,0.7291666666666666,0.10315927063971947,0.0004318064022972237,37.458333333333336,22.104166666666668,0.16114897499968114,0.10208420110424549,0.08471718350896963,"{""residual+conditioning+solver_failure"": 24, ""residual+conditioning"": 24}"
0.9375,0.9375,0.9387755102040817,0.9913194444444444,0.001170599993201904,breast_cancer,hybrid_always_trigger_full_light_svm_rbf,hybrid_always_trigger_full_light,svm_rbf,0,4,4,16,2.0,1.1,True,full_light,always_trigger,80,,,,,,,24.374221399993985,,,,,,,,,,,,,,,,0.5,1.0,0.7291666666666666,0.10315927063971947,0.0004318064022972237,37.458333333333336,22.104166666666668,0.16114897499968114,0.10208420110424549,0.08471718350896963,"{""residual+conditioning+solver_failure"": 24, ""residual+conditioning"": 24}"
0.9375,0.9375,0.9387755102040817,0.9965277777777777,49.67964679999568,breast_cancer,hybrid_always_trigger_full_light_qnn,hybrid_always_trigger_full_light,qnn,0,4,4,16,2.0,1.1,True,full_light,always_trigger,80,,,,,,,24.374221399993985,,,,,,,,,,,,,,,,0.5,1.0,0.7291666666666666,0.10315927063971947,0.0004318064022972237,37.458333333333336,22.104166666666668,0.16114897499968114,0.10208420110424549,0.08471718350896963,"{""residual+conditioning+solver_failure"": 24, ""residual+conditioning"": 24}"
0.9166666666666666,0.9166666666666667,0.92,0.9947916666666666,0.002416199989966117,breast_cancer,hybrid_qnn_lenient_full_light_logreg,hybrid_qnn_lenient_full_light,logreg,0,4,4,16,2.0,1.1,True,full_light,qnn_lenient,80,,,,,,,24.53098619999946,,,,,,,,,,,,,,,,0.5,1.0,0.7291666666666666,0.10315927063971947,0.0004318064022972237,37.458333333333336,22.104166666666668,0.16388076458285164,0.10208420110424549,0.08471718350896963,"{""residual+conditioning+solver_failure"": 24, ""residual+conditioning"": 24}"
0.9375,0.9375,0.9387755102040817,0.9913194444444444,0.0012424000015016645,breast_cancer,hybrid_qnn_lenient_full_light_svm_rbf,hybrid_qnn_lenient_full_light,svm_rbf,0,4,4,16,2.0,1.1,True,full_light,qnn_lenient,80,,,,,,,24.53098619999946,,,,,,,,,,,,,,,,0.5,1.0,0.7291666666666666,0.10315927063971947,0.0004318064022972237,37.458333333333336,22.104166666666668,0.16388076458285164,0.10208420110424549,0.08471718350896963,"{""residual+conditioning+solver_failure"": 24, ""residual+conditioning"": 24}"
0.9375,0.9375,0.9387755102040817,0.9965277777777777,49.31386770000972,breast_cancer,hybrid_qnn_lenient_full_light_qnn,hybrid_qnn_lenient_full_light,qnn,0,4,4,16,2.0,1.1,True,full_light,qnn_lenient,80,,,,,,,24.53098619999946,,,,,,,,,,,,,,,,0.5,1.0,0.7291666666666666,0.10315927063971947,0.0004318064022972237,37.458333333333336,22.104166666666668,0.16388076458285164,0.10208420110424549,0.08471718350896963,"{""residual+conditioning+solver_failure"": 24, ""residual+conditioning"": 24}"
0.9166666666666666,0.9166666666666667,0.92,0.9947916666666666,0.0019542000081855804,breast_cancer,forced_full_balanced_logreg,forced_full_balanced,logreg,0,4,4,16,2.0,1.1,True,full_balanced,standard,80,,,,,,,32.77287549999892,0.5,0.8541666666666666,0.5,0.3958333333333333,0.10435761401821657,0.11654137501019474,0.1028539365373833,0.0004318064022972237,0.0769647809224461,37.458333333333336,18.6875,2056.2291666666665,0.21808488541591942,0.10208420110424549,0.0740616191217424,,,,,,,,,,,
0.9375,0.9375,0.9387755102040817,0.9895833333333334,0.0011885999992955476,breast_cancer,forced_full_balanced_svm_rbf,forced_full_balanced,svm_rbf,0,4,4,16,2.0,1.1,True,full_balanced,standard,80,,,,,,,32.77287549999892,0.5,0.8541666666666666,0.5,0.3958333333333333,0.10435761401821657,0.11654137501019474,0.1028539365373833,0.0004318064022972237,0.0769647809224461,37.458333333333336,18.6875,2056.2291666666665,0.21808488541591942,0.10208420110424549,0.0740616191217424,,,,,,,,,,,
0.9791666666666666,0.9791666666666667,0.9787234042553191,0.9965277777777777,50.02050050000253,breast_cancer,forced_full_balanced_qnn,forced_full_balanced,qnn,0,4,4,16,2.0,1.1,True,full_balanced,standard,80,,,,,,,32.77287549999892,0.5,0.8541666666666666,0.5,0.3958333333333333,0.10435761401821657,0.11654137501019474,0.1028539365373833,0.0004318064022972237,0.0769647809224461,37.458333333333336,18.6875,2056.2291666666665,0.21808488541591942,0.10208420110424549,0.0740616191217424,,,,,,,,,,,
0.9166666666666666,0.9166666666666667,0.92,0.9947916666666666,0.00201720000768546,breast_cancer,hybrid_standard_full_balanced_logreg,hybrid_standard_full_balanced,logreg,0,4,4,16,2.0,1.1,True,full_balanced,standard,80,,,,,,,11.044263599993428,,,,,,,,,,,,,,,,0.5,0.5208333333333334,0.2916666666666667,0.1031764591386164,0.00043196119813098825,37.458333333333336,29.354166666666668,0.06269236458350254,0.10208420110424549,0.0032618430281269317,"{""residual+conditioning+solver_failure"": 21, ""none"": 23, ""conditioning+solver_failure"": 3, ""conditioning"": 1}"
0.9375,0.9375,0.9387755102040817,0.9878472222222221,0.001167800000985153,breast_cancer,hybrid_standard_full_balanced_svm_rbf,hybrid_standard_full_balanced,svm_rbf,0,4,4,16,2.0,1.1,True,full_balanced,standard,80,,,,,,,11.044263599993428,,,,,,,,,,,,,,,,0.5,0.5208333333333334,0.2916666666666667,0.1031764591386164,0.00043196119813098825,37.458333333333336,29.354166666666668,0.06269236458350254,0.10208420110424549,0.0032618430281269317,"{""residual+conditioning+solver_failure"": 21, ""none"": 23, ""conditioning+solver_failure"": 3, ""conditioning"": 1}"
0.9166666666666666,0.9166666666666667,0.92,0.986111111111111,49.5977630999987,breast_cancer,hybrid_standard_full_balanced_qnn,hybrid_standard_full_balanced,qnn,0,4,4,16,2.0,1.1,True,full_balanced,standard,80,,,,,,,11.044263599993428,,,,,,,,,,,,,,,,0.5,0.5208333333333334,0.2916666666666667,0.1031764591386164,0.00043196119813098825,37.458333333333336,29.354166666666668,0.06269236458350254,0.10208420110424549,0.0032618430281269317,"{""residual+conditioning+solver_failure"": 21, ""none"": 23, ""conditioning+solver_failure"": 3, ""conditioning"": 1}"
0.9166666666666666,0.9166666666666667,0.92,0.9947916666666666,0.0020176000107312575,breast_cancer,hybrid_aggressive_full_balanced_logreg,hybrid_aggressive_full_balanced,logreg,0,4,4,16,2.0,1.1,True,full_balanced,aggressive,80,,,,,,,21.621462299997802,,,,,,,,,,,,,,,,0.5,0.7708333333333334,0.5208333333333334,0.10319290722452756,0.0004319678169572788,37.458333333333336,25.5625,0.1479712437494527,0.10208420110424549,0.04443163351072395,"{""residual+conditioning+solver_failure"": 23, ""none"": 11, ""conditioning"": 13, ""conditioning+solver_failure"": 1}"
0.9375,0.9375,0.9387755102040817,0.9878472222222221,0.0011582000006455928,breast_cancer,hybrid_aggressive_full_balanced_svm_rbf,hybrid_aggressive_full_balanced,svm_rbf,0,4,4,16,2.0,1.1,True,full_balanced,aggressive,80,,,,,,,21.621462299997802,,,,,,,,,,,,,,,,0.5,0.7708333333333334,0.5208333333333334,0.10319290722452756,0.0004319678169572788,37.458333333333336,25.5625,0.1479712437494527,0.10208420110424549,0.04443163351072395,"{""residual+conditioning+solver_failure"": 23, ""none"": 11, ""conditioning"": 13, ""conditioning+solver_failure"": 1}"
0.9166666666666666,0.9166666666666667,0.92,0.986111111111111,49.410211399997934,breast_cancer,hybrid_aggressive_full_balanced_qnn,hybrid_aggressive_full_balanced,qnn,0,4,4,16,2.0,1.1,True,full_balanced,aggressive,80,,,,,,,21.621462299997802,,,,,,,,,,,,,,,,0.5,0.7708333333333334,0.5208333333333334,0.10319290722452756,0.0004319678169572788,37.458333333333336,25.5625,0.1479712437494527,0.10208420110424549,0.04443163351072395,"{""residual+conditioning+solver_failure"": 23, ""none"": 11, ""conditioning"": 13, ""conditioning+solver_failure"": 1}"
0.9166666666666666,0.9166666666666667,0.92,0.9947916666666666,0.0023237999994307756,breast_cancer,hybrid_always_trigger_full_balanced_logreg,hybrid_always_trigger_full_balanced,logreg,0,4,4,16,2.0,1.1,True,full_balanced,always_trigger,80,,,,,,,31.73913759998686,,,,,,,,,,,,,,,,0.5,1.0,0.6875,0.10317717883259026,0.00043198516487320284,37.458333333333336,23.145833333333332,0.2147472833333571,0.10208420110424549,0.07685625404729014,"{""residual+conditioning+solver_failure"": 24, ""residual+conditioning"": 24}"
0.9375,0.9375,0.9387755102040817,0.9895833333333334,0.0012167999957455322,breast_cancer,hybrid_always_trigger_full_balanced_svm_rbf,hybrid_always_trigger_full_balanced,svm_rbf,0,4,4,16,2.0,1.1,True,full_balanced,always_trigger,80,,,,,,,31.73913759998686,,,,,,,,,,,,,,,,0.5,1.0,0.6875,0.10317717883259026,0.00043198516487320284,37.458333333333336,23.145833333333332,0.2147472833333571,0.10208420110424549,0.07685625404729014,"{""residual+conditioning+solver_failure"": 24, ""residual+conditioning"": 24}"
0.9583333333333334,0.9583333333333334,0.9583333333333334,0.9965277777777777,49.6950732999976,breast_cancer,hybrid_always_trigger_full_balanced_qnn,hybrid_always_trigger_full_balanced,qnn,0,4,4,16,2.0,1.1,True,full_balanced,always_trigger,80,,,,,,,31.73913759998686,,,,,,,,,,,,,,,,0.5,1.0,0.6875,0.10317717883259026,0.00043198516487320284,37.458333333333336,23.145833333333332,0.2147472833333571,0.10208420110424549,0.07685625404729014,"{""residual+conditioning+solver_failure"": 24, ""residual+conditioning"": 24}"
0.9166666666666666,0.9166666666666667,0.92,0.9947916666666666,0.0019801000016741455,breast_cancer,hybrid_qnn_lenient_full_balanced_logreg,hybrid_qnn_lenient_full_balanced,logreg,0,4,4,16,2.0,1.1,True,full_balanced,qnn_lenient,80,,,,,,,32.434148500004085,,,,,,,,,,,,,,,,0.5,1.0,0.6875,0.10317717883259026,0.00043198516487320284,37.458333333333336,23.145833333333332,0.22523249374989973,0.10208420110424549,0.07685625404729014,"{""residual+conditioning+solver_failure"": 24, ""residual+conditioning"": 24}"
0.9375,0.9375,0.9387755102040817,0.9895833333333334,0.0011571000068215653,breast_cancer,hybrid_qnn_lenient_full_balanced_svm_rbf,hybrid_qnn_lenient_full_balanced,svm_rbf,0,4,4,16,2.0,1.1,True,full_balanced,qnn_lenient,80,,,,,,,32.434148500004085,,,,,,,,,,,,,,,,0.5,1.0,0.6875,0.10317717883259026,0.00043198516487320284,37.458333333333336,23.145833333333332,0.22523249374989973,0.10208420110424549,0.07685625404729014,"{""residual+conditioning+solver_failure"": 24, ""residual+conditioning"": 24}"
0.9583333333333334,0.9583333333333334,0.9583333333333334,0.9965277777777777,49.908443699998315,breast_cancer,hybrid_qnn_lenient_full_balanced_qnn,hybrid_qnn_lenient_full_balanced,qnn,0,4,4,16,2.0,1.1,True,full_balanced,qnn_lenient,80,,,,,,,32.434148500004085,,,,,,,,,,,,,,,,0.5,1.0,0.6875,0.10317717883259026,0.00043198516487320284,37.458333333333336,23.145833333333332,0.22523249374989973,0.10208420110424549,0.07685625404729014,"{""residual+conditioning+solver_failure"": 24, ""residual+conditioning"": 24}"
0.9166666666666666,0.9166666666666667,0.92,0.9947916666666666,0.002188800004660152,breast_cancer,forced_qnn_oriented_logreg,forced_qnn_oriented,logreg,0,4,4,16,2.0,1.1,True,qnn_oriented,standard,80,,,,,,,46.14702689999831,0.5416666666666666,0.8958333333333334,0.5,0.4791666666666667,0.10435761401821657,0.09748390590759963,0.08981658294108046,0.0004318064022972237,0.004374026222529997,37.458333333333336,17.395833333333332,2382.4166666666665,0.3094992833336316,0.10208420110424549,0.10098367565781714,,,,,,,,,,,
0.9375,0.9375,0.9387755102040817,0.9913194444444444,0.0011484999995445833,breast_cancer,forced_qnn_oriented_svm_rbf,forced_qnn_oriented,svm_rbf,0,4,4,16,2.0,1.1,True,qnn_oriented,standard,80,,,,,,,46.14702689999831,0.5416666666666666,0.8958333333333334,0.5,0.4791666666666667,0.10435761401821657,0.09748390590759963,0.08981658294108046,0.0004318064022972237,0.004374026222529997,37.458333333333336,17.395833333333332,2382.4166666666665,0.3094992833336316,0.10208420110424549,0.10098367565781714,,,,,,,,,,,
0.9375,0.9375,0.9387755102040817,0.9965277777777777,49.55047780000314,breast_cancer,forced_qnn_oriented_qnn,forced_qnn_oriented,qnn,0,4,4,16,2.0,1.1,True,qnn_oriented,standard,80,,,,,,,46.14702689999831,0.5416666666666666,0.8958333333333334,0.5,0.4791666666666667,0.10435761401821657,0.09748390590759963,0.08981658294108046,0.0004318064022972237,0.004374026222529997,37.458333333333336,17.395833333333332,2382.4166666666665,0.3094992833336316,0.10208420110424549,0.10098367565781714,,,,,,,,,,,
0.9166666666666666,0.9166666666666667,0.92,0.9930555555555556,0.002505399999790825,breast_cancer,hybrid_standard_qnn_oriented_logreg,hybrid_standard_qnn_oriented,logreg,0,4,4,16,2.0,1.1,True,qnn_oriented,standard,80,,,,,,,15.659351700000116,,,,,,,,,,,,,,,,0.5416666666666666,0.5208333333333334,0.3541666666666667,0.09002897705774242,1.4390371793366725e-11,37.458333333333336,28.416666666666668,0.10057672083227469,0.10208420110424549,0.03295867306347625,"{""residual+conditioning+solver_failure"": 21, ""none"": 23, ""conditioning+solver_failure"": 3, ""conditioning"": 1}"
0.9375,0.9375,0.9387755102040817,0.9895833333333334,0.0011651999957393855,breast_cancer,hybrid_standard_qnn_oriented_svm_rbf,hybrid_standard_qnn_oriented,svm_rbf,0,4,4,16,2.0,1.1,True,qnn_oriented,standard,80,,,,,,,15.659351700000116,,,,,,,,,,,,,,,,0.5416666666666666,0.5208333333333334,0.3541666666666667,0.09002897705774242,1.4390371793366725e-11,37.458333333333336,28.416666666666668,0.10057672083227469,0.10208420110424549,0.03295867306347625,"{""residual+conditioning+solver_failure"": 21, ""none"": 23, ""conditioning+solver_failure"": 3, ""conditioning"": 1}"
0.875,0.875,0.8846153846153846,0.9774305555555556,49.378968999997596,breast_cancer,hybrid_standard_qnn_oriented_qnn,hybrid_standard_qnn_oriented,qnn,0,4,4,16,2.0,1.1,True,qnn_oriented,standard,80,,,,,,,15.659351700000116,,,,,,,,,,,,,,,,0.5416666666666666,0.5208333333333334,0.3541666666666667,0.09002897705774242,1.4390371793366725e-11,37.458333333333336,28.416666666666668,0.10057672083227469,0.10208420110424549,0.03295867306347625,"{""residual+conditioning+solver_failure"": 21, ""none"": 23, ""conditioning+solver_failure"": 3, ""conditioning"": 1}"
0.9166666666666666,0.9166666666666667,0.92,0.9930555555555556,0.002246400006697513,breast_cancer,hybrid_aggressive_qnn_oriented_logreg,hybrid_aggressive_qnn_oriented,logreg,0,4,4,16,2.0,1.1,True,qnn_oriented,aggressive,80,,,,,,,29.421692100004293,,,,,,,,,,,,,,,,0.5416666666666666,0.7708333333333334,0.5416666666666666,0.08996463083420253,1.4390371793366725e-11,37.458333333333336,24.5,0.20697347500026808,0.10208420110424549,0.06410830629279647,"{""residual+conditioning+solver_failure"": 23, ""none"": 11, ""conditioning"": 13, ""conditioning+solver_failure"": 1}"
0.9375,0.9375,0.9387755102040817,0.9895833333333334,0.001223200000822544,breast_cancer,hybrid_aggressive_qnn_oriented_svm_rbf,hybrid_aggressive_qnn_oriented,svm_rbf,0,4,4,16,2.0,1.1,True,qnn_oriented,aggressive,80,,,,,,,29.421692100004293,,,,,,,,,,,,,,,,0.5416666666666666,0.7708333333333334,0.5416666666666666,0.08996463083420253,1.4390371793366725e-11,37.458333333333336,24.5,0.20697347500026808,0.10208420110424549,0.06410830629279647,"{""residual+conditioning+solver_failure"": 23, ""none"": 11, ""conditioning"": 13, ""conditioning+solver_failure"": 1}"
0.875,0.875,0.8846153846153846,0.9774305555555556,49.90024220000487,breast_cancer,hybrid_aggressive_qnn_oriented_qnn,hybrid_aggressive_qnn_oriented,qnn,0,4,4,16,2.0,1.1,True,qnn_oriented,aggressive,80,,,,,,,29.421692100004293,,,,,,,,,,,,,,,,0.5416666666666666,0.7708333333333334,0.5416666666666666,0.08996463083420253,1.4390371793366725e-11,37.458333333333336,24.5,0.20697347500026808,0.10208420110424549,0.06410830629279647,"{""residual+conditioning+solver_failure"": 23, ""none"": 11, ""conditioning"": 13, ""conditioning+solver_failure"": 1}"
0.9166666666666666,0.9166666666666667,0.92,0.9947916666666666,0.0018388000025879592,breast_cancer,hybrid_always_trigger_qnn_oriented_logreg,hybrid_always_trigger_qnn_oriented,logreg,0,4,4,16,2.0,1.1,True,qnn_oriented,always_trigger,80,,,,,,,45.033842499993625,,,,,,,,,,,,,,,,0.5416666666666666,1.0,0.75,0.08998219393924622,2.7297930617496405e-12,37.458333333333336,21.5625,0.3044496458336046,0.10208420110424549,0.10108249476464069,"{""residual+conditioning+solver_failure"": 24, ""residual+conditioning"": 24}"
0.9375,0.9375,0.9387755102040817,0.9913194444444444,0.0011784999951487407,breast_cancer,hybrid_always_trigger_qnn_oriented_svm_rbf,hybrid_always_trigger_qnn_oriented,svm_rbf,0,4,4,16,2.0,1.1,True,qnn_oriented,always_trigger,80,,,,,,,45.033842499993625,,,,,,,,,,,,,,,,0.5416666666666666,1.0,0.75,0.08998219393924622,2.7297930617496405e-12,37.458333333333336,21.5625,0.3044496458336046,0.10208420110424549,0.10108249476464069,"{""residual+conditioning+solver_failure"": 24, ""residual+conditioning"": 24}"
0.9166666666666666,0.9166666666666667,0.92,0.9930555555555556,49.66679319999821,breast_cancer,hybrid_always_trigger_qnn_oriented_qnn,hybrid_always_trigger_qnn_oriented,qnn,0,4,4,16,2.0,1.1,True,qnn_oriented,always_trigger,80,,,,,,,45.033842499993625,,,,,,,,,,,,,,,,0.5416666666666666,1.0,0.75,0.08998219393924622,2.7297930617496405e-12,37.458333333333336,21.5625,0.3044496458336046,0.10208420110424549,0.10108249476464069,"{""residual+conditioning+solver_failure"": 24, ""residual+conditioning"": 24}"
0.9166666666666666,0.9166666666666667,0.92,0.9947916666666666,0.0022084000083850697,breast_cancer,hybrid_qnn_lenient_qnn_oriented_logreg,hybrid_qnn_lenient_qnn_oriented,logreg,0,4,4,16,2.0,1.1,True,qnn_oriented,qnn_lenient,80,,,,,,,45.73422230000142,,,,,,,,,,,,,,,,0.5416666666666666,1.0,0.75,0.08998219393924622,2.7297930617496405e-12,37.458333333333336,21.5625,0.31015371875067405,0.10208420110424549,0.10108249476464069,"{""residual+conditioning+solver_failure"": 24, ""residual+conditioning"": 24}"
0.9375,0.9375,0.9387755102040817,0.9913194444444444,0.0016552000015508384,breast_cancer,hybrid_qnn_lenient_qnn_oriented_svm_rbf,hybrid_qnn_lenient_qnn_oriented,svm_rbf,0,4,4,16,2.0,1.1,True,qnn_oriented,qnn_lenient,80,,,,,,,45.73422230000142,,,,,,,,,,,,,,,,0.5416666666666666,1.0,0.75,0.08998219393924622,2.7297930617496405e-12,37.458333333333336,21.5625,0.31015371875067405,0.10208420110424549,0.10108249476464069,"{""residual+conditioning+solver_failure"": 24, ""residual+conditioning"": 24}"
0.9166666666666666,0.9166666666666667,0.92,0.9930555555555556,49.4853296999936,breast_cancer,hybrid_qnn_lenient_qnn_oriented_qnn,hybrid_qnn_lenient_qnn_oriented,qnn,0,4,4,16,2.0,1.1,True,qnn_oriented,qnn_lenient,80,,,,,,,45.73422230000142,,,,,,,,,,,,,,,,0.5416666666666666,1.0,0.75,0.08998219393924622,2.7297930617496405e-12,37.458333333333336,21.5625,0.31015371875067405,0.10208420110424549,0.10108249476464069,"{""residual+conditioning+solver_failure"": 24, ""residual+conditioning"": 24}"
0.9166666666666666,0.9166666666666667,0.92,0.9947916666666666,0.0024474000092595816,breast_cancer,forced_qnn_exploratory_logreg,forced_qnn_exploratory,logreg,0,4,4,16,2.0,1.1,True,qnn_exploratory,standard,80,,,,,,,52.16477319999831,0.5625,0.9166666666666666,0.5,0.5,0.10435761401821657,0.09031416997726784,0.08265902332533848,0.0004318064022972237,0.0004320170183058971,37.458333333333336,15.416666666666666,2473.4375,0.3603951354158805,0.10208420110424549,0.108352337694206,,,,,,,,,,,
0.9375,0.9375,0.9387755102040817,0.9913194444444444,0.0011259000020800158,breast_cancer,forced_qnn_exploratory_svm_rbf,forced_qnn_exploratory,svm_rbf,0,4,4,16,2.0,1.1,True,qnn_exploratory,standard,80,,,,,,,52.16477319999831,0.5625,0.9166666666666666,0.5,0.5,0.10435761401821657,0.09031416997726784,0.08265902332533848,0.0004318064022972237,0.0004320170183058971,37.458333333333336,15.416666666666666,2473.4375,0.3603951354158805,0.10208420110424549,0.108352337694206,,,,,,,,,,,
0.9375,0.9375,0.9387755102040817,0.9913194444444444,49.65828379998857,breast_cancer,forced_qnn_exploratory_qnn,forced_qnn_exploratory,qnn,0,4,4,16,2.0,1.1,True,qnn_exploratory,standard,80,,,,,,,52.16477319999831,0.5625,0.9166666666666666,0.5,0.5,0.10435761401821657,0.09031416997726784,0.08265902332533848,0.0004318064022972237,0.0004320170183058971,37.458333333333336,15.416666666666666,2473.4375,0.3603951354158805,0.10208420110424549,0.108352337694206,,,,,,,,,,,
0.9166666666666666,0.9166666666666667,0.92,0.9930555555555556,0.002114199989591725,breast_cancer,hybrid_standard_qnn_exploratory_logreg,hybrid_standard_qnn_exploratory,logreg,0,4,4,16,2.0,1.1,True,qnn_exploratory,standard,80,,,,,,,19.115171500001452,,,,,,,,,,,,,,,,0.5625,0.5208333333333334,0.3958333333333333,0.08275580443263787,9.464259377578415e-12,37.458333333333336,26.083333333333332,0.12877653958366864,0.10208420110424549,0.048779842766809314,"{""residual+conditioning+solver_failure"": 21, ""none"": 23, ""conditioning+solver_failure"": 3, ""conditioning"": 1}"
0.9375,0.9375,0.9387755102040817,0.9895833333333334,0.001181900006486103,breast_cancer,hybrid_standard_qnn_exploratory_svm_rbf,hybrid_standard_qnn_exploratory,svm_rbf,0,4,4,16,2.0,1.1,True,qnn_exploratory,standard,80,,,,,,,19.115171500001452,,,,,,,,,,,,,,,,0.5625,0.5208333333333334,0.3958333333333333,0.08275580443263787,9.464259377578415e-12,37.458333333333336,26.083333333333332,0.12877653958366864,0.10208420110424549,0.048779842766809314,"{""residual+conditioning+solver_failure"": 21, ""none"": 23, ""conditioning+solver_failure"": 3, ""conditioning"": 1}"
0.9583333333333334,0.9583333333333334,0.9583333333333334,0.9930555555555556,49.60761259999708,breast_cancer,hybrid_standard_qnn_exploratory_qnn,hybrid_standard_qnn_exploratory,qnn,0,4,4,16,2.0,1.1,True,qnn_exploratory,standard,80,,,,,,,19.115171500001452,,,,,,,,,,,,,,,,0.5625,0.5208333333333334,0.3958333333333333,0.08275580443263787,9.464259377578415e-12,37.458333333333336,26.083333333333332,0.12877653958366864,0.10208420110424549,0.048779842766809314,"{""residual+conditioning+solver_failure"": 21, ""none"": 23, ""conditioning+solver_failure"": 3, ""conditioning"": 1}"
0.9166666666666666,0.9166666666666667,0.92,0.9930555555555556,0.0020912999898428097,breast_cancer,hybrid_aggressive_qnn_exploratory_logreg,hybrid_aggressive_qnn_exploratory,logreg,0,4,4,16,2.0,1.1,True,qnn_exploratory,aggressive,80,,,,,,,34.737508499994874,,,,,,,,,,,,,,,,0.5625,0.7708333333333334,0.625,0.08275628444083163,8.846639185735478e-12,37.458333333333336,22.479166666666668,0.24881646874958582,0.10208420110424549,0.0784851772492278,"{""residual+conditioning+solver_failure"": 23, ""none"": 11, ""conditioning"": 13, ""conditioning+solver_failure"": 1}"
0.9375,0.9375,0.9387755102040817,0.9895833333333334,0.001149999996414408,breast_cancer,hybrid_aggressive_qnn_exploratory_svm_rbf,hybrid_aggressive_qnn_exploratory,svm_rbf,0,4,4,16,2.0,1.1,True,qnn_exploratory,aggressive,80,,,,,,,34.737508499994874,,,,,,,,,,,,,,,,0.5625,0.7708333333333334,0.625,0.08275628444083163,8.846639185735478e-12,37.458333333333336,22.479166666666668,0.24881646874958582,0.10208420110424549,0.0784851772492278,"{""residual+conditioning+solver_failure"": 23, ""none"": 11, ""conditioning"": 13, ""conditioning+solver_failure"": 1}"
0.9583333333333334,0.9583333333333334,0.9583333333333334,0.9947916666666666,49.31532930000685,breast_cancer,hybrid_aggressive_qnn_exploratory_qnn,hybrid_aggressive_qnn_exploratory,qnn,0,4,4,16,2.0,1.1,True,qnn_exploratory,aggressive,80,,,,,,,34.737508499994874,,,,,,,,,,,,,,,,0.5625,0.7708333333333334,0.625,0.08275628444083163,8.846639185735478e-12,37.458333333333336,22.479166666666668,0.24881646874958582,0.10208420110424549,0.0784851772492278,"{""residual+conditioning+solver_failure"": 23, ""none"": 11, ""conditioning"": 13, ""conditioning+solver_failure"": 1}"
0.9166666666666666,0.9166666666666667,0.92,0.9947916666666666,0.002102700003888458,breast_cancer,hybrid_always_trigger_qnn_exploratory_logreg,hybrid_always_trigger_qnn_exploratory,logreg,0,4,4,16,2.0,1.1,True,qnn_exploratory,always_trigger,80,,,,,,,53.0695904000022,,,,,,,,,,,,,,,,0.5416666666666666,1.0,0.8333333333333334,0.08276916362146473,5.158077703774223e-13,37.458333333333336,19.104166666666668,0.3701191187507599,0.10208420110424549,0.10837783594001948,"{""residual+conditioning+solver_failure"": 24, ""residual+conditioning"": 24}"
0.9375,0.9375,0.9387755102040817,0.9895833333333334,0.0011457000073278323,breast_cancer,hybrid_always_trigger_qnn_exploratory_svm_rbf,hybrid_always_trigger_qnn_exploratory,svm_rbf,0,4,4,16,2.0,1.1,True,qnn_exploratory,always_trigger,80,,,,,,,53.0695904000022,,,,,,,,,,,,,,,,0.5416666666666666,1.0,0.8333333333333334,0.08276916362146473,5.158077703774223e-13,37.458333333333336,19.104166666666668,0.3701191187507599,0.10208420110424549,0.10837783594001948,"{""residual+conditioning+solver_failure"": 24, ""residual+conditioning"": 24}"
0.9583333333333334,0.9583333333333334,0.9583333333333334,0.9756944444444444,49.966478500005906,breast_cancer,hybrid_always_trigger_qnn_exploratory_qnn,hybrid_always_trigger_qnn_exploratory,qnn,0,4,4,16,2.0,1.1,True,qnn_exploratory,always_trigger,80,,,,,,,53.0695904000022,,,,,,,,,,,,,,,,0.5416666666666666,1.0,0.8333333333333334,0.08276916362146473,5.158077703774223e-13,37.458333333333336,19.104166666666668,0.3701191187507599,0.10208420110424549,0.10837783594001948,"{""residual+conditioning+solver_failure"": 24, ""residual+conditioning"": 24}"
0.9166666666666666,0.9166666666666667,0.92,0.9947916666666666,0.002268500000354834,breast_cancer,hybrid_qnn_lenient_qnn_exploratory_logreg,hybrid_qnn_lenient_qnn_exploratory,logreg,0,4,4,16,2.0,1.1,True,qnn_exploratory,qnn_lenient,80,,,,,,,52.860967599990545,,,,,,,,,,,,,,,,0.5416666666666666,1.0,0.8333333333333334,0.08276916362146473,5.158077703774223e-13,37.458333333333336,19.104166666666668,0.372358516665372,0.10208420110424549,0.10837783594001948,"{""residual+conditioning+solver_failure"": 24, ""residual+conditioning"": 24}"
0.9375,0.9375,0.9387755102040817,0.9895833333333334,0.0011654999980237335,breast_cancer,hybrid_qnn_lenient_qnn_exploratory_svm_rbf,hybrid_qnn_lenient_qnn_exploratory,svm_rbf,0,4,4,16,2.0,1.1,True,qnn_exploratory,qnn_lenient,80,,,,,,,52.860967599990545,,,,,,,,,,,,,,,,0.5416666666666666,1.0,0.8333333333333334,0.08276916362146473,5.158077703774223e-13,37.458333333333336,19.104166666666668,0.372358516665372,0.10208420110424549,0.10837783594001948,"{""residual+conditioning+solver_failure"": 24, ""residual+conditioning"": 24}"
0.9583333333333334,0.9583333333333334,0.9583333333333334,0.9756944444444444,49.80944989999989,breast_cancer,hybrid_qnn_lenient_qnn_exploratory_qnn,hybrid_qnn_lenient_qnn_exploratory,qnn,0,4,4,16,2.0,1.1,True,qnn_exploratory,qnn_lenient,80,,,,,,,52.860967599990545,,,,,,,,,,,,,,,,0.5416666666666666,1.0,0.8333333333333334,0.08276916362146473,5.158077703774223e-13,37.458333333333336,19.104166666666668,0.372358516665372,0.10208420110424549,0.10837783594001948,"{""residual+conditioning+solver_failure"": 24, ""residual+conditioning"": 24}"
0.9166666666666666,0.9166666666666667,0.92,0.9947916666666666,0.0016955000028247014,breast_cancer,forced_no_detector_logreg,forced_no_detector,logreg,0,4,4,16,2.0,1.1,True,no_detector,standard,80,,,,,,,12.41318049999245,0.5,0.8541666666666666,0.5,0.3958333333333333,0.10435761401821657,0.11653463994167135,0.10285491783521387,0.0004318064022972237,0.07696278558863573,37.458333333333336,19.375,2015.8541666666667,0.08267725833502482,0.10208420110424549,0.07408079108548167,,,,,,,,,,,
0.9375,0.9375,0.9387755102040817,0.9895833333333334,0.001161600011982955,breast_cancer,forced_no_detector_svm_rbf,forced_no_detector,svm_rbf,0,4,4,16,2.0,1.1,True,no_detector,standard,80,,,,,,,12.41318049999245,0.5,0.8541666666666666,0.5,0.3958333333333333,0.10435761401821657,0.11653463994167135,0.10285491783521387,0.0004318064022972237,0.07696278558863573,37.458333333333336,19.375,2015.8541666666667,0.08267725833502482,0.10208420110424549,0.07408079108548167,,,,,,,,,,,
0.9791666666666666,0.9791666666666667,0.9787234042553191,0.9965277777777777,49.621467799996026,breast_cancer,forced_no_detector_qnn,forced_no_detector,qnn,0,4,4,16,2.0,1.1,True,no_detector,standard,80,,,,,,,12.41318049999245,0.5,0.8541666666666666,0.5,0.3958333333333333,0.10435761401821657,0.11653463994167135,0.10285491783521387,0.0004318064022972237,0.07696278558863573,37.458333333333336,19.375,2015.8541666666667,0.08267725833502482,0.10208420110424549,0.07408079108548167,,,,,,,,,,,
0.9166666666666666,0.9166666666666667,0.92,0.9947916666666666,0.0017335000011371449,breast_cancer,hybrid_standard_no_detector_logreg,hybrid_standard_no_detector,logreg,0,4,4,16,2.0,1.1,True,no_detector,standard,80,,,,,,,4.480529000007664,,,,,,,,,,,,,,,,0.5,0.5208333333333334,0.2916666666666667,0.10314343017214657,0.0004319806216619744,37.458333333333336,29.25,0.024668958334586932,0.10208420110424549,0.003450214690432091,"{""residual+conditioning+solver_failure"": 21, ""none"": 23, ""conditioning+solver_failure"": 3, ""conditioning"": 1}"
0.9375,0.9375,0.9387755102040817,0.9878472222222221,0.001170299990917556,breast_cancer,hybrid_standard_no_detector_svm_rbf,hybrid_standard_no_detector,svm_rbf,0,4,4,16,2.0,1.1,True,no_detector,standard,80,,,,,,,4.480529000007664,,,,,,,,,,,,,,,,0.5,0.5208333333333334,0.2916666666666667,0.10314343017214657,0.0004319806216619744,37.458333333333336,29.25,0.024668958334586932,0.10208420110424549,0.003450214690432091,"{""residual+conditioning+solver_failure"": 21, ""none"": 23, ""conditioning+solver_failure"": 3, ""conditioning"": 1}"
0.9166666666666666,0.9166666666666667,0.92,0.986111111111111,49.36177380000299,breast_cancer,hybrid_standard_no_detector_qnn,hybrid_standard_no_detector,qnn,0,4,4,16,2.0,1.1,True,no_detector,standard,80,,,,,,,4.480529000007664,,,,,,,,,,,,,,,,0.5,0.5208333333333334,0.2916666666666667,0.10314343017214657,0.0004319806216619744,37.458333333333336,29.25,0.024668958334586932,0.10208420110424549,0.003450214690432091,"{""residual+conditioning+solver_failure"": 21, ""none"": 23, ""conditioning+solver_failure"": 3, ""conditioning"": 1}"
0.9166666666666666,0.9166666666666667,0.92,0.9947916666666666,0.002135699993232265,breast_cancer,hybrid_aggressive_no_detector_logreg,hybrid_aggressive_no_detector,logreg,0,4,4,16,2.0,1.1,True,no_detector,aggressive,80,,,,,,,8.475263900007121,,,,,,,,,,,,,,,,0.5,0.7708333333333334,0.5,0.10314343017168638,0.0004319806216619744,37.458333333333336,25.854166666666668,0.058228812498782645,0.10208420110424549,0.04436832473761704,"{""residual+conditioning+solver_failure"": 23, ""none"": 11, ""conditioning"": 13, ""conditioning+solver_failure"": 1}"
0.9375,0.9375,0.9387755102040817,0.9878472222222221,0.0011735000007320195,breast_cancer,hybrid_aggressive_no_detector_svm_rbf,hybrid_aggressive_no_detector,svm_rbf,0,4,4,16,2.0,1.1,True,no_detector,aggressive,80,,,,,,,8.475263900007121,,,,,,,,,,,,,,,,0.5,0.7708333333333334,0.5,0.10314343017168638,0.0004319806216619744,37.458333333333336,25.854166666666668,0.058228812498782645,0.10208420110424549,0.04436832473761704,"{""residual+conditioning+solver_failure"": 23, ""none"": 11, ""conditioning"": 13, ""conditioning+solver_failure"": 1}"
0.9166666666666666,0.9166666666666667,0.92,0.986111111111111,49.725370900006965,breast_cancer,hybrid_aggressive_no_detector_qnn,hybrid_aggressive_no_detector,qnn,0,4,4,16,2.0,1.1,True,no_detector,aggressive,80,,,,,,,8.475263900007121,,,,,,,,,,,,,,,,0.5,0.7708333333333334,0.5,0.10314343017168638,0.0004319806216619744,37.458333333333336,25.854166666666668,0.058228812498782645,0.10208420110424549,0.04436832473761704,"{""residual+conditioning+solver_failure"": 23, ""none"": 11, ""conditioning"": 13, ""conditioning+solver_failure"": 1}"
0.9166666666666666,0.9166666666666667,0.92,0.9947916666666666,0.0021148000087123364,breast_cancer,hybrid_always_trigger_no_detector_logreg,hybrid_always_trigger_no_detector,logreg,0,4,4,16,2.0,1.1,True,no_detector,always_trigger,80,,,,,,,12.43094179999025,,,,,,,,,,,,,,,,0.5,1.0,0.6666666666666666,0.10314343017080248,0.0004319806216619744,37.458333333333336,23.375,0.08274325625006895,0.10208420110424549,0.07408079108548167,"{""residual+conditioning+solver_failure"": 24, ""residual+conditioning"": 24}"
0.9375,0.9375,0.9387755102040817,0.9895833333333334,0.0011440999951446429,breast_cancer,hybrid_always_trigger_no_detector_svm_rbf,hybrid_always_trigger_no_detector,svm_rbf,0,4,4,16,2.0,1.1,True,no_detector,always_trigger,80,,,,,,,12.43094179999025,,,,,,,,,,,,,,,,0.5,1.0,0.6666666666666666,0.10314343017080248,0.0004319806216619744,37.458333333333336,23.375,0.08274325625006895,0.10208420110424549,0.07408079108548167,"{""residual+conditioning+solver_failure"": 24, ""residual+conditioning"": 24}"
0.9583333333333334,0.9583333333333334,0.9583333333333334,0.9965277777777777,49.47075550000591,breast_cancer,hybrid_always_trigger_no_detector_qnn,hybrid_always_trigger_no_detector,qnn,0,4,4,16,2.0,1.1,True,no_detector,always_trigger,80,,,,,,,12.43094179999025,,,,,,,,,,,,,,,,0.5,1.0,0.6666666666666666,0.10314343017080248,0.0004319806216619744,37.458333333333336,23.375,0.08274325625006895,0.10208420110424549,0.07408079108548167,"{""residual+conditioning+solver_failure"": 24, ""residual+conditioning"": 24}"
0.9166666666666666,0.9166666666666667,0.92,0.9947916666666666,0.0022364000033121556,breast_cancer,hybrid_qnn_lenient_no_detector_logreg,hybrid_qnn_lenient_no_detector,logreg,0,4,4,16,2.0,1.1,True,no_detector,qnn_lenient,80,,,,,,,12.667212500004098,,,,,,,,,,,,,,,,0.5,1.0,0.6666666666666666,0.10314343017080248,0.0004319806216619744,37.458333333333336,23.375,0.08426247291724091,0.10208420110424549,0.07408079108548167,"{""residual+conditioning+solver_failure"": 24, ""residual+conditioning"": 24}"
0.9375,0.9375,0.9387755102040817,0.9895833333333334,0.0011761999921873212,breast_cancer,hybrid_qnn_lenient_no_detector_svm_rbf,hybrid_qnn_lenient_no_detector,svm_rbf,0,4,4,16,2.0,1.1,True,no_detector,qnn_lenient,80,,,,,,,12.667212500004098,,,,,,,,,,,,,,,,0.5,1.0,0.6666666666666666,0.10314343017080248,0.0004319806216619744,37.458333333333336,23.375,0.08426247291724091,0.10208420110424549,0.07408079108548167,"{""residual+conditioning+solver_failure"": 24, ""residual+conditioning"": 24}"
0.9583333333333334,0.9583333333333334,0.9583333333333334,0.9965277777777777,50.270493699994404,breast_cancer,hybrid_qnn_lenient_no_detector_qnn,hybrid_qnn_lenient_no_detector,qnn,0,4,4,16,2.0,1.1,True,no_detector,qnn_lenient,80,,,,,,,12.667212500004098,,,,,,,,,,,,,,,,0.5,1.0,0.6666666666666666,0.10314343017080248,0.0004319806216619744,37.458333333333336,23.375,0.08426247291724091,0.10208420110424549,0.07408079108548167,"{""residual+conditioning+solver_failure"": 24, ""residual+conditioning"": 24}"
0.9166666666666666,0.9166666666666667,0.92,0.9930555555555556,0.002220499998657033,breast_cancer,forced_residual_only_logreg,forced_residual_only,logreg,0,4,4,16,2.0,1.1,True,residual_only,standard,80,,,,,,,6.299543899993296,0.5833333333333334,0.8958333333333334,0.5,0.5416666666666666,0.10435761401821657,0.08155035990143343,0.07529559131116516,0.0004318064022972237,6.55939132479414e-16,37.458333333333336,13.166666666666666,2413.2291666666665,0.04272642708322868,0.10208420110424549,0.12324035158458531,,,,,,,,,,,
0.9375,0.9375,0.9387755102040817,0.9930555555555556,0.0011940999975195155,breast_cancer,forced_residual_only_svm_rbf,forced_residual_only,svm_rbf,0,4,4,16,2.0,1.1,True,residual_only,standard,80,,,,,,,6.299543899993296,0.5833333333333334,0.8958333333333334,0.5,0.5416666666666666,0.10435761401821657,0.08155035990143343,0.07529559131116516,0.0004318064022972237,6.55939132479414e-16,37.458333333333336,13.166666666666666,2413.2291666666665,0.04272642708322868,0.10208420110424549,0.12324035158458531,,,,,,,,,,,
0.9375,0.9375,0.9387755102040817,0.9913194444444444,49.41972829999577,breast_cancer,forced_residual_only_qnn,forced_residual_only,qnn,0,4,4,16,2.0,1.1,True,residual_only,standard,80,,,,,,,6.299543899993296,0.5833333333333334,0.8958333333333334,0.5,0.5416666666666666,0.10435761401821657,0.08155035990143343,0.07529559131116516,0.0004318064022972237,6.55939132479414e-16,37.458333333333336,13.166666666666666,2413.2291666666665,0.04272642708322868,0.10208420110424549,0.12324035158458531,,,,,,,,,,,
0.9166666666666666,0.9166666666666667,0.92,0.9930555555555556,0.0018837999959941953,breast_cancer,hybrid_standard_residual_only_logreg,hybrid_standard_residual_only,logreg,0,4,4,16,2.0,1.1,True,residual_only,standard,80,,,,,,,2.4925139999977546,,,,,,,,,,,,,,,,0.5833333333333334,0.5208333333333334,0.3958333333333333,0.07540098786479377,6.8652313876279434e-12,37.458333333333336,23.625,0.015326162499453252,0.10208420110424549,0.06948172322837043,"{""residual+conditioning+solver_failure"": 21, ""none"": 23, ""conditioning+solver_failure"": 3, ""conditioning"": 1}"
0.9375,0.9375,0.9387755102040817,0.9895833333333334,0.0012691000010818243,breast_cancer,hybrid_standard_residual_only_svm_rbf,hybrid_standard_residual_only,svm_rbf,0,4,4,16,2.0,1.1,True,residual_only,standard,80,,,,,,,2.4925139999977546,,,,,,,,,,,,,,,,0.5833333333333334,0.5208333333333334,0.3958333333333333,0.07540098786479377,6.8652313876279434e-12,37.458333333333336,23.625,0.015326162499453252,0.10208420110424549,0.06948172322837043,"{""residual+conditioning+solver_failure"": 21, ""none"": 23, ""conditioning+solver_failure"": 3, ""conditioning"": 1}"
0.9791666666666666,0.9791666666666667,0.9787234042553191,1.0,49.62809030000062,breast_cancer,hybrid_standard_residual_only_qnn,hybrid_standard_residual_only,qnn,0,4,4,16,2.0,1.1,True,residual_only,standard,80,,,,,,,2.4925139999977546,,,,,,,,,,,,,,,,0.5833333333333334,0.5208333333333334,0.3958333333333333,0.07540098786479377,6.8652313876279434e-12,37.458333333333336,23.625,0.015326162499453252,0.10208420110424549,0.06948172322837043,"{""residual+conditioning+solver_failure"": 21, ""none"": 23, ""conditioning+solver_failure"": 3, ""conditioning"": 1}"
0.9166666666666666,0.9166666666666667,0.92,0.9930555555555556,0.0021677000040654093,breast_cancer,hybrid_aggressive_residual_only_logreg,hybrid_aggressive_residual_only,logreg,0,4,4,16,2.0,1.1,True,residual_only,aggressive,80,,,,,,,4.293714800005546,,,,,,,,,,,,,,,,0.5833333333333334,0.7708333333333334,0.6458333333333334,0.07540098786424704,5.743440995170921e-12,37.458333333333336,19.4375,0.03070494166786375,0.10208420110424549,0.09648971067420911,"{""residual+conditioning+solver_failure"": 23, ""none"": 11, ""conditioning"": 13, ""conditioning+solver_failure"": 1}"
0.9375,0.9375,0.9387755102040817,0.9895833333333334,0.0012705999979516491,breast_cancer,hybrid_aggressive_residual_only_svm_rbf,hybrid_aggressive_residual_only,svm_rbf,0,4,4,16,2.0,1.1,True,residual_only,aggressive,80,,,,,,,4.293714800005546,,,,,,,,,,,,,,,,0.5833333333333334,0.7708333333333334,0.6458333333333334,0.07540098786424704,5.743440995170921e-12,37.458333333333336,19.4375,0.03070494166786375,0.10208420110424549,0.09648971067420911,"{""residual+conditioning+solver_failure"": 23, ""none"": 11, ""conditioning"": 13, ""conditioning+solver_failure"": 1}"
0.9791666666666666,0.9791666666666667,0.9787234042553191,1.0,49.7759134999942,breast_cancer,hybrid_aggressive_residual_only_qnn,hybrid_aggressive_residual_only,qnn,0,4,4,16,2.0,1.1,True,residual_only,aggressive,80,,,,,,,4.293714800005546,,,,,,,,,,,,,,,,0.5833333333333334,0.7708333333333334,0.6458333333333334,0.07540098786424704,5.743440995170921e-12,37.458333333333336,19.4375,0.03070494166786375,0.10208420110424549,0.09648971067420911,"{""residual+conditioning+solver_failure"": 23, ""none"": 11, ""conditioning"": 13, ""conditioning+solver_failure"": 1}"
0.9166666666666666,0.9166666666666667,0.92,0.9947916666666666,0.0022035000001778826,breast_cancer,hybrid_always_trigger_residual_only_logreg,hybrid_always_trigger_residual_only,logreg,0,4,4,16,2.0,1.1,True,residual_only,always_trigger,80,,,,,,,6.33336390000477,,,,,,,,,,,,,,,,0.5833333333333334,1.0,0.8333333333333334,0.0754009878623985,6.55939132479414e-16,37.458333333333336,16.041666666666668,0.042992275000869995,0.10208420110424549,0.12324035158458531,"{""residual+conditioning+solver_failure"": 24, ""residual+conditioning"": 24}"
0.9375,0.9375,0.9387755102040817,0.9930555555555556,0.0012428000045474619,breast_cancer,hybrid_always_trigger_residual_only_svm_rbf,hybrid_always_trigger_residual_only,svm_rbf,0,4,4,16,2.0,1.1,True,residual_only,always_trigger,80,,,,,,,6.33336390000477,,,,,,,,,,,,,,,,0.5833333333333334,1.0,0.8333333333333334,0.0754009878623985,6.55939132479414e-16,37.458333333333336,16.041666666666668,0.042992275000869995,0.10208420110424549,0.12324035158458531,"{""residual+conditioning+solver_failure"": 24, ""residual+conditioning"": 24}"
0.9166666666666666,0.9166666666666667,0.92,0.9947916666666666,49.709097300001304,breast_cancer,hybrid_always_trigger_residual_only_qnn,hybrid_always_trigger_residual_only,qnn,0,4,4,16,2.0,1.1,True,residual_only,always_trigger,80,,,,,,,6.33336390000477,,,,,,,,,,,,,,,,0.5833333333333334,1.0,0.8333333333333334,0.0754009878623985,6.55939132479414e-16,37.458333333333336,16.041666666666668,0.042992275000869995,0.10208420110424549,0.12324035158458531,"{""residual+conditioning+solver_failure"": 24, ""residual+conditioning"": 24}"
0.9166666666666666,0.9166666666666667,0.92,0.9947916666666666,0.0022672000050079077,breast_cancer,hybrid_qnn_lenient_residual_only_logreg,hybrid_qnn_lenient_residual_only,logreg,0,4,4,16,2.0,1.1,True,residual_only,qnn_lenient,80,,,,,,,6.607137799990596,,,,,,,,,,,,,,,,0.5833333333333334,1.0,0.8333333333333334,0.0754009878623985,6.55939132479414e-16,37.458333333333336,16.041666666666668,0.043808491667732596,0.10208420110424549,0.12324035158458531,"{""residual+conditioning+solver_failure"": 24, ""residual+conditioning"": 24}"
0.9375,0.9375,0.9387755102040817,0.9930555555555556,0.0011690999963320792,breast_cancer,hybrid_qnn_lenient_residual_only_svm_rbf,hybrid_qnn_lenient_residual_only,svm_rbf,0,4,4,16,2.0,1.1,True,residual_only,qnn_lenient,80,,,,,,,6.607137799990596,,,,,,,,,,,,,,,,0.5833333333333334,1.0,0.8333333333333334,0.0754009878623985,6.55939132479414e-16,37.458333333333336,16.041666666666668,0.043808491667732596,0.10208420110424549,0.12324035158458531,"{""residual+conditioning+solver_failure"": 24, ""residual+conditioning"": 24}"
0.9166666666666666,0.9166666666666667,0.92,0.9947916666666666,50.34983929998998,breast_cancer,hybrid_qnn_lenient_residual_only_qnn,hybrid_qnn_lenient_residual_only,qnn,0,4,4,16,2.0,1.1,True,residual_only,qnn_lenient,80,,,,,,,6.607137799990596,,,,,,,,,,,,,,,,0.5833333333333334,1.0,0.8333333333333334,0.0754009878623985,6.55939132479414e-16,37.458333333333336,16.041666666666668,0.043808491667732596,0.10208420110424549,0.12324035158458531,"{""residual+conditioning+solver_failure"": 24, ""residual+conditioning"": 24}"
0.9791666666666666,0.9791666666666667,0.9795918367346939,0.9895833333333334,0.0016344000032404438,breast_cancer,pca_logreg,pca,logreg,1,4,4,16,2.0,1.1,True,full_balanced,standard,80,,,,,,,,,,,,,,,,,,,,,,,,,,,,,,,,,
0.9791666666666666,0.9791666666666667,0.9795918367346939,0.9739583333333334,0.10104209999553859,breast_cancer,pca_mlp,pca,mlp,1,4,4,16,2.0,1.1,True,full_balanced,standard,80,,,,,,,,,,,,,,,,,,,,,,,,,,,,,,,,,
0.9375,0.9375,0.9411764705882353,0.9861111111111112,0.0015054999967105687,breast_cancer,pca_svm_rbf,pca,svm_rbf,1,4,4,16,2.0,1.1,True,full_balanced,standard,80,,,,,,,,,,,,,,,,,,,,,,,,,,,,,,,,,
0.9791666666666666,0.9791666666666667,0.9795918367346939,0.9809027777777778,49.90992629999528,breast_cancer,pca_qnn,pca,qnn,1,4,4,16,2.0,1.1,True,full_balanced,standard,80,,,,,,,,,,,,,,,,,,,,,,,,,,,,,,,,,
0.9375,0.9375,0.9411764705882353,0.9947916666666666,0.0030338999931700528,breast_cancer,implicit_zero_logreg,implicit_zero,logreg,1,4,4,16,2.0,1.1,True,full_balanced,standard,80,0.8125,0.036955947504734465,8.636453900870913e-12,35.9375,0.000290235417499692,0.19059565347808313,0.05070349999004975,,,,,,,,,,,,,,,,,,,,,,,,,,
0.8541666666666666,0.8541666666666667,0.8727272727272727,0.9496527777777777,0.002114699993398972,breast_cancer,implicit_zero_svm_rbf,implicit_zero,svm_rbf,1,4,4,16,2.0,1.1,True,full_balanced,standard,80,0.8125,0.036955947504734465,8.636453900870913e-12,35.9375,0.000290235417499692,0.19059565347808313,0.05070349999004975,,,,,,,,,,,,,,,,,,,,,,,,,,
0.7916666666666666,0.7916666666666667,0.8076923076923077,0.875,49.87801109999418,breast_cancer,implicit_zero_qnn,implicit_zero,qnn,1,4,4,16,2.0,1.1,True,full_balanced,standard,80,0.8125,0.036955947504734465,8.636453900870913e-12,35.9375,0.000290235417499692,0.19059565347808313,0.05070349999004975,,,,,,,,,,,,,,,,,,,,,,,,,,
0.9166666666666666,0.9166666666666667,0.9230769230769231,0.9913194444444444,0.003333599990583025,breast_cancer,forced_full_light_logreg,forced_full_light,logreg,1,4,4,16,2.0,1.1,True,full_light,standard,80,,,,,,,24.65544060000684,0.8333333333333334,0.4791666666666667,0.8125,0.4375,0.036955947504734465,0.18194959265277424,0.03197812938249465,8.636453900870913e-12,0.07988343955009863,35.9375,22.833333333333332,1660.625,0.147607337499115,0.19059565347808313,0.10798841974715127,,,,,,,,,,,
0.8125,0.8125,0.8301886792452831,0.9375,0.0015764999989187345,breast_cancer,forced_full_light_svm_rbf,forced_full_light,svm_rbf,1,4,4,16,2.0,1.1,True,full_light,standard,80,,,,,,,24.65544060000684,0.8333333333333334,0.4791666666666667,0.8125,0.4375,0.036955947504734465,0.18194959265277424,0.03197812938249465,8.636453900870913e-12,0.07988343955009863,35.9375,22.833333333333332,1660.625,0.147607337499115,0.19059565347808313,0.10798841974715127,,,,,,,,,,,
0.8541666666666666,0.8541666666666667,0.851063829787234,0.9253472222222222,49.87461590000021,breast_cancer,forced_full_light_qnn,forced_full_light,qnn,1,4,4,16,2.0,1.1,True,full_light,standard,80,,,,,,,24.65544060000684,0.8333333333333334,0.4791666666666667,0.8125,0.4375,0.036955947504734465,0.18194959265277424,0.03197812938249465,8.636453900870913e-12,0.07988343955009863,35.9375,22.833333333333332,1660.625,0.147607337499115,0.19059565347808313,0.10798841974715127,,,,,,,,,,,
0.9166666666666666,0.9166666666666667,0.9230769230769231,0.9913194444444444,0.003132400001049973,breast_cancer,hybrid_standard_full_light_logreg,hybrid_standard_full_light,logreg,1,4,4,16,2.0,1.1,True,full_light,standard,80,,,,,,,6.185272799993982,,,,,,,,,,,,,,,,0.8333333333333334,0.25,0.14583333333333334,0.03207955801790135,8.296120566873917e-12,35.9375,31.916666666666668,0.04092735208299322,0.19059565347808313,0.02329324884611832,"{""none"": 36, ""residual+conditioning+solver_failure"": 8, ""conditioning+solver_failure"": 1, ""conditioning"": 3}"
0.8125,0.8125,0.8301886792452831,0.9375,0.0014577999972971156,breast_cancer,hybrid_standard_full_light_svm_rbf,hybrid_standard_full_light,svm_rbf,1,4,4,16,2.0,1.1,True,full_light,standard,80,,,,,,,6.185272799993982,,,,,,,,,,,,,,,,0.8333333333333334,0.25,0.14583333333333334,0.03207955801790135,8.296120566873917e-12,35.9375,31.916666666666668,0.04092735208299322,0.19059565347808313,0.02329324884611832,"{""none"": 36, ""residual+conditioning+solver_failure"": 8, ""conditioning+solver_failure"": 1, ""conditioning"": 3}"
0.8125,0.8125,0.8163265306122449,0.8749999999999999,50.16604319999169,breast_cancer,hybrid_standard_full_light_qnn,hybrid_standard_full_light,qnn,1,4,4,16,2.0,1.1,True,full_light,standard,80,,,,,,,6.185272799993982,,,,,,,,,,,,,,,,0.8333333333333334,0.25,0.14583333333333334,0.03207955801790135,8.296120566873917e-12,35.9375,31.916666666666668,0.04092735208299322,0.19059565347808313,0.02329324884611832,"{""none"": 36, ""residual+conditioning+solver_failure"": 8, ""conditioning+solver_failure"": 1, ""conditioning"": 3}"
0.9375,0.9375,0.9411764705882353,0.9913194444444444,0.002218099994934164,breast_cancer,hybrid_aggressive_full_light_logreg,hybrid_aggressive_full_light,logreg,1,4,4,16,2.0,1.1,True,full_light,aggressive,80,,,,,,,13.94036629999755,,,,,,,,,,,,,,,,0.8333333333333334,0.5,0.25,0.03207784862838631,6.505792313672489e-12,35.9375,29.75,0.08486200833370579,0.19059565347808313,0.04033139574549214,"{""none"": 24, ""conditioning"": 15, ""residual+conditioning+solver_failure"": 9}"
0.8125,0.8125,0.8301886792452831,0.9392361111111112,0.001436600010492839,breast_cancer,hybrid_aggressive_full_light_svm_rbf,hybrid_aggressive_full_light,svm_rbf,1,4,4,16,2.0,1.1,True,full_light,aggressive,80,,,,,,,13.94036629999755,,,,,,,,,,,,,,,,0.8333333333333334,0.5,0.25,0.03207784862838631,6.505792313672489e-12,35.9375,29.75,0.08486200833370579,0.19059565347808313,0.04033139574549214,"{""none"": 24, ""conditioning"": 15, ""residual+conditioning+solver_failure"": 9}"
0.8333333333333334,0.8333333333333333,0.8260869565217391,0.9375,50.500342100000125,breast_cancer,hybrid_aggressive_full_light_qnn,hybrid_aggressive_full_light,qnn,1,4,4,16,2.0,1.1,True,full_light,aggressive,80,,,,,,,13.94036629999755,,,,,,,,,,,,,,,,0.8333333333333334,0.5,0.25,0.03207784862838631,6.505792313672489e-12,35.9375,29.75,0.08486200833370579,0.19059565347808313,0.04033139574549214,"{""none"": 24, ""conditioning"": 15, ""residual+conditioning+solver_failure"": 9}"
0.9166666666666666,0.9166666666666667,0.9230769230769231,0.9913194444444444,0.0024615000002086163,breast_cancer,hybrid_always_trigger_full_light_logreg,hybrid_always_trigger_full_light,logreg,1,4,4,16,2.0,1.1,True,full_light,always_trigger,80,,,,,,,24.705077999999048,,,,,,,,,,,,,,,,0.8333333333333334,1.0,0.4166666666666667,0.032079304592625084,2.6400960449433267e-12,35.9375,28.166666666666668,0.14869822500016502,0.19059565347808313,0.10803137354370511,"{""residual+conditioning"": 39, ""residual+conditioning+solver_failure"": 9}"
0.8125,0.8125,0.8301886792452831,0.9375,0.001515100011602044,breast_cancer,hybrid_always_trigger_full_light_svm_rbf,hybrid_always_trigger_full_light,svm_rbf,1,4,4,16,2.0,1.1,True,full_light,always_trigger,80,,,,,,,24.705077999999048,,,,,,,,,,,,,,,,0.8333333333333334,1.0,0.4166666666666667,0.032079304592625084,2.6400960449433267e-12,35.9375,28.166666666666668,0.14869822500016502,0.19059565347808313,0.10803137354370511,"{""residual+conditioning"": 39, ""residual+conditioning+solver_failure"": 9}"
0.8541666666666666,0.8541666666666667,0.851063829787234,0.9340277777777778,49.86198509999667,breast_cancer,hybrid_always_trigger_full_light_qnn,hybrid_always_trigger_full_light,qnn,1,4,4,16,2.0,1.1,True,full_light,always_trigger,80,,,,,,,24.705077999999048,,,,,,,,,,,,,,,,0.8333333333333334,1.0,0.4166666666666667,0.032079304592625084,2.6400960449433267e-12,35.9375,28.166666666666668,0.14869822500016502,0.19059565347808313,0.10803137354370511,"{""residual+conditioning"": 39, ""residual+conditioning+solver_failure"": 9}"
0.9166666666666666,0.9166666666666667,0.9230769230769231,0.9913194444444444,0.0035340999893378466,breast_cancer,hybrid_qnn_lenient_full_light_logreg,hybrid_qnn_lenient_full_light,logreg,1,4,4,16,2.0,1.1,True,full_light,qnn_lenient,80,,,,,,,25.351278100002673,,,,,,,,,,,,,,,,0.8333333333333334,1.0,0.4375,0.03207930459274477,2.6400960449433267e-12,35.9375,27.979166666666668,0.15456891874994957,0.19059565347808313,0.10803137354370511,"{""residual+conditioning"": 39, ""residual+conditioning+solver_failure"": 9}"
0.8125,0.8125,0.8301886792452831,0.9375,0.0015256999904522672,breast_cancer,hybrid_qnn_lenient_full_light_svm_rbf,hybrid_qnn_lenient_full_light,svm_rbf,1,4,4,16,2.0,1.1,True,full_light,qnn_lenient,80,,,,,,,25.351278100002673,,,,,,,,,,,,,,,,0.8333333333333334,1.0,0.4375,0.03207930459274477,2.6400960449433267e-12,35.9375,27.979166666666668,0.15456891874994957,0.19059565347808313,0.10803137354370511,"{""residual+conditioning"": 39, ""residual+conditioning+solver_failure"": 9}"
0.8541666666666666,0.8541666666666667,0.851063829787234,0.9340277777777778,49.54197780000686,breast_cancer,hybrid_qnn_lenient_full_light_qnn,hybrid_qnn_lenient_full_light,qnn,1,4,4,16,2.0,1.1,True,full_light,qnn_lenient,80,,,,,,,25.351278100002673,,,,,,,,,,,,,,,,0.8333333333333334,1.0,0.4375,0.03207930459274477,2.6400960449433267e-12,35.9375,27.979166666666668,0.15456891874994957,0.19059565347808313,0.10803137354370511,"{""residual+conditioning"": 39, ""residual+conditioning+solver_failure"": 9}"
0.8958333333333334,0.8958333333333333,0.9056603773584906,0.9913194444444444,0.0028621000092243776,breast_cancer,forced_full_balanced_logreg,forced_full_balanced,logreg,1,4,4,16,2.0,1.1,True,full_balanced,standard,80,,,,,,,32.336041600006865,0.8333333333333334,0.5,0.8125,0.3958333333333333,0.036955947504734465,0.18188969955084855,0.031207396273066092,8.636453900870913e-12,0.13713631030944046,35.9375,25.208333333333332,1778.5625,0.19168170625168082,0.19059565347808313,0.09396366640115185,,,,,,,,,,,
0.8333333333333334,0.8333333333333334,0.8518518518518519,0.9322916666666666,0.0014340000052470714,breast_cancer,forced_full_balanced_svm_rbf,forced_full_balanced,svm_rbf,1,4,4,16,2.0,1.1,True,full_balanced,standard,80,,,,,,,32.336041600006865,0.8333333333333334,0.5,0.8125,0.3958333333333333,0.036955947504734465,0.18188969955084855,0.031207396273066092,8.636453900870913e-12,0.13713631030944046,35.9375,25.208333333333332,1778.5625,0.19168170625168082,0.19059565347808313,0.09396366640115185,,,,,,,,,,,
0.8958333333333334,0.8958333333333333,0.8979591836734694,0.9618055555555556,49.45720599999186,breast_cancer,forced_full_balanced_qnn,forced_full_balanced,qnn,1,4,4,16,2.0,1.1,True,full_balanced,standard,80,,,,,,,32.336041600006865,0.8333333333333334,0.5,0.8125,0.3958333333333333,0.036955947504734465,0.18188969955084855,0.031207396273066092,8.636453900870913e-12,0.13713631030944046,35.9375,25.208333333333332,1778.5625,0.19168170625168082,0.19059565347808313,0.09396366640115185,,,,,,,,,,,
0.8958333333333334,0.8958333333333333,0.9056603773584906,0.9930555555555556,0.0026654999965103343,breast_cancer,hybrid_standard_full_balanced_logreg,hybrid_standard_full_balanced,logreg,1,4,4,16,2.0,1.1,True,full_balanced,standard,80,,,,,,,7.830242299998645,,,,,,,,,,,,,,,,0.8333333333333334,0.25,0.20833333333333334,0.031208278847840706,8.296120566873917e-12,35.9375,32.3125,0.05174164583301414,0.19059565347808313,0.024002538832145526,"{""none"": 36, ""residual+conditioning+solver_failure"": 8, ""conditioning+solver_failure"": 1, ""conditioning"": 3}"
0.8125,0.8125,0.8301886792452831,0.9496527777777777,0.0014854000037303194,breast_cancer,hybrid_standard_full_balanced_svm_rbf,hybrid_standard_full_balanced,svm_rbf,1,4,4,16,2.0,1.1,True,full_balanced,standard,80,,,,,,,7.830242299998645,,,,,,,,,,,,,,,,0.8333333333333334,0.25,0.20833333333333334,0.031208278847840706,8.296120566873917e-12,35.9375,32.3125,0.05174164583301414,0.19059565347808313,0.024002538832145526,"{""none"": 36, ""residual+conditioning+solver_failure"": 8, ""conditioning+solver_failure"": 1, ""conditioning"": 3}"
0.8333333333333334,0.8333333333333333,0.84,0.814236111111111,50.539807000008295,breast_cancer,hybrid_standard_full_balanced_qnn,hybrid_standard_full_balanced,qnn,1,4,4,16,2.0,1.1,True,full_balanced,standard,80,,,,,,,7.830242299998645,,,,,,,,,,,,,,,,0.8333333333333334,0.25,0.20833333333333334,0.031208278847840706,8.296120566873917e-12,35.9375,32.3125,0.05174164583301414,0.19059565347808313,0.024002538832145526,"{""none"": 36, ""residual+conditioning+solver_failure"": 8, ""conditioning+solver_failure"": 1, ""conditioning"": 3}"
0.8958333333333334,0.8958333333333333,0.9056603773584906,0.9913194444444444,0.002336899997317232,breast_cancer,hybrid_aggressive_full_balanced_logreg,hybrid_aggressive_full_balanced,logreg,1,4,4,16,2.0,1.1,True,full_balanced,aggressive,80,,,,,,,18.960288400005084,,,,,,,,,,,,,,,,0.8333333333333334,0.5,0.2916666666666667,0.03120230370644299,6.505792313672489e-12,35.9375,30.729166666666668,0.10547963125039435,0.19059565347808313,0.040367528048688546,"{""none"": 24, ""conditioning"": 15, ""residual+conditioning+solver_failure"": 9}"
0.8125,0.8125,0.8301886792452831,0.953125,0.0014284999924711883,breast_cancer,hybrid_aggressive_full_balanced_svm_rbf,hybrid_aggressive_full_balanced,svm_rbf,1,4,4,16,2.0,1.1,True,full_balanced,aggressive,80,,,,,,,18.960288400005084,,,,,,,,,,,,,,,,0.8333333333333334,0.5,0.2916666666666667,0.03120230370644299,6.505792313672489e-12,35.9375,30.729166666666668,0.10547963125039435,0.19059565347808313,0.040367528048688546,"{""none"": 24, ""conditioning"": 15, ""residual+conditioning+solver_failure"": 9}"
0.8125,0.8125,0.8235294117647058,0.875,50.330502500000875,breast_cancer,hybrid_aggressive_full_balanced_qnn,hybrid_aggressive_full_balanced,qnn,1,4,4,16,2.0,1.1,True,full_balanced,aggressive,80,,,,,,,18.960288400005084,,,,,,,,,,,,,,,,0.8333333333333334,0.5,0.2916666666666667,0.03120230370644299,6.505792313672489e-12,35.9375,30.729166666666668,0.10547963125039435,0.19059565347808313,0.040367528048688546,"{""none"": 24, ""conditioning"": 15, ""residual+conditioning+solver_failure"": 9}"
0.8958333333333334,0.8958333333333333,0.9056603773584906,0.9913194444444444,0.002353100004256703,breast_cancer,hybrid_always_trigger_full_balanced_logreg,hybrid_always_trigger_full_balanced,logreg,1,4,4,16,2.0,1.1,True,full_balanced,always_trigger,80,,,,,,,32.42471989999467,,,,,,,,,,,,,,,,0.8333333333333334,1.0,0.5,0.031201692153709434,2.6400960449433267e-12,35.9375,27.416666666666668,0.1930489000014859,0.19059565347808313,0.09934414361834602,"{""residual+conditioning"": 39, ""residual+conditioning+solver_failure"": 9}"
0.8541666666666666,0.8541666666666667,0.8679245283018868,0.951388888888889,0.0014498000091407448,breast_cancer,hybrid_always_trigger_full_balanced_svm_rbf,hybrid_always_trigger_full_balanced,svm_rbf,1,4,4,16,2.0,1.1,True,full_balanced,always_trigger,80,,,,,,,32.42471989999467,,,,,,,,,,,,,,,,0.8333333333333334,1.0,0.5,0.031201692153709434,2.6400960449433267e-12,35.9375,27.416666666666668,0.1930489000014859,0.19059565347808313,0.09934414361834602,"{""residual+conditioning"": 39, ""residual+conditioning+solver_failure"": 9}"
0.7916666666666666,0.7916666666666667,0.7727272727272727,0.8958333333333334,49.82303580000007,breast_cancer,hybrid_always_trigger_full_balanced_qnn,hybrid_always_trigger_full_balanced,qnn,1,4,4,16,2.0,1.1,True,full_balanced,always_trigger,80,,,,,,,32.42471989999467,,,,,,,,,,,,,,,,0.8333333333333334,1.0,0.5,0.031201692153709434,2.6400960449433267e-12,35.9375,27.416666666666668,0.1930489000014859,0.19059565347808313,0.09934414361834602,"{""residual+conditioning"": 39, ""residual+conditioning+solver_failure"": 9}"
0.8958333333333334,0.8958333333333333,0.9056603773584906,0.9913194444444444,0.003108999997493811,breast_cancer,hybrid_qnn_lenient_full_balanced_logreg,hybrid_qnn_lenient_full_balanced,logreg,1,4,4,16,2.0,1.1,True,full_balanced,qnn_lenient,80,,,,,,,32.691835099991295,,,,,,,,,,,,,,,,0.8333333333333334,1.0,0.5,0.031201692153709434,2.6400960449433267e-12,35.9375,27.416666666666668,0.19441319583287017,0.19059565347808313,0.09934414361834602,"{""residual+conditioning"": 39, ""residual+conditioning+solver_failure"": 9}"
0.8541666666666666,0.8541666666666667,0.8679245283018868,0.951388888888889,0.001433600002201274,breast_cancer,hybrid_qnn_lenient_full_balanced_svm_rbf,hybrid_qnn_lenient_full_balanced,svm_rbf,1,4,4,16,2.0,1.1,True,full_balanced,qnn_lenient,80,,,,,,,32.691835099991295,,,,,,,,,,,,,,,,0.8333333333333334,1.0,0.5,0.031201692153709434,2.6400960449433267e-12,35.9375,27.416666666666668,0.19441319583287017,0.19059565347808313,0.09934414361834602,"{""residual+conditioning"": 39, ""residual+conditioning+solver_failure"": 9}"
0.7916666666666666,0.7916666666666667,0.7727272727272727,0.8958333333333334,49.934167600004,breast_cancer,hybrid_qnn_lenient_full_balanced_qnn,hybrid_qnn_lenient_full_balanced,qnn,1,4,4,16,2.0,1.1,True,full_balanced,qnn_lenient,80,,,,,,,32.691835099991295,,,,,,,,,,,,,,,,0.8333333333333334,1.0,0.5,0.031201692153709434,2.6400960449433267e-12,35.9375,27.416666666666668,0.19441319583287017,0.19059565347808313,0.09934414361834602,"{""residual+conditioning"": 39, ""residual+conditioning+solver_failure"": 9}"
0.9166666666666666,0.9166666666666667,0.9230769230769231,0.9913194444444444,0.0023178999981610104,breast_cancer,forced_qnn_oriented_logreg,forced_qnn_oriented,logreg,1,4,4,16,2.0,1.1,True,qnn_oriented,standard,80,,,,,,,43.119495299994014,0.8333333333333334,0.5208333333333334,0.8125,0.4166666666666667,0.036955947504734465,0.19393008217955368,0.031314164731648685,8.636453900870913e-12,0.1254832139309164,35.9375,21.6875,1837.3541666666667,0.24256474791733731,0.19059565347808313,0.0976170729695015,,,,,,,,,,,
0.8333333333333334,0.8333333333333334,0.8518518518518519,0.953125,0.0014699999883305281,breast_cancer,forced_qnn_oriented_svm_rbf,forced_qnn_oriented,svm_rbf,1,4,4,16,2.0,1.1,True,qnn_oriented,standard,80,,,,,,,43.119495299994014,0.8333333333333334,0.5208333333333334,0.8125,0.4166666666666667,0.036955947504734465,0.19393008217955368,0.031314164731648685,8.636453900870913e-12,0.1254832139309164,35.9375,21.6875,1837.3541666666667,0.24256474791733731,0.19059565347808313,0.0976170729695015,,,,,,,,,,,
0.7916666666666666,0.7916666666666666,0.8148148148148148,0.9079861111111112,50.476748200002476,breast_cancer,forced_qnn_oriented_qnn,forced_qnn_oriented,qnn,1,4,4,16,2.0,1.1,True,qnn_oriented,standard,80,,,,,,,43.119495299994014,0.8333333333333334,0.5208333333333334,0.8125,0.4166666666666667,0.036955947504734465,0.19393008217955368,0.031314164731648685,8.636453900870913e-12,0.1254832139309164,35.9375,21.6875,1837.3541666666667,0.24256474791733731,0.19059565347808313,0.0976170729695015,,,,,,,,,,,
0.9166666666666666,0.9166666666666667,0.9230769230769231,0.9930555555555556,0.002762000003713183,breast_cancer,hybrid_standard_qnn_oriented_logreg,hybrid_standard_qnn_oriented,logreg,1,4,4,16,2.0,1.1,True,qnn_oriented,standard,80,,,,,,,10.089684200007468,,,,,,,,,,,,,,,,0.8333333333333334,0.25,0.16666666666666666,0.03136823383870654,8.296120566873917e-12,35.9375,30.583333333333332,0.07248116458413278,0.19059565347808313,0.023279552236974074,"{""none"": 36, ""residual+conditioning+solver_failure"": 8, ""conditioning+solver_failure"": 1, ""conditioning"": 3}"
0.8333333333333334,0.8333333333333334,0.8518518518518519,0.953125,0.0014670999953523278,breast_cancer,hybrid_standard_qnn_oriented_svm_rbf,hybrid_standard_qnn_oriented,svm_rbf,1,4,4,16,2.0,1.1,True,qnn_oriented,standard,80,,,,,,,10.089684200007468,,,,,,,,,,,,,,,,0.8333333333333334,0.25,0.16666666666666666,0.03136823383870654,8.296120566873917e-12,35.9375,30.583333333333332,0.07248116458413278,0.19059565347808313,0.023279552236974074,"{""none"": 36, ""residual+conditioning+solver_failure"": 8, ""conditioning+solver_failure"": 1, ""conditioning"": 3}"
0.8333333333333334,0.8333333333333333,0.84,0.9166666666666667,50.03931809999631,breast_cancer,hybrid_standard_qnn_oriented_qnn,hybrid_standard_qnn_oriented,qnn,1,4,4,16,2.0,1.1,True,qnn_oriented,standard,80,,,,,,,10.089684200007468,,,,,,,,,,,,,,,,0.8333333333333334,0.25,0.16666666666666666,0.03136823383870654,8.296120566873917e-12,35.9375,30.583333333333332,0.07248116458413278,0.19059565347808313,0.023279552236974074,"{""none"": 36, ""residual+conditioning+solver_failure"": 8, ""conditioning+solver_failure"": 1, ""conditioning"": 3}"
0.9166666666666666,0.9166666666666667,0.9230769230769231,0.9913194444444444,0.004095299998880364,breast_cancer,hybrid_aggressive_qnn_oriented_logreg,hybrid_aggressive_qnn_oriented,logreg,1,4,4,16,2.0,1.1,True,qnn_oriented,aggressive,80,,,,,,,24.86197440000251,,,,,,,,,,,,,,,,0.8333333333333334,0.5,0.2708333333333333,0.03136813883926162,6.505792313672489e-12,35.9375,28.708333333333332,0.1424431020823249,0.19059565347808313,0.04047373180288009,"{""none"": 24, ""conditioning"": 15, ""residual+conditioning+solver_failure"": 9}"
0.8125,0.8125,0.8301886792452831,0.9548611111111112,0.0016064000083133578,breast_cancer,hybrid_aggressive_qnn_oriented_svm_rbf,hybrid_aggressive_qnn_oriented,svm_rbf,1,4,4,16,2.0,1.1,True,qnn_oriented,aggressive,80,,,,,,,24.86197440000251,,,,,,,,,,,,,,,,0.8333333333333334,0.5,0.2708333333333333,0.03136813883926162,6.505792313672489e-12,35.9375,28.708333333333332,0.1424431020823249,0.19059565347808313,0.04047373180288009,"{""none"": 24, ""conditioning"": 15, ""residual+conditioning+solver_failure"": 9}"
0.8125,0.8125,0.8235294117647058,0.9375,49.93252809999103,breast_cancer,hybrid_aggressive_qnn_oriented_qnn,hybrid_aggressive_qnn_oriented,qnn,1,4,4,16,2.0,1.1,True,qnn_oriented,aggressive,80,,,,,,,24.86197440000251,,,,,,,,,,,,,,,,0.8333333333333334,0.5,0.2708333333333333,0.03136813883926162,6.505792313672489e-12,35.9375,28.708333333333332,0.1424431020823249,0.19059565347808313,0.04047373180288009,"{""none"": 24, ""conditioning"": 15, ""residual+conditioning+solver_failure"": 9}"
0.9166666666666666,0.9166666666666667,0.9230769230769231,0.9913194444444444,0.003388400000403635,breast_cancer,hybrid_always_trigger_qnn_oriented_logreg,hybrid_always_trigger_qnn_oriented,logreg,1,4,4,16,2.0,1.1,True,qnn_oriented,always_trigger,80,,,,,,,44.57683469999756,,,,,,,,,,,,,,,,0.8333333333333334,1.0,0.5,0.031367013464147005,2.7090072938772245e-12,35.9375,25.770833333333332,0.24227232291620263,0.19059565347808313,0.09644477202095254,"{""residual+conditioning"": 39, ""residual+conditioning+solver_failure"": 9}"
0.8333333333333334,0.8333333333333334,0.8518518518518519,0.954861111111111,0.0014414000033866614,breast_cancer,hybrid_always_trigger_qnn_oriented_svm_rbf,hybrid_always_trigger_qnn_oriented,svm_rbf,1,4,4,16,2.0,1.1,True,qnn_oriented,always_trigger,80,,,,,,,44.57683469999756,,,,,,,,,,,,,,,,0.8333333333333334,1.0,0.5,0.031367013464147005,2.7090072938772245e-12,35.9375,25.770833333333332,0.24227232291620263,0.19059565347808313,0.09644477202095254,"{""residual+conditioning"": 39, ""residual+conditioning+solver_failure"": 9}"
0.7708333333333334,0.7708333333333333,0.8,0.9253472222222221,49.98211349999474,breast_cancer,hybrid_always_trigger_qnn_oriented_qnn,hybrid_always_trigger_qnn_oriented,qnn,1,4,4,16,2.0,1.1,True,qnn_oriented,always_trigger,80,,,,,,,44.57683469999756,,,,,,,,,,,,,,,,0.8333333333333334,1.0,0.5,0.031367013464147005,2.7090072938772245e-12,35.9375,25.770833333333332,0.24227232291620263,0.19059565347808313,0.09644477202095254,"{""residual+conditioning"": 39, ""residual+conditioning+solver_failure"": 9}"
0.9166666666666666,0.9166666666666667,0.9230769230769231,0.9913194444444444,0.0025901000044541433,breast_cancer,hybrid_qnn_lenient_qnn_oriented_logreg,hybrid_qnn_lenient_qnn_oriented,logreg,1,4,4,16,2.0,1.1,True,qnn_oriented,qnn_lenient,80,,,,,,,44.321741200008546,,,,,,,,,,,,,,,,0.8333333333333334,1.0,0.5,0.031367013464147005,2.7090072938772245e-12,35.9375,25.770833333333332,0.24462463749932795,0.19059565347808313,0.09644477202095254,"{""residual+conditioning"": 39, ""residual+conditioning+solver_failure"": 9}"
0.8541666666666666,0.8541666666666667,0.8727272727272727,0.9635416666666666,0.001441300002625212,breast_cancer,hybrid_qnn_lenient_qnn_oriented_svm_rbf,hybrid_qnn_lenient_qnn_oriented,svm_rbf,1,4,4,16,2.0,1.1,True,qnn_oriented,qnn_lenient,80,,,,,,,44.321741200008546,,,,,,,,,,,,,,,,0.8333333333333334,1.0,0.5,0.031367013464147005,2.7090072938772245e-12,35.9375,25.770833333333332,0.24462463749932795,0.19059565347808313,0.09644477202095254,"{""residual+conditioning"": 39, ""residual+conditioning+solver_failure"": 9}"
0.8125,0.8125,0.8163265306122449,0.8871527777777778,50.20572430000175,breast_cancer,hybrid_qnn_lenient_qnn_oriented_qnn,hybrid_qnn_lenient_qnn_oriented,qnn,1,4,4,16,2.0,1.1,True,qnn_oriented,qnn_lenient,80,,,,,,,44.321741200008546,,,,,,,,,,,,,,,,0.8333333333333334,1.0,0.5,0.031367013464147005,2.7090072938772245e-12,35.9375,25.770833333333332,0.24462463749932795,0.19059565347808313,0.09644477202095254,"{""residual+conditioning"": 39, ""residual+conditioning+solver_failure"": 9}"
0.9166666666666666,0.9166666666666667,0.9230769230769231,0.9930555555555556,0.0027846000011777505,breast_cancer,forced_qnn_exploratory_logreg,forced_qnn_exploratory,logreg,1,4,4,16,2.0,1.1,True,qnn_exploratory,standard,80,,,,,,,48.763542500004405,0.8333333333333334,0.5,0.8125,0.4583333333333333,0.036955947504734465,0.16237051914073897,0.03206960016488195,8.636453900870913e-12,0.033300627652389315,35.9375,19.604166666666668,2014.4375,0.2995772166671789,0.19059565347808313,0.11322441716175613,,,,,,,,,,,
0.8125,0.8125,0.8301886792452831,0.951388888888889,0.0014035000058356673,breast_cancer,forced_qnn_exploratory_svm_rbf,forced_qnn_exploratory,svm_rbf,1,4,4,16,2.0,1.1,True,qnn_exploratory,standard,80,,,,,,,48.763542500004405,0.8333333333333334,0.5,0.8125,0.4583333333333333,0.036955947504734465,0.16237051914073897,0.03206960016488195,8.636453900870913e-12,0.033300627652389315,35.9375,19.604166666666668,2014.4375,0.2995772166671789,0.19059565347808313,0.11322441716175613,,,,,,,,,,,
0.75,0.75,0.76,0.8298611111111112,49.819548600004055,breast_cancer,forced_qnn_exploratory_qnn,forced_qnn_exploratory,qnn,1,4,4,16,2.0,1.1,True,qnn_exploratory,standard,80,,,,,,,48.763542500004405,0.8333333333333334,0.5,0.8125,0.4583333333333333,0.036955947504734465,0.16237051914073897,0.03206960016488195,8.636453900870913e-12,0.033300627652389315,35.9375,19.604166666666668,2014.4375,0.2995772166671789,0.19059565347808313,0.11322441716175613,,,,,,,,,,,
0.9166666666666666,0.9166666666666667,0.9230769230769231,0.9947916666666666,0.002484800003003329,breast_cancer,hybrid_standard_qnn_exploratory_logreg,hybrid_standard_qnn_exploratory,logreg,1,4,4,16,2.0,1.1,True,qnn_exploratory,standard,80,,,,,,,10.240966600002139,,,,,,,,,,,,,,,,0.8333333333333334,0.25,0.1875,0.03198089989756973,8.636453900870913e-12,35.9375,31.4375,0.07079937291594736,0.19059565347808313,0.02813980133274069,"{""none"": 36, ""residual+conditioning+solver_failure"": 8, ""conditioning+solver_failure"": 1, ""conditioning"": 3}"
0.8125,0.8125,0.8301886792452831,0.9479166666666667,0.0014775000017834827,breast_cancer,hybrid_standard_qnn_exploratory_svm_rbf,hybrid_standard_qnn_exploratory,svm_rbf,1,4,4,16,2.0,1.1,True,qnn_exploratory,standard,80,,,,,,,10.240966600002139,,,,,,,,,,,,,,,,0.8333333333333334,0.25,0.1875,0.03198089989756973,8.636453900870913e-12,35.9375,31.4375,0.07079937291594736,0.19059565347808313,0.02813980133274069,"{""none"": 36, ""residual+conditioning+solver_failure"": 8, ""conditioning+solver_failure"": 1, ""conditioning"": 3}"
0.9166666666666666,0.9166666666666667,0.9230769230769231,0.9635416666666667,49.76508599999943,breast_cancer,hybrid_standard_qnn_exploratory_qnn,hybrid_standard_qnn_exploratory,qnn,1,4,4,16,2.0,1.1,True,qnn_exploratory,standard,80,,,,,,,10.240966600002139,,,,,,,,,,,,,,,,0.8333333333333334,0.25,0.1875,0.03198089989756973,8.636453900870913e-12,35.9375,31.4375,0.07079937291594736,0.19059565347808313,0.02813980133274069,"{""none"": 36, ""residual+conditioning+solver_failure"": 8, ""conditioning+solver_failure"": 1, ""conditioning"": 3}"
0.9166666666666666,0.9166666666666667,0.9230769230769231,0.9930555555555556,0.0025452999980188906,breast_cancer,hybrid_aggressive_qnn_exploratory_logreg,hybrid_aggressive_qnn_exploratory,logreg,1,4,4,16,2.0,1.1,True,qnn_exploratory,aggressive,80,,,,,,,28.431303599994862,,,,,,,,,,,,,,,,0.8333333333333334,0.5,0.2708333333333333,0.031823969826152154,7.53585021195787e-12,35.9375,30.145833333333332,0.17050444791766495,0.19059565347808313,0.04257058128685157,"{""none"": 24, ""conditioning"": 15, ""residual+conditioning+solver_failure"": 9}"
0.8125,0.8125,0.8301886792452831,0.953125,0.001483499989262782,breast_cancer,hybrid_aggressive_qnn_exploratory_svm_rbf,hybrid_aggressive_qnn_exploratory,svm_rbf,1,4,4,16,2.0,1.1,True,qnn_exploratory,aggressive,80,,,,,,,28.431303599994862,,,,,,,,,,,,,,,,0.8333333333333334,0.5,0.2708333333333333,0.031823969826152154,7.53585021195787e-12,35.9375,30.145833333333332,0.17050444791766495,0.19059565347808313,0.04257058128685157,"{""none"": 24, ""conditioning"": 15, ""residual+conditioning+solver_failure"": 9}"
0.8958333333333334,0.8958333333333334,0.9019607843137255,0.9340277777777779,50.10983350001334,breast_cancer,hybrid_aggressive_qnn_exploratory_qnn,hybrid_aggressive_qnn_exploratory,qnn,1,4,4,16,2.0,1.1,True,qnn_exploratory,aggressive,80,,,,,,,28.431303599994862,,,,,,,,,,,,,,,,0.8333333333333334,0.5,0.2708333333333333,0.031823969826152154,7.53585021195787e-12,35.9375,30.145833333333332,0.17050444791766495,0.19059565347808313,0.04257058128685157,"{""none"": 24, ""conditioning"": 15, ""residual+conditioning+solver_failure"": 9}"
0.8958333333333334,0.8958333333333333,0.9056603773584906,0.9930555555555556,0.0025754000089364126,breast_cancer,hybrid_always_trigger_qnn_exploratory_logreg,hybrid_always_trigger_qnn_exploratory,logreg,1,4,4,16,2.0,1.1,True,qnn_exploratory,always_trigger,80,,,,,,,49.28382480000437,,,,,,,,,,,,,,,,0.8333333333333334,1.0,0.5208333333333334,0.03193416855799799,2.0339394917738926e-12,35.9375,26.041666666666668,0.3010439604167914,0.19059565347808313,0.11372597541478756,"{""residual+conditioning"": 39, ""residual+conditioning+solver_failure"": 9}"
0.8125,0.8125,0.8301886792452831,0.951388888888889,0.0014317000022856519,breast_cancer,hybrid_always_trigger_qnn_exploratory_svm_rbf,hybrid_always_trigger_qnn_exploratory,svm_rbf,1,4,4,16,2.0,1.1,True,qnn_exploratory,always_trigger,80,,,,,,,49.28382480000437,,,,,,,,,,,,,,,,0.8333333333333334,1.0,0.5208333333333334,0.03193416855799799,2.0339394917738926e-12,35.9375,26.041666666666668,0.3010439604167914,0.19059565347808313,0.11372597541478756,"{""residual+conditioning"": 39, ""residual+conditioning+solver_failure"": 9}"
0.875,0.875,0.8846153846153846,0.9652777777777778,50.011502599998494,breast_cancer,hybrid_always_trigger_qnn_exploratory_qnn,hybrid_always_trigger_qnn_exploratory,qnn,1,4,4,16,2.0,1.1,True,qnn_exploratory,always_trigger,80,,,,,,,49.28382480000437,,,,,,,,,,,,,,,,0.8333333333333334,1.0,0.5208333333333334,0.03193416855799799,2.0339394917738926e-12,35.9375,26.041666666666668,0.3010439604167914,0.19059565347808313,0.11372597541478756,"{""residual+conditioning"": 39, ""residual+conditioning+solver_failure"": 9}"
0.9166666666666666,0.9166666666666667,0.9230769230769231,0.9930555555555556,0.002523500006645918,breast_cancer,hybrid_qnn_lenient_qnn_exploratory_logreg,hybrid_qnn_lenient_qnn_exploratory,logreg,1,4,4,16,2.0,1.1,True,qnn_exploratory,qnn_lenient,80,,,,,,,49.36972079999396,,,,,,,,,,,,,,,,0.8333333333333334,1.0,0.5208333333333334,0.03193416855799799,2.0339394917738926e-12,35.9375,26.041666666666668,0.3005951333334451,0.19059565347808313,0.11372597541478756,"{""residual+conditioning"": 39, ""residual+conditioning+solver_failure"": 9}"
0.8333333333333334,0.8333333333333333,0.8571428571428571,0.953125,0.0014227999927243218,breast_cancer,hybrid_qnn_lenient_qnn_exploratory_svm_rbf,hybrid_qnn_lenient_qnn_exploratory,svm_rbf,1,4,4,16,2.0,1.1,True,qnn_exploratory,qnn_lenient,80,,,,,,,49.36972079999396,,,,,,,,,,,,,,,,0.8333333333333334,1.0,0.5208333333333334,0.03193416855799799,2.0339394917738926e-12,35.9375,26.041666666666668,0.3005951333334451,0.19059565347808313,0.11372597541478756,"{""residual+conditioning"": 39, ""residual+conditioning+solver_failure"": 9}"
0.8125,0.8125,0.8235294117647058,0.8940972222222222,49.51948160000029,breast_cancer,hybrid_qnn_lenient_qnn_exploratory_qnn,hybrid_qnn_lenient_qnn_exploratory,qnn,1,4,4,16,2.0,1.1,True,qnn_exploratory,qnn_lenient,80,,,,,,,49.36972079999396,,,,,,,,,,,,,,,,0.8333333333333334,1.0,0.5208333333333334,0.03193416855799799,2.0339394917738926e-12,35.9375,26.041666666666668,0.3005951333334451,0.19059565347808313,0.11372597541478756,"{""residual+conditioning"": 39, ""residual+conditioning+solver_failure"": 9}"
0.8958333333333334,0.8958333333333333,0.9056603773584906,0.9947916666666666,0.002595600002678111,breast_cancer,forced_no_detector_logreg,forced_no_detector,logreg,1,4,4,16,2.0,1.1,True,no_detector,standard,80,,,,,,,12.24833000000217,0.8333333333333334,0.5208333333333334,0.8125,0.3958333333333333,0.036955947504734465,0.17498373354154192,0.031200529886259404,8.636453900870913e-12,0.1258950193454641,35.9375,25.333333333333332,1778.9166666666667,0.07375472916677002,0.19059565347808313,0.0979608883207806,,,,,,,,,,,
0.8541666666666666,0.8541666666666667,0.8727272727272727,0.9548611111111112,0.0014980999985709786,breast_cancer,forced_no_detector_svm_rbf,forced_no_detector,svm_rbf,1,4,4,16,2.0,1.1,True,no_detector,standard,80,,,,,,,12.24833000000217,0.8333333333333334,0.5208333333333334,0.8125,0.3958333333333333,0.036955947504734465,0.17498373354154192,0.031200529886259404,8.636453900870913e-12,0.1258950193454641,35.9375,25.333333333333332,1778.9166666666667,0.07375472916677002,0.19059565347808313,0.0979608883207806,,,,,,,,,,,
0.8333333333333334,0.8333333333333333,0.8461538461538461,0.9010416666666666,49.83487829999649,breast_cancer,forced_no_detector_qnn,forced_no_detector,qnn,1,4,4,16,2.0,1.1,True,no_detector,standard,80,,,,,,,12.24833000000217,0.8333333333333334,0.5208333333333334,0.8125,0.3958333333333333,0.036955947504734465,0.17498373354154192,0.031200529886259404,8.636453900870913e-12,0.1258950193454641,35.9375,25.333333333333332,1778.9166666666667,0.07375472916677002,0.19059565347808313,0.0979608883207806,,,,,,,,,,,
0.8958333333333334,0.8958333333333333,0.9056603773584906,0.9930555555555556,0.0025273999926866964,breast_cancer,hybrid_standard_no_detector_logreg,hybrid_standard_no_detector,logreg,1,4,4,16,2.0,1.1,True,no_detector,standard,80,,,,,,,2.9180248999909963,,,,,,,,,,,,,,,,0.8333333333333334,0.25,0.16666666666666666,0.031201865956954632,8.296120566873917e-12,35.9375,32.583333333333336,0.018297066666188282,0.19059565347808313,0.018532780114721138,"{""none"": 36, ""residual+conditioning+solver_failure"": 8, ""conditioning+solver_failure"": 1, ""conditioning"": 3}"
0.8125,0.8125,0.8301886792452831,0.9496527777777777,0.001440300009562634,breast_cancer,hybrid_standard_no_detector_svm_rbf,hybrid_standard_no_detector,svm_rbf,1,4,4,16,2.0,1.1,True,no_detector,standard,80,,,,,,,2.9180248999909963,,,,,,,,,,,,,,,,0.8333333333333334,0.25,0.16666666666666666,0.031201865956954632,8.296120566873917e-12,35.9375,32.583333333333336,0.018297066666188282,0.19059565347808313,0.018532780114721138,"{""none"": 36, ""residual+conditioning+solver_failure"": 8, ""conditioning+solver_failure"": 1, ""conditioning"": 3}"
0.8333333333333334,0.8333333333333333,0.84,0.814236111111111,51.0628269000008,breast_cancer,hybrid_standard_no_detector_qnn,hybrid_standard_no_detector,qnn,1,4,4,16,2.0,1.1,True,no_detector,standard,80,,,,,,,2.9180248999909963,,,,,,,,,,,,,,,,0.8333333333333334,0.25,0.16666666666666666,0.031201865956954632,8.296120566873917e-12,35.9375,32.583333333333336,0.018297066666188282,0.19059565347808313,0.018532780114721138,"{""none"": 36, ""residual+conditioning+solver_failure"": 8, ""conditioning+solver_failure"": 1, ""conditioning"": 3}"
0.8958333333333334,0.8958333333333333,0.9056603773584906,0.9947916666666666,0.0027999000012641773,breast_cancer,hybrid_aggressive_no_detector_logreg,hybrid_aggressive_no_detector,logreg,1,4,4,16,2.0,1.1,True,no_detector,aggressive,80,,,,,,,7.431974799997988,,,,,,,,,,,,,,,,0.8333333333333334,0.5,0.2708333333333333,0.031201865955811398,6.97621539467284e-12,35.9375,30.791666666666668,0.04096630625099351,0.19059565347808313,0.03760597133800394,"{""none"": 24, ""conditioning"": 15, ""residual+conditioning+solver_failure"": 9}"
0.8541666666666666,0.8541666666666667,0.8727272727272727,0.9583333333333333,0.0014412000018637627,breast_cancer,hybrid_aggressive_no_detector_svm_rbf,hybrid_aggressive_no_detector,svm_rbf,1,4,4,16,2.0,1.1,True,no_detector,aggressive,80,,,,,,,7.431974799997988,,,,,,,,,,,,,,,,0.8333333333333334,0.5,0.2708333333333333,0.031201865955811398,6.97621539467284e-12,35.9375,30.791666666666668,0.04096630625099351,0.19059565347808313,0.03760597133800394,"{""none"": 24, ""conditioning"": 15, ""residual+conditioning+solver_failure"": 9}"
0.8125,0.8125,0.8301886792452831,0.8177083333333333,49.740587499996764,breast_cancer,hybrid_aggressive_no_detector_qnn,hybrid_aggressive_no_detector,qnn,1,4,4,16,2.0,1.1,True,no_detector,aggressive,80,,,,,,,7.431974799997988,,,,,,,,,,,,,,,,0.8333333333333334,0.5,0.2708333333333333,0.031201865955811398,6.97621539467284e-12,35.9375,30.791666666666668,0.04096630625099351,0.19059565347808313,0.03760597133800394,"{""none"": 24, ""conditioning"": 15, ""residual+conditioning+solver_failure"": 9}"
0.8958333333333334,0.8958333333333333,0.9056603773584906,0.9947916666666666,0.002392200010945089,breast_cancer,hybrid_always_trigger_no_detector_logreg,hybrid_always_trigger_no_detector,logreg,1,4,4,16,2.0,1.1,True,no_detector,always_trigger,80,,,,,,,12.518080599998939,,,,,,,,,,,,,,,,0.8333333333333334,1.0,0.5,0.03120186595288039,2.6400960449433267e-12,35.9375,27.229166666666668,0.07653453958149233,0.19059565347808313,0.0979608883207806,"{""residual+conditioning"": 39, ""residual+conditioning+solver_failure"": 9}"
0.8541666666666666,0.8541666666666667,0.8727272727272727,0.9548611111111112,0.001441300002625212,breast_cancer,hybrid_always_trigger_no_detector_svm_rbf,hybrid_always_trigger_no_detector,svm_rbf,1,4,4,16,2.0,1.1,True,no_detector,always_trigger,80,,,,,,,12.518080599998939,,,,,,,,,,,,,,,,0.8333333333333334,1.0,0.5,0.03120186595288039,2.6400960449433267e-12,35.9375,27.229166666666668,0.07653453958149233,0.19059565347808313,0.0979608883207806,"{""residual+conditioning"": 39, ""residual+conditioning+solver_failure"": 9}"
0.8541666666666666,0.8541666666666666,0.8627450980392157,0.875,49.59299469999678,breast_cancer,hybrid_always_trigger_no_detector_qnn,hybrid_always_trigger_no_detector,qnn,1,4,4,16,2.0,1.1,True,no_detector,always_trigger,80,,,,,,,12.518080599998939,,,,,,,,,,,,,,,,0.8333333333333334,1.0,0.5,0.03120186595288039,2.6400960449433267e-12,35.9375,27.229166666666668,0.07653453958149233,0.19059565347808313,0.0979608883207806,"{""residual+conditioning"": 39, ""residual+conditioning+solver_failure"": 9}"
0.8958333333333334,0.8958333333333333,0.9056603773584906,0.9930555555555556,0.0022880999895278364,breast_cancer,hybrid_qnn_lenient_no_detector_logreg,hybrid_qnn_lenient_no_detector,logreg,1,4,4,16,2.0,1.1,True,no_detector,qnn_lenient,80,,,,,,,12.474841000002925,,,,,,,,,,,,,,,,0.8333333333333334,1.0,0.5,0.03120186595288039,2.6400960449433267e-12,35.9375,27.229166666666668,0.07661179375069575,0.19059565347808313,0.0979608883207806,"{""residual+conditioning"": 39, ""residual+conditioning+solver_failure"": 9}"
0.8541666666666666,0.8541666666666667,0.8727272727272727,0.9583333333333333,0.001436999998986721,breast_cancer,hybrid_qnn_lenient_no_detector_svm_rbf,hybrid_qnn_lenient_no_detector,svm_rbf,1,4,4,16,2.0,1.1,True,no_detector,qnn_lenient,80,,,,,,,12.474841000002925,,,,,,,,,,,,,,,,0.8333333333333334,1.0,0.5,0.03120186595288039,2.6400960449433267e-12,35.9375,27.229166666666668,0.07661179375069575,0.19059565347808313,0.0979608883207806,"{""residual+conditioning"": 39, ""residual+conditioning+solver_failure"": 9}"
0.7916666666666666,0.7916666666666667,0.8076923076923077,0.8541666666666666,49.61208650001208,breast_cancer,hybrid_qnn_lenient_no_detector_qnn,hybrid_qnn_lenient_no_detector,qnn,1,4,4,16,2.0,1.1,True,no_detector,qnn_lenient,80,,,,,,,12.474841000002925,,,,,,,,,,,,,,,,0.8333333333333334,1.0,0.5,0.03120186595288039,2.6400960449433267e-12,35.9375,27.229166666666668,0.07661179375069575,0.19059565347808313,0.0979608883207806,"{""residual+conditioning"": 39, ""residual+conditioning+solver_failure"": 9}"
0.9166666666666666,0.9166666666666667,0.9230769230769231,0.9947916666666666,0.0023962999985087663,breast_cancer,forced_residual_only_logreg,forced_residual_only,logreg,1,4,4,16,2.0,1.1,True,residual_only,standard,80,,,,,,,7.023842700000387,0.8333333333333334,0.5833333333333334,0.8125,0.4375,0.036955947504734465,0.16504145281317534,0.02742132503427955,8.636453900870913e-12,0.07903172058837316,35.9375,12.354166666666666,2411.1041666666665,0.0433542895834762,0.19059565347808313,0.10357258955912681,,,,,,,,,,,
0.8333333333333334,0.8333333333333333,0.8571428571428571,0.9392361111111112,0.0014936999941710383,breast_cancer,forced_residual_only_svm_rbf,forced_residual_only,svm_rbf,1,4,4,16,2.0,1.1,True,residual_only,standard,80,,,,,,,7.023842700000387,0.8333333333333334,0.5833333333333334,0.8125,0.4375,0.036955947504734465,0.16504145281317534,0.02742132503427955,8.636453900870913e-12,0.07903172058837316,35.9375,12.354166666666666,2411.1041666666665,0.0433542895834762,0.19059565347808313,0.10357258955912681,,,,,,,,,,,
0.8541666666666666,0.8541666666666667,0.8679245283018868,0.9184027777777779,50.03269930000533,breast_cancer,forced_residual_only_qnn,forced_residual_only,qnn,1,4,4,16,2.0,1.1,True,residual_only,standard,80,,,,,,,7.023842700000387,0.8333333333333334,0.5833333333333334,0.8125,0.4375,0.036955947504734465,0.16504145281317534,0.02742132503427955,8.636453900870913e-12,0.07903172058837316,35.9375,12.354166666666666,2411.1041666666665,0.0433542895834762,0.19059565347808313,0.10357258955912681,,,,,,,,,,,
0.9166666666666666,0.9166666666666667,0.9230769230769231,0.9930555555555556,0.00295279998681508,breast_cancer,hybrid_standard_residual_only_logreg,hybrid_standard_residual_only,logreg,1,4,4,16,2.0,1.1,True,residual_only,standard,80,,,,,,,1.3886109000013676,,,,,,,,,,,,,,,,0.8333333333333334,0.25,0.14583333333333334,0.027547118943577562,8.296120566873917e-12,35.9375,30.958333333333332,0.009674633333816018,0.19059565347808313,0.021305255247544463,"{""none"": 36, ""residual+conditioning+solver_failure"": 8, ""conditioning+solver_failure"": 1, ""conditioning"": 3}"
0.8333333333333334,0.8333333333333333,0.8571428571428571,0.9496527777777777,0.0014534000074490905,breast_cancer,hybrid_standard_residual_only_svm_rbf,hybrid_standard_residual_only,svm_rbf,1,4,4,16,2.0,1.1,True,residual_only,standard,80,,,,,,,1.3886109000013676,,,,,,,,,,,,,,,,0.8333333333333334,0.25,0.14583333333333334,0.027547118943577562,8.296120566873917e-12,35.9375,30.958333333333332,0.009674633333816018,0.19059565347808313,0.021305255247544463,"{""none"": 36, ""residual+conditioning+solver_failure"": 8, ""conditioning+solver_failure"": 1, ""conditioning"": 3}"
0.8541666666666666,0.8541666666666666,0.8627450980392157,0.9166666666666667,50.261500499997055,breast_cancer,hybrid_standard_residual_only_qnn,hybrid_standard_residual_only,qnn,1,4,4,16,2.0,1.1,True,residual_only,standard,80,,,,,,,1.3886109000013676,,,,,,,,,,,,,,,,0.8333333333333334,0.25,0.14583333333333334,0.027547118943577562,8.296120566873917e-12,35.9375,30.958333333333332,0.009674633333816018,0.19059565347808313,0.021305255247544463,"{""none"": 36, ""residual+conditioning+solver_failure"": 8, ""conditioning+solver_failure"": 1, ""conditioning"": 3}"
0.9166666666666666,0.9166666666666667,0.9230769230769231,0.9947916666666666,0.0023404000094160438,breast_cancer,hybrid_aggressive_residual_only_logreg,hybrid_aggressive_residual_only,logreg,1,4,4,16,2.0,1.1,True,residual_only,aggressive,80,,,,,,,3.6566033999988576,,,,,,,,,,,,,,,,0.8333333333333334,0.5,0.2708333333333333,0.027547118942220433,5.1333672614189315e-12,35.9375,27.895833333333332,0.023532541665796696,0.19059565347808313,0.04583032170116482,"{""none"": 24, ""conditioning"": 15, ""residual+conditioning+solver_failure"": 9}"
0.8333333333333334,0.8333333333333333,0.8571428571428571,0.9392361111111112,0.0014165000029606745,breast_cancer,hybrid_aggressive_residual_only_svm_rbf,hybrid_aggressive_residual_only,svm_rbf,1,4,4,16,2.0,1.1,True,residual_only,aggressive,80,,,,,,,3.6566033999988576,,,,,,,,,,,,,,,,0.8333333333333334,0.5,0.2708333333333333,0.027547118942220433,5.1333672614189315e-12,35.9375,27.895833333333332,0.023532541665796696,0.19059565347808313,0.04583032170116482,"{""none"": 24, ""conditioning"": 15, ""residual+conditioning+solver_failure"": 9}"
0.8541666666666666,0.8541666666666667,0.8679245283018868,0.9166666666666667,49.8074929999857,breast_cancer,hybrid_aggressive_residual_only_qnn,hybrid_aggressive_residual_only,qnn,1,4,4,16,2.0,1.1,True,residual_only,aggressive,80,,,,,,,3.6566033999988576,,,,,,,,,,,,,,,,0.8333333333333334,0.5,0.2708333333333333,0.027547118942220433,5.1333672614189315e-12,35.9375,27.895833333333332,0.023532541665796696,0.19059565347808313,0.04583032170116482,"{""none"": 24, ""conditioning"": 15, ""residual+conditioning+solver_failure"": 9}"
0.9166666666666666,0.9166666666666667,0.9230769230769231,0.9947916666666666,0.0021142000041436404,breast_cancer,hybrid_always_trigger_residual_only_logreg,hybrid_always_trigger_residual_only,logreg,1,4,4,16,2.0,1.1,True,residual_only,always_trigger,80,,,,,,,7.075433399993926,,,,,,,,,,,,,,,,0.8333333333333334,1.0,0.5208333333333334,0.027547118938636452,5.036395774235603e-13,35.9375,21.208333333333332,0.04443133125005261,0.19059565347808313,0.10357258955912681,"{""residual+conditioning"": 39, ""residual+conditioning+solver_failure"": 9}"
0.8333333333333334,0.8333333333333333,0.8571428571428571,0.9392361111111112,0.0014155000098980963,breast_cancer,hybrid_always_trigger_residual_only_svm_rbf,hybrid_always_trigger_residual_only,svm_rbf,1,4,4,16,2.0,1.1,True,residual_only,always_trigger,80,,,,,,,7.075433399993926,,,,,,,,,,,,,,,,0.8333333333333334,1.0,0.5208333333333334,0.027547118938636452,5.036395774235603e-13,35.9375,21.208333333333332,0.04443133125005261,0.19059565347808313,0.10357258955912681,"{""residual+conditioning"": 39, ""residual+conditioning+solver_failure"": 9}"
0.8541666666666666,0.8541666666666667,0.8679245283018868,0.9166666666666667,49.830062700013514,breast_cancer,hybrid_always_trigger_residual_only_qnn,hybrid_always_trigger_residual_only,qnn,1,4,4,16,2.0,1.1,True,residual_only,always_trigger,80,,,,,,,7.075433399993926,,,,,,,,,,,,,,,,0.8333333333333334,1.0,0.5208333333333334,0.027547118938636452,5.036395774235603e-13,35.9375,21.208333333333332,0.04443133125005261,0.19059565347808313,0.10357258955912681,"{""residual+conditioning"": 39, ""residual+conditioning+solver_failure"": 9}"
0.9166666666666666,0.9166666666666667,0.9230769230769231,0.9947916666666666,0.0021859999978914857,breast_cancer,hybrid_qnn_lenient_residual_only_logreg,hybrid_qnn_lenient_residual_only,logreg,1,4,4,16,2.0,1.1,True,residual_only,qnn_lenient,80,,,,,,,7.0367554999975255,,,,,,,,,,,,,,,,0.8333333333333334,1.0,0.5208333333333334,0.027547118938636452,5.036395774235603e-13,35.9375,21.208333333333332,0.043504712498664354,0.19059565347808313,0.10357258955912681,"{""residual+conditioning"": 39, ""residual+conditioning+solver_failure"": 9}"
0.8333333333333334,0.8333333333333333,0.8571428571428571,0.9392361111111112,0.0015328000008594245,breast_cancer,hybrid_qnn_lenient_residual_only_svm_rbf,hybrid_qnn_lenient_residual_only,svm_rbf,1,4,4,16,2.0,1.1,True,residual_only,qnn_lenient,80,,,,,,,7.0367554999975255,,,,,,,,,,,,,,,,0.8333333333333334,1.0,0.5208333333333334,0.027547118938636452,5.036395774235603e-13,35.9375,21.208333333333332,0.043504712498664354,0.19059565347808313,0.10357258955912681,"{""residual+conditioning"": 39, ""residual+conditioning+solver_failure"": 9}"
0.8541666666666666,0.8541666666666667,0.8679245283018868,0.9166666666666667,49.32544169999892,breast_cancer,hybrid_qnn_lenient_residual_only_qnn,hybrid_qnn_lenient_residual_only,qnn,1,4,4,16,2.0,1.1,True,residual_only,qnn_lenient,80,,,,,,,7.0367554999975255,,,,,,,,,,,,,,,,0.8333333333333334,1.0,0.5208333333333334,0.027547118938636452,5.036395774235603e-13,35.9375,21.208333333333332,0.043504712498664354,0.19059565347808313,0.10357258955912681,"{""residual+conditioning"": 39, ""residual+conditioning+solver_failure"": 9}"
0.9583333333333334,0.9583333333333334,0.9583333333333334,0.998263888888889,0.00194240000564605,breast_cancer,pca_logreg,pca,logreg,2,4,4,16,2.0,1.1,True,full_balanced,standard,80,,,,,,,,,,,,,,,,,,,,,,,,,,,,,,,,,
0.9791666666666666,0.9791666666666667,0.9787234042553191,0.998263888888889,0.07966290001058951,breast_cancer,pca_mlp,pca,mlp,2,4,4,16,2.0,1.1,True,full_balanced,standard,80,,,,,,,,,,,,,,,,,,,,,,,,,,,,,,,,,
0.9791666666666666,0.9791666666666667,0.9787234042553191,0.9930555555555556,0.0016411999968113378,breast_cancer,pca_svm_rbf,pca,svm_rbf,2,4,4,16,2.0,1.1,True,full_balanced,standard,80,,,,,,,,,,,,,,,,,,,,,,,,,,,,,,,,,
0.9375,0.9375,0.9387755102040817,0.986111111111111,50.15249049999693,breast_cancer,pca_qnn,pca,qnn,2,4,4,16,2.0,1.1,True,full_balanced,standard,80,,,,,,,,,,,,,,,,,,,,,,,,,,,,,,,,,
0.9375,0.9375,0.9411764705882353,0.9913194444444444,0.002611599993542768,breast_cancer,implicit_zero_logreg,implicit_zero,logreg,2,4,4,16,2.0,1.1,True,full_balanced,standard,80,0.75,0.03801768200686464,2.700664100367613e-12,35.479166666666664,0.00029172708279171883,0.192840952306357,0.05274309999367688,,,,,,,,,,,,,,,,,,,,,,,,,,
0.9166666666666666,0.9166666666666666,0.9166666666666666,0.9791666666666667,0.0020867999992333353,breast_cancer,implicit_zero_svm_rbf,implicit_zero,svm_rbf,2,4,4,16,2.0,1.1,True,full_balanced,standard,80,0.75,0.03801768200686464,2.700664100367613e-12,35.479166666666664,0.00029172708279171883,0.192840952306357,0.05274309999367688,,,,,,,,,,,,,,,,,,,,,,,,,,
0.875,0.875,0.8695652173913043,0.9600694444444444,49.753189100010786,breast_cancer,implicit_zero_qnn,implicit_zero,qnn,2,4,4,16,2.0,1.1,True,full_balanced,standard,80,0.75,0.03801768200686464,2.700664100367613e-12,35.479166666666664,0.00029172708279171883,0.192840952306357,0.05274309999367688,,,,,,,,,,,,,,,,,,,,,,,,,,
0.9375,0.9375,0.9387755102040817,0.9930555555555555,0.0018164000066462904,breast_cancer,forced_full_light_logreg,forced_full_light,logreg,2,4,4,16,2.0,1.1,True,full_light,standard,80,,,,,,,24.000817299995106,0.7916666666666666,0.6875,0.75,0.5208333333333334,0.03801768200686464,0.08721479747606549,0.019937132874484797,2.700664100367613e-12,6.66350161502324e-12,35.479166666666664,19.395833333333332,1688.6041666666667,0.14918608541605258,0.192840952306357,0.127964304008501,,,,,,,,,,,
0.9166666666666666,0.9166666666666666,0.9166666666666666,0.9791666666666667,0.0014069000026211143,breast_cancer,forced_full_light_svm_rbf,forced_full_light,svm_rbf,2,4,4,16,2.0,1.1,True,full_light,standard,80,,,,,,,24.000817299995106,0.7916666666666666,0.6875,0.75,0.5208333333333334,0.03801768200686464,0.08721479747606549,0.019937132874484797,2.700664100367613e-12,6.66350161502324e-12,35.479166666666664,19.395833333333332,1688.6041666666667,0.14918608541605258,0.192840952306357,0.127964304008501,,,,,,,,,,,
0.875,0.875,0.88,0.9774305555555556,50.395623599993996,breast_cancer,forced_full_light_qnn,forced_full_light,qnn,2,4,4,16,2.0,1.1,True,full_light,standard,80,,,,,,,24.000817299995106,0.7916666666666666,0.6875,0.75,0.5208333333333334,0.03801768200686464,0.08721479747606549,0.019937132874484797,2.700664100367613e-12,6.66350161502324e-12,35.479166666666664,19.395833333333332,1688.6041666666667,0.14918608541605258,0.192840952306357,0.127964304008501,,,,,,,,,,,
0.9583333333333334,0.9583333333333333,0.96,0.9930555555555555,0.0026107000012416393,breast_cancer,hybrid_standard_full_light_logreg,hybrid_standard_full_light,logreg,2,4,4,16,2.0,1.1,True,full_light,standard,80,,,,,,,6.726454599993303,,,,,,,,,,,,,,,,0.7916666666666666,0.2916666666666667,0.1875,0.019950532794510267,2.411441067849173e-12,35.479166666666664,29.104166666666668,0.04217884999919382,0.192840952306357,0.04332973038677489,"{""none"": 34, ""conditioning"": 2, ""residual+conditioning+solver_failure"": 9, ""conditioning+solver_failure"": 3}"
0.9166666666666666,0.9166666666666667,0.92,0.9791666666666667,0.001527799991890788,breast_cancer,hybrid_standard_full_light_svm_rbf,hybrid_standard_full_light,svm_rbf,2,4,4,16,2.0,1.1,True,full_light,standard,80,,,,,,,6.726454599993303,,,,,,,,,,,,,,,,0.7916666666666666,0.2916666666666667,0.1875,0.019950532794510267,2.411441067849173e-12,35.479166666666664,29.104166666666668,0.04217884999919382,0.192840952306357,0.04332973038677489,"{""none"": 34, ""conditioning"": 2, ""residual+conditioning+solver_failure"": 9, ""conditioning+solver_failure"": 3}"
0.8541666666666666,0.8541666666666667,0.851063829787234,0.9600694444444444,49.97767169999133,breast_cancer,hybrid_standard_full_light_qnn,hybrid_standard_full_light,qnn,2,4,4,16,2.0,1.1,True,full_light,standard,80,,,,,,,6.726454599993303,,,,,,,,,,,,,,,,0.7916666666666666,0.2916666666666667,0.1875,0.019950532794510267,2.411441067849173e-12,35.479166666666664,29.104166666666668,0.04217884999919382,0.192840952306357,0.04332973038677489,"{""none"": 34, ""conditioning"": 2, ""residual+conditioning+solver_failure"": 9, ""conditioning+solver_failure"": 3}"
0.9375,0.9375,0.9387755102040817,0.9930555555555556,0.0022077999892644584,breast_cancer,hybrid_aggressive_full_light_logreg,hybrid_aggressive_full_light,logreg,2,4,4,16,2.0,1.1,True,full_light,aggressive,80,,,,,,,14.037937900007819,,,,,,,,,,,,,,,,0.7916666666666666,0.4583333333333333,0.3125,0.019950440058753474,2.0826118505261616e-12,35.479166666666664,27.041666666666668,0.06796326666790264,0.192840952306357,0.06441407565298617,"{""none"": 26, ""conditioning"": 10, ""residual+conditioning+solver_failure"": 12}"
0.8958333333333334,0.8958333333333333,0.8979591836734694,0.9756944444444444,0.0014099999971222132,breast_cancer,hybrid_aggressive_full_light_svm_rbf,hybrid_aggressive_full_light,svm_rbf,2,4,4,16,2.0,1.1,True,full_light,aggressive,80,,,,,,,14.037937900007819,,,,,,,,,,,,,,,,0.7916666666666666,0.4583333333333333,0.3125,0.019950440058753474,2.0826118505261616e-12,35.479166666666664,27.041666666666668,0.06796326666790264,0.192840952306357,0.06441407565298617,"{""none"": 26, ""conditioning"": 10, ""residual+conditioning+solver_failure"": 12}"
0.9375,0.9375,0.9333333333333333,0.9739583333333333,49.80470409999543,breast_cancer,hybrid_aggressive_full_light_qnn,hybrid_aggressive_full_light,qnn,2,4,4,16,2.0,1.1,True,full_light,aggressive,80,,,,,,,14.037937900007819,,,,,,,,,,,,,,,,0.7916666666666666,0.4583333333333333,0.3125,0.019950440058753474,2.0826118505261616e-12,35.479166666666664,27.041666666666668,0.06796326666790264,0.192840952306357,0.06441407565298617,"{""none"": 26, ""conditioning"": 10, ""residual+conditioning+solver_failure"": 12}"
0.9375,0.9375,0.9387755102040817,0.9913194444444444,0.0022286000021267682,breast_cancer,hybrid_always_trigger_full_light_logreg,hybrid_always_trigger_full_light,logreg,2,4,4,16,2.0,1.1,True,full_light,always_trigger,80,,,,,,,24.520463199994992,,,,,,,,,,,,,,,,0.7916666666666666,1.0,0.6041666666666666,0.019950547369364243,1.0359270214561255e-12,35.479166666666664,23.291666666666668,0.14760609583330128,0.192840952306357,0.11877177376232739,"{""residual+conditioning"": 36, ""residual+conditioning+solver_failure"": 12}"
0.9166666666666666,0.9166666666666666,0.9166666666666666,0.9826388888888888,0.0014067999873077497,breast_cancer,hybrid_always_trigger_full_light_svm_rbf,hybrid_always_trigger_full_light,svm_rbf,2,4,4,16,2.0,1.1,True,full_light,always_trigger,80,,,,,,,24.520463199994992,,,,,,,,,,,,,,,,0.7916666666666666,1.0,0.6041666666666666,0.019950547369364243,1.0359270214561255e-12,35.479166666666664,23.291666666666668,0.14760609583330128,0.192840952306357,0.11877177376232739,"{""residual+conditioning"": 36, ""residual+conditioning+solver_failure"": 12}"
0.7916666666666666,0.7916666666666667,0.7727272727272727,0.9375,49.75571350000973,breast_cancer,hybrid_always_trigger_full_light_qnn,hybrid_always_trigger_full_light,qnn,2,4,4,16,2.0,1.1,True,full_light,always_trigger,80,,,,,,,24.520463199994992,,,,,,,,,,,,,,,,0.7916666666666666,1.0,0.6041666666666666,0.019950547369364243,1.0359270214561255e-12,35.479166666666664,23.291666666666668,0.14760609583330128,0.192840952306357,0.11877177376232739,"{""residual+conditioning"": 36, ""residual+conditioning+solver_failure"": 12}"
0.9375,0.9375,0.9387755102040817,0.9913194444444444,0.0021643999934894964,breast_cancer,hybrid_qnn_lenient_full_light_logreg,hybrid_qnn_lenient_full_light,logreg,2,4,4,16,2.0,1.1,True,full_light,qnn_lenient,80,,,,,,,24.92515489998914,,,,,,,,,,,,,,,,0.7916666666666666,1.0,0.6041666666666666,0.019950547369364243,1.0359270214561255e-12,35.479166666666664,23.291666666666668,0.15229111458393163,0.192840952306357,0.11877177376232739,"{""residual+conditioning"": 36, ""residual+conditioning+solver_failure"": 12}"
0.9166666666666666,0.9166666666666666,0.9166666666666666,0.9826388888888888,0.0014002999960212037,breast_cancer,hybrid_qnn_lenient_full_light_svm_rbf,hybrid_qnn_lenient_full_light,svm_rbf,2,4,4,16,2.0,1.1,True,full_light,qnn_lenient,80,,,,,,,24.92515489998914,,,,,,,,,,,,,,,,0.7916666666666666,1.0,0.6041666666666666,0.019950547369364243,1.0359270214561255e-12,35.479166666666664,23.291666666666668,0.15229111458393163,0.192840952306357,0.11877177376232739,"{""residual+conditioning"": 36, ""residual+conditioning+solver_failure"": 12}"
0.7916666666666666,0.7916666666666667,0.7727272727272727,0.9375,50.503195700002834,breast_cancer,hybrid_qnn_lenient_full_light_qnn,hybrid_qnn_lenient_full_light,qnn,2,4,4,16,2.0,1.1,True,full_light,qnn_lenient,80,,,,,,,24.92515489998914,,,,,,,,,,,,,,,,0.7916666666666666,1.0,0.6041666666666666,0.019950547369364243,1.0359270214561255e-12,35.479166666666664,23.291666666666668,0.15229111458393163,0.192840952306357,0.11877177376232739,"{""residual+conditioning"": 36, ""residual+conditioning+solver_failure"": 12}"
0.9375,0.9375,0.9387755102040817,0.9895833333333333,0.0024317000061273575,breast_cancer,forced_full_balanced_logreg,forced_full_balanced,logreg,2,4,4,16,2.0,1.1,True,full_balanced,standard,80,,,,,,,31.305779799993616,0.7916666666666666,0.6458333333333334,0.75,0.5833333333333334,0.03801768200686464,0.07991728873236775,0.019938430376509674,2.700664100367613e-12,5.5464595904955966e-12,35.479166666666664,20.604166666666668,1900.75,0.19665422708355132,0.192840952306357,0.14102046516760725,,,,,,,,,,,
0.8958333333333334,0.8958333333333333,0.8979591836734694,0.96875,0.0013954000023659319,breast_cancer,forced_full_balanced_svm_rbf,forced_full_balanced,svm_rbf,2,4,4,16,2.0,1.1,True,full_balanced,standard,80,,,,,,,31.305779799993616,0.7916666666666666,0.6458333333333334,0.75,0.5833333333333334,0.03801768200686464,0.07991728873236775,0.019938430376509674,2.700664100367613e-12,5.5464595904955966e-12,35.479166666666664,20.604166666666668,1900.75,0.19665422708355132,0.192840952306357,0.14102046516760725,,,,,,,,,,,
0.8125,0.8125,0.8085106382978723,0.9131944444444444,49.619584900006885,breast_cancer,forced_full_balanced_qnn,forced_full_balanced,qnn,2,4,4,16,2.0,1.1,True,full_balanced,standard,80,,,,,,,31.305779799993616,0.7916666666666666,0.6458333333333334,0.75,0.5833333333333334,0.03801768200686464,0.07991728873236775,0.019938430376509674,2.700664100367613e-12,5.5464595904955966e-12,35.479166666666664,20.604166666666668,1900.75,0.19665422708355132,0.192840952306357,0.14102046516760725,,,,,,,,,,,
0.9583333333333334,0.9583333333333333,0.96,0.9930555555555555,0.0020641000010073185,breast_cancer,hybrid_standard_full_balanced_logreg,hybrid_standard_full_balanced,logreg,2,4,4,16,2.0,1.1,True,full_balanced,standard,80,,,,,,,8.742245000001276,,,,,,,,,,,,,,,,0.7916666666666666,0.2916666666666667,0.20833333333333334,0.019969414096686292,2.411441067849173e-12,35.479166666666664,28.729166666666668,0.056248539582459976,0.192840952306357,0.043467866398694724,"{""none"": 34, ""conditioning"": 2, ""residual+conditioning+solver_failure"": 9, ""conditioning+solver_failure"": 3}"
0.8958333333333334,0.8958333333333333,0.8979591836734694,0.9774305555555556,0.0014144000015221536,breast_cancer,hybrid_standard_full_balanced_svm_rbf,hybrid_standard_full_balanced,svm_rbf,2,4,4,16,2.0,1.1,True,full_balanced,standard,80,,,,,,,8.742245000001276,,,,,,,,,,,,,,,,0.7916666666666666,0.2916666666666667,0.20833333333333334,0.019969414096686292,2.411441067849173e-12,35.479166666666664,28.729166666666668,0.056248539582459976,0.192840952306357,0.043467866398694724,"{""none"": 34, ""conditioning"": 2, ""residual+conditioning+solver_failure"": 9, ""conditioning+solver_failure"": 3}"
0.8541666666666666,0.8541666666666666,0.8444444444444444,0.9409722222222223,49.707677999991574,breast_cancer,hybrid_standard_full_balanced_qnn,hybrid_standard_full_balanced,qnn,2,4,4,16,2.0,1.1,True,full_balanced,standard,80,,,,,,,8.742245000001276,,,,,,,,,,,,,,,,0.7916666666666666,0.2916666666666667,0.20833333333333334,0.019969414096686292,2.411441067849173e-12,35.479166666666664,28.729166666666668,0.056248539582459976,0.192840952306357,0.043467866398694724,"{""none"": 34, ""conditioning"": 2, ""residual+conditioning+solver_failure"": 9, ""conditioning+solver_failure"": 3}"
0.9375,0.9375,0.9387755102040817,0.9913194444444444,0.0023922999971546233,breast_cancer,hybrid_aggressive_full_balanced_logreg,hybrid_aggressive_full_balanced,logreg,2,4,4,16,2.0,1.1,True,full_balanced,aggressive,80,,,,,,,18.13601000000199,,,,,,,,,,,,,,,,0.7916666666666666,0.4583333333333333,0.2708333333333333,0.019968561407634613,2.385823360773186e-12,35.479166666666664,27.875,0.08055256458343744,0.192840952306357,0.07919450221863324,"{""none"": 26, ""conditioning"": 10, ""residual+conditioning+solver_failure"": 12}"
0.8958333333333334,0.8958333333333333,0.8979591836734694,0.9739583333333334,0.0013578000070992857,breast_cancer,hybrid_aggressive_full_balanced_svm_rbf,hybrid_aggressive_full_balanced,svm_rbf,2,4,4,16,2.0,1.1,True,full_balanced,aggressive,80,,,,,,,18.13601000000199,,,,,,,,,,,,,,,,0.7916666666666666,0.4583333333333333,0.2708333333333333,0.019968561407634613,2.385823360773186e-12,35.479166666666664,27.875,0.08055256458343744,0.192840952306357,0.07919450221863324,"{""none"": 26, ""conditioning"": 10, ""residual+conditioning+solver_failure"": 12}"
0.8958333333333334,0.8958333333333333,0.8936170212765957,0.953125,49.582427500005,breast_cancer,hybrid_aggressive_full_balanced_qnn,hybrid_aggressive_full_balanced,qnn,2,4,4,16,2.0,1.1,True,full_balanced,aggressive,80,,,,,,,18.13601000000199,,,,,,,,,,,,,,,,0.7916666666666666,0.4583333333333333,0.2708333333333333,0.019968561407634613,2.385823360773186e-12,35.479166666666664,27.875,0.08055256458343744,0.192840952306357,0.07919450221863324,"{""none"": 26, ""conditioning"": 10, ""residual+conditioning+solver_failure"": 12}"
0.9375,0.9375,0.9387755102040817,0.9913194444444444,0.0020616999972844496,breast_cancer,hybrid_always_trigger_full_balanced_logreg,hybrid_always_trigger_full_balanced,logreg,2,4,4,16,2.0,1.1,True,full_balanced,always_trigger,80,,,,,,,31.963899099995615,,,,,,,,,,,,,,,,0.7916666666666666,1.0,0.5625,0.01997798962714986,1.2920745068425525e-12,35.479166666666664,23.541666666666668,0.1814924958322687,0.192840952306357,0.14103132925504216,"{""residual+conditioning"": 36, ""residual+conditioning+solver_failure"": 12}"
0.8958333333333334,0.8958333333333333,0.8979591836734694,0.9722222222222222,0.001375199994072318,breast_cancer,hybrid_always_trigger_full_balanced_svm_rbf,hybrid_always_trigger_full_balanced,svm_rbf,2,4,4,16,2.0,1.1,True,full_balanced,always_trigger,80,,,,,,,31.963899099995615,,,,,,,,,,,,,,,,0.7916666666666666,1.0,0.5625,0.01997798962714986,1.2920745068425525e-12,35.479166666666664,23.541666666666668,0.1814924958322687,0.192840952306357,0.14103132925504216,"{""residual+conditioning"": 36, ""residual+conditioning+solver_failure"": 12}"
0.875,0.875,0.8695652173913043,0.953125,50.64675420000276,breast_cancer,hybrid_always_trigger_full_balanced_qnn,hybrid_always_trigger_full_balanced,qnn,2,4,4,16,2.0,1.1,True,full_balanced,always_trigger,80,,,,,,,31.963899099995615,,,,,,,,,,,,,,,,0.7916666666666666,1.0,0.5625,0.01997798962714986,1.2920745068425525e-12,35.479166666666664,23.541666666666668,0.1814924958322687,0.192840952306357,0.14103132925504216,"{""residual+conditioning"": 36, ""residual+conditioning+solver_failure"": 12}"
0.9375,0.9375,0.9387755102040817,0.9913194444444444,0.0021508000063477084,breast_cancer,hybrid_qnn_lenient_full_balanced_logreg,hybrid_qnn_lenient_full_balanced,logreg,2,4,4,16,2.0,1.1,True,full_balanced,qnn_lenient,80,,,,,,,31.57836870000756,,,,,,,,,,,,,,,,0.7916666666666666,1.0,0.5833333333333334,0.019977989627165977,1.2920745068425525e-12,35.479166666666664,23.25,0.17854157500035703,0.192840952306357,0.14103132925504216,"{""residual+conditioning"": 36, ""residual+conditioning+solver_failure"": 12}"
0.8958333333333334,0.8958333333333333,0.8979591836734694,0.9722222222222222,0.0014075999933993444,breast_cancer,hybrid_qnn_lenient_full_balanced_svm_rbf,hybrid_qnn_lenient_full_balanced,svm_rbf,2,4,4,16,2.0,1.1,True,full_balanced,qnn_lenient,80,,,,,,,31.57836870000756,,,,,,,,,,,,,,,,0.7916666666666666,1.0,0.5833333333333334,0.019977989627165977,1.2920745068425525e-12,35.479166666666664,23.25,0.17854157500035703,0.192840952306357,0.14103132925504216,"{""residual+conditioning"": 36, ""residual+conditioning+solver_failure"": 12}"
0.875,0.875,0.875,0.9444444444444444,49.85653629999433,breast_cancer,hybrid_qnn_lenient_full_balanced_qnn,hybrid_qnn_lenient_full_balanced,qnn,2,4,4,16,2.0,1.1,True,full_balanced,qnn_lenient,80,,,,,,,31.57836870000756,,,,,,,,,,,,,,,,0.7916666666666666,1.0,0.5833333333333334,0.019977989627165977,1.2920745068425525e-12,35.479166666666664,23.25,0.17854157500035703,0.192840952306357,0.14103132925504216,"{""residual+conditioning"": 36, ""residual+conditioning+solver_failure"": 12}"
0.9583333333333334,0.9583333333333333,0.96,0.9930555555555555,0.0018497999990358949,breast_cancer,forced_qnn_oriented_logreg,forced_qnn_oriented,logreg,2,4,4,16,2.0,1.1,True,qnn_oriented,standard,80,,,,,,,45.31242719999864,0.7916666666666666,0.7291666666666666,0.75,0.6041666666666666,0.03801768200686464,0.06414201783090218,0.019927389379027768,2.700664100367613e-12,5.322100133986749e-12,35.479166666666664,17.916666666666668,2287.1458333333335,0.29916726250000164,0.192840952306357,0.15023237386524402,,,,,,,,,,,
0.9375,0.9375,0.9387755102040817,0.9809027777777777,0.0013998000067658722,breast_cancer,forced_qnn_oriented_svm_rbf,forced_qnn_oriented,svm_rbf,2,4,4,16,2.0,1.1,True,qnn_oriented,standard,80,,,,,,,45.31242719999864,0.7916666666666666,0.7291666666666666,0.75,0.6041666666666666,0.03801768200686464,0.06414201783090218,0.019927389379027768,2.700664100367613e-12,5.322100133986749e-12,35.479166666666664,17.916666666666668,2287.1458333333335,0.29916726250000164,0.192840952306357,0.15023237386524402,,,,,,,,,,,
0.8333333333333334,0.8333333333333333,0.8260869565217391,0.9479166666666666,49.61214709999331,breast_cancer,forced_qnn_oriented_qnn,forced_qnn_oriented,qnn,2,4,4,16,2.0,1.1,True,qnn_oriented,standard,80,,,,,,,45.31242719999864,0.7916666666666666,0.7291666666666666,0.75,0.6041666666666666,0.03801768200686464,0.06414201783090218,0.019927389379027768,2.700664100367613e-12,5.322100133986749e-12,35.479166666666664,17.916666666666668,2287.1458333333335,0.29916726250000164,0.192840952306357,0.15023237386524402,,,,,,,,,,,
0.9583333333333334,0.9583333333333333,0.96,0.9930555555555555,0.002761099996860139,breast_cancer,hybrid_standard_qnn_oriented_logreg,hybrid_standard_qnn_oriented,logreg,2,4,4,16,2.0,1.1,True,qnn_oriented,standard,80,,,,,,,10.935686700002407,,,,,,,,,,,,,,,,0.7916666666666666,0.2916666666666667,0.1875,0.019968551404658575,2.411441067849173e-12,35.479166666666664,28.583333333333332,0.0662780083321195,0.192840952306357,0.04289145127697152,"{""none"": 34, ""conditioning"": 2, ""residual+conditioning+solver_failure"": 9, ""conditioning+solver_failure"": 3}"
0.8958333333333334,0.8958333333333333,0.8979591836734694,0.9774305555555556,0.0015398999967146665,breast_cancer,hybrid_standard_qnn_oriented_svm_rbf,hybrid_standard_qnn_oriented,svm_rbf,2,4,4,16,2.0,1.1,True,qnn_oriented,standard,80,,,,,,,10.935686700002407,,,,,,,,,,,,,,,,0.7916666666666666,0.2916666666666667,0.1875,0.019968551404658575,2.411441067849173e-12,35.479166666666664,28.583333333333332,0.0662780083321195,0.192840952306357,0.04289145127697152,"{""none"": 34, ""conditioning"": 2, ""residual+conditioning+solver_failure"": 9, ""conditioning+solver_failure"": 3}"
0.875,0.875,0.8695652173913043,0.9635416666666666,49.86492469999939,breast_cancer,hybrid_standard_qnn_oriented_qnn,hybrid_standard_qnn_oriented,qnn,2,4,4,16,2.0,1.1,True,qnn_oriented,standard,80,,,,,,,10.935686700002407,,,,,,,,,,,,,,,,0.7916666666666666,0.2916666666666667,0.1875,0.019968551404658575,2.411441067849173e-12,35.479166666666664,28.583333333333332,0.0662780083321195,0.192840952306357,0.04289145127697152,"{""none"": 34, ""conditioning"": 2, ""residual+conditioning+solver_failure"": 9, ""conditioning+solver_failure"": 3}"
0.9375,0.9375,0.9387755102040817,0.9878472222222223,0.002189199993154034,breast_cancer,hybrid_aggressive_qnn_oriented_logreg,hybrid_aggressive_qnn_oriented,logreg,2,4,4,16,2.0,1.1,True,qnn_oriented,aggressive,80,,,,,,,25.815905600000406,,,,,,,,,,,,,,,,0.7916666666666666,0.4583333333333333,0.2916666666666667,0.019968709633411585,2.0826118505261616e-12,35.479166666666664,27.145833333333332,0.11786935625029098,0.192840952306357,0.06438383489697976,"{""none"": 26, ""conditioning"": 10, ""residual+conditioning+solver_failure"": 12}"
0.8958333333333334,0.8958333333333333,0.8979591836734694,0.9791666666666666,0.0013835999998264015,breast_cancer,hybrid_aggressive_qnn_oriented_svm_rbf,hybrid_aggressive_qnn_oriented,svm_rbf,2,4,4,16,2.0,1.1,True,qnn_oriented,aggressive,80,,,,,,,25.815905600000406,,,,,,,,,,,,,,,,0.7916666666666666,0.4583333333333333,0.2916666666666667,0.019968709633411585,2.0826118505261616e-12,35.479166666666664,27.145833333333332,0.11786935625029098,0.192840952306357,0.06438383489697976,"{""none"": 26, ""conditioning"": 10, ""residual+conditioning+solver_failure"": 12}"
0.8958333333333334,0.8958333333333333,0.8936170212765957,0.9722222222222221,50.485046200003126,breast_cancer,hybrid_aggressive_qnn_oriented_qnn,hybrid_aggressive_qnn_oriented,qnn,2,4,4,16,2.0,1.1,True,qnn_oriented,aggressive,80,,,,,,,25.815905600000406,,,,,,,,,,,,,,,,0.7916666666666666,0.4583333333333333,0.2916666666666667,0.019968709633411585,2.0826118505261616e-12,35.479166666666664,27.145833333333332,0.11786935625029098,0.192840952306357,0.06438383489697976,"{""none"": 26, ""conditioning"": 10, ""residual+conditioning+solver_failure"": 12}"
0.9375,0.9375,0.9387755102040817,0.9878472222222223,0.002466399993863888,breast_cancer,hybrid_always_trigger_qnn_oriented_logreg,hybrid_always_trigger_qnn_oriented,logreg,2,4,4,16,2.0,1.1,True,qnn_oriented,always_trigger,80,,,,,,,46.72092709998833,,,,,,,,,,,,,,,,0.7916666666666666,1.0,0.625,0.01996869608509266,4.0763638624412153e-13,35.479166666666664,20.708333333333332,0.29314850208478066,0.192840952306357,0.1501372029275168,"{""residual+conditioning"": 36, ""residual+conditioning+solver_failure"": 12}"
0.9375,0.9375,0.9387755102040817,0.9809027777777777,0.0013986999983899295,breast_cancer,hybrid_always_trigger_qnn_oriented_svm_rbf,hybrid_always_trigger_qnn_oriented,svm_rbf,2,4,4,16,2.0,1.1,True,qnn_oriented,always_trigger,80,,,,,,,46.72092709998833,,,,,,,,,,,,,,,,0.7916666666666666,1.0,0.625,0.01996869608509266,4.0763638624412153e-13,35.479166666666664,20.708333333333332,0.29314850208478066,0.192840952306357,0.1501372029275168,"{""residual+conditioning"": 36, ""residual+conditioning+solver_failure"": 12}"
0.9166666666666666,0.9166666666666667,0.9130434782608695,0.9739583333333334,49.58675219998986,breast_cancer,hybrid_always_trigger_qnn_oriented_qnn,hybrid_always_trigger_qnn_oriented,qnn,2,4,4,16,2.0,1.1,True,qnn_oriented,always_trigger,80,,,,,,,46.72092709998833,,,,,,,,,,,,,,,,0.7916666666666666,1.0,0.625,0.01996869608509266,4.0763638624412153e-13,35.479166666666664,20.708333333333332,0.29314850208478066,0.192840952306357,0.1501372029275168,"{""residual+conditioning"": 36, ""residual+conditioning+solver_failure"": 12}"
0.9375,0.9375,0.9387755102040817,0.9878472222222223,0.002537099993787706,breast_cancer,hybrid_qnn_lenient_qnn_oriented_logreg,hybrid_qnn_lenient_qnn_oriented,logreg,2,4,4,16,2.0,1.1,True,qnn_oriented,qnn_lenient,80,,,,,,,47.259152200000244,,,,,,,,,,,,,,,,0.7916666666666666,1.0,0.625,0.01996869608509266,4.0763638624412153e-13,35.479166666666664,20.708333333333332,0.29590687499876367,0.192840952306357,0.1501372029275168,"{""residual+conditioning"": 36, ""residual+conditioning+solver_failure"": 12}"
0.9375,0.9375,0.9387755102040817,0.9809027777777777,0.001421299995854497,breast_cancer,hybrid_qnn_lenient_qnn_oriented_svm_rbf,hybrid_qnn_lenient_qnn_oriented,svm_rbf,2,4,4,16,2.0,1.1,True,qnn_oriented,qnn_lenient,80,,,,,,,47.259152200000244,,,,,,,,,,,,,,,,0.7916666666666666,1.0,0.625,0.01996869608509266,4.0763638624412153e-13,35.479166666666664,20.708333333333332,0.29590687499876367,0.192840952306357,0.1501372029275168,"{""residual+conditioning"": 36, ""residual+conditioning+solver_failure"": 12}"
0.9166666666666666,0.9166666666666667,0.9130434782608695,0.9739583333333334,49.60290540001006,breast_cancer,hybrid_qnn_lenient_qnn_oriented_qnn,hybrid_qnn_lenient_qnn_oriented,qnn,2,4,4,16,2.0,1.1,True,qnn_oriented,qnn_lenient,80,,,,,,,47.259152200000244,,,,,,,,,,,,,,,,0.7916666666666666,1.0,0.625,0.01996869608509266,4.0763638624412153e-13,35.479166666666664,20.708333333333332,0.29590687499876367,0.192840952306357,0.1501372029275168,"{""residual+conditioning"": 36, ""residual+conditioning+solver_failure"": 12}"
0.9583333333333334,0.9583333333333333,0.96,0.9930555555555555,0.0021203999931458384,breast_cancer,forced_qnn_exploratory_logreg,forced_qnn_exploratory,logreg,2,4,4,16,2.0,1.1,True,qnn_exploratory,standard,80,,,,,,,56.01326720000361,0.7708333333333334,0.6875,0.75,0.5208333333333334,0.03801768200686464,0.10463887410320667,0.02962702894503286,2.700664100367613e-12,8.538538752492239e-12,35.479166666666664,16.9375,2396.9375,0.35175239166710526,0.192840952306357,0.12334780602643051,,,,,,,,,,,
0.9166666666666666,0.9166666666666666,0.9166666666666666,0.984375,0.0014210000081220642,breast_cancer,forced_qnn_exploratory_svm_rbf,forced_qnn_exploratory,svm_rbf,2,4,4,16,2.0,1.1,True,qnn_exploratory,standard,80,,,,,,,56.01326720000361,0.7708333333333334,0.6875,0.75,0.5208333333333334,0.03801768200686464,0.10463887410320667,0.02962702894503286,2.700664100367613e-12,8.538538752492239e-12,35.479166666666664,16.9375,2396.9375,0.35175239166710526,0.192840952306357,0.12334780602643051,,,,,,,,,,,
0.875,0.875,0.8695652173913043,0.9635416666666667,51.08838229998946,breast_cancer,forced_qnn_exploratory_qnn,forced_qnn_exploratory,qnn,2,4,4,16,2.0,1.1,True,qnn_exploratory,standard,80,,,,,,,56.01326720000361,0.7708333333333334,0.6875,0.75,0.5208333333333334,0.03801768200686464,0.10463887410320667,0.02962702894503286,2.700664100367613e-12,8.538538752492239e-12,35.479166666666664,16.9375,2396.9375,0.35175239166710526,0.192840952306357,0.12334780602643051,,,,,,,,,,,
0.9583333333333334,0.9583333333333333,0.96,0.9930555555555555,0.002515900006983429,breast_cancer,hybrid_standard_qnn_exploratory_logreg,hybrid_standard_qnn_exploratory,logreg,2,4,4,16,2.0,1.1,True,qnn_exploratory,standard,80,,,,,,,12.957800400006818,,,,,,,,,,,,,,,,0.7916666666666666,0.2916666666666667,0.1875,0.019962635620662507,2.411441067849173e-12,35.479166666666664,28.645833333333332,0.07063730208483321,0.192840952306357,0.043342920603480176,"{""none"": 34, ""conditioning"": 2, ""residual+conditioning+solver_failure"": 9, ""conditioning+solver_failure"": 3}"
0.8958333333333334,0.8958333333333333,0.8979591836734694,0.9756944444444444,0.0014208999928086996,breast_cancer,hybrid_standard_qnn_exploratory_svm_rbf,hybrid_standard_qnn_exploratory,svm_rbf,2,4,4,16,2.0,1.1,True,qnn_exploratory,standard,80,,,,,,,12.957800400006818,,,,,,,,,,,,,,,,0.7916666666666666,0.2916666666666667,0.1875,0.019962635620662507,2.411441067849173e-12,35.479166666666664,28.645833333333332,0.07063730208483321,0.192840952306357,0.043342920603480176,"{""none"": 34, ""conditioning"": 2, ""residual+conditioning+solver_failure"": 9, ""conditioning+solver_failure"": 3}"
0.9166666666666666,0.9166666666666667,0.9130434782608695,0.9704861111111112,49.8840271000081,breast_cancer,hybrid_standard_qnn_exploratory_qnn,hybrid_standard_qnn_exploratory,qnn,2,4,4,16,2.0,1.1,True,qnn_exploratory,standard,80,,,,,,,12.957800400006818,,,,,,,,,,,,,,,,0.7916666666666666,0.2916666666666667,0.1875,0.019962635620662507,2.411441067849173e-12,35.479166666666664,28.645833333333332,0.07063730208483321,0.192840952306357,0.043342920603480176,"{""none"": 34, ""conditioning"": 2, ""residual+conditioning+solver_failure"": 9, ""conditioning+solver_failure"": 3}"
0.9375,0.9375,0.9387755102040817,0.9913194444444444,0.0021963000035611913,breast_cancer,hybrid_aggressive_qnn_exploratory_logreg,hybrid_aggressive_qnn_exploratory,logreg,2,4,4,16,2.0,1.1,True,qnn_exploratory,aggressive,80,,,,,,,30.9925002999953,,,,,,,,,,,,,,,,0.7916666666666666,0.4583333333333333,0.2916666666666667,0.019962715825479132,2.0826118505261616e-12,35.479166666666664,26.25,0.14919666250049582,0.192840952306357,0.06469691231108193,"{""none"": 26, ""conditioning"": 10, ""residual+conditioning+solver_failure"": 12}"
0.8958333333333334,0.8958333333333333,0.8979591836734694,0.9791666666666666,0.0014549000043189153,breast_cancer,hybrid_aggressive_qnn_exploratory_svm_rbf,hybrid_aggressive_qnn_exploratory,svm_rbf,2,4,4,16,2.0,1.1,True,qnn_exploratory,aggressive,80,,,,,,,30.9925002999953,,,,,,,,,,,,,,,,0.7916666666666666,0.4583333333333333,0.2916666666666667,0.019962715825479132,2.0826118505261616e-12,35.479166666666664,26.25,0.14919666250049582,0.192840952306357,0.06469691231108193,"{""none"": 26, ""conditioning"": 10, ""residual+conditioning+solver_failure"": 12}"
0.8541666666666666,0.8541666666666667,0.851063829787234,0.9618055555555556,49.5588107000076,breast_cancer,hybrid_aggressive_qnn_exploratory_qnn,hybrid_aggressive_qnn_exploratory,qnn,2,4,4,16,2.0,1.1,True,qnn_exploratory,aggressive,80,,,,,,,30.9925002999953,,,,,,,,,,,,,,,,0.7916666666666666,0.4583333333333333,0.2916666666666667,0.019962715825479132,2.0826118505261616e-12,35.479166666666664,26.25,0.14919666250049582,0.192840952306357,0.06469691231108193,"{""none"": 26, ""conditioning"": 10, ""residual+conditioning+solver_failure"": 12}"
0.9375,0.9375,0.9387755102040817,0.9913194444444444,0.0018730000010691583,breast_cancer,hybrid_always_trigger_qnn_exploratory_logreg,hybrid_always_trigger_qnn_exploratory,logreg,2,4,4,16,2.0,1.1,True,qnn_exploratory,always_trigger,80,,,,,,,56.93632680000155,,,,,,,,,,,,,,,,0.7708333333333334,1.0,0.625,0.02966791710088376,7.740316325541778e-14,35.479166666666664,20.083333333333332,0.37393171874979697,0.192840952306357,0.12780914866488793,"{""residual+conditioning"": 36, ""residual+conditioning+solver_failure"": 12}"
0.9166666666666666,0.9166666666666666,0.9166666666666666,0.9826388888888888,0.0013960000069346279,breast_cancer,hybrid_always_trigger_qnn_exploratory_svm_rbf,hybrid_always_trigger_qnn_exploratory,svm_rbf,2,4,4,16,2.0,1.1,True,qnn_exploratory,always_trigger,80,,,,,,,56.93632680000155,,,,,,,,,,,,,,,,0.7708333333333334,1.0,0.625,0.02966791710088376,7.740316325541778e-14,35.479166666666664,20.083333333333332,0.37393171874979697,0.192840952306357,0.12780914866488793,"{""residual+conditioning"": 36, ""residual+conditioning+solver_failure"": 12}"
0.9375,0.9375,0.9333333333333333,0.9930555555555555,49.91554889999679,breast_cancer,hybrid_always_trigger_qnn_exploratory_qnn,hybrid_always_trigger_qnn_exploratory,qnn,2,4,4,16,2.0,1.1,True,qnn_exploratory,always_trigger,80,,,,,,,56.93632680000155,,,,,,,,,,,,,,,,0.7708333333333334,1.0,0.625,0.02966791710088376,7.740316325541778e-14,35.479166666666664,20.083333333333332,0.37393171874979697,0.192840952306357,0.12780914866488793,"{""residual+conditioning"": 36, ""residual+conditioning+solver_failure"": 12}"
0.9375,0.9375,0.9387755102040817,0.9913194444444444,0.0019102000078419223,breast_cancer,hybrid_qnn_lenient_qnn_exploratory_logreg,hybrid_qnn_lenient_qnn_exploratory,logreg,2,4,4,16,2.0,1.1,True,qnn_exploratory,qnn_lenient,80,,,,,,,58.023674399999436,,,,,,,,,,,,,,,,0.7708333333333334,1.0,0.6458333333333334,0.02966791710089291,7.740316325541778e-14,35.479166666666664,19.875,0.38020034999923763,0.192840952306357,0.12780914866488793,"{""residual+conditioning"": 36, ""residual+conditioning+solver_failure"": 12}"
0.9166666666666666,0.9166666666666666,0.9166666666666666,0.9826388888888888,0.0013737999979639426,breast_cancer,hybrid_qnn_lenient_qnn_exploratory_svm_rbf,hybrid_qnn_lenient_qnn_exploratory,svm_rbf,2,4,4,16,2.0,1.1,True,qnn_exploratory,qnn_lenient,80,,,,,,,58.023674399999436,,,,,,,,,,,,,,,,0.7708333333333334,1.0,0.6458333333333334,0.02966791710089291,7.740316325541778e-14,35.479166666666664,19.875,0.38020034999923763,0.192840952306357,0.12780914866488793,"{""residual+conditioning"": 36, ""residual+conditioning+solver_failure"": 12}"
0.9375,0.9375,0.9333333333333333,0.9930555555555555,49.55187730000762,breast_cancer,hybrid_qnn_lenient_qnn_exploratory_qnn,hybrid_qnn_lenient_qnn_exploratory,qnn,2,4,4,16,2.0,1.1,True,qnn_exploratory,qnn_lenient,80,,,,,,,58.023674399999436,,,,,,,,,,,,,,,,0.7708333333333334,1.0,0.6458333333333334,0.02966791710089291,7.740316325541778e-14,35.479166666666664,19.875,0.38020034999923763,0.192840952306357,0.12780914866488793,"{""residual+conditioning"": 36, ""residual+conditioning+solver_failure"": 12}"
0.9583333333333334,0.9583333333333333,0.96,0.9930555555555555,0.0024923000019043684,breast_cancer,forced_no_detector_logreg,forced_no_detector,logreg,2,4,4,16,2.0,1.1,True,no_detector,standard,80,,,,,,,12.778453599996283,0.7916666666666666,0.6458333333333334,0.75,0.5833333333333334,0.03801768200686464,0.07992404237465958,0.019938499824261834,2.700664100367613e-12,4.637026645317603e-12,35.479166666666664,21.083333333333332,1812.2083333333333,0.07589333124875945,0.192840952306357,0.1408118604478518,,,,,,,,,,,
0.8958333333333334,0.8958333333333333,0.8979591836734694,0.9704861111111112,0.0013679999974556267,breast_cancer,forced_no_detector_svm_rbf,forced_no_detector,svm_rbf,2,4,4,16,2.0,1.1,True,no_detector,standard,80,,,,,,,12.778453599996283,0.7916666666666666,0.6458333333333334,0.75,0.5833333333333334,0.03801768200686464,0.07992404237465958,0.019938499824261834,2.700664100367613e-12,4.637026645317603e-12,35.479166666666664,21.083333333333332,1812.2083333333333,0.07589333124875945,0.192840952306357,0.1408118604478518,,,,,,,,,,,
0.8125,0.8125,0.8085106382978723,0.9166666666666667,49.65017429999716,breast_cancer,forced_no_detector_qnn,forced_no_detector,qnn,2,4,4,16,2.0,1.1,True,no_detector,standard,80,,,,,,,12.778453599996283,0.7916666666666666,0.6458333333333334,0.75,0.5833333333333334,0.03801768200686464,0.07992404237465958,0.019938499824261834,2.700664100367613e-12,4.637026645317603e-12,35.479166666666664,21.083333333333332,1812.2083333333333,0.07589333124875945,0.192840952306357,0.1408118604478518,,,,,,,,,,,
0.9583333333333334,0.9583333333333333,0.96,0.9930555555555555,0.0022994000028120354,breast_cancer,hybrid_standard_no_detector_logreg,hybrid_standard_no_detector,logreg,2,4,4,16,2.0,1.1,True,no_detector,standard,80,,,,,,,3.326452399996924,,,,,,,,,,,,,,,,0.7916666666666666,0.2916666666666667,0.20833333333333334,0.019971476510678817,2.411441067849173e-12,35.479166666666664,28.708333333333332,0.020789866667655588,0.192840952306357,0.04324345415790959,"{""none"": 34, ""conditioning"": 2, ""residual+conditioning+solver_failure"": 9, ""conditioning+solver_failure"": 3}"
0.8958333333333334,0.8958333333333333,0.8979591836734694,0.9774305555555556,0.001400099994498305,breast_cancer,hybrid_standard_no_detector_svm_rbf,hybrid_standard_no_detector,svm_rbf,2,4,4,16,2.0,1.1,True,no_detector,standard,80,,,,,,,3.326452399996924,,,,,,,,,,,,,,,,0.7916666666666666,0.2916666666666667,0.20833333333333334,0.019971476510678817,2.411441067849173e-12,35.479166666666664,28.708333333333332,0.020789866667655588,0.192840952306357,0.04324345415790959,"{""none"": 34, ""conditioning"": 2, ""residual+conditioning+solver_failure"": 9, ""conditioning+solver_failure"": 3}"
0.8541666666666666,0.8541666666666666,0.8444444444444444,0.9427083333333334,49.628741399996215,breast_cancer,hybrid_standard_no_detector_qnn,hybrid_standard_no_detector,qnn,2,4,4,16,2.0,1.1,True,no_detector,standard,80,,,,,,,3.326452399996924,,,,,,,,,,,,,,,,0.7916666666666666,0.2916666666666667,0.20833333333333334,0.019971476510678817,2.411441067849173e-12,35.479166666666664,28.708333333333332,0.020789866667655588,0.192840952306357,0.04324345415790959,"{""none"": 34, ""conditioning"": 2, ""residual+conditioning+solver_failure"": 9, ""conditioning+solver_failure"": 3}"
0.9375,0.9375,0.9387755102040817,0.9913194444444444,0.002045800007181242,breast_cancer,hybrid_aggressive_no_detector_logreg,hybrid_aggressive_no_detector,logreg,2,4,4,16,2.0,1.1,True,no_detector,aggressive,80,,,,,,,7.262488699998357,,,,,,,,,,,,,,,,0.7916666666666666,0.4583333333333333,0.2708333333333333,0.019971476510439987,2.0826118505261616e-12,35.479166666666664,27.770833333333332,0.03152574999967328,0.192840952306357,0.07906618729701279,"{""none"": 26, ""conditioning"": 10, ""residual+conditioning+solver_failure"": 12}"
0.8958333333333334,0.8958333333333333,0.8979591836734694,0.9739583333333334,0.0014589000056730583,breast_cancer,hybrid_aggressive_no_detector_svm_rbf,hybrid_aggressive_no_detector,svm_rbf,2,4,4,16,2.0,1.1,True,no_detector,aggressive,80,,,,,,,7.262488699998357,,,,,,,,,,,,,,,,0.7916666666666666,0.4583333333333333,0.2708333333333333,0.019971476510439987,2.0826118505261616e-12,35.479166666666664,27.770833333333332,0.03152574999967328,0.192840952306357,0.07906618729701279,"{""none"": 26, ""conditioning"": 10, ""residual+conditioning+solver_failure"": 12}"
0.8958333333333334,0.8958333333333333,0.8936170212765957,0.953125,49.718412499991246,breast_cancer,hybrid_aggressive_no_detector_qnn,hybrid_aggressive_no_detector,qnn,2,4,4,16,2.0,1.1,True,no_detector,aggressive,80,,,,,,,7.262488699998357,,,,,,,,,,,,,,,,0.7916666666666666,0.4583333333333333,0.2708333333333333,0.019971476510439987,2.0826118505261616e-12,35.479166666666664,27.770833333333332,0.03152574999967328,0.192840952306357,0.07906618729701279,"{""none"": 26, ""conditioning"": 10, ""residual+conditioning+solver_failure"": 12}"
0.9375,0.9375,0.9387755102040817,0.9913194444444444,0.0020797000033780932,breast_cancer,hybrid_always_trigger_no_detector_logreg,hybrid_always_trigger_no_detector,logreg,2,4,4,16,2.0,1.1,True,no_detector,always_trigger,80,,,,,,,12.6051174000022,,,,,,,,,,,,,,,,0.7916666666666666,1.0,0.5625,0.019971476508855553,1.1880533716352378e-12,35.479166666666664,24.354166666666668,0.07517733958381238,0.192840952306357,0.1408118604478518,"{""residual+conditioning"": 36, ""residual+conditioning+solver_failure"": 12}"
0.8958333333333334,0.8958333333333333,0.8979591836734694,0.9722222222222222,0.0013761000009253621,breast_cancer,hybrid_always_trigger_no_detector_svm_rbf,hybrid_always_trigger_no_detector,svm_rbf,2,4,4,16,2.0,1.1,True,no_detector,always_trigger,80,,,,,,,12.6051174000022,,,,,,,,,,,,,,,,0.7916666666666666,1.0,0.5625,0.019971476508855553,1.1880533716352378e-12,35.479166666666664,24.354166666666668,0.07517733958381238,0.192840952306357,0.1408118604478518,"{""residual+conditioning"": 36, ""residual+conditioning+solver_failure"": 12}"
0.8958333333333334,0.8958333333333333,0.8936170212765957,0.9565972222222222,50.72482089999539,breast_cancer,hybrid_always_trigger_no_detector_qnn,hybrid_always_trigger_no_detector,qnn,2,4,4,16,2.0,1.1,True,no_detector,always_trigger,80,,,,,,,12.6051174000022,,,,,,,,,,,,,,,,0.7916666666666666,1.0,0.5625,0.019971476508855553,1.1880533716352378e-12,35.479166666666664,24.354166666666668,0.07517733958381238,0.192840952306357,0.1408118604478518,"{""residual+conditioning"": 36, ""residual+conditioning+solver_failure"": 12}"
0.9375,0.9375,0.9387755102040817,0.9913194444444444,0.0020062999974470586,breast_cancer,hybrid_qnn_lenient_no_detector_logreg,hybrid_qnn_lenient_no_detector,logreg,2,4,4,16,2.0,1.1,True,no_detector,qnn_lenient,80,,,,,,,12.542179600000964,,,,,,,,,,,,,,,,0.7916666666666666,1.0,0.5625,0.019971476508855553,1.1880533716352378e-12,35.479166666666664,24.354166666666668,0.07439414583192654,0.192840952306357,0.1408118604478518,"{""residual+conditioning"": 36, ""residual+conditioning+solver_failure"": 12}"
0.8958333333333334,0.8958333333333333,0.8979591836734694,0.9722222222222222,0.0013574999902630225,breast_cancer,hybrid_qnn_lenient_no_detector_svm_rbf,hybrid_qnn_lenient_no_detector,svm_rbf,2,4,4,16,2.0,1.1,True,no_detector,qnn_lenient,80,,,,,,,12.542179600000964,,,,,,,,,,,,,,,,0.7916666666666666,1.0,0.5625,0.019971476508855553,1.1880533716352378e-12,35.479166666666664,24.354166666666668,0.07439414583192654,0.192840952306357,0.1408118604478518,"{""residual+conditioning"": 36, ""residual+conditioning+solver_failure"": 12}"
0.875,0.875,0.875,0.9479166666666667,50.015059700002894,breast_cancer,hybrid_qnn_lenient_no_detector_qnn,hybrid_qnn_lenient_no_detector,qnn,2,4,4,16,2.0,1.1,True,no_detector,qnn_lenient,80,,,,,,,12.542179600000964,,,,,,,,,,,,,,,,0.7916666666666666,1.0,0.5625,0.019971476508855553,1.1880533716352378e-12,35.479166666666664,24.354166666666668,0.07439414583192654,0.192840952306357,0.1408118604478518,"{""residual+conditioning"": 36, ""residual+conditioning+solver_failure"": 12}"
0.9375,0.9375,0.9411764705882353,0.9947916666666666,0.00221649999730289,breast_cancer,forced_residual_only_logreg,forced_residual_only,logreg,2,4,4,16,2.0,1.1,True,residual_only,standard,80,,,,,,,6.833438600006048,0.7708333333333334,0.8333333333333334,0.75,0.6041666666666666,0.03801768200686464,0.07246053404948548,0.029657524750099935,2.700664100367613e-12,4.735731777497602e-16,35.479166666666664,11.520833333333334,2548.875,0.044973352083009864,0.192840952306357,0.14316806193208875,,,,,,,,,,,
0.9166666666666666,0.9166666666666667,0.92,0.9791666666666667,0.0014568000042345375,breast_cancer,forced_residual_only_svm_rbf,forced_residual_only,svm_rbf,2,4,4,16,2.0,1.1,True,residual_only,standard,80,,,,,,,6.833438600006048,0.7708333333333334,0.8333333333333334,0.75,0.6041666666666666,0.03801768200686464,0.07246053404948548,0.029657524750099935,2.700664100367613e-12,4.735731777497602e-16,35.479166666666664,11.520833333333334,2548.875,0.044973352083009864,0.192840952306357,0.14316806193208875,,,,,,,,,,,
0.875,0.875,0.8846153846153846,0.96875,49.74111050000647,breast_cancer,forced_residual_only_qnn,forced_residual_only,qnn,2,4,4,16,2.0,1.1,True,residual_only,standard,80,,,,,,,6.833438600006048,0.7708333333333334,0.8333333333333334,0.75,0.6041666666666666,0.03801768200686464,0.07246053404948548,0.029657524750099935,2.700664100367613e-12,4.735731777497602e-16,35.479166666666664,11.520833333333334,2548.875,0.044973352083009864,0.192840952306357,0.14316806193208875,,,,,,,,,,,
0.9583333333333334,0.9583333333333333,0.96,0.9913194444444444,0.0026593999937176704,breast_cancer,hybrid_standard_residual_only_logreg,hybrid_standard_residual_only,logreg,2,4,4,16,2.0,1.1,True,residual_only,standard,80,,,,,,,1.7409810000099242,,,,,,,,,,,,,,,,0.7708333333333334,0.2916666666666667,0.20833333333333334,0.029687063971461442,2.411441067849173e-12,35.479166666666664,27.041666666666668,0.010002422915931675,0.192840952306357,0.017077782922701457,"{""none"": 34, ""conditioning"": 2, ""residual+conditioning+solver_failure"": 9, ""conditioning+solver_failure"": 3}"
0.8958333333333334,0.8958333333333333,0.8979591836734694,0.9791666666666666,0.0014518999960273504,breast_cancer,hybrid_standard_residual_only_svm_rbf,hybrid_standard_residual_only,svm_rbf,2,4,4,16,2.0,1.1,True,residual_only,standard,80,,,,,,,1.7409810000099242,,,,,,,,,,,,,,,,0.7708333333333334,0.2916666666666667,0.20833333333333334,0.029687063971461442,2.411441067849173e-12,35.479166666666664,27.041666666666668,0.010002422915931675,0.192840952306357,0.017077782922701457,"{""none"": 34, ""conditioning"": 2, ""residual+conditioning+solver_failure"": 9, ""conditioning+solver_failure"": 3}"
0.875,0.875,0.875,0.9427083333333334,49.82706149999285,breast_cancer,hybrid_standard_residual_only_qnn,hybrid_standard_residual_only,qnn,2,4,4,16,2.0,1.1,True,residual_only,standard,80,,,,,,,1.7409810000099242,,,,,,,,,,,,,,,,0.7708333333333334,0.2916666666666667,0.20833333333333334,0.029687063971461442,2.411441067849173e-12,35.479166666666664,27.041666666666668,0.010002422915931675,0.192840952306357,0.017077782922701457,"{""none"": 34, ""conditioning"": 2, ""residual+conditioning+solver_failure"": 9, ""conditioning+solver_failure"": 3}"
0.9375,0.9375,0.9387755102040817,0.9878472222222223,0.0019229000026825815,breast_cancer,hybrid_aggressive_residual_only_logreg,hybrid_aggressive_residual_only,logreg,2,4,4,16,2.0,1.1,True,residual_only,aggressive,80,,,,,,,3.8793924000055995,,,,,,,,,,,,,,,,0.7708333333333334,0.4583333333333333,0.3541666666666667,0.02968706397113617,2.0826118505261616e-12,35.479166666666664,24.145833333333332,0.019047518750085146,0.192840952306357,0.06499948945680854,"{""none"": 26, ""conditioning"": 10, ""residual+conditioning+solver_failure"": 12}"
0.9166666666666666,0.9166666666666667,0.92,0.9826388888888888,0.0013561999949160963,breast_cancer,hybrid_aggressive_residual_only_svm_rbf,hybrid_aggressive_residual_only,svm_rbf,2,4,4,16,2.0,1.1,True,residual_only,aggressive,80,,,,,,,3.8793924000055995,,,,,,,,,,,,,,,,0.7708333333333334,0.4583333333333333,0.3541666666666667,0.02968706397113617,2.0826118505261616e-12,35.479166666666664,24.145833333333332,0.019047518750085146,0.192840952306357,0.06499948945680854,"{""none"": 26, ""conditioning"": 10, ""residual+conditioning+solver_failure"": 12}"
0.8333333333333334,0.8333333333333333,0.8461538461538461,0.9756944444444444,49.68155629999819,breast_cancer,hybrid_aggressive_residual_only_qnn,hybrid_aggressive_residual_only,qnn,2,4,4,16,2.0,1.1,True,residual_only,aggressive,80,,,,,,,3.8793924000055995,,,,,,,,,,,,,,,,0.7708333333333334,0.4583333333333333,0.3541666666666667,0.02968706397113617,2.0826118505261616e-12,35.479166666666664,24.145833333333332,0.019047518750085146,0.192840952306357,0.06499948945680854,"{""none"": 26, ""conditioning"": 10, ""residual+conditioning+solver_failure"": 12}"
0.9166666666666666,0.9166666666666667,0.92,0.9878472222222222,0.0020321000047260895,breast_cancer,hybrid_always_trigger_residual_only_logreg,hybrid_always_trigger_residual_only,logreg,2,4,4,16,2.0,1.1,True,residual_only,always_trigger,80,,,,,,,6.836542699995334,,,,,,,,,,,,,,,,0.7708333333333334,1.0,0.75,0.029687063968543006,4.735731777497602e-16,35.479166666666664,16.25,0.04544309583373737,0.192840952306357,0.14316806193208875,"{""residual+conditioning"": 36, ""residual+conditioning+solver_failure"": 12}"
0.9166666666666666,0.9166666666666667,0.92,0.9809027777777778,0.0014041999966138974,breast_cancer,hybrid_always_trigger_residual_only_svm_rbf,hybrid_always_trigger_residual_only,svm_rbf,2,4,4,16,2.0,1.1,True,residual_only,always_trigger,80,,,,,,,6.836542699995334,,,,,,,,,,,,,,,,0.7708333333333334,1.0,0.75,0.029687063968543006,4.735731777497602e-16,35.479166666666664,16.25,0.04544309583373737,0.192840952306357,0.14316806193208875,"{""residual+conditioning"": 36, ""residual+conditioning+solver_failure"": 12}"
0.8958333333333334,0.8958333333333333,0.8979591836734694,0.9791666666666666,50.26325370000268,breast_cancer,hybrid_always_trigger_residual_only_qnn,hybrid_always_trigger_residual_only,qnn,2,4,4,16,2.0,1.1,True,residual_only,always_trigger,80,,,,,,,6.836542699995334,,,,,,,,,,,,,,,,0.7708333333333334,1.0,0.75,0.029687063968543006,4.735731777497602e-16,35.479166666666664,16.25,0.04544309583373737,0.192840952306357,0.14316806193208875,"{""residual+conditioning"": 36, ""residual+conditioning+solver_failure"": 12}"
0.9166666666666666,0.9166666666666667,0.92,0.9878472222222222,0.002306600013980642,breast_cancer,hybrid_qnn_lenient_residual_only_logreg,hybrid_qnn_lenient_residual_only,logreg,2,4,4,16,2.0,1.1,True,residual_only,qnn_lenient,80,,,,,,,7.053267800001777,,,,,,,,,,,,,,,,0.7708333333333334,1.0,0.75,0.029687063968543006,4.735731777497602e-16,35.479166666666664,16.25,0.04606511458284027,0.192840952306357,0.14316806193208875,"{""residual+conditioning"": 36, ""residual+conditioning+solver_failure"": 12}"
0.9166666666666666,0.9166666666666667,0.92,0.9809027777777778,0.0014433000033022836,breast_cancer,hybrid_qnn_lenient_residual_only_svm_rbf,hybrid_qnn_lenient_residual_only,svm_rbf,2,4,4,16,2.0,1.1,True,residual_only,qnn_lenient,80,,,,,,,7.053267800001777,,,,,,,,,,,,,,,,0.7708333333333334,1.0,0.75,0.029687063968543006,4.735731777497602e-16,35.479166666666664,16.25,0.04606511458284027,0.192840952306357,0.14316806193208875,"{""residual+conditioning"": 36, ""residual+conditioning+solver_failure"": 12}"
0.8958333333333334,0.8958333333333333,0.8979591836734694,0.9791666666666666,50.307360099992366,breast_cancer,hybrid_qnn_lenient_residual_only_qnn,hybrid_qnn_lenient_residual_only,qnn,2,4,4,16,2.0,1.1,True,residual_only,qnn_lenient,80,,,,,,,7.053267800001777,,,,,,,,,,,,,,,,0.7708333333333334,1.0,0.75,0.029687063968543006,4.735731777497602e-16,35.479166666666664,16.25,0.04606511458284027,0.192840952306357,0.14316806193208875,"{""residual+conditioning"": 36, ""residual+conditioning+solver_failure"": 12}"
0.9791666666666666,0.9791666666666667,0.9787234042553191,0.9930555555555556,0.0015691999869886786,breast_cancer,pca_logreg,pca,logreg,3,4,4,16,2.0,1.1,True,full_balanced,standard,80,,,,,,,,,,,,,,,,,,,,,,,,,,,,,,,,,
0.9791666666666666,0.9791666666666667,0.9787234042553191,0.9913194444444444,0.0920143000112148,breast_cancer,pca_mlp,pca,mlp,3,4,4,16,2.0,1.1,True,full_balanced,standard,80,,,,,,,,,,,,,,,,,,,,,,,,,,,,,,,,,
0.9791666666666666,0.9791666666666667,0.9787234042553191,0.9947916666666666,0.0015678000054322183,breast_cancer,pca_svm_rbf,pca,svm_rbf,3,4,4,16,2.0,1.1,True,full_balanced,standard,80,,,,,,,,,,,,,,,,,,,,,,,,,,,,,,,,,
0.9791666666666666,0.9791666666666667,0.9787234042553191,0.9756944444444444,49.63749049999751,breast_cancer,pca_qnn,pca,qnn,3,4,4,16,2.0,1.1,True,full_balanced,standard,80,,,,,,,,,,,,,,,,,,,,,,,,,,,,,,,,,
0.9375,0.9375,0.9361702127659575,0.9895833333333334,0.0022988000127952546,breast_cancer,implicit_zero_logreg,implicit_zero,logreg,3,4,4,16,2.0,1.1,True,full_balanced,standard,80,0.7083333333333334,0.07138745051647925,2.7026103514497695e-12,27.604166666666668,0.00023928124968127426,0.15003103761671682,0.04858020000392571,,,,,,,,,,,,,,,,,,,,,,,,,,
0.9375,0.9375,0.9387755102040817,0.9878472222222222,0.0015829999902052805,breast_cancer,implicit_zero_svm_rbf,implicit_zero,svm_rbf,3,4,4,16,2.0,1.1,True,full_balanced,standard,80,0.7083333333333334,0.07138745051647925,2.7026103514497695e-12,27.604166666666668,0.00023928124968127426,0.15003103761671682,0.04858020000392571,,,,,,,,,,,,,,,,,,,,,,,,,,
0.8958333333333334,0.8958333333333334,0.8888888888888888,0.970486111111111,49.9240143999923,breast_cancer,implicit_zero_qnn,implicit_zero,qnn,3,4,4,16,2.0,1.1,True,full_balanced,standard,80,0.7083333333333334,0.07138745051647925,2.7026103514497695e-12,27.604166666666668,0.00023928124968127426,0.15003103761671682,0.04858020000392571,,,,,,,,,,,,,,,,,,,,,,,,,,
0.9375,0.9375,0.9387755102040817,0.9913194444444444,0.0023299000022234395,breast_cancer,forced_full_light_logreg,forced_full_light,logreg,3,4,4,16,2.0,1.1,True,full_light,standard,80,,,,,,,28.43126700000721,0.7083333333333334,0.875,0.7083333333333334,0.6666666666666666,0.07138745051647925,0.08407428743849243,0.06618258516858273,2.7026103514497695e-12,3.6471053016511876e-16,27.604166666666668,10.791666666666666,2134.1458333333335,0.18732705833372165,0.15003103761671682,0.1379272527187287,,,,,,,,,,,
0.9375,0.9375,0.9387755102040817,0.9895833333333333,0.001197000005049631,breast_cancer,forced_full_light_svm_rbf,forced_full_light,svm_rbf,3,4,4,16,2.0,1.1,True,full_light,standard,80,,,,,,,28.43126700000721,0.7083333333333334,0.875,0.7083333333333334,0.6666666666666666,0.07138745051647925,0.08407428743849243,0.06618258516858273,2.7026103514497695e-12,3.6471053016511876e-16,27.604166666666668,10.791666666666666,2134.1458333333335,0.18732705833372165,0.15003103761671682,0.1379272527187287,,,,,,,,,,,
0.8958333333333334,0.8958333333333333,0.8936170212765957,0.9427083333333333,50.07152650000353,breast_cancer,forced_full_light_qnn,forced_full_light,qnn,3,4,4,16,2.0,1.1,True,full_light,standard,80,,,,,,,28.43126700000721,0.7083333333333334,0.875,0.7083333333333334,0.6666666666666666,0.07138745051647925,0.08407428743849243,0.06618258516858273,2.7026103514497695e-12,3.6471053016511876e-16,27.604166666666668,10.791666666666666,2134.1458333333335,0.18732705833372165,0.15003103761671682,0.1379272527187287,,,,,,,,,,,
0.9375,0.9375,0.9361702127659575,0.9878472222222222,0.002538900007493794,breast_cancer,hybrid_standard_full_light_logreg,hybrid_standard_full_light,logreg,3,4,4,16,2.0,1.1,True,full_light,standard,80,,,,,,,7.117619500000728,,,,,,,,,,,,,,,,0.7083333333333334,0.3333333333333333,0.16666666666666666,0.06645527923842492,2.3568002156066536e-12,27.604166666666668,24.520833333333332,0.03811302708375782,0.15003103761671682,0.0063709739101880936,"{""none"": 32, ""conditioning+solver_failure"": 2, ""residual+conditioning+solver_failure"": 12, ""conditioning"": 2}"
0.9166666666666666,0.9166666666666666,0.9166666666666666,0.9895833333333333,0.001349600002868101,breast_cancer,hybrid_standard_full_light_svm_rbf,hybrid_standard_full_light,svm_rbf,3,4,4,16,2.0,1.1,True,full_light,standard,80,,,,,,,7.117619500000728,,,,,,,,,,,,,,,,0.7083333333333334,0.3333333333333333,0.16666666666666666,0.06645527923842492,2.3568002156066536e-12,27.604166666666668,24.520833333333332,0.03811302708375782,0.15003103761671682,0.0063709739101880936,"{""none"": 32, ""conditioning+solver_failure"": 2, ""residual+conditioning+solver_failure"": 12, ""conditioning"": 2}"
0.9375,0.9375,0.9361702127659575,0.9739583333333334,49.73729830000957,breast_cancer,hybrid_standard_full_light_qnn,hybrid_standard_full_light,qnn,3,4,4,16,2.0,1.1,True,full_light,standard,80,,,,,,,7.117619500000728,,,,,,,,,,,,,,,,0.7083333333333334,0.3333333333333333,0.16666666666666666,0.06645527923842492,2.3568002156066536e-12,27.604166666666668,24.520833333333332,0.03811302708375782,0.15003103761671682,0.0063709739101880936,"{""none"": 32, ""conditioning+solver_failure"": 2, ""residual+conditioning+solver_failure"": 12, ""conditioning"": 2}"
0.9583333333333334,0.9583333333333334,0.9583333333333334,0.9913194444444444,0.0019496000022627413,breast_cancer,hybrid_aggressive_full_light_logreg,hybrid_aggressive_full_light,logreg,3,4,4,16,2.0,1.1,True,full_light,aggressive,80,,,,,,,13.49650730000576,,,,,,,,,,,,,,,,0.7083333333333334,0.5625,0.4166666666666667,0.06627766749390503,1.0679195650394472e-12,27.604166666666668,19.729166666666668,0.09591605833308374,0.15003103761671682,0.06810829800729329,"{""none"": 21, ""conditioning"": 13, ""residual+conditioning+solver_failure"": 14}"
0.9583333333333334,0.9583333333333333,0.96,0.9895833333333333,0.0012607000098796561,breast_cancer,hybrid_aggressive_full_light_svm_rbf,hybrid_aggressive_full_light,svm_rbf,3,4,4,16,2.0,1.1,True,full_light,aggressive,80,,,,,,,13.49650730000576,,,,,,,,,,,,,,,,0.7083333333333334,0.5625,0.4166666666666667,0.06627766749390503,1.0679195650394472e-12,27.604166666666668,19.729166666666668,0.09591605833308374,0.15003103761671682,0.06810829800729329,"{""none"": 21, ""conditioning"": 13, ""residual+conditioning+solver_failure"": 14}"
0.875,0.875,0.875,0.9635416666666667,50.53664750000462,breast_cancer,hybrid_aggressive_full_light_qnn,hybrid_aggressive_full_light,qnn,3,4,4,16,2.0,1.1,True,full_light,aggressive,80,,,,,,,13.49650730000576,,,,,,,,,,,,,,,,0.7083333333333334,0.5625,0.4166666666666667,0.06627766749390503,1.0679195650394472e-12,27.604166666666668,19.729166666666668,0.09591605833308374,0.15003103761671682,0.06810829800729329,"{""none"": 21, ""conditioning"": 13, ""residual+conditioning+solver_failure"": 14}"
0.9583333333333334,0.9583333333333334,0.9583333333333334,0.9913194444444444,0.001881800009869039,breast_cancer,hybrid_always_trigger_full_light_logreg,hybrid_always_trigger_full_light,logreg,3,4,4,16,2.0,1.1,True,full_light,always_trigger,80,,,,,,,28.249433499993756,,,,,,,,,,,,,,,,0.7083333333333334,1.0,0.8125,0.06627758520171918,3.505581924863629e-16,27.604166666666668,13.958333333333334,0.18212712291672992,0.15003103761671682,0.13796226972629155,"{""residual+conditioning"": 34, ""residual+conditioning+solver_failure"": 14}"
0.9583333333333334,0.9583333333333333,0.96,0.9930555555555555,0.0012321000103838742,breast_cancer,hybrid_always_trigger_full_light_svm_rbf,hybrid_always_trigger_full_light,svm_rbf,3,4,4,16,2.0,1.1,True,full_light,always_trigger,80,,,,,,,28.249433499993756,,,,,,,,,,,,,,,,0.7083333333333334,1.0,0.8125,0.06627758520171918,3.505581924863629e-16,27.604166666666668,13.958333333333334,0.18212712291672992,0.15003103761671682,0.13796226972629155,"{""residual+conditioning"": 34, ""residual+conditioning+solver_failure"": 14}"
0.8958333333333334,0.8958333333333333,0.8936170212765957,0.9618055555555556,49.92602410000109,breast_cancer,hybrid_always_trigger_full_light_qnn,hybrid_always_trigger_full_light,qnn,3,4,4,16,2.0,1.1,True,full_light,always_trigger,80,,,,,,,28.249433499993756,,,,,,,,,,,,,,,,0.7083333333333334,1.0,0.8125,0.06627758520171918,3.505581924863629e-16,27.604166666666668,13.958333333333334,0.18212712291672992,0.15003103761671682,0.13796226972629155,"{""residual+conditioning"": 34, ""residual+conditioning+solver_failure"": 14}"
0.9583333333333334,0.9583333333333334,0.9583333333333334,0.9913194444444444,0.0019296999962534755,breast_cancer,hybrid_qnn_lenient_full_light_logreg,hybrid_qnn_lenient_full_light,logreg,3,4,4,16,2.0,1.1,True,full_light,qnn_lenient,80,,,,,,,28.24543559999438,,,,,,,,,,,,,,,,0.7083333333333334,1.0,0.8125,0.06627758520171918,3.505581924863629e-16,27.604166666666668,13.958333333333334,0.18360696041600022,0.15003103761671682,0.13796226972629155,"{""residual+conditioning"": 34, ""residual+conditioning+solver_failure"": 14}"
0.9583333333333334,0.9583333333333333,0.96,0.9930555555555555,0.0012337000080151483,breast_cancer,hybrid_qnn_lenient_full_light_svm_rbf,hybrid_qnn_lenient_full_light,svm_rbf,3,4,4,16,2.0,1.1,True,full_light,qnn_lenient,80,,,,,,,28.24543559999438,,,,,,,,,,,,,,,,0.7083333333333334,1.0,0.8125,0.06627758520171918,3.505581924863629e-16,27.604166666666668,13.958333333333334,0.18360696041600022,0.15003103761671682,0.13796226972629155,"{""residual+conditioning"": 34, ""residual+conditioning+solver_failure"": 14}"
0.8958333333333334,0.8958333333333333,0.8936170212765957,0.9618055555555556,50.21603809999942,breast_cancer,hybrid_qnn_lenient_full_light_qnn,hybrid_qnn_lenient_full_light,qnn,3,4,4,16,2.0,1.1,True,full_light,qnn_lenient,80,,,,,,,28.24543559999438,,,,,,,,,,,,,,,,0.7083333333333334,1.0,0.8125,0.06627758520171918,3.505581924863629e-16,27.604166666666668,13.958333333333334,0.18360696041600022,0.15003103761671682,0.13796226972629155,"{""residual+conditioning"": 34, ""residual+conditioning+solver_failure"": 14}"
0.9375,0.9375,0.9387755102040817,0.9913194444444444,0.0024440000124741346,breast_cancer,forced_full_balanced_logreg,forced_full_balanced,logreg,3,4,4,16,2.0,1.1,True,full_balanced,standard,80,,,,,,,40.0631515999994,0.7083333333333334,0.8958333333333334,0.7083333333333334,0.6458333333333334,0.07138745051647925,0.08792957456742823,0.06667554804469655,2.7026103514497695e-12,3.7181138465383193e-16,27.604166666666668,12.75,2512.3958333333335,0.2658553208329977,0.15003103761671682,0.13415404668555406,,,,,,,,,,,
0.9375,0.9375,0.9387755102040817,0.9895833333333333,0.0012143000058131292,breast_cancer,forced_full_balanced_svm_rbf,forced_full_balanced,svm_rbf,3,4,4,16,2.0,1.1,True,full_balanced,standard,80,,,,,,,40.0631515999994,0.7083333333333334,0.8958333333333334,0.7083333333333334,0.6458333333333334,0.07138745051647925,0.08792957456742823,0.06667554804469655,2.7026103514497695e-12,3.7181138465383193e-16,27.604166666666668,12.75,2512.3958333333335,0.2658553208329977,0.15003103761671682,0.13415404668555406,,,,,,,,,,,
0.875,0.875,0.8695652173913043,0.951388888888889,49.93733919999795,breast_cancer,forced_full_balanced_qnn,forced_full_balanced,qnn,3,4,4,16,2.0,1.1,True,full_balanced,standard,80,,,,,,,40.0631515999994,0.7083333333333334,0.8958333333333334,0.7083333333333334,0.6458333333333334,0.07138745051647925,0.08792957456742823,0.06667554804469655,2.7026103514497695e-12,3.7181138465383193e-16,27.604166666666668,12.75,2512.3958333333335,0.2658553208329977,0.15003103761671682,0.13415404668555406,,,,,,,,,,,
0.9375,0.9375,0.9361702127659575,0.9878472222222222,0.0038955000054556876,breast_cancer,hybrid_standard_full_balanced_logreg,hybrid_standard_full_balanced,logreg,3,4,4,16,2.0,1.1,True,full_balanced,standard,80,,,,,,,8.514150599992718,,,,,,,,,,,,,,,,0.7083333333333334,0.3333333333333333,0.1875,0.06641796777117938,2.3568002156066536e-12,27.604166666666668,24.166666666666668,0.04739732916793097,0.15003103761671682,0.007338218253402304,"{""none"": 32, ""conditioning+solver_failure"": 2, ""residual+conditioning+solver_failure"": 12, ""conditioning"": 2}"
0.9166666666666666,0.9166666666666666,0.9166666666666666,0.9895833333333333,0.0014307999954326078,breast_cancer,hybrid_standard_full_balanced_svm_rbf,hybrid_standard_full_balanced,svm_rbf,3,4,4,16,2.0,1.1,True,full_balanced,standard,80,,,,,,,8.514150599992718,,,,,,,,,,,,,,,,0.7083333333333334,0.3333333333333333,0.1875,0.06641796777117938,2.3568002156066536e-12,27.604166666666668,24.166666666666668,0.04739732916793097,0.15003103761671682,0.007338218253402304,"{""none"": 32, ""conditioning+solver_failure"": 2, ""residual+conditioning+solver_failure"": 12, ""conditioning"": 2}"
0.8958333333333334,0.8958333333333333,0.8936170212765957,0.9739583333333335,50.08848319998651,breast_cancer,hybrid_standard_full_balanced_qnn,hybrid_standard_full_balanced,qnn,3,4,4,16,2.0,1.1,True,full_balanced,standard,80,,,,,,,8.514150599992718,,,,,,,,,,,,,,,,0.7083333333333334,0.3333333333333333,0.1875,0.06641796777117938,2.3568002156066536e-12,27.604166666666668,24.166666666666668,0.04739732916793097,0.15003103761671682,0.007338218253402304,"{""none"": 32, ""conditioning+solver_failure"": 2, ""residual+conditioning+solver_failure"": 12, ""conditioning"": 2}"
0.9583333333333334,0.9583333333333334,0.9583333333333334,0.9913194444444444,0.0018560999887995422,breast_cancer,hybrid_aggressive_full_balanced_logreg,hybrid_aggressive_full_balanced,logreg,3,4,4,16,2.0,1.1,True,full_balanced,aggressive,80,,,,,,,18.01779689999239,,,,,,,,,,,,,,,,0.7083333333333334,0.5625,0.4166666666666667,0.0669068544493301,1.1345867696982887e-12,27.604166666666668,19.916666666666668,0.12483217291719484,0.15003103761671682,0.06104962668615302,"{""none"": 21, ""conditioning"": 13, ""residual+conditioning+solver_failure"": 14}"
0.9583333333333334,0.9583333333333333,0.96,0.9895833333333333,0.0012372000055620447,breast_cancer,hybrid_aggressive_full_balanced_svm_rbf,hybrid_aggressive_full_balanced,svm_rbf,3,4,4,16,2.0,1.1,True,full_balanced,aggressive,80,,,,,,,18.01779689999239,,,,,,,,,,,,,,,,0.7083333333333334,0.5625,0.4166666666666667,0.0669068544493301,1.1345867696982887e-12,27.604166666666668,19.916666666666668,0.12483217291719484,0.15003103761671682,0.06104962668615302,"{""none"": 21, ""conditioning"": 13, ""residual+conditioning+solver_failure"": 14}"
0.8958333333333334,0.8958333333333334,0.8888888888888888,0.9704861111111112,49.96235339999839,breast_cancer,hybrid_aggressive_full_balanced_qnn,hybrid_aggressive_full_balanced,qnn,3,4,4,16,2.0,1.1,True,full_balanced,aggressive,80,,,,,,,18.01779689999239,,,,,,,,,,,,,,,,0.7083333333333334,0.5625,0.4166666666666667,0.0669068544493301,1.1345867696982887e-12,27.604166666666668,19.916666666666668,0.12483217291719484,0.15003103761671682,0.06104962668615302,"{""none"": 21, ""conditioning"": 13, ""residual+conditioning+solver_failure"": 14}"
0.9583333333333334,0.9583333333333334,0.9583333333333334,0.9913194444444444,0.0021438000112539157,breast_cancer,hybrid_always_trigger_full_balanced_logreg,hybrid_always_trigger_full_balanced,logreg,3,4,4,16,2.0,1.1,True,full_balanced,always_trigger,80,,,,,,,40.17583389999345,,,,,,,,,,,,,,,,0.7083333333333334,1.0,0.8125,0.0669070037240986,4.006554837925684e-16,27.604166666666668,15.354166666666666,0.2622006770840623,0.15003103761671682,0.13391998891780782,"{""residual+conditioning"": 34, ""residual+conditioning+solver_failure"": 14}"
0.9583333333333334,0.9583333333333333,0.96,0.9930555555555555,0.0012546999932965264,breast_cancer,hybrid_always_trigger_full_balanced_svm_rbf,hybrid_always_trigger_full_balanced,svm_rbf,3,4,4,16,2.0,1.1,True,full_balanced,always_trigger,80,,,,,,,40.17583389999345,,,,,,,,,,,,,,,,0.7083333333333334,1.0,0.8125,0.0669070037240986,4.006554837925684e-16,27.604166666666668,15.354166666666666,0.2622006770840623,0.15003103761671682,0.13391998891780782,"{""residual+conditioning"": 34, ""residual+conditioning+solver_failure"": 14}"
0.875,0.875,0.8695652173913043,0.9722222222222222,49.75235729999258,breast_cancer,hybrid_always_trigger_full_balanced_qnn,hybrid_always_trigger_full_balanced,qnn,3,4,4,16,2.0,1.1,True,full_balanced,always_trigger,80,,,,,,,40.17583389999345,,,,,,,,,,,,,,,,0.7083333333333334,1.0,0.8125,0.0669070037240986,4.006554837925684e-16,27.604166666666668,15.354166666666666,0.2622006770840623,0.15003103761671682,0.13391998891780782,"{""residual+conditioning"": 34, ""residual+conditioning+solver_failure"": 14}"
0.9583333333333334,0.9583333333333334,0.9583333333333334,0.9913194444444444,0.0022449999960372224,breast_cancer,hybrid_qnn_lenient_full_balanced_logreg,hybrid_qnn_lenient_full_balanced,logreg,3,4,4,16,2.0,1.1,True,full_balanced,qnn_lenient,80,,,,,,,39.92103959999804,,,,,,,,,,,,,,,,0.7083333333333334,1.0,0.8125,0.0669070037240986,4.006554837925684e-16,27.604166666666668,15.354166666666666,0.2598216854154695,0.15003103761671682,0.13391998891780782,"{""residual+conditioning"": 34, ""residual+conditioning+solver_failure"": 14}"
0.9583333333333334,0.9583333333333333,0.96,0.9930555555555555,0.001373599996441044,breast_cancer,hybrid_qnn_lenient_full_balanced_svm_rbf,hybrid_qnn_lenient_full_balanced,svm_rbf,3,4,4,16,2.0,1.1,True,full_balanced,qnn_lenient,80,,,,,,,39.92103959999804,,,,,,,,,,,,,,,,0.7083333333333334,1.0,0.8125,0.0669070037240986,4.006554837925684e-16,27.604166666666668,15.354166666666666,0.2598216854154695,0.15003103761671682,0.13391998891780782,"{""residual+conditioning"": 34, ""residual+conditioning+solver_failure"": 14}"
0.875,0.875,0.8695652173913043,0.9722222222222222,50.484195900004124,breast_cancer,hybrid_qnn_lenient_full_balanced_qnn,hybrid_qnn_lenient_full_balanced,qnn,3,4,4,16,2.0,1.1,True,full_balanced,qnn_lenient,80,,,,,,,39.92103959999804,,,,,,,,,,,,,,,,0.7083333333333334,1.0,0.8125,0.0669070037240986,4.006554837925684e-16,27.604166666666668,15.354166666666666,0.2598216854154695,0.15003103761671682,0.13391998891780782,"{""residual+conditioning"": 34, ""residual+conditioning+solver_failure"": 14}"
0.9375,0.9375,0.9387755102040817,0.9913194444444444,0.0023536999942734838,breast_cancer,forced_qnn_oriented_logreg,forced_qnn_oriented,logreg,3,4,4,16,2.0,1.1,True,qnn_oriented,standard,80,,,,,,,57.104568599999766,0.7083333333333334,0.875,0.7083333333333334,0.6458333333333334,0.07138745051647925,0.08785320697777553,0.06614416887235498,2.7026103514497695e-12,3.580092452880541e-16,27.604166666666668,11.125,2876.125,0.3753465437490983,0.15003103761671682,0.13383321198087453,,,,,,,,,,,
0.9375,0.9375,0.9387755102040817,0.9913194444444444,0.0012011999933747575,breast_cancer,forced_qnn_oriented_svm_rbf,forced_qnn_oriented,svm_rbf,3,4,4,16,2.0,1.1,True,qnn_oriented,standard,80,,,,,,,57.104568599999766,0.7083333333333334,0.875,0.7083333333333334,0.6458333333333334,0.07138745051647925,0.08785320697777553,0.06614416887235498,2.7026103514497695e-12,3.580092452880541e-16,27.604166666666668,11.125,2876.125,0.3753465437490983,0.15003103761671682,0.13383321198087453,,,,,,,,,,,
0.875,0.875,0.8695652173913043,0.9531249999999999,49.71423109999159,breast_cancer,forced_qnn_oriented_qnn,forced_qnn_oriented,qnn,3,4,4,16,2.0,1.1,True,qnn_oriented,standard,80,,,,,,,57.104568599999766,0.7083333333333334,0.875,0.7083333333333334,0.6458333333333334,0.07138745051647925,0.08785320697777553,0.06614416887235498,2.7026103514497695e-12,3.580092452880541e-16,27.604166666666668,11.125,2876.125,0.3753465437490983,0.15003103761671682,0.13383321198087453,,,,,,,,,,,
0.9375,0.9375,0.9361702127659575,0.9878472222222222,0.002356800003326498,breast_cancer,hybrid_standard_qnn_oriented_logreg,hybrid_standard_qnn_oriented,logreg,3,4,4,16,2.0,1.1,True,qnn_oriented,standard,80,,,,,,,10.912437500010128,,,,,,,,,,,,,,,,0.7083333333333334,0.3333333333333333,0.16666666666666666,0.06644741930222046,2.3568002156066536e-12,27.604166666666668,24.666666666666668,0.05940112083499116,0.15003103761671682,0.006697642981509195,"{""none"": 32, ""conditioning+solver_failure"": 2, ""residual+conditioning+solver_failure"": 12, ""conditioning"": 2}"
0.9375,0.9375,0.9387755102040817,0.9913194444444444,0.0012815999943995848,breast_cancer,hybrid_standard_qnn_oriented_svm_rbf,hybrid_standard_qnn_oriented,svm_rbf,3,4,4,16,2.0,1.1,True,qnn_oriented,standard,80,,,,,,,10.912437500010128,,,,,,,,,,,,,,,,0.7083333333333334,0.3333333333333333,0.16666666666666666,0.06644741930222046,2.3568002156066536e-12,27.604166666666668,24.666666666666668,0.05940112083499116,0.15003103761671682,0.006697642981509195,"{""none"": 32, ""conditioning+solver_failure"": 2, ""residual+conditioning+solver_failure"": 12, ""conditioning"": 2}"
0.875,0.875,0.8695652173913043,0.9288194444444444,49.78390560000844,breast_cancer,hybrid_standard_qnn_oriented_qnn,hybrid_standard_qnn_oriented,qnn,3,4,4,16,2.0,1.1,True,qnn_oriented,standard,80,,,,,,,10.912437500010128,,,,,,,,,,,,,,,,0.7083333333333334,0.3333333333333333,0.16666666666666666,0.06644741930222046,2.3568002156066536e-12,27.604166666666668,24.666666666666668,0.05940112083499116,0.15003103761671682,0.006697642981509195,"{""none"": 32, ""conditioning+solver_failure"": 2, ""residual+conditioning+solver_failure"": 12, ""conditioning"": 2}"
0.9583333333333334,0.9583333333333334,0.9583333333333334,0.9913194444444444,0.002285700000356883,breast_cancer,hybrid_aggressive_qnn_oriented_logreg,hybrid_aggressive_qnn_oriented,logreg,3,4,4,16,2.0,1.1,True,qnn_oriented,aggressive,80,,,,,,,23.94385450000118,,,,,,,,,,,,,,,,0.7083333333333334,0.5625,0.375,0.06644800475014903,1.1345867696982887e-12,27.604166666666668,21.145833333333332,0.173326339583582,0.15003103761671682,0.060993002802191665,"{""none"": 21, ""conditioning"": 13, ""residual+conditioning+solver_failure"": 14}"
0.9375,0.9375,0.9387755102040817,0.9913194444444444,0.0012300999951548874,breast_cancer,hybrid_aggressive_qnn_oriented_svm_rbf,hybrid_aggressive_qnn_oriented,svm_rbf,3,4,4,16,2.0,1.1,True,qnn_oriented,aggressive,80,,,,,,,23.94385450000118,,,,,,,,,,,,,,,,0.7083333333333334,0.5625,0.375,0.06644800475014903,1.1345867696982887e-12,27.604166666666668,21.145833333333332,0.173326339583582,0.15003103761671682,0.060993002802191665,"{""none"": 21, ""conditioning"": 13, ""residual+conditioning+solver_failure"": 14}"
0.8541666666666666,0.8541666666666666,0.8444444444444444,0.9496527777777778,49.79999349999707,breast_cancer,hybrid_aggressive_qnn_oriented_qnn,hybrid_aggressive_qnn_oriented,qnn,3,4,4,16,2.0,1.1,True,qnn_oriented,aggressive,80,,,,,,,23.94385450000118,,,,,,,,,,,,,,,,0.7083333333333334,0.5625,0.375,0.06644800475014903,1.1345867696982887e-12,27.604166666666668,21.145833333333332,0.173326339583582,0.15003103761671682,0.060993002802191665,"{""none"": 21, ""conditioning"": 13, ""residual+conditioning+solver_failure"": 14}"
0.9583333333333334,0.9583333333333334,0.9583333333333334,0.9913194444444444,0.002177700007450767,breast_cancer,hybrid_always_trigger_qnn_oriented_logreg,hybrid_always_trigger_qnn_oriented,logreg,3,4,4,16,2.0,1.1,True,qnn_oriented,always_trigger,80,,,,,,,56.07021600000735,,,,,,,,,,,,,,,,0.7083333333333334,1.0,0.7708333333333334,0.06644161799681936,3.7334855337083806e-16,27.604166666666668,15.479166666666666,0.37009407083314727,0.15003103761671682,0.13308498610625283,"{""residual+conditioning"": 34, ""residual+conditioning+solver_failure"": 14}"
0.9375,0.9375,0.9387755102040817,0.9930555555555555,0.0012252000014996156,breast_cancer,hybrid_always_trigger_qnn_oriented_svm_rbf,hybrid_always_trigger_qnn_oriented,svm_rbf,3,4,4,16,2.0,1.1,True,qnn_oriented,always_trigger,80,,,,,,,56.07021600000735,,,,,,,,,,,,,,,,0.7083333333333334,1.0,0.7708333333333334,0.06644161799681936,3.7334855337083806e-16,27.604166666666668,15.479166666666666,0.37009407083314727,0.15003103761671682,0.13308498610625283,"{""residual+conditioning"": 34, ""residual+conditioning+solver_failure"": 14}"
0.9375,0.9375,0.9361702127659575,0.967013888888889,51.072469099992304,breast_cancer,hybrid_always_trigger_qnn_oriented_qnn,hybrid_always_trigger_qnn_oriented,qnn,3,4,4,16,2.0,1.1,True,qnn_oriented,always_trigger,80,,,,,,,56.07021600000735,,,,,,,,,,,,,,,,0.7083333333333334,1.0,0.7708333333333334,0.06644161799681936,3.7334855337083806e-16,27.604166666666668,15.479166666666666,0.37009407083314727,0.15003103761671682,0.13308498610625283,"{""residual+conditioning"": 34, ""residual+conditioning+solver_failure"": 14}"
0.9583333333333334,0.9583333333333334,0.9583333333333334,0.9913194444444444,0.001847300009103492,breast_cancer,hybrid_qnn_lenient_qnn_oriented_logreg,hybrid_qnn_lenient_qnn_oriented,logreg,3,4,4,16,2.0,1.1,True,qnn_oriented,qnn_lenient,80,,,,,,,56.61811330000637,,,,,,,,,,,,,,,,0.7083333333333334,1.0,0.7708333333333334,0.06644161799681936,3.7334855337083806e-16,27.604166666666668,15.479166666666666,0.3683963708323669,0.15003103761671682,0.13308498610625283,"{""residual+conditioning"": 34, ""residual+conditioning+solver_failure"": 14}"
0.9375,0.9375,0.9387755102040817,0.9930555555555555,0.0012303000112297013,breast_cancer,hybrid_qnn_lenient_qnn_oriented_svm_rbf,hybrid_qnn_lenient_qnn_oriented,svm_rbf,3,4,4,16,2.0,1.1,True,qnn_oriented,qnn_lenient,80,,,,,,,56.61811330000637,,,,,,,,,,,,,,,,0.7083333333333334,1.0,0.7708333333333334,0.06644161799681936,3.7334855337083806e-16,27.604166666666668,15.479166666666666,0.3683963708323669,0.15003103761671682,0.13308498610625283,"{""residual+conditioning"": 34, ""residual+conditioning+solver_failure"": 14}"
0.9375,0.9375,0.9361702127659575,0.9687500000000001,49.72990780000691,breast_cancer,hybrid_qnn_lenient_qnn_oriented_qnn,hybrid_qnn_lenient_qnn_oriented,qnn,3,4,4,16,2.0,1.1,True,qnn_oriented,qnn_lenient,80,,,,,,,56.61811330000637,,,,,,,,,,,,,,,,0.7083333333333334,1.0,0.7708333333333334,0.06644161799681936,3.7334855337083806e-16,27.604166666666668,15.479166666666666,0.3683963708323669,0.15003103761671682,0.13308498610625283,"{""residual+conditioning"": 34, ""residual+conditioning+solver_failure"": 14}"
0.9375,0.9375,0.9387755102040817,0.9913194444444444,0.0019773999956669286,breast_cancer,forced_qnn_exploratory_logreg,forced_qnn_exploratory,logreg,3,4,4,16,2.0,1.1,True,qnn_exploratory,standard,80,,,,,,,63.82168309998815,0.7083333333333334,0.8541666666666666,0.7083333333333334,0.625,0.07138745051647925,0.09384894636829184,0.06610773941710726,2.7026103514497695e-12,3.827569554138178e-16,27.604166666666668,11.895833333333334,2850.2708333333335,0.41365551458299404,0.15003103761671682,0.13310899410925134,,,,,,,,,,,
0.9375,0.9375,0.9387755102040817,0.9913194444444444,0.0013178999943193048,breast_cancer,forced_qnn_exploratory_svm_rbf,forced_qnn_exploratory,svm_rbf,3,4,4,16,2.0,1.1,True,qnn_exploratory,standard,80,,,,,,,63.82168309998815,0.7083333333333334,0.8541666666666666,0.7083333333333334,0.625,0.07138745051647925,0.09384894636829184,0.06610773941710726,2.7026103514497695e-12,3.827569554138178e-16,27.604166666666668,11.895833333333334,2850.2708333333335,0.41365551458299404,0.15003103761671682,0.13310899410925134,,,,,,,,,,,
0.8958333333333334,0.8958333333333333,0.8936170212765957,0.9322916666666667,49.775566600001184,breast_cancer,forced_qnn_exploratory_qnn,forced_qnn_exploratory,qnn,3,4,4,16,2.0,1.1,True,qnn_exploratory,standard,80,,,,,,,63.82168309998815,0.7083333333333334,0.8541666666666666,0.7083333333333334,0.625,0.07138745051647925,0.09384894636829184,0.06610773941710726,2.7026103514497695e-12,3.827569554138178e-16,27.604166666666668,11.895833333333334,2850.2708333333335,0.41365551458299404,0.15003103761671682,0.13310899410925134,,,,,,,,,,,
0.9375,0.9375,0.9361702127659575,0.9878472222222222,0.00245349999750033,breast_cancer,hybrid_standard_qnn_exploratory_logreg,hybrid_standard_qnn_exploratory,logreg,3,4,4,16,2.0,1.1,True,qnn_exploratory,standard,80,,,,,,,12.036416200004169,,,,,,,,,,,,,,,,0.7083333333333334,0.3333333333333333,0.16666666666666666,0.06638965900817863,2.3568002156066536e-12,27.604166666666668,23.979166666666668,0.056849122916294924,0.15003103761671682,0.004227688333340751,"{""none"": 32, ""conditioning+solver_failure"": 2, ""residual+conditioning+solver_failure"": 12, ""conditioning"": 2}"
0.9375,0.9375,0.9387755102040817,0.9913194444444444,0.0012069000076735392,breast_cancer,hybrid_standard_qnn_exploratory_svm_rbf,hybrid_standard_qnn_exploratory,svm_rbf,3,4,4,16,2.0,1.1,True,qnn_exploratory,standard,80,,,,,,,12.036416200004169,,,,,,,,,,,,,,,,0.7083333333333334,0.3333333333333333,0.16666666666666666,0.06638965900817863,2.3568002156066536e-12,27.604166666666668,23.979166666666668,0.056849122916294924,0.15003103761671682,0.004227688333340751,"{""none"": 32, ""conditioning+solver_failure"": 2, ""residual+conditioning+solver_failure"": 12, ""conditioning"": 2}"
0.875,0.875,0.8695652173913043,0.9305555555555556,50.8987405999942,breast_cancer,hybrid_standard_qnn_exploratory_qnn,hybrid_standard_qnn_exploratory,qnn,3,4,4,16,2.0,1.1,True,qnn_exploratory,standard,80,,,,,,,12.036416200004169,,,,,,,,,,,,,,,,0.7083333333333334,0.3333333333333333,0.16666666666666666,0.06638965900817863,2.3568002156066536e-12,27.604166666666668,23.979166666666668,0.056849122916294924,0.15003103761671682,0.004227688333340751,"{""none"": 32, ""conditioning+solver_failure"": 2, ""residual+conditioning+solver_failure"": 12, ""conditioning"": 2}"
0.9583333333333334,0.9583333333333334,0.9583333333333334,0.9913194444444444,0.002297500002896413,breast_cancer,hybrid_aggressive_qnn_exploratory_logreg,hybrid_aggressive_qnn_exploratory,logreg,3,4,4,16,2.0,1.1,True,qnn_exploratory,aggressive,80,,,,,,,25.762131399998907,,,,,,,,,,,,,,,,0.7083333333333334,0.5625,0.375,0.06638946788994658,1.1345867696982887e-12,27.604166666666668,20.1875,0.17873465833326918,0.15003103761671682,0.05961506319956342,"{""none"": 21, ""conditioning"": 13, ""residual+conditioning+solver_failure"": 14}"
0.9375,0.9375,0.9387755102040817,0.9930555555555555,0.0012138999882154167,breast_cancer,hybrid_aggressive_qnn_exploratory_svm_rbf,hybrid_aggressive_qnn_exploratory,svm_rbf,3,4,4,16,2.0,1.1,True,qnn_exploratory,aggressive,80,,,,,,,25.762131399998907,,,,,,,,,,,,,,,,0.7083333333333334,0.5625,0.375,0.06638946788994658,1.1345867696982887e-12,27.604166666666668,20.1875,0.17873465833326918,0.15003103761671682,0.05961506319956342,"{""none"": 21, ""conditioning"": 13, ""residual+conditioning+solver_failure"": 14}"
0.875,0.875,0.8695652173913043,0.9461805555555556,49.74925570000778,breast_cancer,hybrid_aggressive_qnn_exploratory_qnn,hybrid_aggressive_qnn_exploratory,qnn,3,4,4,16,2.0,1.1,True,qnn_exploratory,aggressive,80,,,,,,,25.762131399998907,,,,,,,,,,,,,,,,0.7083333333333334,0.5625,0.375,0.06638946788994658,1.1345867696982887e-12,27.604166666666668,20.1875,0.17873465833326918,0.15003103761671682,0.05961506319956342,"{""none"": 21, ""conditioning"": 13, ""residual+conditioning+solver_failure"": 14}"
0.9583333333333334,0.9583333333333334,0.9583333333333334,0.9913194444444444,0.0018982000037794933,breast_cancer,hybrid_always_trigger_qnn_exploratory_logreg,hybrid_always_trigger_qnn_exploratory,logreg,3,4,4,16,2.0,1.1,True,qnn_exploratory,always_trigger,80,,,,,,,63.59291680000024,,,,,,,,,,,,,,,,0.7083333333333334,1.0,0.7708333333333334,0.06639425483748758,3.7823220292774033e-16,27.604166666666668,15.083333333333334,0.43319503124894254,0.15003103761671682,0.13322880513720362,"{""residual+conditioning"": 34, ""residual+conditioning+solver_failure"": 14}"
0.9375,0.9375,0.9387755102040817,0.9930555555555555,0.0012759000092046335,breast_cancer,hybrid_always_trigger_qnn_exploratory_svm_rbf,hybrid_always_trigger_qnn_exploratory,svm_rbf,3,4,4,16,2.0,1.1,True,qnn_exploratory,always_trigger,80,,,,,,,63.59291680000024,,,,,,,,,,,,,,,,0.7083333333333334,1.0,0.7708333333333334,0.06639425483748758,3.7823220292774033e-16,27.604166666666668,15.083333333333334,0.43319503124894254,0.15003103761671682,0.13322880513720362,"{""residual+conditioning"": 34, ""residual+conditioning+solver_failure"": 14}"
0.875,0.875,0.8695652173913043,0.9375,49.76583049999317,breast_cancer,hybrid_always_trigger_qnn_exploratory_qnn,hybrid_always_trigger_qnn_exploratory,qnn,3,4,4,16,2.0,1.1,True,qnn_exploratory,always_trigger,80,,,,,,,63.59291680000024,,,,,,,,,,,,,,,,0.7083333333333334,1.0,0.7708333333333334,0.06639425483748758,3.7823220292774033e-16,27.604166666666668,15.083333333333334,0.43319503124894254,0.15003103761671682,0.13322880513720362,"{""residual+conditioning"": 34, ""residual+conditioning+solver_failure"": 14}"
0.9583333333333334,0.9583333333333334,0.9583333333333334,0.9913194444444444,0.0024040999996941537,breast_cancer,hybrid_qnn_lenient_qnn_exploratory_logreg,hybrid_qnn_lenient_qnn_exploratory,logreg,3,4,4,16,2.0,1.1,True,qnn_exploratory,qnn_lenient,80,,,,,,,63.44956649999949,,,,,,,,,,,,,,,,0.7083333333333334,1.0,0.7708333333333334,0.06639425483748758,3.7823220292774033e-16,27.604166666666668,15.083333333333334,0.4199977124990255,0.15003103761671682,0.13322880513720362,"{""residual+conditioning"": 34, ""residual+conditioning+solver_failure"": 14}"
0.9375,0.9375,0.9387755102040817,0.9930555555555555,0.0012309999874560162,breast_cancer,hybrid_qnn_lenient_qnn_exploratory_svm_rbf,hybrid_qnn_lenient_qnn_exploratory,svm_rbf,3,4,4,16,2.0,1.1,True,qnn_exploratory,qnn_lenient,80,,,,,,,63.44956649999949,,,,,,,,,,,,,,,,0.7083333333333334,1.0,0.7708333333333334,0.06639425483748758,3.7823220292774033e-16,27.604166666666668,15.083333333333334,0.4199977124990255,0.15003103761671682,0.13322880513720362,"{""residual+conditioning"": 34, ""residual+conditioning+solver_failure"": 14}"
0.875,0.875,0.8695652173913043,0.9375,50.64782079998986,breast_cancer,hybrid_qnn_lenient_qnn_exploratory_qnn,hybrid_qnn_lenient_qnn_exploratory,qnn,3,4,4,16,2.0,1.1,True,qnn_exploratory,qnn_lenient,80,,,,,,,63.44956649999949,,,,,,,,,,,,,,,,0.7083333333333334,1.0,0.7708333333333334,0.06639425483748758,3.7823220292774033e-16,27.604166666666668,15.083333333333334,0.4199977124990255,0.15003103761671682,0.13322880513720362,"{""residual+conditioning"": 34, ""residual+conditioning+solver_failure"": 14}"
0.9375,0.9375,0.9387755102040817,0.9913194444444444,0.0022261999984038994,breast_cancer,forced_no_detector_logreg,forced_no_detector,logreg,3,4,4,16,2.0,1.1,True,no_detector,standard,80,,,,,,,16.041811499992036,0.7083333333333334,0.8958333333333334,0.7083333333333334,0.6458333333333334,0.07138745051647925,0.0879205660629724,0.06666388778511294,2.7026103514497695e-12,3.754586903133146e-16,27.604166666666668,12.666666666666666,2574.375,0.10616944583246853,0.15003103761671682,0.13410647688858165,,,,,,,,,,,
0.9375,0.9375,0.9387755102040817,0.9895833333333333,0.0011875000054715201,breast_cancer,forced_no_detector_svm_rbf,forced_no_detector,svm_rbf,3,4,4,16,2.0,1.1,True,no_detector,standard,80,,,,,,,16.041811499992036,0.7083333333333334,0.8958333333333334,0.7083333333333334,0.6458333333333334,0.07138745051647925,0.0879205660629724,0.06666388778511294,2.7026103514497695e-12,3.754586903133146e-16,27.604166666666668,12.666666666666666,2574.375,0.10616944583246853,0.15003103761671682,0.13410647688858165,,,,,,,,,,,
0.8958333333333334,0.8958333333333333,0.8936170212765957,0.9600694444444445,49.83258719999867,breast_cancer,forced_no_detector_qnn,forced_no_detector,qnn,3,4,4,16,2.0,1.1,True,no_detector,standard,80,,,,,,,16.041811499992036,0.7083333333333334,0.8958333333333334,0.7083333333333334,0.6458333333333334,0.07138745051647925,0.0879205660629724,0.06666388778511294,2.7026103514497695e-12,3.754586903133146e-16,27.604166666666668,12.666666666666666,2574.375,0.10616944583246853,0.15003103761671682,0.13410647688858165,,,,,,,,,,,
0.9375,0.9375,0.9361702127659575,0.9878472222222222,0.0021653000003425404,breast_cancer,hybrid_standard_no_detector_logreg,hybrid_standard_no_detector,logreg,3,4,4,16,2.0,1.1,True,no_detector,standard,80,,,,,,,3.2296166000014637,,,,,,,,,,,,,,,,0.7083333333333334,0.3333333333333333,0.16666666666666666,0.06644249232601507,2.3568002156066536e-12,27.604166666666668,25.083333333333332,0.017463260416055466,0.15003103761671682,0.0073357963554705535,"{""none"": 32, ""conditioning+solver_failure"": 2, ""residual+conditioning+solver_failure"": 12, ""conditioning"": 2}"
0.9166666666666666,0.9166666666666666,0.9166666666666666,0.9895833333333333,0.0012334000057308003,breast_cancer,hybrid_standard_no_detector_svm_rbf,hybrid_standard_no_detector,svm_rbf,3,4,4,16,2.0,1.1,True,no_detector,standard,80,,,,,,,3.2296166000014637,,,,,,,,,,,,,,,,0.7083333333333334,0.3333333333333333,0.16666666666666666,0.06644249232601507,2.3568002156066536e-12,27.604166666666668,25.083333333333332,0.017463260416055466,0.15003103761671682,0.0073357963554705535,"{""none"": 32, ""conditioning+solver_failure"": 2, ""residual+conditioning+solver_failure"": 12, ""conditioning"": 2}"
0.8958333333333334,0.8958333333333333,0.8936170212765957,0.9756944444444444,49.88254999999481,breast_cancer,hybrid_standard_no_detector_qnn,hybrid_standard_no_detector,qnn,3,4,4,16,2.0,1.1,True,no_detector,standard,80,,,,,,,3.2296166000014637,,,,,,,,,,,,,,,,0.7083333333333334,0.3333333333333333,0.16666666666666666,0.06644249232601507,2.3568002156066536e-12,27.604166666666668,25.083333333333332,0.017463260416055466,0.15003103761671682,0.0073357963554705535,"{""none"": 32, ""conditioning+solver_failure"": 2, ""residual+conditioning+solver_failure"": 12, ""conditioning"": 2}"
0.9583333333333334,0.9583333333333334,0.9583333333333334,0.9913194444444444,0.0019945999956689775,breast_cancer,hybrid_aggressive_no_detector_logreg,hybrid_aggressive_no_detector,logreg,3,4,4,16,2.0,1.1,True,no_detector,aggressive,80,,,,,,,6.968269200006034,,,,,,,,,,,,,,,,0.7083333333333334,0.5625,0.3958333333333333,0.06693131866981128,1.1345867696982887e-12,27.604166666666668,20.770833333333332,0.04795335416747548,0.15003103761671682,0.061345675594496614,"{""none"": 21, ""conditioning"": 13, ""residual+conditioning+solver_failure"": 14}"
0.9583333333333334,0.9583333333333333,0.96,0.9895833333333333,0.0012695000041276217,breast_cancer,hybrid_aggressive_no_detector_svm_rbf,hybrid_aggressive_no_detector,svm_rbf,3,4,4,16,2.0,1.1,True,no_detector,aggressive,80,,,,,,,6.968269200006034,,,,,,,,,,,,,,,,0.7083333333333334,0.5625,0.3958333333333333,0.06693131866981128,1.1345867696982887e-12,27.604166666666668,20.770833333333332,0.04795335416747548,0.15003103761671682,0.061345675594496614,"{""none"": 21, ""conditioning"": 13, ""residual+conditioning+solver_failure"": 14}"
0.8958333333333334,0.8958333333333333,0.8936170212765957,0.9583333333333333,49.90922950000095,breast_cancer,hybrid_aggressive_no_detector_qnn,hybrid_aggressive_no_detector,qnn,3,4,4,16,2.0,1.1,True,no_detector,aggressive,80,,,,,,,6.968269200006034,,,,,,,,,,,,,,,,0.7083333333333334,0.5625,0.3958333333333333,0.06693131866981128,1.1345867696982887e-12,27.604166666666668,20.770833333333332,0.04795335416747548,0.15003103761671682,0.061345675594496614,"{""none"": 21, ""conditioning"": 13, ""residual+conditioning+solver_failure"": 14}"
0.9583333333333334,0.9583333333333334,0.9583333333333334,0.9913194444444444,0.0022332000080496073,breast_cancer,hybrid_always_trigger_no_detector_logreg,hybrid_always_trigger_no_detector,logreg,3,4,4,16,2.0,1.1,True,no_detector,always_trigger,80,,,,,,,16.26861280000594,,,,,,,,,,,,,,,,0.7083333333333334,1.0,0.7916666666666666,0.06693131866916971,3.754586903133146e-16,27.604166666666668,15.4375,0.10529457083248417,0.15003103761671682,0.13410647688858165,"{""residual+conditioning"": 34, ""residual+conditioning+solver_failure"": 14}"
0.9583333333333334,0.9583333333333333,0.96,0.9930555555555555,0.001232399998116307,breast_cancer,hybrid_always_trigger_no_detector_svm_rbf,hybrid_always_trigger_no_detector,svm_rbf,3,4,4,16,2.0,1.1,True,no_detector,always_trigger,80,,,,,,,16.26861280000594,,,,,,,,,,,,,,,,0.7083333333333334,1.0,0.7916666666666666,0.06693131866916971,3.754586903133146e-16,27.604166666666668,15.4375,0.10529457083248417,0.15003103761671682,0.13410647688858165,"{""residual+conditioning"": 34, ""residual+conditioning+solver_failure"": 14}"
0.8958333333333334,0.8958333333333333,0.8936170212765957,0.9652777777777778,49.729420300005586,breast_cancer,hybrid_always_trigger_no_detector_qnn,hybrid_always_trigger_no_detector,qnn,3,4,4,16,2.0,1.1,True,no_detector,always_trigger,80,,,,,,,16.26861280000594,,,,,,,,,,,,,,,,0.7083333333333334,1.0,0.7916666666666666,0.06693131866916971,3.754586903133146e-16,27.604166666666668,15.4375,0.10529457083248417,0.15003103761671682,0.13410647688858165,"{""residual+conditioning"": 34, ""residual+conditioning+solver_failure"": 14}"
0.9583333333333334,0.9583333333333334,0.9583333333333334,0.9913194444444444,0.0021714000031352043,breast_cancer,hybrid_qnn_lenient_no_detector_logreg,hybrid_qnn_lenient_no_detector,logreg,3,4,4,16,2.0,1.1,True,no_detector,qnn_lenient,80,,,,,,,16.004501100003836,,,,,,,,,,,,,,,,0.7083333333333334,1.0,0.8125,0.06912457132452002,3.754586903133146e-16,27.604166666666668,15.083333333333334,0.10555435833308972,0.15003103761671682,0.13410647688858165,"{""residual+conditioning"": 34, ""residual+conditioning+solver_failure"": 14}"
0.9583333333333334,0.9583333333333333,0.96,0.9930555555555555,0.001233399991178885,breast_cancer,hybrid_qnn_lenient_no_detector_svm_rbf,hybrid_qnn_lenient_no_detector,svm_rbf,3,4,4,16,2.0,1.1,True,no_detector,qnn_lenient,80,,,,,,,16.004501100003836,,,,,,,,,,,,,,,,0.7083333333333334,1.0,0.8125,0.06912457132452002,3.754586903133146e-16,27.604166666666668,15.083333333333334,0.10555435833308972,0.15003103761671682,0.13410647688858165,"{""residual+conditioning"": 34, ""residual+conditioning+solver_failure"": 14}"
0.8958333333333334,0.8958333333333333,0.8936170212765957,0.9652777777777778,51.100433900006465,breast_cancer,hybrid_qnn_lenient_no_detector_qnn,hybrid_qnn_lenient_no_detector,qnn,3,4,4,16,2.0,1.1,True,no_detector,qnn_lenient,80,,,,,,,16.004501100003836,,,,,,,,,,,,,,,,0.7083333333333334,1.0,0.8125,0.06912457132452002,3.754586903133146e-16,27.604166666666668,15.083333333333334,0.10555435833308972,0.15003103761671682,0.13410647688858165,"{""residual+conditioning"": 34, ""residual+conditioning+solver_failure"": 14}"
0.9375,0.9375,0.9387755102040817,0.9913194444444444,0.001902499992866069,breast_cancer,forced_residual_only_logreg,forced_residual_only,logreg,3,4,4,16,2.0,1.1,True,residual_only,standard,80,,,,,,,6.9065409999893745,0.7083333333333334,0.8541666666666666,0.7083333333333334,0.6458333333333334,0.07138745051647925,0.09330313304530628,0.06615439570427052,2.7026103514497695e-12,4.0685517061845527e-16,27.604166666666668,9.208333333333334,2481.9375,0.04398171875012243,0.15003103761671682,0.13418042183613968,,,,,,,,,,,
0.9375,0.9375,0.9387755102040817,0.9895833333333333,0.0012449999921955168,breast_cancer,forced_residual_only_svm_rbf,forced_residual_only,svm_rbf,3,4,4,16,2.0,1.1,True,residual_only,standard,80,,,,,,,6.9065409999893745,0.7083333333333334,0.8541666666666666,0.7083333333333334,0.6458333333333334,0.07138745051647925,0.09330313304530628,0.06615439570427052,2.7026103514497695e-12,4.0685517061845527e-16,27.604166666666668,9.208333333333334,2481.9375,0.04398171875012243,0.15003103761671682,0.13418042183613968,,,,,,,,,,,
0.9375,0.9375,0.9333333333333333,0.9826388888888888,49.83795290000853,breast_cancer,forced_residual_only_qnn,forced_residual_only,qnn,3,4,4,16,2.0,1.1,True,residual_only,standard,80,,,,,,,6.9065409999893745,0.7083333333333334,0.8541666666666666,0.7083333333333334,0.6458333333333334,0.07138745051647925,0.09330313304530628,0.06615439570427052,2.7026103514497695e-12,4.0685517061845527e-16,27.604166666666668,9.208333333333334,2481.9375,0.04398171875012243,0.15003103761671682,0.13418042183613968,,,,,,,,,,,
0.9583333333333334,0.9583333333333334,0.9583333333333334,0.9913194444444444,0.00225499999942258,breast_cancer,hybrid_standard_residual_only_logreg,hybrid_standard_residual_only,logreg,3,4,4,16,2.0,1.1,True,residual_only,standard,80,,,,,,,1.5512031999969622,,,,,,,,,,,,,,,,0.7083333333333334,0.3333333333333333,0.1875,0.06625196985413645,2.3568002156066536e-12,27.604166666666668,23.104166666666668,0.008430952083169055,0.15003103761671682,0.0071199411185208185,"{""none"": 32, ""conditioning+solver_failure"": 2, ""residual+conditioning+solver_failure"": 12, ""conditioning"": 2}"
0.9375,0.9375,0.9387755102040817,0.9895833333333333,0.0012287999998079613,breast_cancer,hybrid_standard_residual_only_svm_rbf,hybrid_standard_residual_only,svm_rbf,3,4,4,16,2.0,1.1,True,residual_only,standard,80,,,,,,,1.5512031999969622,,,,,,,,,,,,,,,,0.7083333333333334,0.3333333333333333,0.1875,0.06625196985413645,2.3568002156066536e-12,27.604166666666668,23.104166666666668,0.008430952083169055,0.15003103761671682,0.0071199411185208185,"{""none"": 32, ""conditioning+solver_failure"": 2, ""residual+conditioning+solver_failure"": 12, ""conditioning"": 2}"
0.9583333333333334,0.9583333333333333,0.9565217391304348,0.998263888888889,49.61736070000916,breast_cancer,hybrid_standard_residual_only_qnn,hybrid_standard_residual_only,qnn,3,4,4,16,2.0,1.1,True,residual_only,standard,80,,,,,,,1.5512031999969622,,,,,,,,,,,,,,,,0.7083333333333334,0.3333333333333333,0.1875,0.06625196985413645,2.3568002156066536e-12,27.604166666666668,23.104166666666668,0.008430952083169055,0.15003103761671682,0.0071199411185208185,"{""none"": 32, ""conditioning+solver_failure"": 2, ""residual+conditioning+solver_failure"": 12, ""conditioning"": 2}"
0.9583333333333334,0.9583333333333334,0.9583333333333334,0.9913194444444444,0.0018868000042857602,breast_cancer,hybrid_aggressive_residual_only_logreg,hybrid_aggressive_residual_only,logreg,3,4,4,16,2.0,1.1,True,residual_only,aggressive,80,,,,,,,3.058279799995944,,,,,,,,,,,,,,,,0.7083333333333334,0.5625,0.3958333333333333,0.06625196985371724,1.1345867696982887e-12,27.604166666666668,19.3125,0.021019593748860643,0.15003103761671682,0.061143745036270125,"{""none"": 21, ""conditioning"": 13, ""residual+conditioning+solver_failure"": 14}"
0.9583333333333334,0.9583333333333333,0.96,0.9913194444444444,0.0012403000000631437,breast_cancer,hybrid_aggressive_residual_only_svm_rbf,hybrid_aggressive_residual_only,svm_rbf,3,4,4,16,2.0,1.1,True,residual_only,aggressive,80,,,,,,,3.058279799995944,,,,,,,,,,,,,,,,0.7083333333333334,0.5625,0.3958333333333333,0.06625196985371724,1.1345867696982887e-12,27.604166666666668,19.3125,0.021019593748860643,0.15003103761671682,0.061143745036270125,"{""none"": 21, ""conditioning"": 13, ""residual+conditioning+solver_failure"": 14}"
0.8958333333333334,0.8958333333333333,0.8979591836734694,0.9652777777777777,49.69404789998953,breast_cancer,hybrid_aggressive_residual_only_qnn,hybrid_aggressive_residual_only,qnn,3,4,4,16,2.0,1.1,True,residual_only,aggressive,80,,,,,,,3.058279799995944,,,,,,,,,,,,,,,,0.7083333333333334,0.5625,0.3958333333333333,0.06625196985371724,1.1345867696982887e-12,27.604166666666668,19.3125,0.021019593748860643,0.15003103761671682,0.061143745036270125,"{""none"": 21, ""conditioning"": 13, ""residual+conditioning+solver_failure"": 14}"
0.9583333333333334,0.9583333333333334,0.9583333333333334,0.9913194444444444,0.002487899997504428,breast_cancer,hybrid_always_trigger_residual_only_logreg,hybrid_always_trigger_residual_only,logreg,3,4,4,16,2.0,1.1,True,residual_only,always_trigger,80,,,,,,,7.032038799996371,,,,,,,,,,,,,,,,0.7083333333333334,1.0,0.7916666666666666,0.06625196985307569,4.0685517061845527e-16,27.604166666666668,14.166666666666666,0.04557121041640736,0.15003103761671682,0.13418042183613968,"{""residual+conditioning"": 34, ""residual+conditioning+solver_failure"": 14}"
0.9583333333333334,0.9583333333333333,0.96,0.9913194444444444,0.0012936999992234632,breast_cancer,hybrid_always_trigger_residual_only_svm_rbf,hybrid_always_trigger_residual_only,svm_rbf,3,4,4,16,2.0,1.1,True,residual_only,always_trigger,80,,,,,,,7.032038799996371,,,,,,,,,,,,,,,,0.7083333333333334,1.0,0.7916666666666666,0.06625196985307569,4.0685517061845527e-16,27.604166666666668,14.166666666666666,0.04557121041640736,0.15003103761671682,0.13418042183613968,"{""residual+conditioning"": 34, ""residual+conditioning+solver_failure"": 14}"
0.8958333333333334,0.8958333333333333,0.8979591836734694,0.96875,49.743769600012456,breast_cancer,hybrid_always_trigger_residual_only_qnn,hybrid_always_trigger_residual_only,qnn,3,4,4,16,2.0,1.1,True,residual_only,always_trigger,80,,,,,,,7.032038799996371,,,,,,,,,,,,,,,,0.7083333333333334,1.0,0.7916666666666666,0.06625196985307569,4.0685517061845527e-16,27.604166666666668,14.166666666666666,0.04557121041640736,0.15003103761671682,0.13418042183613968,"{""residual+conditioning"": 34, ""residual+conditioning+solver_failure"": 14}"
0.9583333333333334,0.9583333333333334,0.9583333333333334,0.9913194444444444,0.0023133999929996207,breast_cancer,hybrid_qnn_lenient_residual_only_logreg,hybrid_qnn_lenient_residual_only,logreg,3,4,4,16,2.0,1.1,True,residual_only,qnn_lenient,80,,,,,,,6.89081029999943,,,,,,,,,,,,,,,,0.7083333333333334,1.0,0.7916666666666666,0.06625196985307569,4.0685517061845527e-16,27.604166666666668,14.166666666666666,0.043759977083330646,0.15003103761671682,0.13418042183613968,"{""residual+conditioning"": 34, ""residual+conditioning+solver_failure"": 14}"
0.9583333333333334,0.9583333333333333,0.96,0.9913194444444444,0.0012378999963402748,breast_cancer,hybrid_qnn_lenient_residual_only_svm_rbf,hybrid_qnn_lenient_residual_only,svm_rbf,3,4,4,16,2.0,1.1,True,residual_only,qnn_lenient,80,,,,,,,6.89081029999943,,,,,,,,,,,,,,,,0.7083333333333334,1.0,0.7916666666666666,0.06625196985307569,4.0685517061845527e-16,27.604166666666668,14.166666666666666,0.043759977083330646,0.15003103761671682,0.13418042183613968,"{""residual+conditioning"": 34, ""residual+conditioning+solver_failure"": 14}"
0.8958333333333334,0.8958333333333333,0.8979591836734694,0.96875,51.730138600003556,breast_cancer,hybrid_qnn_lenient_residual_only_qnn,hybrid_qnn_lenient_residual_only,qnn,3,4,4,16,2.0,1.1,True,residual_only,qnn_lenient,80,,,,,,,6.89081029999943,,,,,,,,,,,,,,,,0.7083333333333334,1.0,0.7916666666666666,0.06625196985307569,4.0685517061845527e-16,27.604166666666668,14.166666666666666,0.043759977083330646,0.15003103761671682,0.13418042183613968,"{""residual+conditioning"": 34, ""residual+conditioning+solver_failure"": 14}"
0.8958333333333334,0.8958333333333333,0.8979591836734694,0.9704861111111112,0.001477300000260584,breast_cancer,pca_logreg,pca,logreg,4,4,4,16,2.0,1.1,True,full_balanced,standard,80,,,,,,,,,,,,,,,,,,,,,,,,,,,,,,,,,
0.9375,0.9375,0.9387755102040817,0.9826388888888888,0.10068479999608826,breast_cancer,pca_mlp,pca,mlp,4,4,4,16,2.0,1.1,True,full_balanced,standard,80,,,,,,,,,,,,,,,,,,,,,,,,,,,,,,,,,
0.9583333333333334,0.9583333333333334,0.9583333333333334,0.984375,0.001559399999678135,breast_cancer,pca_svm_rbf,pca,svm_rbf,4,4,4,16,2.0,1.1,True,full_balanced,standard,80,,,,,,,,,,,,,,,,,,,,,,,,,,,,,,,,,
0.8958333333333334,0.8958333333333333,0.8979591836734694,0.9774305555555556,50.03759880000143,breast_cancer,pca_qnn,pca,qnn,4,4,4,16,2.0,1.1,True,full_balanced,standard,80,,,,,,,,,,,,,,,,,,,,,,,,,,,,,,,,,
0.875,0.875,0.875,0.9513888888888888,0.002402099999017082,breast_cancer,implicit_zero_logreg,implicit_zero,logreg,4,4,4,16,2.0,1.1,True,full_balanced,standard,80,0.6666666666666666,0.030864910206896568,4.944914645928968e-12,34.354166666666664,0.00029987291509314673,0.1418405531605699,0.052356200001668185,,,,,,,,,,,,,,,,,,,,,,,,,,
0.8958333333333334,0.8958333333333333,0.8979591836734694,0.951388888888889,0.001971099991351366,breast_cancer,implicit_zero_svm_rbf,implicit_zero,svm_rbf,4,4,4,16,2.0,1.1,True,full_balanced,standard,80,0.6666666666666666,0.030864910206896568,4.944914645928968e-12,34.354166666666664,0.00029987291509314673,0.1418405531605699,0.052356200001668185,,,,,,,,,,,,,,,,,,,,,,,,,,
0.8958333333333334,0.8958333333333333,0.8979591836734694,0.9722222222222221,49.90225339999597,breast_cancer,implicit_zero_qnn,implicit_zero,qnn,4,4,4,16,2.0,1.1,True,full_balanced,standard,80,0.6666666666666666,0.030864910206896568,4.944914645928968e-12,34.354166666666664,0.00029987291509314673,0.1418405531605699,0.052356200001668185,,,,,,,,,,,,,,,,,,,,,,,,,,
0.9375,0.9375,0.9387755102040817,0.9670138888888888,0.0020443000103114173,breast_cancer,forced_full_light_logreg,forced_full_light,logreg,4,4,4,16,2.0,1.1,True,full_light,standard,80,,,,,,,26.973852099996293,0.6875,0.5416666666666666,0.6666666666666666,0.4375,0.030864910206896568,0.08216067153894162,0.029647811988375756,4.944914645928968e-12,0.05476466739445203,34.354166666666664,19.895833333333332,1744.9166666666667,0.1554217437499877,0.1418405531605699,0.08059636602032878,,,,,,,,,,,
0.9375,0.9375,0.9387755102040817,0.9565972222222222,0.0013437000015983358,breast_cancer,forced_full_light_svm_rbf,forced_full_light,svm_rbf,4,4,4,16,2.0,1.1,True,full_light,standard,80,,,,,,,26.973852099996293,0.6875,0.5416666666666666,0.6666666666666666,0.4375,0.030864910206896568,0.08216067153894162,0.029647811988375756,4.944914645928968e-12,0.05476466739445203,34.354166666666664,19.895833333333332,1744.9166666666667,0.1554217437499877,0.1418405531605699,0.08059636602032878,,,,,,,,,,,
0.875,0.875,0.8846153846153846,0.9305555555555555,49.95483119999699,breast_cancer,forced_full_light_qnn,forced_full_light,qnn,4,4,4,16,2.0,1.1,True,full_light,standard,80,,,,,,,26.973852099996293,0.6875,0.5416666666666666,0.6666666666666666,0.4375,0.030864910206896568,0.08216067153894162,0.029647811988375756,4.944914645928968e-12,0.05476466739445203,34.354166666666664,19.895833333333332,1744.9166666666667,0.1554217437499877,0.1418405531605699,0.08059636602032878,,,,,,,,,,,
0.8958333333333334,0.8958333333333333,0.8979591836734694,0.953125,0.0024938999995356426,breast_cancer,hybrid_standard_full_light_logreg,hybrid_standard_full_light,logreg,4,4,4,16,2.0,1.1,True,full_light,standard,80,,,,,,,7.2525515999877825,,,,,,,,,,,,,,,,0.6875,0.375,0.1875,0.028320510378845243,4.481297109850872e-12,34.354166666666664,29.791666666666668,0.04877317500025432,0.1418405531605699,0.017204179690081298,"{""none"": 30, ""residual+conditioning+solver_failure"": 15, ""conditioning"": 2, ""conditioning+solver_failure"": 1}"
0.8958333333333334,0.8958333333333333,0.8979591836734694,0.9496527777777777,0.0014408999995794147,breast_cancer,hybrid_standard_full_light_svm_rbf,hybrid_standard_full_light,svm_rbf,4,4,4,16,2.0,1.1,True,full_light,standard,80,,,,,,,7.2525515999877825,,,,,,,,,,,,,,,,0.6875,0.375,0.1875,0.028320510378845243,4.481297109850872e-12,34.354166666666664,29.791666666666668,0.04877317500025432,0.1418405531605699,0.017204179690081298,"{""none"": 30, ""residual+conditioning+solver_failure"": 15, ""conditioning"": 2, ""conditioning+solver_failure"": 1}"
0.875,0.875,0.88,0.954861111111111,49.8003841000027,breast_cancer,hybrid_standard_full_light_qnn,hybrid_standard_full_light,qnn,4,4,4,16,2.0,1.1,True,full_light,standard,80,,,,,,,7.2525515999877825,,,,,,,,,,,,,,,,0.6875,0.375,0.1875,0.028320510378845243,4.481297109850872e-12,34.354166666666664,29.791666666666668,0.04877317500025432,0.1418405531605699,0.017204179690081298,"{""none"": 30, ""residual+conditioning+solver_failure"": 15, ""conditioning"": 2, ""conditioning+solver_failure"": 1}"
0.9375,0.9375,0.9387755102040817,0.9670138888888888,0.002774900000076741,breast_cancer,hybrid_aggressive_full_light_logreg,hybrid_aggressive_full_light,logreg,4,4,4,16,2.0,1.1,True,full_light,aggressive,80,,,,,,,14.599354999998468,,,,,,,,,,,,,,,,0.6875,0.6041666666666666,0.2708333333333333,0.02970088066638439,3.387845094654758e-12,34.354166666666664,27.75,0.09207107083481485,0.1418405531605699,0.05988759924999782,"{""none"": 19, ""residual+conditioning+solver_failure"": 16, ""conditioning"": 13}"
0.9166666666666666,0.9166666666666666,0.9166666666666666,0.9565972222222221,0.0013145999982953072,breast_cancer,hybrid_aggressive_full_light_svm_rbf,hybrid_aggressive_full_light,svm_rbf,4,4,4,16,2.0,1.1,True,full_light,aggressive,80,,,,,,,14.599354999998468,,,,,,,,,,,,,,,,0.6875,0.6041666666666666,0.2708333333333333,0.02970088066638439,3.387845094654758e-12,34.354166666666664,27.75,0.09207107083481485,0.1418405531605699,0.05988759924999782,"{""none"": 19, ""residual+conditioning+solver_failure"": 16, ""conditioning"": 13}"
0.9166666666666666,0.9166666666666666,0.9166666666666666,0.9704861111111112,51.10685240000021,breast_cancer,hybrid_aggressive_full_light_qnn,hybrid_aggressive_full_light,qnn,4,4,4,16,2.0,1.1,True,full_light,aggressive,80,,,,,,,14.599354999998468,,,,,,,,,,,,,,,,0.6875,0.6041666666666666,0.2708333333333333,0.02970088066638439,3.387845094654758e-12,34.354166666666664,27.75,0.09207107083481485,0.1418405531605699,0.05988759924999782,"{""none"": 19, ""residual+conditioning+solver_failure"": 16, ""conditioning"": 13}"
0.9375,0.9375,0.9387755102040817,0.96875,0.0025279999972553924,breast_cancer,hybrid_always_trigger_full_light_logreg,hybrid_always_trigger_full_light,logreg,4,4,4,16,2.0,1.1,True,full_light,always_trigger,80,,,,,,,26.344158299994888,,,,,,,,,,,,,,,,0.6875,1.0,0.4791666666666667,0.02969133825047619,1.6464239648425477e-12,34.354166666666664,23.4375,0.15349721041699618,0.1418405531605699,0.08391089720520634,"{""residual+conditioning"": 32, ""residual+conditioning+solver_failure"": 16}"
0.9375,0.9375,0.9387755102040817,0.9565972222222222,0.0013577999925473705,breast_cancer,hybrid_always_trigger_full_light_svm_rbf,hybrid_always_trigger_full_light,svm_rbf,4,4,4,16,2.0,1.1,True,full_light,always_trigger,80,,,,,,,26.344158299994888,,,,,,,,,,,,,,,,0.6875,1.0,0.4791666666666667,0.02969133825047619,1.6464239648425477e-12,34.354166666666664,23.4375,0.15349721041699618,0.1418405531605699,0.08391089720520634,"{""residual+conditioning"": 32, ""residual+conditioning+solver_failure"": 16}"
0.8958333333333334,0.8958333333333334,0.9019607843137255,0.9392361111111112,50.02540089999093,breast_cancer,hybrid_always_trigger_full_light_qnn,hybrid_always_trigger_full_light,qnn,4,4,4,16,2.0,1.1,True,full_light,always_trigger,80,,,,,,,26.344158299994888,,,,,,,,,,,,,,,,0.6875,1.0,0.4791666666666667,0.02969133825047619,1.6464239648425477e-12,34.354166666666664,23.4375,0.15349721041699618,0.1418405531605699,0.08391089720520634,"{""residual+conditioning"": 32, ""residual+conditioning+solver_failure"": 16}"
0.9375,0.9375,0.9387755102040817,0.96875,0.0020613999950001016,breast_cancer,hybrid_qnn_lenient_full_light_logreg,hybrid_qnn_lenient_full_light,logreg,4,4,4,16,2.0,1.1,True,full_light,qnn_lenient,80,,,,,,,26.58806249999907,,,,,,,,,,,,,,,,0.6875,1.0,0.5,0.030440365284791996,1.6464239648425477e-12,34.354166666666664,22.5625,0.15392420416628738,0.1418405531605699,0.08391089720520634,"{""residual+conditioning"": 32, ""residual+conditioning+solver_failure"": 16}"
0.9375,0.9375,0.9387755102040817,0.9565972222222222,0.0013219999964348972,breast_cancer,hybrid_qnn_lenient_full_light_svm_rbf,hybrid_qnn_lenient_full_light,svm_rbf,4,4,4,16,2.0,1.1,True,full_light,qnn_lenient,80,,,,,,,26.58806249999907,,,,,,,,,,,,,,,,0.6875,1.0,0.5,0.030440365284791996,1.6464239648425477e-12,34.354166666666664,22.5625,0.15392420416628738,0.1418405531605699,0.08391089720520634,"{""residual+conditioning"": 32, ""residual+conditioning+solver_failure"": 16}"
0.8958333333333334,0.8958333333333334,0.9019607843137255,0.9392361111111112,49.84875469999679,breast_cancer,hybrid_qnn_lenient_full_light_qnn,hybrid_qnn_lenient_full_light,qnn,4,4,4,16,2.0,1.1,True,full_light,qnn_lenient,80,,,,,,,26.58806249999907,,,,,,,,,,,,,,,,0.6875,1.0,0.5,0.030440365284791996,1.6464239648425477e-12,34.354166666666664,22.5625,0.15392420416628738,0.1418405531605699,0.08391089720520634,"{""residual+conditioning"": 32, ""residual+conditioning+solver_failure"": 16}"
0.9166666666666666,0.9166666666666666,0.9166666666666666,0.9548611111111112,0.0022695999941788614,breast_cancer,forced_full_balanced_logreg,forced_full_balanced,logreg,4,4,4,16,2.0,1.1,True,full_balanced,standard,80,,,,,,,38.104539599997224,0.6875,0.5833333333333334,0.6666666666666666,0.4583333333333333,0.030864910206896568,0.08288628011138403,0.0282389957816009,4.944914645928968e-12,0.04782844522015944,34.354166666666664,20.1875,2099.4375,0.22448447083358283,0.1418405531605699,0.08763259358937685,,,,,,,,,,,
0.9375,0.9375,0.9387755102040817,0.953125,0.0013475000014295802,breast_cancer,forced_full_balanced_svm_rbf,forced_full_balanced,svm_rbf,4,4,4,16,2.0,1.1,True,full_balanced,standard,80,,,,,,,38.104539599997224,0.6875,0.5833333333333334,0.6666666666666666,0.4583333333333333,0.030864910206896568,0.08288628011138403,0.0282389957816009,4.944914645928968e-12,0.04782844522015944,34.354166666666664,20.1875,2099.4375,0.22448447083358283,0.1418405531605699,0.08763259358937685,,,,,,,,,,,
0.8958333333333334,0.8958333333333334,0.9019607843137255,0.9427083333333334,49.67595609999262,breast_cancer,forced_full_balanced_qnn,forced_full_balanced,qnn,4,4,4,16,2.0,1.1,True,full_balanced,standard,80,,,,,,,38.104539599997224,0.6875,0.5833333333333334,0.6666666666666666,0.4583333333333333,0.030864910206896568,0.08288628011138403,0.0282389957816009,4.944914645928968e-12,0.04782844522015944,34.354166666666664,20.1875,2099.4375,0.22448447083358283,0.1418405531605699,0.08763259358937685,,,,,,,,,,,
0.8958333333333334,0.8958333333333333,0.8979591836734694,0.953125,0.0020613999950001016,breast_cancer,hybrid_standard_full_balanced_logreg,hybrid_standard_full_balanced,logreg,4,4,4,16,2.0,1.1,True,full_balanced,standard,80,,,,,,,8.80820099999255,,,,,,,,,,,,,,,,0.6875,0.375,0.16666666666666666,0.028289018611787103,4.481297109850872e-12,34.354166666666664,29.333333333333332,0.06382389791724563,0.1418405531605699,0.016972124232892793,"{""none"": 30, ""residual+conditioning+solver_failure"": 15, ""conditioning"": 2, ""conditioning+solver_failure"": 1}"
0.8958333333333334,0.8958333333333333,0.8979591836734694,0.9496527777777777,0.0014402000088011846,breast_cancer,hybrid_standard_full_balanced_svm_rbf,hybrid_standard_full_balanced,svm_rbf,4,4,4,16,2.0,1.1,True,full_balanced,standard,80,,,,,,,8.80820099999255,,,,,,,,,,,,,,,,0.6875,0.375,0.16666666666666666,0.028289018611787103,4.481297109850872e-12,34.354166666666664,29.333333333333332,0.06382389791724563,0.1418405531605699,0.016972124232892793,"{""none"": 30, ""residual+conditioning+solver_failure"": 15, ""conditioning"": 2, ""conditioning+solver_failure"": 1}"
0.875,0.875,0.88,0.9583333333333333,51.188720399994054,breast_cancer,hybrid_standard_full_balanced_qnn,hybrid_standard_full_balanced,qnn,4,4,4,16,2.0,1.1,True,full_balanced,standard,80,,,,,,,8.80820099999255,,,,,,,,,,,,,,,,0.6875,0.375,0.16666666666666666,0.028289018611787103,4.481297109850872e-12,34.354166666666664,29.333333333333332,0.06382389791724563,0.1418405531605699,0.016972124232892793,"{""none"": 30, ""residual+conditioning+solver_failure"": 15, ""conditioning"": 2, ""conditioning+solver_failure"": 1}"
0.9166666666666666,0.9166666666666666,0.9166666666666666,0.9548611111111112,0.002522299997508526,breast_cancer,hybrid_aggressive_full_balanced_logreg,hybrid_aggressive_full_balanced,logreg,4,4,4,16,2.0,1.1,True,full_balanced,aggressive,80,,,,,,,18.97162009999738,,,,,,,,,,,,,,,,0.6875,0.6041666666666666,0.3125,0.028293369108863386,3.387845094654758e-12,34.354166666666664,26.833333333333332,0.11904532500102505,0.1418405531605699,0.053739448429217296,"{""none"": 19, ""residual+conditioning+solver_failure"": 16, ""conditioning"": 13}"
0.9166666666666666,0.9166666666666666,0.9166666666666666,0.953125,0.001305999991018325,breast_cancer,hybrid_aggressive_full_balanced_svm_rbf,hybrid_aggressive_full_balanced,svm_rbf,4,4,4,16,2.0,1.1,True,full_balanced,aggressive,80,,,,,,,18.97162009999738,,,,,,,,,,,,,,,,0.6875,0.6041666666666666,0.3125,0.028293369108863386,3.387845094654758e-12,34.354166666666664,26.833333333333332,0.11904532500102505,0.1418405531605699,0.053739448429217296,"{""none"": 19, ""residual+conditioning+solver_failure"": 16, ""conditioning"": 13}"
0.9166666666666666,0.9166666666666666,0.9166666666666666,0.9774305555555555,49.70498310000403,breast_cancer,hybrid_aggressive_full_balanced_qnn,hybrid_aggressive_full_balanced,qnn,4,4,4,16,2.0,1.1,True,full_balanced,aggressive,80,,,,,,,18.97162009999738,,,,,,,,,,,,,,,,0.6875,0.6041666666666666,0.3125,0.028293369108863386,3.387845094654758e-12,34.354166666666664,26.833333333333332,0.11904532500102505,0.1418405531605699,0.053739448429217296,"{""none"": 19, ""residual+conditioning+solver_failure"": 16, ""conditioning"": 13}"
0.9166666666666666,0.9166666666666666,0.9166666666666666,0.9565972222222223,0.002656100012245588,breast_cancer,hybrid_always_trigger_full_balanced_logreg,hybrid_always_trigger_full_balanced,logreg,4,4,4,16,2.0,1.1,True,full_balanced,always_trigger,80,,,,,,,38.05722639999294,,,,,,,,,,,,,,,,0.6875,1.0,0.4791666666666667,0.028292661732236487,1.365827867911723e-12,34.354166666666664,22.895833333333332,0.2225595624986454,0.1418405531605699,0.09090888142202169,"{""residual+conditioning"": 32, ""residual+conditioning+solver_failure"": 16}"
0.9375,0.9375,0.9387755102040817,0.953125,0.0013404000055743381,breast_cancer,hybrid_always_trigger_full_balanced_svm_rbf,hybrid_always_trigger_full_balanced,svm_rbf,4,4,4,16,2.0,1.1,True,full_balanced,always_trigger,80,,,,,,,38.05722639999294,,,,,,,,,,,,,,,,0.6875,1.0,0.4791666666666667,0.028292661732236487,1.365827867911723e-12,34.354166666666664,22.895833333333332,0.2225595624986454,0.1418405531605699,0.09090888142202169,"{""residual+conditioning"": 32, ""residual+conditioning+solver_failure"": 16}"
0.9166666666666666,0.9166666666666666,0.9166666666666666,0.9583333333333334,49.745323299997835,breast_cancer,hybrid_always_trigger_full_balanced_qnn,hybrid_always_trigger_full_balanced,qnn,4,4,4,16,2.0,1.1,True,full_balanced,always_trigger,80,,,,,,,38.05722639999294,,,,,,,,,,,,,,,,0.6875,1.0,0.4791666666666667,0.028292661732236487,1.365827867911723e-12,34.354166666666664,22.895833333333332,0.2225595624986454,0.1418405531605699,0.09090888142202169,"{""residual+conditioning"": 32, ""residual+conditioning+solver_failure"": 16}"
0.9166666666666666,0.9166666666666666,0.9166666666666666,0.9565972222222223,0.0021158000017749146,breast_cancer,hybrid_qnn_lenient_full_balanced_logreg,hybrid_qnn_lenient_full_balanced,logreg,4,4,4,16,2.0,1.1,True,full_balanced,qnn_lenient,80,,,,,,,37.69088369999372,,,,,,,,,,,,,,,,0.6875,1.0,0.5,0.02903426970232996,1.365827867911723e-12,34.354166666666664,22.1875,0.22262650624876792,0.1418405531605699,0.09090888142202169,"{""residual+conditioning"": 32, ""residual+conditioning+solver_failure"": 16}"
0.9375,0.9375,0.9387755102040817,0.953125,0.0013216999941505492,breast_cancer,hybrid_qnn_lenient_full_balanced_svm_rbf,hybrid_qnn_lenient_full_balanced,svm_rbf,4,4,4,16,2.0,1.1,True,full_balanced,qnn_lenient,80,,,,,,,37.69088369999372,,,,,,,,,,,,,,,,0.6875,1.0,0.5,0.02903426970232996,1.365827867911723e-12,34.354166666666664,22.1875,0.22262650624876792,0.1418405531605699,0.09090888142202169,"{""residual+conditioning"": 32, ""residual+conditioning+solver_failure"": 16}"
0.9166666666666666,0.9166666666666666,0.9166666666666666,0.9565972222222223,49.94112259999383,breast_cancer,hybrid_qnn_lenient_full_balanced_qnn,hybrid_qnn_lenient_full_balanced,qnn,4,4,4,16,2.0,1.1,True,full_balanced,qnn_lenient,80,,,,,,,37.69088369999372,,,,,,,,,,,,,,,,0.6875,1.0,0.5,0.02903426970232996,1.365827867911723e-12,34.354166666666664,22.1875,0.22262650624876792,0.1418405531605699,0.09090888142202169,"{""residual+conditioning"": 32, ""residual+conditioning+solver_failure"": 16}"
0.9375,0.9375,0.9387755102040817,0.9652777777777778,0.002410000000963919,breast_cancer,forced_qnn_oriented_logreg,forced_qnn_oriented,logreg,4,4,4,16,2.0,1.1,True,qnn_oriented,standard,80,,,,,,,51.82907139998861,0.6875,0.5416666666666666,0.6666666666666666,0.3958333333333333,0.030864910206896568,0.08771150932947876,0.029615587279596997,4.944914645928968e-12,0.061115703158691304,34.354166666666664,19.6875,2072.5208333333335,0.2676125020825566,0.1418405531605699,0.07576262600553936,,,,,,,,,,,
0.9375,0.9375,0.9387755102040817,0.9583333333333333,0.0013407000078586861,breast_cancer,forced_qnn_oriented_svm_rbf,forced_qnn_oriented,svm_rbf,4,4,4,16,2.0,1.1,True,qnn_oriented,standard,80,,,,,,,51.82907139998861,0.6875,0.5416666666666666,0.6666666666666666,0.3958333333333333,0.030864910206896568,0.08771150932947876,0.029615587279596997,4.944914645928968e-12,0.061115703158691304,34.354166666666664,19.6875,2072.5208333333335,0.2676125020825566,0.1418405531605699,0.07576262600553936,,,,,,,,,,,
0.9166666666666666,0.9166666666666666,0.9166666666666666,0.9496527777777777,50.18448270000226,breast_cancer,forced_qnn_oriented_qnn,forced_qnn_oriented,qnn,4,4,4,16,2.0,1.1,True,qnn_oriented,standard,80,,,,,,,51.82907139998861,0.6875,0.5416666666666666,0.6666666666666666,0.3958333333333333,0.030864910206896568,0.08771150932947876,0.029615587279596997,4.944914645928968e-12,0.061115703158691304,34.354166666666664,19.6875,2072.5208333333335,0.2676125020825566,0.1418405531605699,0.07576262600553936,,,,,,,,,,,
0.8958333333333334,0.8958333333333333,0.8979591836734694,0.9548611111111112,0.0021304999972926453,breast_cancer,hybrid_standard_qnn_oriented_logreg,hybrid_standard_qnn_oriented,logreg,4,4,4,16,2.0,1.1,True,qnn_oriented,standard,80,,,,,,,11.669860400012112,,,,,,,,,,,,,,,,0.6875,0.375,0.1875,0.029671447993108394,4.481297109850872e-12,34.354166666666664,30.3125,0.07853511458415596,0.1418405531605699,0.026411529252888297,"{""none"": 30, ""residual+conditioning+solver_failure"": 15, ""conditioning"": 2, ""conditioning+solver_failure"": 1}"
0.8958333333333334,0.8958333333333333,0.8979591836734694,0.953125,0.0013441999908536673,breast_cancer,hybrid_standard_qnn_oriented_svm_rbf,hybrid_standard_qnn_oriented,svm_rbf,4,4,4,16,2.0,1.1,True,qnn_oriented,standard,80,,,,,,,11.669860400012112,,,,,,,,,,,,,,,,0.6875,0.375,0.1875,0.029671447993108394,4.481297109850872e-12,34.354166666666664,30.3125,0.07853511458415596,0.1418405531605699,0.026411529252888297,"{""none"": 30, ""residual+conditioning+solver_failure"": 15, ""conditioning"": 2, ""conditioning+solver_failure"": 1}"
0.875,0.875,0.875,0.9600694444444445,49.804901399998926,breast_cancer,hybrid_standard_qnn_oriented_qnn,hybrid_standard_qnn_oriented,qnn,4,4,4,16,2.0,1.1,True,qnn_oriented,standard,80,,,,,,,11.669860400012112,,,,,,,,,,,,,,,,0.6875,0.375,0.1875,0.029671447993108394,4.481297109850872e-12,34.354166666666664,30.3125,0.07853511458415596,0.1418405531605699,0.026411529252888297,"{""none"": 30, ""residual+conditioning+solver_failure"": 15, ""conditioning"": 2, ""conditioning+solver_failure"": 1}"
0.8958333333333334,0.8958333333333333,0.8979591836734694,0.9583333333333333,0.0021872000070288777,breast_cancer,hybrid_aggressive_qnn_oriented_logreg,hybrid_aggressive_qnn_oriented,logreg,4,4,4,16,2.0,1.1,True,qnn_oriented,aggressive,80,,,,,,,26.634718300003442,,,,,,,,,,,,,,,,0.6875,0.6041666666666666,0.2916666666666667,0.029671641538761163,3.387845094654758e-12,34.354166666666664,28.041666666666668,0.15674244374955984,0.1418405531605699,0.04846791574411356,"{""none"": 19, ""residual+conditioning+solver_failure"": 16, ""conditioning"": 13}"
0.9166666666666666,0.9166666666666666,0.9166666666666666,0.954861111111111,0.0013292999938130379,breast_cancer,hybrid_aggressive_qnn_oriented_svm_rbf,hybrid_aggressive_qnn_oriented,svm_rbf,4,4,4,16,2.0,1.1,True,qnn_oriented,aggressive,80,,,,,,,26.634718300003442,,,,,,,,,,,,,,,,0.6875,0.6041666666666666,0.2916666666666667,0.029671641538761163,3.387845094654758e-12,34.354166666666664,28.041666666666668,0.15674244374955984,0.1418405531605699,0.04846791574411356,"{""none"": 19, ""residual+conditioning+solver_failure"": 16, ""conditioning"": 13}"
0.9166666666666666,0.9166666666666666,0.9166666666666666,0.9722222222222223,50.157956600000034,breast_cancer,hybrid_aggressive_qnn_oriented_qnn,hybrid_aggressive_qnn_oriented,qnn,4,4,4,16,2.0,1.1,True,qnn_oriented,aggressive,80,,,,,,,26.634718300003442,,,,,,,,,,,,,,,,0.6875,0.6041666666666666,0.2916666666666667,0.029671641538761163,3.387845094654758e-12,34.354166666666664,28.041666666666668,0.15674244374955984,0.1418405531605699,0.04846791574411356,"{""none"": 19, ""residual+conditioning+solver_failure"": 16, ""conditioning"": 13}"
0.9375,0.9375,0.9387755102040817,0.9635416666666666,0.0028300999983912334,breast_cancer,hybrid_always_trigger_qnn_oriented_logreg,hybrid_always_trigger_qnn_oriented,logreg,4,4,4,16,2.0,1.1,True,qnn_oriented,always_trigger,80,,,,,,,50.326335200006724,,,,,,,,,,,,,,,,0.6875,1.0,0.4583333333333333,0.028315213645087014,2.120693490823869e-12,34.354166666666664,24.104166666666668,0.2781601520822126,0.1418405531605699,0.07242234758528739,"{""residual+conditioning"": 32, ""residual+conditioning+solver_failure"": 16}"
0.9375,0.9375,0.9387755102040817,0.9583333333333333,0.0013554000033764169,breast_cancer,hybrid_always_trigger_qnn_oriented_svm_rbf,hybrid_always_trigger_qnn_oriented,svm_rbf,4,4,4,16,2.0,1.1,True,qnn_oriented,always_trigger,80,,,,,,,50.326335200006724,,,,,,,,,,,,,,,,0.6875,1.0,0.4583333333333333,0.028315213645087014,2.120693490823869e-12,34.354166666666664,24.104166666666668,0.2781601520822126,0.1418405531605699,0.07242234758528739,"{""residual+conditioning"": 32, ""residual+conditioning+solver_failure"": 16}"
0.8958333333333334,0.8958333333333333,0.8936170212765957,0.9479166666666667,50.53332810000575,breast_cancer,hybrid_always_trigger_qnn_oriented_qnn,hybrid_always_trigger_qnn_oriented,qnn,4,4,4,16,2.0,1.1,True,qnn_oriented,always_trigger,80,,,,,,,50.326335200006724,,,,,,,,,,,,,,,,0.6875,1.0,0.4583333333333333,0.028315213645087014,2.120693490823869e-12,34.354166666666664,24.104166666666668,0.2781601520822126,0.1418405531605699,0.07242234758528739,"{""residual+conditioning"": 32, ""residual+conditioning+solver_failure"": 16}"
0.9375,0.9375,0.9387755102040817,0.9635416666666666,0.002312500000698492,breast_cancer,hybrid_qnn_lenient_qnn_oriented_logreg,hybrid_qnn_lenient_qnn_oriented,logreg,4,4,4,16,2.0,1.1,True,qnn_oriented,qnn_lenient,80,,,,,,,50.18286159999843,,,,,,,,,,,,,,,,0.6875,1.0,0.4791666666666667,0.029061048742647973,2.120693490823869e-12,34.354166666666664,23.3125,0.2773147645833281,0.1418405531605699,0.07242234758528739,"{""residual+conditioning"": 32, ""residual+conditioning+solver_failure"": 16}"
0.9375,0.9375,0.9387755102040817,0.9583333333333333,0.0013494000013452023,breast_cancer,hybrid_qnn_lenient_qnn_oriented_svm_rbf,hybrid_qnn_lenient_qnn_oriented,svm_rbf,4,4,4,16,2.0,1.1,True,qnn_oriented,qnn_lenient,80,,,,,,,50.18286159999843,,,,,,,,,,,,,,,,0.6875,1.0,0.4791666666666667,0.029061048742647973,2.120693490823869e-12,34.354166666666664,23.3125,0.2773147645833281,0.1418405531605699,0.07242234758528739,"{""residual+conditioning"": 32, ""residual+conditioning+solver_failure"": 16}"
0.8958333333333334,0.8958333333333333,0.8936170212765957,0.9479166666666667,49.82062580001366,breast_cancer,hybrid_qnn_lenient_qnn_oriented_qnn,hybrid_qnn_lenient_qnn_oriented,qnn,4,4,4,16,2.0,1.1,True,qnn_oriented,qnn_lenient,80,,,,,,,50.18286159999843,,,,,,,,,,,,,,,,0.6875,1.0,0.4791666666666667,0.029061048742647973,2.120693490823869e-12,34.354166666666664,23.3125,0.2773147645833281,0.1418405531605699,0.07242234758528739,"{""residual+conditioning"": 32, ""residual+conditioning+solver_failure"": 16}"
0.9375,0.9375,0.9387755102040817,0.9635416666666666,0.00251869999920018,breast_cancer,forced_qnn_exploratory_logreg,forced_qnn_exploratory,logreg,4,4,4,16,2.0,1.1,True,qnn_exploratory,standard,80,,,,,,,60.416710499994224,0.6875,0.6041666666666666,0.6666666666666666,0.4375,0.030864910206896568,0.07996321243129757,0.029594996419855024,4.944914645928968e-12,0.05319027150282498,34.354166666666664,17.041666666666668,2202.8541666666665,0.3277946062495782,0.1418405531605699,0.07992928018023265,,,,,,,,,,,
0.9375,0.9375,0.9387755102040817,0.9600694444444445,0.0013551000010920689,breast_cancer,forced_qnn_exploratory_svm_rbf,forced_qnn_exploratory,svm_rbf,4,4,4,16,2.0,1.1,True,qnn_exploratory,standard,80,,,,,,,60.416710499994224,0.6875,0.6041666666666666,0.6666666666666666,0.4375,0.030864910206896568,0.07996321243129757,0.029594996419855024,4.944914645928968e-12,0.05319027150282498,34.354166666666664,17.041666666666668,2202.8541666666665,0.3277946062495782,0.1418405531605699,0.07992928018023265,,,,,,,,,,,
0.8958333333333334,0.8958333333333333,0.8979591836734694,0.9184027777777778,49.91562590000103,breast_cancer,forced_qnn_exploratory_qnn,forced_qnn_exploratory,qnn,4,4,4,16,2.0,1.1,True,qnn_exploratory,standard,80,,,,,,,60.416710499994224,0.6875,0.6041666666666666,0.6666666666666666,0.4375,0.030864910206896568,0.07996321243129757,0.029594996419855024,4.944914645928968e-12,0.05319027150282498,34.354166666666664,17.041666666666668,2202.8541666666665,0.3277946062495782,0.1418405531605699,0.07992928018023265,,,,,,,,,,,
0.8958333333333334,0.8958333333333333,0.8979591836734694,0.9513888888888888,0.0030666999955428764,breast_cancer,hybrid_standard_qnn_exploratory_logreg,hybrid_standard_qnn_exploratory,logreg,4,4,4,16,2.0,1.1,True,qnn_exploratory,standard,80,,,,,,,13.43322230000922,,,,,,,,,,,,,,,,0.6875,0.375,0.125,0.029661783892356228,4.481297109850872e-12,34.354166666666664,30.1875,0.09524921041611378,0.1418405531605699,0.01649339967026103,"{""none"": 30, ""residual+conditioning+solver_failure"": 15, ""conditioning"": 2, ""conditioning+solver_failure"": 1}"
0.8958333333333334,0.8958333333333333,0.8979591836734694,0.953125,0.001352999999653548,breast_cancer,hybrid_standard_qnn_exploratory_svm_rbf,hybrid_standard_qnn_exploratory,svm_rbf,4,4,4,16,2.0,1.1,True,qnn_exploratory,standard,80,,,,,,,13.43322230000922,,,,,,,,,,,,,,,,0.6875,0.375,0.125,0.029661783892356228,4.481297109850872e-12,34.354166666666664,30.1875,0.09524921041611378,0.1418405531605699,0.01649339967026103,"{""none"": 30, ""residual+conditioning+solver_failure"": 15, ""conditioning"": 2, ""conditioning+solver_failure"": 1}"
0.8958333333333334,0.8958333333333333,0.8979591836734694,0.9496527777777778,49.66645529998641,breast_cancer,hybrid_standard_qnn_exploratory_qnn,hybrid_standard_qnn_exploratory,qnn,4,4,4,16,2.0,1.1,True,qnn_exploratory,standard,80,,,,,,,13.43322230000922,,,,,,,,,,,,,,,,0.6875,0.375,0.125,0.029661783892356228,4.481297109850872e-12,34.354166666666664,30.1875,0.09524921041611378,0.1418405531605699,0.01649339967026103,"{""none"": 30, ""residual+conditioning+solver_failure"": 15, ""conditioning"": 2, ""conditioning+solver_failure"": 1}"
0.8958333333333334,0.8958333333333333,0.8979591836734694,0.9583333333333333,0.0020837999909417704,breast_cancer,hybrid_aggressive_qnn_exploratory_logreg,hybrid_aggressive_qnn_exploratory,logreg,4,4,4,16,2.0,1.1,True,qnn_exploratory,aggressive,80,,,,,,,31.816115199995693,,,,,,,,,,,,,,,,0.6875,0.6041666666666666,0.3125,0.02966174650660641,3.387845094654758e-12,34.354166666666664,26.958333333333332,0.1904092895820213,0.1418405531605699,0.053776424640295126,"{""none"": 19, ""residual+conditioning+solver_failure"": 16, ""conditioning"": 13}"
0.9166666666666666,0.9166666666666666,0.9166666666666666,0.9548611111111112,0.0013144999975338578,breast_cancer,hybrid_aggressive_qnn_exploratory_svm_rbf,hybrid_aggressive_qnn_exploratory,svm_rbf,4,4,4,16,2.0,1.1,True,qnn_exploratory,aggressive,80,,,,,,,31.816115199995693,,,,,,,,,,,,,,,,0.6875,0.6041666666666666,0.3125,0.02966174650660641,3.387845094654758e-12,34.354166666666664,26.958333333333332,0.1904092895820213,0.1418405531605699,0.053776424640295126,"{""none"": 19, ""residual+conditioning+solver_failure"": 16, ""conditioning"": 13}"
0.9166666666666666,0.9166666666666666,0.9166666666666666,0.9739583333333333,50.02856310000061,breast_cancer,hybrid_aggressive_qnn_exploratory_qnn,hybrid_aggressive_qnn_exploratory,qnn,4,4,4,16,2.0,1.1,True,qnn_exploratory,aggressive,80,,,,,,,31.816115199995693,,,,,,,,,,,,,,,,0.6875,0.6041666666666666,0.3125,0.02966174650660641,3.387845094654758e-12,34.354166666666664,26.958333333333332,0.1904092895820213,0.1418405531605699,0.053776424640295126,"{""none"": 19, ""residual+conditioning+solver_failure"": 16, ""conditioning"": 13}"
0.9375,0.9375,0.9387755102040817,0.9635416666666666,0.0025803000025916845,breast_cancer,hybrid_always_trigger_qnn_exploratory_logreg,hybrid_always_trigger_qnn_exploratory,logreg,4,4,4,16,2.0,1.1,True,qnn_exploratory,always_trigger,80,,,,,,,60.201312300006975,,,,,,,,,,,,,,,,0.6875,1.0,0.4583333333333333,0.029661763978944194,1.365827867911723e-12,34.354166666666664,23.916666666666668,0.3243357020822562,0.1418405531605699,0.08000891013447058,"{""residual+conditioning"": 32, ""residual+conditioning+solver_failure"": 16}"
0.9375,0.9375,0.9387755102040817,0.9600694444444445,0.001716900005703792,breast_cancer,hybrid_always_trigger_qnn_exploratory_svm_rbf,hybrid_always_trigger_qnn_exploratory,svm_rbf,4,4,4,16,2.0,1.1,True,qnn_exploratory,always_trigger,80,,,,,,,60.201312300006975,,,,,,,,,,,,,,,,0.6875,1.0,0.4583333333333333,0.029661763978944194,1.365827867911723e-12,34.354166666666664,23.916666666666668,0.3243357020822562,0.1418405531605699,0.08000891013447058,"{""residual+conditioning"": 32, ""residual+conditioning+solver_failure"": 16}"
0.9166666666666666,0.9166666666666667,0.92,0.9635416666666666,49.727750300007756,breast_cancer,hybrid_always_trigger_qnn_exploratory_qnn,hybrid_always_trigger_qnn_exploratory,qnn,4,4,4,16,2.0,1.1,True,qnn_exploratory,always_trigger,80,,,,,,,60.201312300006975,,,,,,,,,,,,,,,,0.6875,1.0,0.4583333333333333,0.029661763978944194,1.365827867911723e-12,34.354166666666664,23.916666666666668,0.3243357020822562,0.1418405531605699,0.08000891013447058,"{""residual+conditioning"": 32, ""residual+conditioning+solver_failure"": 16}"
0.9375,0.9375,0.9387755102040817,0.9635416666666666,0.0030393999913940206,breast_cancer,hybrid_qnn_lenient_qnn_exploratory_logreg,hybrid_qnn_lenient_qnn_exploratory,logreg,4,4,4,16,2.0,1.1,True,qnn_exploratory,qnn_lenient,80,,,,,,,60.35688059999666,,,,,,,,,,,,,,,,0.6875,1.0,0.4583333333333333,0.029661763978944194,1.365827867911723e-12,34.354166666666664,23.916666666666668,0.3192728624996259,0.1418405531605699,0.08000891013447058,"{""residual+conditioning"": 32, ""residual+conditioning+solver_failure"": 16}"
0.9375,0.9375,0.9387755102040817,0.9600694444444445,0.0013669000036315992,breast_cancer,hybrid_qnn_lenient_qnn_exploratory_svm_rbf,hybrid_qnn_lenient_qnn_exploratory,svm_rbf,4,4,4,16,2.0,1.1,True,qnn_exploratory,qnn_lenient,80,,,,,,,60.35688059999666,,,,,,,,,,,,,,,,0.6875,1.0,0.4583333333333333,0.029661763978944194,1.365827867911723e-12,34.354166666666664,23.916666666666668,0.3192728624996259,0.1418405531605699,0.08000891013447058,"{""residual+conditioning"": 32, ""residual+conditioning+solver_failure"": 16}"
0.9166666666666666,0.9166666666666667,0.92,0.9635416666666666,49.61874849999731,breast_cancer,hybrid_qnn_lenient_qnn_exploratory_qnn,hybrid_qnn_lenient_qnn_exploratory,qnn,4,4,4,16,2.0,1.1,True,qnn_exploratory,qnn_lenient,80,,,,,,,60.35688059999666,,,,,,,,,,,,,,,,0.6875,1.0,0.4583333333333333,0.029661763978944194,1.365827867911723e-12,34.354166666666664,23.916666666666668,0.3192728624996259,0.1418405531605699,0.08000891013447058,"{""residual+conditioning"": 32, ""residual+conditioning+solver_failure"": 16}"
0.9166666666666666,0.9166666666666666,0.9166666666666666,0.9548611111111112,0.0025557000044500455,breast_cancer,forced_no_detector_logreg,forced_no_detector,logreg,4,4,4,16,2.0,1.1,True,no_detector,standard,80,,,,,,,14.607164300003205,0.6875,0.5833333333333334,0.6666666666666666,0.4583333333333333,0.030864910206896568,0.08288135643645823,0.028240311531806242,4.944914645928968e-12,0.04782766414012786,34.354166666666664,20.395833333333332,2013.0208333333333,0.08510958333348147,0.1418405531605699,0.08774444357834076,,,,,,,,,,,
0.9375,0.9375,0.9387755102040817,0.953125,0.0013464999938150868,breast_cancer,forced_no_detector_svm_rbf,forced_no_detector,svm_rbf,4,4,4,16,2.0,1.1,True,no_detector,standard,80,,,,,,,14.607164300003205,0.6875,0.5833333333333334,0.6666666666666666,0.4583333333333333,0.030864910206896568,0.08288135643645823,0.028240311531806242,4.944914645928968e-12,0.04782766414012786,34.354166666666664,20.395833333333332,2013.0208333333333,0.08510958333348147,0.1418405531605699,0.08774444357834076,,,,,,,,,,,
0.8958333333333334,0.8958333333333334,0.9019607843137255,0.9427083333333334,50.71264319999318,breast_cancer,forced_no_detector_qnn,forced_no_detector,qnn,4,4,4,16,2.0,1.1,True,no_detector,standard,80,,,,,,,14.607164300003205,0.6875,0.5833333333333334,0.6666666666666666,0.4583333333333333,0.030864910206896568,0.08288135643645823,0.028240311531806242,4.944914645928968e-12,0.04782766414012786,34.354166666666664,20.395833333333332,2013.0208333333333,0.08510958333348147,0.1418405531605699,0.08774444357834076,,,,,,,,,,,
0.875,0.875,0.875,0.951388888888889,0.0019259999971836805,breast_cancer,hybrid_standard_no_detector_logreg,hybrid_standard_no_detector,logreg,4,4,4,16,2.0,1.1,True,no_detector,standard,80,,,,,,,3.4408729999995558,,,,,,,,,,,,,,,,0.6875,0.375,0.1875,0.028288222133577057,4.481297109850872e-12,34.354166666666664,29.1875,0.023610147917982733,0.1418405531605699,0.016876534195030175,"{""none"": 30, ""residual+conditioning+solver_failure"": 15, ""conditioning"": 2, ""conditioning+solver_failure"": 1}"
0.8958333333333334,0.8958333333333333,0.8979591836734694,0.9479166666666666,0.0013809000083710998,breast_cancer,hybrid_standard_no_detector_svm_rbf,hybrid_standard_no_detector,svm_rbf,4,4,4,16,2.0,1.1,True,no_detector,standard,80,,,,,,,3.4408729999995558,,,,,,,,,,,,,,,,0.6875,0.375,0.1875,0.028288222133577057,4.481297109850872e-12,34.354166666666664,29.1875,0.023610147917982733,0.1418405531605699,0.016876534195030175,"{""none"": 30, ""residual+conditioning+solver_failure"": 15, ""conditioning"": 2, ""conditioning+solver_failure"": 1}"
0.875,0.875,0.88,0.9600694444444444,48.72606019998784,breast_cancer,hybrid_standard_no_detector_qnn,hybrid_standard_no_detector,qnn,4,4,4,16,2.0,1.1,True,no_detector,standard,80,,,,,,,3.4408729999995558,,,,,,,,,,,,,,,,0.6875,0.375,0.1875,0.028288222133577057,4.481297109850872e-12,34.354166666666664,29.1875,0.023610147917982733,0.1418405531605699,0.016876534195030175,"{""none"": 30, ""residual+conditioning+solver_failure"": 15, ""conditioning"": 2, ""conditioning+solver_failure"": 1}"
0.9166666666666666,0.9166666666666666,0.9166666666666666,0.953125,0.002192800006014295,breast_cancer,hybrid_aggressive_no_detector_logreg,hybrid_aggressive_no_detector,logreg,4,4,4,16,2.0,1.1,True,no_detector,aggressive,80,,,,,,,7.6112007000047015,,,,,,,,,,,,,,,,0.6875,0.6041666666666666,0.3125,0.028288222133241808,3.387845094654758e-12,34.354166666666664,26.520833333333332,0.04591547083327896,0.1418405531605699,0.048228326048607606,"{""none"": 19, ""residual+conditioning+solver_failure"": 16, ""conditioning"": 13}"
0.9166666666666666,0.9166666666666666,0.9166666666666666,0.953125,0.0013303000014275312,breast_cancer,hybrid_aggressive_no_detector_svm_rbf,hybrid_aggressive_no_detector,svm_rbf,4,4,4,16,2.0,1.1,True,no_detector,aggressive,80,,,,,,,7.6112007000047015,,,,,,,,,,,,,,,,0.6875,0.6041666666666666,0.3125,0.028288222133241808,3.387845094654758e-12,34.354166666666664,26.520833333333332,0.04591547083327896,0.1418405531605699,0.048228326048607606,"{""none"": 19, ""residual+conditioning+solver_failure"": 16, ""conditioning"": 13}"
0.9166666666666666,0.9166666666666666,0.9166666666666666,0.9791666666666666,49.62951690000773,breast_cancer,hybrid_aggressive_no_detector_qnn,hybrid_aggressive_no_detector,qnn,4,4,4,16,2.0,1.1,True,no_detector,aggressive,80,,,,,,,7.6112007000047015,,,,,,,,,,,,,,,,0.6875,0.6041666666666666,0.3125,0.028288222133241808,3.387845094654758e-12,34.354166666666664,26.520833333333332,0.04591547083327896,0.1418405531605699,0.048228326048607606,"{""none"": 19, ""residual+conditioning+solver_failure"": 16, ""conditioning"": 13}"
0.9166666666666666,0.9166666666666666,0.9166666666666666,0.9548611111111112,0.0033870000042952597,breast_cancer,hybrid_always_trigger_no_detector_logreg,hybrid_always_trigger_no_detector,logreg,4,4,4,16,2.0,1.1,True,no_detector,always_trigger,80,,,,,,,14.538979299992207,,,,,,,,,,,,,,,,0.6875,1.0,0.5208333333333334,0.028288222132355323,1.365827867911723e-12,34.354166666666664,22.125,0.08304459791785727,0.1418405531605699,0.08774444357834076,"{""residual+conditioning"": 32, ""residual+conditioning+solver_failure"": 16}"
0.9375,0.9375,0.9387755102040817,0.953125,0.001466800007619895,breast_cancer,hybrid_always_trigger_no_detector_svm_rbf,hybrid_always_trigger_no_detector,svm_rbf,4,4,4,16,2.0,1.1,True,no_detector,always_trigger,80,,,,,,,14.538979299992207,,,,,,,,,,,,,,,,0.6875,1.0,0.5208333333333334,0.028288222132355323,1.365827867911723e-12,34.354166666666664,22.125,0.08304459791785727,0.1418405531605699,0.08774444357834076,"{""residual+conditioning"": 32, ""residual+conditioning+solver_failure"": 16}"
0.8958333333333334,0.8958333333333333,0.8979591836734694,0.9496527777777778,49.80856020000647,breast_cancer,hybrid_always_trigger_no_detector_qnn,hybrid_always_trigger_no_detector,qnn,4,4,4,16,2.0,1.1,True,no_detector,always_trigger,80,,,,,,,14.538979299992207,,,,,,,,,,,,,,,,0.6875,1.0,0.5208333333333334,0.028288222132355323,1.365827867911723e-12,34.354166666666664,22.125,0.08304459791785727,0.1418405531605699,0.08774444357834076,"{""residual+conditioning"": 32, ""residual+conditioning+solver_failure"": 16}"
0.9166666666666666,0.9166666666666666,0.9166666666666666,0.9548611111111112,0.002700099998037331,breast_cancer,hybrid_qnn_lenient_no_detector_logreg,hybrid_qnn_lenient_no_detector,logreg,4,4,4,16,2.0,1.1,True,no_detector,qnn_lenient,80,,,,,,,14.543562200007727,,,,,,,,,,,,,,,,0.6875,1.0,0.5208333333333334,0.028288222132355323,1.365827867911723e-12,34.354166666666664,22.125,0.08295053541799764,0.1418405531605699,0.08774444357834076,"{""residual+conditioning"": 32, ""residual+conditioning+solver_failure"": 16}"
0.9375,0.9375,0.9387755102040817,0.953125,0.0013460000045597553,breast_cancer,hybrid_qnn_lenient_no_detector_svm_rbf,hybrid_qnn_lenient_no_detector,svm_rbf,4,4,4,16,2.0,1.1,True,no_detector,qnn_lenient,80,,,,,,,14.543562200007727,,,,,,,,,,,,,,,,0.6875,1.0,0.5208333333333334,0.028288222132355323,1.365827867911723e-12,34.354166666666664,22.125,0.08295053541799764,0.1418405531605699,0.08774444357834076,"{""residual+conditioning"": 32, ""residual+conditioning+solver_failure"": 16}"
0.8958333333333334,0.8958333333333333,0.8979591836734694,0.9496527777777778,48.470411599992076,breast_cancer,hybrid_qnn_lenient_no_detector_qnn,hybrid_qnn_lenient_no_detector,qnn,4,4,4,16,2.0,1.1,True,no_detector,qnn_lenient,80,,,,,,,14.543562200007727,,,,,,,,,,,,,,,,0.6875,1.0,0.5208333333333334,0.028288222132355323,1.365827867911723e-12,34.354166666666664,22.125,0.08295053541799764,0.1418405531605699,0.08774444357834076,"{""residual+conditioning"": 32, ""residual+conditioning+solver_failure"": 16}"
0.8958333333333334,0.8958333333333333,0.8979591836734694,0.9600694444444444,0.002264800001285039,breast_cancer,forced_residual_only_logreg,forced_residual_only,logreg,4,4,4,16,2.0,1.1,True,residual_only,standard,80,,,,,,,7.171067999996012,0.6875,0.6666666666666666,0.6666666666666666,0.4583333333333333,0.030864910206896568,0.08932863574598493,0.02825334136311891,4.944914645928968e-12,0.052561421788359805,34.354166666666664,10.875,2277.5833333333335,0.04087188124988946,0.1418405531605699,0.09115053295716007,,,,,,,,,,,
0.9375,0.9375,0.9387755102040817,0.9565972222222222,0.0013109999999869615,breast_cancer,forced_residual_only_svm_rbf,forced_residual_only,svm_rbf,4,4,4,16,2.0,1.1,True,residual_only,standard,80,,,,,,,7.171067999996012,0.6875,0.6666666666666666,0.6666666666666666,0.4583333333333333,0.030864910206896568,0.08932863574598493,0.02825334136311891,4.944914645928968e-12,0.052561421788359805,34.354166666666664,10.875,2277.5833333333335,0.04087188124988946,0.1418405531605699,0.09115053295716007,,,,,,,,,,,
0.8958333333333334,0.8958333333333333,0.8979591836734694,0.9583333333333333,50.392480700000306,breast_cancer,forced_residual_only_qnn,forced_residual_only,qnn,4,4,4,16,2.0,1.1,True,residual_only,standard,80,,,,,,,7.171067999996012,0.6875,0.6666666666666666,0.6666666666666666,0.4583333333333333,0.030864910206896568,0.08932863574598493,0.02825334136311891,4.944914645928968e-12,0.052561421788359805,34.354166666666664,10.875,2277.5833333333335,0.04087188124988946,0.1418405531605699,0.09115053295716007,,,,,,,,,,,
0.9166666666666666,0.9166666666666667,0.92,0.953125,0.0023280000023078173,breast_cancer,hybrid_standard_residual_only_logreg,hybrid_standard_residual_only,logreg,4,4,4,16,2.0,1.1,True,residual_only,standard,80,,,,,,,1.8055251000041608,,,,,,,,,,,,,,,,0.6875,0.375,0.25,0.02825436680312693,4.481297109850872e-12,34.354166666666664,25.25,0.01160579791727893,0.1418405531605699,0.019229602309460237,"{""none"": 30, ""residual+conditioning+solver_failure"": 15, ""conditioning"": 2, ""conditioning+solver_failure"": 1}"
0.8958333333333334,0.8958333333333333,0.8979591836734694,0.9496527777777777,0.0014169000060064718,breast_cancer,hybrid_standard_residual_only_svm_rbf,hybrid_standard_residual_only,svm_rbf,4,4,4,16,2.0,1.1,True,residual_only,standard,80,,,,,,,1.8055251000041608,,,,,,,,,,,,,,,,0.6875,0.375,0.25,0.02825436680312693,4.481297109850872e-12,34.354166666666664,25.25,0.01160579791727893,0.1418405531605699,0.019229602309460237,"{""none"": 30, ""residual+conditioning+solver_failure"": 15, ""conditioning"": 2, ""conditioning+solver_failure"": 1}"
0.8958333333333334,0.8958333333333333,0.8936170212765957,0.9600694444444445,44.623231700010365,breast_cancer,hybrid_standard_residual_only_qnn,hybrid_standard_residual_only,qnn,4,4,4,16,2.0,1.1,True,residual_only,standard,80,,,,,,,1.8055251000041608,,,,,,,,,,,,,,,,0.6875,0.375,0.25,0.02825436680312693,4.481297109850872e-12,34.354166666666664,25.25,0.01160579791727893,0.1418405531605699,0.019229602309460237,"{""none"": 30, ""residual+conditioning+solver_failure"": 15, ""conditioning"": 2, ""conditioning+solver_failure"": 1}"
0.9166666666666666,0.9166666666666667,0.92,0.9583333333333333,0.0024285999970743433,breast_cancer,hybrid_aggressive_residual_only_logreg,hybrid_aggressive_residual_only,logreg,4,4,4,16,2.0,1.1,True,residual_only,aggressive,80,,,,,,,3.800090899996576,,,,,,,,,,,,,,,,0.6875,0.6041666666666666,0.4166666666666667,0.028254366802789626,3.387845094654758e-12,34.354166666666664,21.5,0.023488560416505305,0.1418405531605699,0.05386595017679624,"{""none"": 19, ""residual+conditioning+solver_failure"": 16, ""conditioning"": 13}"
0.9166666666666666,0.9166666666666667,0.92,0.953125,0.0013322000013431534,breast_cancer,hybrid_aggressive_residual_only_svm_rbf,hybrid_aggressive_residual_only,svm_rbf,4,4,4,16,2.0,1.1,True,residual_only,aggressive,80,,,,,,,3.800090899996576,,,,,,,,,,,,,,,,0.6875,0.6041666666666666,0.4166666666666667,0.028254366802789626,3.387845094654758e-12,34.354166666666664,21.5,0.023488560416505305,0.1418405531605699,0.05386595017679624,"{""none"": 19, ""residual+conditioning+solver_failure"": 16, ""conditioning"": 13}"
0.8958333333333334,0.8958333333333333,0.8936170212765957,0.9670138888888888,44.65600679999625,breast_cancer,hybrid_aggressive_residual_only_qnn,hybrid_aggressive_residual_only,qnn,4,4,4,16,2.0,1.1,True,residual_only,aggressive,80,,,,,,,3.800090899996576,,,,,,,,,,,,,,,,0.6875,0.6041666666666666,0.4166666666666667,0.028254366802789626,3.387845094654758e-12,34.354166666666664,21.5,0.023488560416505305,0.1418405531605699,0.05386595017679624,"{""none"": 19, ""residual+conditioning+solver_failure"": 16, ""conditioning"": 13}"
0.8958333333333334,0.8958333333333333,0.8979591836734694,0.9600694444444444,0.0028664999990724027,breast_cancer,hybrid_always_trigger_residual_only_logreg,hybrid_always_trigger_residual_only,logreg,4,4,4,16,2.0,1.1,True,residual_only,always_trigger,80,,,,,,,7.265344600004028,,,,,,,,,,,,,,,,0.6875,1.0,0.6458333333333334,0.02825436680142981,1.2622449428044832e-12,34.354166666666664,16.854166666666668,0.042288649997923734,0.1418405531605699,0.09115053295716007,"{""residual+conditioning"": 32, ""residual+conditioning+solver_failure"": 16}"
0.9375,0.9375,0.9387755102040817,0.9583333333333333,0.001298899995163083,breast_cancer,hybrid_always_trigger_residual_only_svm_rbf,hybrid_always_trigger_residual_only,svm_rbf,4,4,4,16,2.0,1.1,True,residual_only,always_trigger,80,,,,,,,7.265344600004028,,,,,,,,,,,,,,,,0.6875,1.0,0.6458333333333334,0.02825436680142981,1.2622449428044832e-12,34.354166666666664,16.854166666666668,0.042288649997923734,0.1418405531605699,0.09115053295716007,"{""residual+conditioning"": 32, ""residual+conditioning+solver_failure"": 16}"
0.8958333333333334,0.8958333333333333,0.8979591836734694,0.9583333333333333,44.39377209999657,breast_cancer,hybrid_always_trigger_residual_only_qnn,hybrid_always_trigger_residual_only,qnn,4,4,4,16,2.0,1.1,True,residual_only,always_trigger,80,,,,,,,7.265344600004028,,,,,,,,,,,,,,,,0.6875,1.0,0.6458333333333334,0.02825436680142981,1.2622449428044832e-12,34.354166666666664,16.854166666666668,0.042288649997923734,0.1418405531605699,0.09115053295716007,"{""residual+conditioning"": 32, ""residual+conditioning+solver_failure"": 16}"
0.8958333333333334,0.8958333333333333,0.8979591836734694,0.9600694444444444,0.0023354000004474074,breast_cancer,hybrid_qnn_lenient_residual_only_logreg,hybrid_qnn_lenient_residual_only,logreg,4,4,4,16,2.0,1.1,True,residual_only,qnn_lenient,80,,,,,,,7.184144500002731,,,,,,,,,,,,,,,,0.6875,1.0,0.6458333333333334,0.02825436680142981,1.2622449428044832e-12,34.354166666666664,16.854166666666668,0.04164522916714001,0.1418405531605699,0.09115053295716007,"{""residual+conditioning"": 32, ""residual+conditioning+solver_failure"": 16}"
0.9375,0.9375,0.9387755102040817,0.9583333333333333,0.0013021000049775466,breast_cancer,hybrid_qnn_lenient_residual_only_svm_rbf,hybrid_qnn_lenient_residual_only,svm_rbf,4,4,4,16,2.0,1.1,True,residual_only,qnn_lenient,80,,,,,,,7.184144500002731,,,,,,,,,,,,,,,,0.6875,1.0,0.6458333333333334,0.02825436680142981,1.2622449428044832e-12,34.354166666666664,16.854166666666668,0.04164522916714001,0.1418405531605699,0.09115053295716007,"{""residual+conditioning"": 32, ""residual+conditioning+solver_failure"": 16}"
0.8958333333333334,0.8958333333333333,0.8979591836734694,0.9583333333333333,45.63699879999331,breast_cancer,hybrid_qnn_lenient_residual_only_qnn,hybrid_qnn_lenient_residual_only,qnn,4,4,4,16,2.0,1.1,True,residual_only,qnn_lenient,80,,,,,,,7.184144500002731,,,,,,,,,,,,,,,,0.6875,1.0,0.6458333333333334,0.02825436680142981,1.2622449428044832e-12,34.354166666666664,16.854166666666668,0.04164522916714001,0.1418405531605699,0.09115053295716007,"{""residual+conditioning"": 32, ""residual+conditioning+solver_failure"": 16}"
0.9230769230769231,0.9206349206349206,0.9302325581395349,0.9894179894179894,0.0015708999999333173,wine_binary,pca_logreg,pca,logreg,0,4,4,16,2.0,1.1,True,full_balanced,standard,80,,,,,,,,,,,,,,,,,,,,,,,,,,,,,,,,,
0.9230769230769231,0.9206349206349206,0.9302325581395349,0.9814814814814815,0.049537600003532134,wine_binary,pca_mlp,pca,mlp,0,4,4,16,2.0,1.1,True,full_balanced,standard,80,,,,,,,,,,,,,,,,,,,,,,,,,,,,,,,,,
0.9487179487179487,0.9484126984126984,0.9523809523809523,0.9894179894179894,0.0013667999883182347,wine_binary,pca_svm_rbf,pca,svm_rbf,0,4,4,16,2.0,1.1,True,full_balanced,standard,80,,,,,,,,,,,,,,,,,,,,,,,,,,,,,,,,,
0.9487179487179487,0.9484126984126984,0.9523809523809523,0.9973544973544973,36.63600669999141,wine_binary,pca_qnn,pca,qnn,0,4,4,16,2.0,1.1,True,full_balanced,standard,80,,,,,,,,,,,,,,,,,,,,,,,,,,,,,,,,,
0.9230769230769231,0.9166666666666667,0.9333333333333333,0.9947089947089947,0.0023123999999370426,wine_binary,implicit_zero_logreg,implicit_zero,logreg,0,4,4,16,2.0,1.1,True,full_balanced,standard,80,0.5641025641025641,0.1315912781936236,1.2574446669765783e-11,37.46153846153846,0.00028426153846502973,0.13700898101706152,0.04390469999634661,,,,,,,,,,,,,,,,,,,,,,,,,,
0.8205128205128205,0.8095238095238095,0.851063829787234,0.9682539682539684,0.0014344999945024028,wine_binary,implicit_zero_svm_rbf,implicit_zero,svm_rbf,0,4,4,16,2.0,1.1,True,full_balanced,standard,80,0.5641025641025641,0.1315912781936236,1.2574446669765783e-11,37.46153846153846,0.00028426153846502973,0.13700898101706152,0.04390469999634661,,,,,,,,,,,,,,,,,,,,,,,,,,
0.9230769230769231,0.9166666666666667,0.9333333333333333,0.9417989417989419,37.33009360000142,wine_binary,implicit_zero_qnn,implicit_zero,qnn,0,4,4,16,2.0,1.1,True,full_balanced,standard,80,0.5641025641025641,0.1315912781936236,1.2574446669765783e-11,37.46153846153846,0.00028426153846502973,0.13700898101706152,0.04390469999634661,,,,,,,,,,,,,,,,,,,,,,,,,,
0.9487179487179487,0.9444444444444444,0.9545454545454546,0.9947089947089947,0.002193199994508177,wine_binary,forced_full_light_logreg,forced_full_light,logreg,0,4,4,16,2.0,1.1,True,full_light,standard,80,,,,,,,21.17151850000664,0.5897435897435898,0.7692307692307693,0.5641025641025641,0.358974358974359,0.1315912781936236,0.15197837835620479,0.12078637840198908,1.2574446669765783e-11,0.07676156825395242,37.46153846153846,19.512820512820515,1671.7948717948718,0.15158200256402593,0.13700898101706152,0.07517861607187121,,,,,,,,,,,
0.7948717948717948,0.7817460317460317,0.8333333333333334,0.9656084656084656,0.001025099991238676,wine_binary,forced_full_light_svm_rbf,forced_full_light,svm_rbf,0,4,4,16,2.0,1.1,True,full_light,standard,80,,,,,,,21.17151850000664,0.5897435897435898,0.7692307692307693,0.5641025641025641,0.358974358974359,0.1315912781936236,0.15197837835620479,0.12078637840198908,1.2574446669765783e-11,0.07676156825395242,37.46153846153846,19.512820512820515,1671.7948717948718,0.15158200256402593,0.13700898101706152,0.07517861607187121,,,,,,,,,,,
0.8461538461538461,0.8373015873015872,0.8695652173913043,0.9074074074074074,35.85381290000805,wine_binary,forced_full_light_qnn,forced_full_light,qnn,0,4,4,16,2.0,1.1,True,full_light,standard,80,,,,,,,21.17151850000664,0.5897435897435898,0.7692307692307693,0.5641025641025641,0.358974358974359,0.1315912781936236,0.15197837835620479,0.12078637840198908,1.2574446669765783e-11,0.07676156825395242,37.46153846153846,19.512820512820515,1671.7948717948718,0.15158200256402593,0.13700898101706152,0.07517861607187121,,,,,,,,,,,
0.9487179487179487,0.9444444444444444,0.9545454545454546,0.9947089947089947,0.001892300002509728,wine_binary,hybrid_standard_full_light_logreg,hybrid_standard_full_light,logreg,0,4,4,16,2.0,1.1,True,full_light,standard,80,,,,,,,7.633002799993847,,,,,,,,,,,,,,,,0.5897435897435898,0.4358974358974359,0.23076923076923078,0.12091105476613073,1.2376815140607124e-11,37.46153846153846,33.82051282051282,0.043760635895663515,0.13700898101706152,0.017140862086387695,"{""residual+conditioning+solver_failure"": 16, ""none"": 22, ""conditioning+solver_failure"": 1}"
0.7948717948717948,0.7817460317460317,0.8333333333333334,0.962962962962963,0.0010581999958958477,wine_binary,hybrid_standard_full_light_svm_rbf,hybrid_standard_full_light,svm_rbf,0,4,4,16,2.0,1.1,True,full_light,standard,80,,,,,,,7.633002799993847,,,,,,,,,,,,,,,,0.5897435897435898,0.4358974358974359,0.23076923076923078,0.12091105476613073,1.2376815140607124e-11,37.46153846153846,33.82051282051282,0.043760635895663515,0.13700898101706152,0.017140862086387695,"{""residual+conditioning+solver_failure"": 16, ""none"": 22, ""conditioning+solver_failure"": 1}"
0.8461538461538461,0.8373015873015872,0.8695652173913043,0.8756613756613757,37.3185564000014,wine_binary,hybrid_standard_full_light_qnn,hybrid_standard_full_light,qnn,0,4,4,16,2.0,1.1,True,full_light,standard,80,,,,,,,7.633002799993847,,,,,,,,,,,,,,,,0.5897435897435898,0.4358974358974359,0.23076923076923078,0.12091105476613073,1.2376815140607124e-11,37.46153846153846,33.82051282051282,0.043760635895663515,0.13700898101706152,0.017140862086387695,"{""residual+conditioning+solver_failure"": 16, ""none"": 22, ""conditioning+solver_failure"": 1}"
0.9487179487179487,0.9444444444444444,0.9545454545454546,0.9973544973544973,0.0019331999938003719,wine_binary,hybrid_aggressive_full_light_logreg,hybrid_aggressive_full_light,logreg,0,4,4,16,2.0,1.1,True,full_light,aggressive,80,,,,,,,15.132458599997335,,,,,,,,,,,,,,,,0.5897435897435898,0.6410256410256411,0.38461538461538464,0.12095081672751533,8.914124601266852e-12,37.46153846153846,31.358974358974358,0.08570064102465179,0.13700898101706152,0.0514465246548495,"{""residual+conditioning+solver_failure"": 17, ""none"": 14, ""conditioning"": 8}"
0.7948717948717948,0.7817460317460317,0.8333333333333334,0.962962962962963,0.0010686000023270026,wine_binary,hybrid_aggressive_full_light_svm_rbf,hybrid_aggressive_full_light,svm_rbf,0,4,4,16,2.0,1.1,True,full_light,aggressive,80,,,,,,,15.132458599997335,,,,,,,,,,,,,,,,0.5897435897435898,0.6410256410256411,0.38461538461538464,0.12095081672751533,8.914124601266852e-12,37.46153846153846,31.358974358974358,0.08570064102465179,0.13700898101706152,0.0514465246548495,"{""residual+conditioning+solver_failure"": 17, ""none"": 14, ""conditioning"": 8}"
0.8461538461538461,0.8373015873015872,0.8695652173913043,0.962962962962963,35.97305089999281,wine_binary,hybrid_aggressive_full_light_qnn,hybrid_aggressive_full_light,qnn,0,4,4,16,2.0,1.1,True,full_light,aggressive,80,,,,,,,15.132458599997335,,,,,,,,,,,,,,,,0.5897435897435898,0.6410256410256411,0.38461538461538464,0.12095081672751533,8.914124601266852e-12,37.46153846153846,31.358974358974358,0.08570064102465179,0.13700898101706152,0.0514465246548495,"{""residual+conditioning+solver_failure"": 17, ""none"": 14, ""conditioning"": 8}"
0.9487179487179487,0.9444444444444444,0.9545454545454546,0.9973544973544973,0.002179599992814474,wine_binary,hybrid_always_trigger_full_light_logreg,hybrid_always_trigger_full_light,logreg,0,4,4,16,2.0,1.1,True,full_light,always_trigger,80,,,,,,,21.152281799993943,,,,,,,,,,,,,,,,0.5897435897435898,1.0,0.5641025641025641,0.12090797631008289,9.047899087657348e-12,37.46153846153846,28.53846153846154,0.15078219743661928,0.13700898101706152,0.07508470245553733,"{""residual+conditioning+solver_failure"": 17, ""residual+conditioning"": 22}"
0.7948717948717948,0.7817460317460317,0.8333333333333334,0.9656084656084656,0.0010212000051978976,wine_binary,hybrid_always_trigger_full_light_svm_rbf,hybrid_always_trigger_full_light,svm_rbf,0,4,4,16,2.0,1.1,True,full_light,always_trigger,80,,,,,,,21.152281799993943,,,,,,,,,,,,,,,,0.5897435897435898,1.0,0.5641025641025641,0.12090797631008289,9.047899087657348e-12,37.46153846153846,28.53846153846154,0.15078219743661928,0.13700898101706152,0.07508470245553733,"{""residual+conditioning+solver_failure"": 17, ""residual+conditioning"": 22}"
0.8461538461538461,0.8373015873015872,0.8695652173913043,0.8888888888888888,36.557179900002666,wine_binary,hybrid_always_trigger_full_light_qnn,hybrid_always_trigger_full_light,qnn,0,4,4,16,2.0,1.1,True,full_light,always_trigger,80,,,,,,,21.152281799993943,,,,,,,,,,,,,,,,0.5897435897435898,1.0,0.5641025641025641,0.12090797631008289,9.047899087657348e-12,37.46153846153846,28.53846153846154,0.15078219743661928,0.13700898101706152,0.07508470245553733,"{""residual+conditioning+solver_failure"": 17, ""residual+conditioning"": 22}"
0.9487179487179487,0.9444444444444444,0.9545454545454546,0.9973544973544973,0.0022296999959507957,wine_binary,hybrid_qnn_lenient_full_light_logreg,hybrid_qnn_lenient_full_light,logreg,0,4,4,16,2.0,1.1,True,full_light,qnn_lenient,80,,,,,,,21.188363799999934,,,,,,,,,,,,,,,,0.5897435897435898,1.0,0.5641025641025641,0.12090797631008289,9.047899087657348e-12,37.46153846153846,28.53846153846154,0.15190720256344856,0.13700898101706152,0.07508470245553733,"{""residual+conditioning+solver_failure"": 17, ""residual+conditioning"": 22}"
0.7948717948717948,0.7817460317460317,0.8333333333333334,0.9656084656084656,0.00102750000951346,wine_binary,hybrid_qnn_lenient_full_light_svm_rbf,hybrid_qnn_lenient_full_light,svm_rbf,0,4,4,16,2.0,1.1,True,full_light,qnn_lenient,80,,,,,,,21.188363799999934,,,,,,,,,,,,,,,,0.5897435897435898,1.0,0.5641025641025641,0.12090797631008289,9.047899087657348e-12,37.46153846153846,28.53846153846154,0.15190720256344856,0.13700898101706152,0.07508470245553733,"{""residual+conditioning+solver_failure"": 17, ""residual+conditioning"": 22}"
0.8461538461538461,0.8373015873015872,0.8695652173913043,0.8888888888888888,36.93384570001217,wine_binary,hybrid_qnn_lenient_full_light_qnn,hybrid_qnn_lenient_full_light,qnn,0,4,4,16,2.0,1.1,True,full_light,qnn_lenient,80,,,,,,,21.188363799999934,,,,,,,,,,,,,,,,0.5897435897435898,1.0,0.5641025641025641,0.12090797631008289,9.047899087657348e-12,37.46153846153846,28.53846153846154,0.15190720256344856,0.13700898101706152,0.07508470245553733,"{""residual+conditioning+solver_failure"": 17, ""residual+conditioning"": 22}"
0.9487179487179487,0.9444444444444444,0.9545454545454546,0.9947089947089947,0.002197800000431016,wine_binary,forced_full_balanced_logreg,forced_full_balanced,logreg,0,4,4,16,2.0,1.1,True,full_balanced,standard,80,,,,,,,29.627489999998943,0.5897435897435898,0.7948717948717948,0.5641025641025641,0.38461538461538464,0.1315912781936236,0.14998015117091984,0.12069171971241587,1.2574446669765783e-11,0.06508699624451732,37.46153846153846,20.17948717948718,1951.2051282051282,0.21902100512950431,0.13700898101706152,0.07804778935895951,,,,,,,,,,,
0.7948717948717948,0.7817460317460317,0.8333333333333334,0.9656084656084656,0.0010490999993635342,wine_binary,forced_full_balanced_svm_rbf,forced_full_balanced,svm_rbf,0,4,4,16,2.0,1.1,True,full_balanced,standard,80,,,,,,,29.627489999998943,0.5897435897435898,0.7948717948717948,0.5641025641025641,0.38461538461538464,0.1315912781936236,0.14998015117091984,0.12069171971241587,1.2574446669765783e-11,0.06508699624451732,37.46153846153846,20.17948717948718,1951.2051282051282,0.21902100512950431,0.13700898101706152,0.07804778935895951,,,,,,,,,,,
0.8461538461538461,0.8373015873015872,0.8695652173913043,0.9047619047619048,36.45401349999884,wine_binary,forced_full_balanced_qnn,forced_full_balanced,qnn,0,4,4,16,2.0,1.1,True,full_balanced,standard,80,,,,,,,29.627489999998943,0.5897435897435898,0.7948717948717948,0.5641025641025641,0.38461538461538464,0.1315912781936236,0.14998015117091984,0.12069171971241587,1.2574446669765783e-11,0.06508699624451732,37.46153846153846,20.17948717948718,1951.2051282051282,0.21902100512950431,0.13700898101706152,0.07804778935895951,,,,,,,,,,,
0.9487179487179487,0.9444444444444444,0.9545454545454546,0.9947089947089947,0.0018498999997973442,wine_binary,hybrid_standard_full_balanced_logreg,hybrid_standard_full_balanced,logreg,0,4,4,16,2.0,1.1,True,full_balanced,standard,80,,,,,,,9.119400199997472,,,,,,,,,,,,,,,,0.5897435897435898,0.4358974358974359,0.23076923076923078,0.12092629262511412,1.2376815140607124e-11,37.46153846153846,33.17948717948718,0.04573822307597416,0.13700898101706152,0.017207066152382332,"{""residual+conditioning+solver_failure"": 16, ""none"": 22, ""conditioning+solver_failure"": 1}"
0.7948717948717948,0.7817460317460317,0.8333333333333334,0.962962962962963,0.0010341000015614554,wine_binary,hybrid_standard_full_balanced_svm_rbf,hybrid_standard_full_balanced,svm_rbf,0,4,4,16,2.0,1.1,True,full_balanced,standard,80,,,,,,,9.119400199997472,,,,,,,,,,,,,,,,0.5897435897435898,0.4358974358974359,0.23076923076923078,0.12092629262511412,1.2376815140607124e-11,37.46153846153846,33.17948717948718,0.04573822307597416,0.13700898101706152,0.017207066152382332,"{""residual+conditioning+solver_failure"": 16, ""none"": 22, ""conditioning+solver_failure"": 1}"
0.8461538461538461,0.8373015873015872,0.8695652173913043,0.8809523809523809,35.954932599997846,wine_binary,hybrid_standard_full_balanced_qnn,hybrid_standard_full_balanced,qnn,0,4,4,16,2.0,1.1,True,full_balanced,standard,80,,,,,,,9.119400199997472,,,,,,,,,,,,,,,,0.5897435897435898,0.4358974358974359,0.23076923076923078,0.12092629262511412,1.2376815140607124e-11,37.46153846153846,33.17948717948718,0.04573822307597416,0.13700898101706152,0.017207066152382332,"{""residual+conditioning+solver_failure"": 16, ""none"": 22, ""conditioning+solver_failure"": 1}"
0.9487179487179487,0.9444444444444444,0.9545454545454546,0.9947089947089947,0.002361999999266118,wine_binary,hybrid_aggressive_full_balanced_logreg,hybrid_aggressive_full_balanced,logreg,0,4,4,16,2.0,1.1,True,full_balanced,aggressive,80,,,,,,,21.151129899997613,,,,,,,,,,,,,,,,0.5897435897435898,0.6410256410256411,0.41025641025641024,0.12092432592199422,8.914124601266852e-12,37.46153846153846,30.153846153846153,0.11994833333375983,0.13700898101706152,0.05618179847259274,"{""residual+conditioning+solver_failure"": 17, ""none"": 14, ""conditioning"": 8}"
0.7948717948717948,0.7817460317460317,0.8333333333333334,0.9656084656084656,0.0010366999922553077,wine_binary,hybrid_aggressive_full_balanced_svm_rbf,hybrid_aggressive_full_balanced,svm_rbf,0,4,4,16,2.0,1.1,True,full_balanced,aggressive,80,,,,,,,21.151129899997613,,,,,,,,,,,,,,,,0.5897435897435898,0.6410256410256411,0.41025641025641024,0.12092432592199422,8.914124601266852e-12,37.46153846153846,30.153846153846153,0.11994833333375983,0.13700898101706152,0.05618179847259274,"{""residual+conditioning+solver_failure"": 17, ""none"": 14, ""conditioning"": 8}"
0.8974358974358975,0.8888888888888888,0.9130434782608695,0.8756613756613757,36.21996039999067,wine_binary,hybrid_aggressive_full_balanced_qnn,hybrid_aggressive_full_balanced,qnn,0,4,4,16,2.0,1.1,True,full_balanced,aggressive,80,,,,,,,21.151129899997613,,,,,,,,,,,,,,,,0.5897435897435898,0.6410256410256411,0.41025641025641024,0.12092432592199422,8.914124601266852e-12,37.46153846153846,30.153846153846153,0.11994833333375983,0.13700898101706152,0.05618179847259274,"{""residual+conditioning+solver_failure"": 17, ""none"": 14, ""conditioning"": 8}"
0.9230769230769231,0.9206349206349206,0.9302325581395349,0.9947089947089947,0.002012299999478273,wine_binary,hybrid_always_trigger_full_balanced_logreg,hybrid_always_trigger_full_balanced,logreg,0,4,4,16,2.0,1.1,True,full_balanced,always_trigger,80,,,,,,,29.625356600008672,,,,,,,,,,,,,,,,0.5897435897435898,1.0,0.5897435897435898,0.12092368338810115,8.914124601266852e-12,37.46153846153846,26.53846153846154,0.2120280282057744,0.13700898101706152,0.0783032222861494,"{""residual+conditioning+solver_failure"": 17, ""residual+conditioning"": 22}"
0.7948717948717948,0.7817460317460317,0.8333333333333334,0.9656084656084656,0.0010591000027488917,wine_binary,hybrid_always_trigger_full_balanced_svm_rbf,hybrid_always_trigger_full_balanced,svm_rbf,0,4,4,16,2.0,1.1,True,full_balanced,always_trigger,80,,,,,,,29.625356600008672,,,,,,,,,,,,,,,,0.5897435897435898,1.0,0.5897435897435898,0.12092368338810115,8.914124601266852e-12,37.46153846153846,26.53846153846154,0.2120280282057744,0.13700898101706152,0.0783032222861494,"{""residual+conditioning+solver_failure"": 17, ""residual+conditioning"": 22}"
0.8974358974358975,0.8888888888888888,0.9130434782608695,0.8835978835978836,36.91635420000239,wine_binary,hybrid_always_trigger_full_balanced_qnn,hybrid_always_trigger_full_balanced,qnn,0,4,4,16,2.0,1.1,True,full_balanced,always_trigger,80,,,,,,,29.625356600008672,,,,,,,,,,,,,,,,0.5897435897435898,1.0,0.5897435897435898,0.12092368338810115,8.914124601266852e-12,37.46153846153846,26.53846153846154,0.2120280282057744,0.13700898101706152,0.0783032222861494,"{""residual+conditioning+solver_failure"": 17, ""residual+conditioning"": 22}"
0.9230769230769231,0.9206349206349206,0.9302325581395349,0.9947089947089947,0.0024467999901389703,wine_binary,hybrid_qnn_lenient_full_balanced_logreg,hybrid_qnn_lenient_full_balanced,logreg,0,4,4,16,2.0,1.1,True,full_balanced,qnn_lenient,80,,,,,,,29.226034999999683,,,,,,,,,,,,,,,,0.5897435897435898,1.0,0.5897435897435898,0.12092368338810115,8.914124601266852e-12,37.46153846153846,26.53846153846154,0.21129374359010492,0.13700898101706152,0.0783032222861494,"{""residual+conditioning+solver_failure"": 17, ""residual+conditioning"": 22}"
0.7948717948717948,0.7817460317460317,0.8333333333333334,0.9656084656084656,0.0011045999999623746,wine_binary,hybrid_qnn_lenient_full_balanced_svm_rbf,hybrid_qnn_lenient_full_balanced,svm_rbf,0,4,4,16,2.0,1.1,True,full_balanced,qnn_lenient,80,,,,,,,29.226034999999683,,,,,,,,,,,,,,,,0.5897435897435898,1.0,0.5897435897435898,0.12092368338810115,8.914124601266852e-12,37.46153846153846,26.53846153846154,0.21129374359010492,0.13700898101706152,0.0783032222861494,"{""residual+conditioning+solver_failure"": 17, ""residual+conditioning"": 22}"
0.8974358974358975,0.8888888888888888,0.9130434782608695,0.8835978835978836,37.05005030000757,wine_binary,hybrid_qnn_lenient_full_balanced_qnn,hybrid_qnn_lenient_full_balanced,qnn,0,4,4,16,2.0,1.1,True,full_balanced,qnn_lenient,80,,,,,,,29.226034999999683,,,,,,,,,,,,,,,,0.5897435897435898,1.0,0.5897435897435898,0.12092368338810115,8.914124601266852e-12,37.46153846153846,26.53846153846154,0.21129374359010492,0.13700898101706152,0.0783032222861494,"{""residual+conditioning+solver_failure"": 17, ""residual+conditioning"": 22}"
0.9487179487179487,0.9444444444444444,0.9545454545454546,0.9973544973544973,0.0019285000016679987,wine_binary,forced_qnn_oriented_logreg,forced_qnn_oriented,logreg,0,4,4,16,2.0,1.1,True,qnn_oriented,standard,80,,,,,,,39.052882299991325,0.5897435897435898,0.7948717948717948,0.5641025641025641,0.38461538461538464,0.1315912781936236,0.14516344491575517,0.12071174960883259,1.2574446669765783e-11,0.0650487140441436,37.46153846153846,19.28205128205128,2109.871794871795,0.2808404000011834,0.13700898101706152,0.08579648511358141,,,,,,,,,,,
0.7948717948717948,0.7817460317460317,0.8333333333333334,0.9656084656084656,0.0010103000095114112,wine_binary,forced_qnn_oriented_svm_rbf,forced_qnn_oriented,svm_rbf,0,4,4,16,2.0,1.1,True,qnn_oriented,standard,80,,,,,,,39.052882299991325,0.5897435897435898,0.7948717948717948,0.5641025641025641,0.38461538461538464,0.1315912781936236,0.14516344491575517,0.12071174960883259,1.2574446669765783e-11,0.0650487140441436,37.46153846153846,19.28205128205128,2109.871794871795,0.2808404000011834,0.13700898101706152,0.08579648511358141,,,,,,,,,,,
0.8461538461538461,0.8373015873015872,0.8695652173913043,0.9074074074074074,36.068893300005584,wine_binary,forced_qnn_oriented_qnn,forced_qnn_oriented,qnn,0,4,4,16,2.0,1.1,True,qnn_oriented,standard,80,,,,,,,39.052882299991325,0.5897435897435898,0.7948717948717948,0.5641025641025641,0.38461538461538464,0.1315912781936236,0.14516344491575517,0.12071174960883259,1.2574446669765783e-11,0.0650487140441436,37.46153846153846,19.28205128205128,2109.871794871795,0.2808404000011834,0.13700898101706152,0.08579648511358141,,,,,,,,,,,
0.9487179487179487,0.9444444444444444,0.9545454545454546,0.9947089947089947,0.002059300008113496,wine_binary,hybrid_standard_qnn_oriented_logreg,hybrid_standard_qnn_oriented,logreg,0,4,4,16,2.0,1.1,True,qnn_oriented,standard,80,,,,,,,11.397259000004851,,,,,,,,,,,,,,,,0.5897435897435898,0.4358974358974359,0.28205128205128205,0.12092608334420618,1.2574446669765783e-11,37.46153846153846,32.35897435897436,0.05968996666510625,0.13700898101706152,0.017223962450734327,"{""residual+conditioning+solver_failure"": 16, ""none"": 22, ""conditioning+solver_failure"": 1}"
0.7948717948717948,0.7817460317460317,0.8333333333333334,0.962962962962963,0.0013137000059941784,wine_binary,hybrid_standard_qnn_oriented_svm_rbf,hybrid_standard_qnn_oriented,svm_rbf,0,4,4,16,2.0,1.1,True,qnn_oriented,standard,80,,,,,,,11.397259000004851,,,,,,,,,,,,,,,,0.5897435897435898,0.4358974358974359,0.28205128205128205,0.12092608334420618,1.2574446669765783e-11,37.46153846153846,32.35897435897436,0.05968996666510625,0.13700898101706152,0.017223962450734327,"{""residual+conditioning+solver_failure"": 16, ""none"": 22, ""conditioning+solver_failure"": 1}"
0.8461538461538461,0.8373015873015872,0.8695652173913043,0.8888888888888888,36.8955139000027,wine_binary,hybrid_standard_qnn_oriented_qnn,hybrid_standard_qnn_oriented,qnn,0,4,4,16,2.0,1.1,True,qnn_oriented,standard,80,,,,,,,11.397259000004851,,,,,,,,,,,,,,,,0.5897435897435898,0.4358974358974359,0.28205128205128205,0.12092608334420618,1.2574446669765783e-11,37.46153846153846,32.35897435897436,0.05968996666510625,0.13700898101706152,0.017223962450734327,"{""residual+conditioning+solver_failure"": 16, ""none"": 22, ""conditioning+solver_failure"": 1}"
0.9487179487179487,0.9444444444444444,0.9545454545454546,0.9973544973544973,0.0019449999963399023,wine_binary,hybrid_aggressive_qnn_oriented_logreg,hybrid_aggressive_qnn_oriented,logreg,0,4,4,16,2.0,1.1,True,qnn_oriented,aggressive,80,,,,,,,27.303574599995045,,,,,,,,,,,,,,,,0.5897435897435898,0.6410256410256411,0.4358974358974359,0.12092099194127151,1.2376815140607124e-11,37.46153846153846,29.615384615384617,0.14774567948673697,0.13700898101706152,0.051823775448966686,"{""residual+conditioning+solver_failure"": 17, ""none"": 14, ""conditioning"": 8}"
0.7948717948717948,0.7817460317460317,0.8333333333333334,0.962962962962963,0.0010213000059593469,wine_binary,hybrid_aggressive_qnn_oriented_svm_rbf,hybrid_aggressive_qnn_oriented,svm_rbf,0,4,4,16,2.0,1.1,True,qnn_oriented,aggressive,80,,,,,,,27.303574599995045,,,,,,,,,,,,,,,,0.5897435897435898,0.6410256410256411,0.4358974358974359,0.12092099194127151,1.2376815140607124e-11,37.46153846153846,29.615384615384617,0.14774567948673697,0.13700898101706152,0.051823775448966686,"{""residual+conditioning+solver_failure"": 17, ""none"": 14, ""conditioning"": 8}"
0.8205128205128205,0.8095238095238095,0.851063829787234,0.9206349206349207,37.189554399999906,wine_binary,hybrid_aggressive_qnn_oriented_qnn,hybrid_aggressive_qnn_oriented,qnn,0,4,4,16,2.0,1.1,True,qnn_oriented,aggressive,80,,,,,,,27.303574599995045,,,,,,,,,,,,,,,,0.5897435897435898,0.6410256410256411,0.4358974358974359,0.12092099194127151,1.2376815140607124e-11,37.46153846153846,29.615384615384617,0.14774567948673697,0.13700898101706152,0.051823775448966686,"{""residual+conditioning+solver_failure"": 17, ""none"": 14, ""conditioning"": 8}"
0.9487179487179487,0.9444444444444444,0.9545454545454546,0.9973544973544973,0.002333399999770336,wine_binary,hybrid_always_trigger_qnn_oriented_logreg,hybrid_always_trigger_qnn_oriented,logreg,0,4,4,16,2.0,1.1,True,qnn_oriented,always_trigger,80,,,,,,,39.306704600006924,,,,,,,,,,,,,,,,0.5897435897435898,1.0,0.6410256410256411,0.12092625399533508,8.914124601266852e-12,37.46153846153846,25.974358974358974,0.2871855102563038,0.13700898101706152,0.0854263790430153,"{""residual+conditioning+solver_failure"": 17, ""residual+conditioning"": 22}"
0.7948717948717948,0.7817460317460317,0.8333333333333334,0.9656084656084656,0.001617899994016625,wine_binary,hybrid_always_trigger_qnn_oriented_svm_rbf,hybrid_always_trigger_qnn_oriented,svm_rbf,0,4,4,16,2.0,1.1,True,qnn_oriented,always_trigger,80,,,,,,,39.306704600006924,,,,,,,,,,,,,,,,0.5897435897435898,1.0,0.6410256410256411,0.12092625399533508,8.914124601266852e-12,37.46153846153846,25.974358974358974,0.2871855102563038,0.13700898101706152,0.0854263790430153,"{""residual+conditioning+solver_failure"": 17, ""residual+conditioning"": 22}"
0.8205128205128205,0.8095238095238095,0.851063829787234,0.8835978835978836,36.37666429999808,wine_binary,hybrid_always_trigger_qnn_oriented_qnn,hybrid_always_trigger_qnn_oriented,qnn,0,4,4,16,2.0,1.1,True,qnn_oriented,always_trigger,80,,,,,,,39.306704600006924,,,,,,,,,,,,,,,,0.5897435897435898,1.0,0.6410256410256411,0.12092625399533508,8.914124601266852e-12,37.46153846153846,25.974358974358974,0.2871855102563038,0.13700898101706152,0.0854263790430153,"{""residual+conditioning+solver_failure"": 17, ""residual+conditioning"": 22}"
0.9487179487179487,0.9444444444444444,0.9545454545454546,0.9973544973544973,0.0020595000096363947,wine_binary,hybrid_qnn_lenient_qnn_oriented_logreg,hybrid_qnn_lenient_qnn_oriented,logreg,0,4,4,16,2.0,1.1,True,qnn_oriented,qnn_lenient,80,,,,,,,39.03786979999859,,,,,,,,,,,,,,,,0.5897435897435898,1.0,0.6410256410256411,0.12092625399533508,8.914124601266852e-12,37.46153846153846,25.974358974358974,0.28181900512815145,0.13700898101706152,0.0854263790430153,"{""residual+conditioning+solver_failure"": 17, ""residual+conditioning"": 22}"
0.7948717948717948,0.7817460317460317,0.8333333333333334,0.9656084656084656,0.0010433000134071335,wine_binary,hybrid_qnn_lenient_qnn_oriented_svm_rbf,hybrid_qnn_lenient_qnn_oriented,svm_rbf,0,4,4,16,2.0,1.1,True,qnn_oriented,qnn_lenient,80,,,,,,,39.03786979999859,,,,,,,,,,,,,,,,0.5897435897435898,1.0,0.6410256410256411,0.12092625399533508,8.914124601266852e-12,37.46153846153846,25.974358974358974,0.28181900512815145,0.13700898101706152,0.0854263790430153,"{""residual+conditioning+solver_failure"": 17, ""residual+conditioning"": 22}"
0.8205128205128205,0.8095238095238095,0.851063829787234,0.8835978835978836,37.36591710000357,wine_binary,hybrid_qnn_lenient_qnn_oriented_qnn,hybrid_qnn_lenient_qnn_oriented,qnn,0,4,4,16,2.0,1.1,True,qnn_oriented,qnn_lenient,80,,,,,,,39.03786979999859,,,,,,,,,,,,,,,,0.5897435897435898,1.0,0.6410256410256411,0.12092625399533508,8.914124601266852e-12,37.46153846153846,25.974358974358974,0.28181900512815145,0.13700898101706152,0.0854263790430153,"{""residual+conditioning+solver_failure"": 17, ""residual+conditioning"": 22}"
0.9487179487179487,0.9444444444444444,0.9545454545454546,0.9973544973544973,0.0018505999905755743,wine_binary,forced_qnn_exploratory_logreg,forced_qnn_exploratory,logreg,0,4,4,16,2.0,1.1,True,qnn_exploratory,standard,80,,,,,,,44.39441619999707,0.5897435897435898,0.7948717948717948,0.5641025641025641,0.38461538461538464,0.1315912781936236,0.14517225681830084,0.12074127453818087,1.2574446669765783e-11,0.06505441906324437,37.46153846153846,17.641025641025642,2292.5128205128203,0.34597225641109386,0.13700898101706152,0.0854058474268825,,,,,,,,,,,
0.7948717948717948,0.7817460317460317,0.8333333333333334,0.9656084656084656,0.001026600002660416,wine_binary,forced_qnn_exploratory_svm_rbf,forced_qnn_exploratory,svm_rbf,0,4,4,16,2.0,1.1,True,qnn_exploratory,standard,80,,,,,,,44.39441619999707,0.5897435897435898,0.7948717948717948,0.5641025641025641,0.38461538461538464,0.1315912781936236,0.14517225681830084,0.12074127453818087,1.2574446669765783e-11,0.06505441906324437,37.46153846153846,17.641025641025642,2292.5128205128203,0.34597225641109386,0.13700898101706152,0.0854058474268825,,,,,,,,,,,
0.8461538461538461,0.8373015873015872,0.8695652173913043,0.9100529100529101,37.60514879999391,wine_binary,forced_qnn_exploratory_qnn,forced_qnn_exploratory,qnn,0,4,4,16,2.0,1.1,True,qnn_exploratory,standard,80,,,,,,,44.39441619999707,0.5897435897435898,0.7948717948717948,0.5641025641025641,0.38461538461538464,0.1315912781936236,0.14517225681830084,0.12074127453818087,1.2574446669765783e-11,0.06505441906324437,37.46153846153846,17.641025641025642,2292.5128205128203,0.34597225641109386,0.13700898101706152,0.0854058474268825,,,,,,,,,,,
0.9487179487179487,0.9444444444444444,0.9545454545454546,0.9947089947089947,0.0023896999919088557,wine_binary,hybrid_standard_qnn_exploratory_logreg,hybrid_standard_qnn_exploratory,logreg,0,4,4,16,2.0,1.1,True,qnn_exploratory,standard,80,,,,,,,13.039633199994569,,,,,,,,,,,,,,,,0.5897435897435898,0.4358974358974359,0.2564102564102564,0.12087585157874448,1.2376815140607124e-11,37.46153846153846,32.92307692307692,0.08214575640942293,0.13700898101706152,0.01665023128555422,"{""residual+conditioning+solver_failure"": 16, ""none"": 22, ""conditioning+solver_failure"": 1}"
0.7948717948717948,0.7817460317460317,0.8333333333333334,0.962962962962963,0.0010458000033395365,wine_binary,hybrid_standard_qnn_exploratory_svm_rbf,hybrid_standard_qnn_exploratory,svm_rbf,0,4,4,16,2.0,1.1,True,qnn_exploratory,standard,80,,,,,,,13.039633199994569,,,,,,,,,,,,,,,,0.5897435897435898,0.4358974358974359,0.2564102564102564,0.12087585157874448,1.2376815140607124e-11,37.46153846153846,32.92307692307692,0.08214575640942293,0.13700898101706152,0.01665023128555422,"{""residual+conditioning+solver_failure"": 16, ""none"": 22, ""conditioning+solver_failure"": 1}"
0.8461538461538461,0.8373015873015872,0.8695652173913043,0.9021164021164021,36.82133839999733,wine_binary,hybrid_standard_qnn_exploratory_qnn,hybrid_standard_qnn_exploratory,qnn,0,4,4,16,2.0,1.1,True,qnn_exploratory,standard,80,,,,,,,13.039633199994569,,,,,,,,,,,,,,,,0.5897435897435898,0.4358974358974359,0.2564102564102564,0.12087585157874448,1.2376815140607124e-11,37.46153846153846,32.92307692307692,0.08214575640942293,0.13700898101706152,0.01665023128555422,"{""residual+conditioning+solver_failure"": 16, ""none"": 22, ""conditioning+solver_failure"": 1}"
0.9487179487179487,0.9444444444444444,0.9545454545454546,0.9973544973544973,0.0024711000005481765,wine_binary,hybrid_aggressive_qnn_exploratory_logreg,hybrid_aggressive_qnn_exploratory,logreg,0,4,4,16,2.0,1.1,True,qnn_exploratory,aggressive,80,,,,,,,30.97447590000229,,,,,,,,,,,,,,,,0.5897435897435898,0.6410256410256411,0.4358974358974359,0.12083474335985983,8.914124601266852e-12,37.46153846153846,28.71794871794872,0.1868724282032464,0.13700898101706152,0.05137820129662146,"{""residual+conditioning+solver_failure"": 17, ""none"": 14, ""conditioning"": 8}"
0.7948717948717948,0.7817460317460317,0.8333333333333334,0.9656084656084656,0.0010320000001229346,wine_binary,hybrid_aggressive_qnn_exploratory_svm_rbf,hybrid_aggressive_qnn_exploratory,svm_rbf,0,4,4,16,2.0,1.1,True,qnn_exploratory,aggressive,80,,,,,,,30.97447590000229,,,,,,,,,,,,,,,,0.5897435897435898,0.6410256410256411,0.4358974358974359,0.12083474335985983,8.914124601266852e-12,37.46153846153846,28.71794871794872,0.1868724282032464,0.13700898101706152,0.05137820129662146,"{""residual+conditioning+solver_failure"": 17, ""none"": 14, ""conditioning"": 8}"
0.8461538461538461,0.8412698412698413,0.8636363636363636,0.9153439153439153,36.96621199999936,wine_binary,hybrid_aggressive_qnn_exploratory_qnn,hybrid_aggressive_qnn_exploratory,qnn,0,4,4,16,2.0,1.1,True,qnn_exploratory,aggressive,80,,,,,,,30.97447590000229,,,,,,,,,,,,,,,,0.5897435897435898,0.6410256410256411,0.4358974358974359,0.12083474335985983,8.914124601266852e-12,37.46153846153846,28.71794871794872,0.1868724282032464,0.13700898101706152,0.05137820129662146,"{""residual+conditioning+solver_failure"": 17, ""none"": 14, ""conditioning"": 8}"
0.9743589743589743,0.9722222222222222,0.9767441860465116,0.9973544973544973,0.0025750000058906153,wine_binary,hybrid_always_trigger_qnn_exploratory_logreg,hybrid_always_trigger_qnn_exploratory,logreg,0,4,4,16,2.0,1.1,True,qnn_exploratory,always_trigger,80,,,,,,,45.22033339999325,,,,,,,,,,,,,,,,0.5897435897435898,1.0,0.6410256410256411,0.12082480667567823,6.705998859817987e-12,37.46153846153846,24.53846153846154,0.3428995282044455,0.13700898101706152,0.08535975672842018,"{""residual+conditioning+solver_failure"": 17, ""residual+conditioning"": 22}"
0.7948717948717948,0.7817460317460317,0.8333333333333334,0.9656084656084656,0.0010237000096822158,wine_binary,hybrid_always_trigger_qnn_exploratory_svm_rbf,hybrid_always_trigger_qnn_exploratory,svm_rbf,0,4,4,16,2.0,1.1,True,qnn_exploratory,always_trigger,80,,,,,,,45.22033339999325,,,,,,,,,,,,,,,,0.5897435897435898,1.0,0.6410256410256411,0.12082480667567823,6.705998859817987e-12,37.46153846153846,24.53846153846154,0.3428995282044455,0.13700898101706152,0.08535975672842018,"{""residual+conditioning+solver_failure"": 17, ""residual+conditioning"": 22}"
0.8205128205128205,0.8134920634920635,0.8444444444444444,0.9047619047619049,37.39916859999357,wine_binary,hybrid_always_trigger_qnn_exploratory_qnn,hybrid_always_trigger_qnn_exploratory,qnn,0,4,4,16,2.0,1.1,True,qnn_exploratory,always_trigger,80,,,,,,,45.22033339999325,,,,,,,,,,,,,,,,0.5897435897435898,1.0,0.6410256410256411,0.12082480667567823,6.705998859817987e-12,37.46153846153846,24.53846153846154,0.3428995282044455,0.13700898101706152,0.08535975672842018,"{""residual+conditioning+solver_failure"": 17, ""residual+conditioning"": 22}"
0.9743589743589743,0.9722222222222222,0.9767441860465116,0.9973544973544973,0.0018525999912526459,wine_binary,hybrid_qnn_lenient_qnn_exploratory_logreg,hybrid_qnn_lenient_qnn_exploratory,logreg,0,4,4,16,2.0,1.1,True,qnn_exploratory,qnn_lenient,80,,,,,,,44.42552400000568,,,,,,,,,,,,,,,,0.5897435897435898,1.0,0.6410256410256411,0.12082480667567823,6.705998859817987e-12,37.46153846153846,24.53846153846154,0.33518427435886294,0.13700898101706152,0.08535975672842018,"{""residual+conditioning+solver_failure"": 17, ""residual+conditioning"": 22}"
0.7948717948717948,0.7817460317460317,0.8333333333333334,0.9656084656084656,0.0010212999914074317,wine_binary,hybrid_qnn_lenient_qnn_exploratory_svm_rbf,hybrid_qnn_lenient_qnn_exploratory,svm_rbf,0,4,4,16,2.0,1.1,True,qnn_exploratory,qnn_lenient,80,,,,,,,44.42552400000568,,,,,,,,,,,,,,,,0.5897435897435898,1.0,0.6410256410256411,0.12082480667567823,6.705998859817987e-12,37.46153846153846,24.53846153846154,0.33518427435886294,0.13700898101706152,0.08535975672842018,"{""residual+conditioning+solver_failure"": 17, ""residual+conditioning"": 22}"
0.8205128205128205,0.8134920634920635,0.8444444444444444,0.9047619047619049,37.040343000000576,wine_binary,hybrid_qnn_lenient_qnn_exploratory_qnn,hybrid_qnn_lenient_qnn_exploratory,qnn,0,4,4,16,2.0,1.1,True,qnn_exploratory,qnn_lenient,80,,,,,,,44.42552400000568,,,,,,,,,,,,,,,,0.5897435897435898,1.0,0.6410256410256411,0.12082480667567823,6.705998859817987e-12,37.46153846153846,24.53846153846154,0.33518427435886294,0.13700898101706152,0.08535975672842018,"{""residual+conditioning+solver_failure"": 17, ""residual+conditioning"": 22}"
0.9487179487179487,0.9444444444444444,0.9545454545454546,0.9973544973544973,0.0020585999882314354,wine_binary,forced_no_detector_logreg,forced_no_detector,logreg,0,4,4,16,2.0,1.1,True,no_detector,standard,80,,,,,,,11.043485100002727,0.5897435897435898,0.7692307692307693,0.5641025641025641,0.38461538461538464,0.1315912781936236,0.15000112416725536,0.12071166566841092,1.2574446669765783e-11,0.06576711962224449,37.46153846153846,20.076923076923077,1898.8974358974358,0.07928156923093738,0.13700898101706152,0.07794356205957786,,,,,,,,,,,
0.7948717948717948,0.7817460317460317,0.8333333333333334,0.9656084656084656,0.0010241999989375472,wine_binary,forced_no_detector_svm_rbf,forced_no_detector,svm_rbf,0,4,4,16,2.0,1.1,True,no_detector,standard,80,,,,,,,11.043485100002727,0.5897435897435898,0.7692307692307693,0.5641025641025641,0.38461538461538464,0.1315912781936236,0.15000112416725536,0.12071166566841092,1.2574446669765783e-11,0.06576711962224449,37.46153846153846,20.076923076923077,1898.8974358974358,0.07928156923093738,0.13700898101706152,0.07794356205957786,,,,,,,,,,,
0.8974358974358975,0.8888888888888888,0.9130434782608695,0.8835978835978836,37.177562099997886,wine_binary,forced_no_detector_qnn,forced_no_detector,qnn,0,4,4,16,2.0,1.1,True,no_detector,standard,80,,,,,,,11.043485100002727,0.5897435897435898,0.7692307692307693,0.5641025641025641,0.38461538461538464,0.1315912781936236,0.15000112416725536,0.12071166566841092,1.2574446669765783e-11,0.06576711962224449,37.46153846153846,20.076923076923077,1898.8974358974358,0.07928156923093738,0.13700898101706152,0.07794356205957786,,,,,,,,,,,
0.9487179487179487,0.9444444444444444,0.9545454545454546,0.9947089947089947,0.0019182999967597425,wine_binary,hybrid_standard_no_detector_logreg,hybrid_standard_no_detector,logreg,0,4,4,16,2.0,1.1,True,no_detector,standard,80,,,,,,,3.5030886999884387,,,,,,,,,,,,,,,,0.5897435897435898,0.4358974358974359,0.20512820512820512,0.12092726516845702,1.2376815140607124e-11,37.46153846153846,33.87179487179487,0.01788669743594558,0.13700898101706152,0.016266842841329038,"{""residual+conditioning+solver_failure"": 16, ""none"": 22, ""conditioning+solver_failure"": 1}"
0.7948717948717948,0.7817460317460317,0.8333333333333334,0.962962962962963,0.001039199996739626,wine_binary,hybrid_standard_no_detector_svm_rbf,hybrid_standard_no_detector,svm_rbf,0,4,4,16,2.0,1.1,True,no_detector,standard,80,,,,,,,3.5030886999884387,,,,,,,,,,,,,,,,0.5897435897435898,0.4358974358974359,0.20512820512820512,0.12092726516845702,1.2376815140607124e-11,37.46153846153846,33.87179487179487,0.01788669743594558,0.13700898101706152,0.016266842841329038,"{""residual+conditioning+solver_failure"": 16, ""none"": 22, ""conditioning+solver_failure"": 1}"
0.8461538461538461,0.8373015873015872,0.8695652173913043,0.8809523809523809,36.31210119999014,wine_binary,hybrid_standard_no_detector_qnn,hybrid_standard_no_detector,qnn,0,4,4,16,2.0,1.1,True,no_detector,standard,80,,,,,,,3.5030886999884387,,,,,,,,,,,,,,,,0.5897435897435898,0.4358974358974359,0.20512820512820512,0.12092726516845702,1.2376815140607124e-11,37.46153846153846,33.87179487179487,0.01788669743594558,0.13700898101706152,0.016266842841329038,"{""residual+conditioning+solver_failure"": 16, ""none"": 22, ""conditioning+solver_failure"": 1}"
0.9487179487179487,0.9444444444444444,0.9545454545454546,0.9973544973544973,0.0020850999862886965,wine_binary,hybrid_aggressive_no_detector_logreg,hybrid_aggressive_no_detector,logreg,0,4,4,16,2.0,1.1,True,no_detector,aggressive,80,,,,,,,8.025138099998003,,,,,,,,,,,,,,,,0.5897435897435898,0.6410256410256411,0.38461538461538464,0.1209272651674256,8.914124601266852e-12,37.46153846153846,30.46153846153846,0.04567941794886839,0.13700898101706152,0.05561931968190215,"{""residual+conditioning+solver_failure"": 17, ""none"": 14, ""conditioning"": 8}"
0.7948717948717948,0.7817460317460317,0.8333333333333334,0.962962962962963,0.001028499988024123,wine_binary,hybrid_aggressive_no_detector_svm_rbf,hybrid_aggressive_no_detector,svm_rbf,0,4,4,16,2.0,1.1,True,no_detector,aggressive,80,,,,,,,8.025138099998003,,,,,,,,,,,,,,,,0.5897435897435898,0.6410256410256411,0.38461538461538464,0.1209272651674256,8.914124601266852e-12,37.46153846153846,30.46153846153846,0.04567941794886839,0.13700898101706152,0.05561931968190215,"{""residual+conditioning+solver_failure"": 17, ""none"": 14, ""conditioning"": 8}"
0.8974358974358975,0.8888888888888888,0.9130434782608695,0.8756613756613757,35.971285399995395,wine_binary,hybrid_aggressive_no_detector_qnn,hybrid_aggressive_no_detector,qnn,0,4,4,16,2.0,1.1,True,no_detector,aggressive,80,,,,,,,8.025138099998003,,,,,,,,,,,,,,,,0.5897435897435898,0.6410256410256411,0.38461538461538464,0.1209272651674256,8.914124601266852e-12,37.46153846153846,30.46153846153846,0.04567941794886839,0.13700898101706152,0.05561931968190215,"{""residual+conditioning+solver_failure"": 17, ""none"": 14, ""conditioning"": 8}"
0.9487179487179487,0.9444444444444444,0.9545454545454546,0.9973544973544973,0.0019467999954940751,wine_binary,hybrid_always_trigger_no_detector_logreg,hybrid_always_trigger_no_detector,logreg,0,4,4,16,2.0,1.1,True,no_detector,always_trigger,80,,,,,,,11.070219000001089,,,,,,,,,,,,,,,,0.5897435897435898,1.0,0.5641025641025641,0.12092726516688417,8.914124601266852e-12,37.46153846153846,27.897435897435898,0.07956079999880436,0.13700898101706152,0.07794356205957786,"{""residual+conditioning+solver_failure"": 17, ""residual+conditioning"": 22}"
0.7948717948717948,0.7817460317460317,0.8333333333333334,0.9656084656084656,0.0014280000032158569,wine_binary,hybrid_always_trigger_no_detector_svm_rbf,hybrid_always_trigger_no_detector,svm_rbf,0,4,4,16,2.0,1.1,True,no_detector,always_trigger,80,,,,,,,11.070219000001089,,,,,,,,,,,,,,,,0.5897435897435898,1.0,0.5641025641025641,0.12092726516688417,8.914124601266852e-12,37.46153846153846,27.897435897435898,0.07956079999880436,0.13700898101706152,0.07794356205957786,"{""residual+conditioning+solver_failure"": 17, ""residual+conditioning"": 22}"
0.8205128205128205,0.8095238095238095,0.851063829787234,0.8968253968253969,36.68134350000764,wine_binary,hybrid_always_trigger_no_detector_qnn,hybrid_always_trigger_no_detector,qnn,0,4,4,16,2.0,1.1,True,no_detector,always_trigger,80,,,,,,,11.070219000001089,,,,,,,,,,,,,,,,0.5897435897435898,1.0,0.5641025641025641,0.12092726516688417,8.914124601266852e-12,37.46153846153846,27.897435897435898,0.07956079999880436,0.13700898101706152,0.07794356205957786,"{""residual+conditioning+solver_failure"": 17, ""residual+conditioning"": 22}"
0.9487179487179487,0.9444444444444444,0.9545454545454546,0.9973544973544973,0.0023858999920776114,wine_binary,hybrid_qnn_lenient_no_detector_logreg,hybrid_qnn_lenient_no_detector,logreg,0,4,4,16,2.0,1.1,True,no_detector,qnn_lenient,80,,,,,,,11.060805400004028,,,,,,,,,,,,,,,,0.5897435897435898,1.0,0.5641025641025641,0.12092726516688417,8.914124601266852e-12,37.46153846153846,27.897435897435898,0.07949552820579041,0.13700898101706152,0.07794356205957786,"{""residual+conditioning+solver_failure"": 17, ""residual+conditioning"": 22}"
0.7948717948717948,0.7817460317460317,0.8333333333333334,0.9656084656084656,0.0012023000017507002,wine_binary,hybrid_qnn_lenient_no_detector_svm_rbf,hybrid_qnn_lenient_no_detector,svm_rbf,0,4,4,16,2.0,1.1,True,no_detector,qnn_lenient,80,,,,,,,11.060805400004028,,,,,,,,,,,,,,,,0.5897435897435898,1.0,0.5641025641025641,0.12092726516688417,8.914124601266852e-12,37.46153846153846,27.897435897435898,0.07949552820579041,0.13700898101706152,0.07794356205957786,"{""residual+conditioning+solver_failure"": 17, ""residual+conditioning"": 22}"
0.8205128205128205,0.8095238095238095,0.851063829787234,0.8968253968253969,36.883009900004254,wine_binary,hybrid_qnn_lenient_no_detector_qnn,hybrid_qnn_lenient_no_detector,qnn,0,4,4,16,2.0,1.1,True,no_detector,qnn_lenient,80,,,,,,,11.060805400004028,,,,,,,,,,,,,,,,0.5897435897435898,1.0,0.5641025641025641,0.12092726516688417,8.914124601266852e-12,37.46153846153846,27.897435897435898,0.07949552820579041,0.13700898101706152,0.07794356205957786,"{""residual+conditioning+solver_failure"": 17, ""residual+conditioning"": 22}"
0.9230769230769231,0.9206349206349206,0.9302325581395349,0.9920634920634921,0.002485799996065907,wine_binary,forced_residual_only_logreg,forced_residual_only,logreg,0,4,4,16,2.0,1.1,True,residual_only,standard,80,,,,,,,5.403827699992689,0.5897435897435898,0.7948717948717948,0.5641025641025641,0.38461538461538464,0.1315912781936236,0.14632025786727668,0.12342920106924933,1.2574446669765783e-11,0.04972704862811015,37.46153846153846,11.35897435897436,2100.7179487179487,0.038840535895687,0.13700898101706152,0.08232696130715875,,,,,,,,,,,
0.8205128205128205,0.8095238095238095,0.851063829787234,0.9708994708994709,0.0012095999991288409,wine_binary,forced_residual_only_svm_rbf,forced_residual_only,svm_rbf,0,4,4,16,2.0,1.1,True,residual_only,standard,80,,,,,,,5.403827699992689,0.5897435897435898,0.7948717948717948,0.5641025641025641,0.38461538461538464,0.1315912781936236,0.14632025786727668,0.12342920106924933,1.2574446669765783e-11,0.04972704862811015,37.46153846153846,11.35897435897436,2100.7179487179487,0.038840535895687,0.13700898101706152,0.08232696130715875,,,,,,,,,,,
0.7692307692307693,0.7658730158730158,0.7906976744186046,0.828042328042328,37.49840399999812,wine_binary,forced_residual_only_qnn,forced_residual_only,qnn,0,4,4,16,2.0,1.1,True,residual_only,standard,80,,,,,,,5.403827699992689,0.5897435897435898,0.7948717948717948,0.5641025641025641,0.38461538461538464,0.1315912781936236,0.14632025786727668,0.12342920106924933,1.2574446669765783e-11,0.04972704862811015,37.46153846153846,11.35897435897436,2100.7179487179487,0.038840535895687,0.13700898101706152,0.08232696130715875,,,,,,,,,,,
0.9487179487179487,0.9444444444444444,0.9545454545454546,0.9947089947089947,0.001512300004833378,wine_binary,hybrid_standard_residual_only_logreg,hybrid_standard_residual_only,logreg,0,4,4,16,2.0,1.1,True,residual_only,standard,80,,,,,,,1.8626133000070695,,,,,,,,,,,,,,,,0.5897435897435898,0.4358974358974359,0.3076923076923077,0.12351758521007812,1.2376815140607124e-11,37.46153846153846,26.256410256410255,0.010519471796354853,0.13700898101706152,0.021346134048961605,"{""residual+conditioning+solver_failure"": 16, ""none"": 22, ""conditioning+solver_failure"": 1}"
0.8205128205128205,0.8095238095238095,0.851063829787234,0.9682539682539684,0.0010390000097686425,wine_binary,hybrid_standard_residual_only_svm_rbf,hybrid_standard_residual_only,svm_rbf,0,4,4,16,2.0,1.1,True,residual_only,standard,80,,,,,,,1.8626133000070695,,,,,,,,,,,,,,,,0.5897435897435898,0.4358974358974359,0.3076923076923077,0.12351758521007812,1.2376815140607124e-11,37.46153846153846,26.256410256410255,0.010519471796354853,0.13700898101706152,0.021346134048961605,"{""residual+conditioning+solver_failure"": 16, ""none"": 22, ""conditioning+solver_failure"": 1}"
0.8974358974358975,0.8928571428571428,0.9090909090909091,0.8968253968253969,36.61641280000913,wine_binary,hybrid_standard_residual_only_qnn,hybrid_standard_residual_only,qnn,0,4,4,16,2.0,1.1,True,residual_only,standard,80,,,,,,,1.8626133000070695,,,,,,,,,,,,,,,,0.5897435897435898,0.4358974358974359,0.3076923076923077,0.12351758521007812,1.2376815140607124e-11,37.46153846153846,26.256410256410255,0.010519471796354853,0.13700898101706152,0.021346134048961605,"{""residual+conditioning+solver_failure"": 16, ""none"": 22, ""conditioning+solver_failure"": 1}"
0.9487179487179487,0.9444444444444444,0.9545454545454546,0.9973544973544973,0.0019628999871201813,wine_binary,hybrid_aggressive_residual_only_logreg,hybrid_aggressive_residual_only,logreg,0,4,4,16,2.0,1.1,True,residual_only,aggressive,80,,,,,,,3.856032600000617,,,,,,,,,,,,,,,,0.5897435897435898,0.6410256410256411,0.48717948717948717,0.12351758520904668,8.914124601266852e-12,37.46153846153846,23.128205128205128,0.022427002563535307,0.13700898101706152,0.05912283069559503,"{""residual+conditioning+solver_failure"": 17, ""none"": 14, ""conditioning"": 8}"
0.8205128205128205,0.8095238095238095,0.851063829787234,0.9708994708994709,0.0010297999979229644,wine_binary,hybrid_aggressive_residual_only_svm_rbf,hybrid_aggressive_residual_only,svm_rbf,0,4,4,16,2.0,1.1,True,residual_only,aggressive,80,,,,,,,3.856032600000617,,,,,,,,,,,,,,,,0.5897435897435898,0.6410256410256411,0.48717948717948717,0.12351758520904668,8.914124601266852e-12,37.46153846153846,23.128205128205128,0.022427002563535307,0.13700898101706152,0.05912283069559503,"{""residual+conditioning+solver_failure"": 17, ""none"": 14, ""conditioning"": 8}"
0.7948717948717948,0.7936507936507937,0.8095238095238095,0.835978835978836,37.62718000001041,wine_binary,hybrid_aggressive_residual_only_qnn,hybrid_aggressive_residual_only,qnn,0,4,4,16,2.0,1.1,True,residual_only,aggressive,80,,,,,,,3.856032600000617,,,,,,,,,,,,,,,,0.5897435897435898,0.6410256410256411,0.48717948717948717,0.12351758520904668,8.914124601266852e-12,37.46153846153846,23.128205128205128,0.022427002563535307,0.13700898101706152,0.05912283069559503,"{""residual+conditioning+solver_failure"": 17, ""none"": 14, ""conditioning"": 8}"
0.9487179487179487,0.9484126984126984,0.9523809523809523,0.9920634920634921,0.0023529999889433384,wine_binary,hybrid_always_trigger_residual_only_logreg,hybrid_always_trigger_residual_only,logreg,0,4,4,16,2.0,1.1,True,residual_only,always_trigger,80,,,,,,,5.3230088999989675,,,,,,,,,,,,,,,,0.5897435897435898,1.0,0.6666666666666666,0.12351758520832774,6.705998859817987e-12,37.46153846153846,20.0,0.03841337179339742,0.13700898101706152,0.08232696130715875,"{""residual+conditioning+solver_failure"": 17, ""residual+conditioning"": 22}"
0.8205128205128205,0.8095238095238095,0.851063829787234,0.9708994708994709,0.0010212000051978976,wine_binary,hybrid_always_trigger_residual_only_svm_rbf,hybrid_always_trigger_residual_only,svm_rbf,0,4,4,16,2.0,1.1,True,residual_only,always_trigger,80,,,,,,,5.3230088999989675,,,,,,,,,,,,,,,,0.5897435897435898,1.0,0.6666666666666666,0.12351758520832774,6.705998859817987e-12,37.46153846153846,20.0,0.03841337179339742,0.13700898101706152,0.08232696130715875,"{""residual+conditioning+solver_failure"": 17, ""residual+conditioning"": 22}"
0.7692307692307693,0.7658730158730158,0.7906976744186046,0.8121693121693122,36.38103419999243,wine_binary,hybrid_always_trigger_residual_only_qnn,hybrid_always_trigger_residual_only,qnn,0,4,4,16,2.0,1.1,True,residual_only,always_trigger,80,,,,,,,5.3230088999989675,,,,,,,,,,,,,,,,0.5897435897435898,1.0,0.6666666666666666,0.12351758520832774,6.705998859817987e-12,37.46153846153846,20.0,0.03841337179339742,0.13700898101706152,0.08232696130715875,"{""residual+conditioning+solver_failure"": 17, ""residual+conditioning"": 22}"
0.9487179487179487,0.9484126984126984,0.9523809523809523,0.9920634920634921,0.002129500004230067,wine_binary,hybrid_qnn_lenient_residual_only_logreg,hybrid_qnn_lenient_residual_only,logreg,0,4,4,16,2.0,1.1,True,residual_only,qnn_lenient,80,,,,,,,5.333803999994416,,,,,,,,,,,,,,,,0.5897435897435898,1.0,0.6666666666666666,0.12351758520832774,6.705998859817987e-12,37.46153846153846,20.0,0.03858973333374776,0.13700898101706152,0.08232696130715875,"{""residual+conditioning+solver_failure"": 17, ""residual+conditioning"": 22}"
0.8205128205128205,0.8095238095238095,0.851063829787234,0.9708994708994709,0.0010194000060437247,wine_binary,hybrid_qnn_lenient_residual_only_svm_rbf,hybrid_qnn_lenient_residual_only,svm_rbf,0,4,4,16,2.0,1.1,True,residual_only,qnn_lenient,80,,,,,,,5.333803999994416,,,,,,,,,,,,,,,,0.5897435897435898,1.0,0.6666666666666666,0.12351758520832774,6.705998859817987e-12,37.46153846153846,20.0,0.03858973333374776,0.13700898101706152,0.08232696130715875,"{""residual+conditioning+solver_failure"": 17, ""residual+conditioning"": 22}"
0.7692307692307693,0.7658730158730158,0.7906976744186046,0.8121693121693122,37.13340710000193,wine_binary,hybrid_qnn_lenient_residual_only_qnn,hybrid_qnn_lenient_residual_only,qnn,0,4,4,16,2.0,1.1,True,residual_only,qnn_lenient,80,,,,,,,5.333803999994416,,,,,,,,,,,,,,,,0.5897435897435898,1.0,0.6666666666666666,0.12351758520832774,6.705998859817987e-12,37.46153846153846,20.0,0.03858973333374776,0.13700898101706152,0.08232696130715875,"{""residual+conditioning+solver_failure"": 17, ""residual+conditioning"": 22}"
0.9487179487179487,0.9484126984126984,0.9523809523809523,0.9973544973544973,0.0016663999995216727,wine_binary,pca_logreg,pca,logreg,1,4,4,16,2.0,1.1,True,full_balanced,standard,80,,,,,,,,,,,,,,,,,,,,,,,,,,,,,,,,,
0.9743589743589743,0.9722222222222222,0.9767441860465116,0.9973544973544973,0.048824099998455495,wine_binary,pca_mlp,pca,mlp,1,4,4,16,2.0,1.1,True,full_balanced,standard,80,,,,,,,,,,,,,,,,,,,,,,,,,,,,,,,,,
0.9743589743589743,0.9722222222222222,0.9767441860465116,0.9947089947089947,0.0010712999937823042,wine_binary,pca_svm_rbf,pca,svm_rbf,1,4,4,16,2.0,1.1,True,full_balanced,standard,80,,,,,,,,,,,,,,,,,,,,,,,,,,,,,,,,,
0.9743589743589743,0.9722222222222222,0.9767441860465116,0.9920634920634921,36.832328100004815,wine_binary,pca_qnn,pca,qnn,1,4,4,16,2.0,1.1,True,full_balanced,standard,80,,,,,,,,,,,,,,,,,,,,,,,,,,,,,,,,,
0.9743589743589743,0.9722222222222222,0.9767441860465116,0.9894179894179894,0.0029217000119388103,wine_binary,implicit_zero_logreg,implicit_zero,logreg,1,4,4,16,2.0,1.1,True,full_balanced,standard,80,0.8205128205128205,0.03751669852325293,4.760538478220413e-12,34.53846153846154,0.00028220256335305003,0.1785142865749444,0.03983729999163188,,,,,,,,,,,,,,,,,,,,,,,,,,
0.8461538461538461,0.8452380952380952,0.8571428571428571,0.9523809523809523,0.0012430000060703605,wine_binary,implicit_zero_svm_rbf,implicit_zero,svm_rbf,1,4,4,16,2.0,1.1,True,full_balanced,standard,80,0.8205128205128205,0.03751669852325293,4.760538478220413e-12,34.53846153846154,0.00028220256335305003,0.1785142865749444,0.03983729999163188,,,,,,,,,,,,,,,,,,,,,,,,,,
0.9487179487179487,0.9444444444444444,0.9545454545454546,0.9523809523809523,37.25384330000088,wine_binary,implicit_zero_qnn,implicit_zero,qnn,1,4,4,16,2.0,1.1,True,full_balanced,standard,80,0.8205128205128205,0.03751669852325293,4.760538478220413e-12,34.53846153846154,0.00028220256335305003,0.1785142865749444,0.03983729999163188,,,,,,,,,,,,,,,,,,,,,,,,,,
0.9743589743589743,0.9722222222222222,0.9767441860465116,0.9920634920634921,0.002845900002284907,wine_binary,forced_full_light_logreg,forced_full_light,logreg,1,4,4,16,2.0,1.1,True,full_light,standard,80,,,,,,,21.56467039999552,0.8461538461538461,0.5128205128205128,0.8205128205128205,0.46153846153846156,0.03751669852325293,0.11434928682827493,0.03142698230649587,4.760538478220413e-12,0.011132936040576398,34.53846153846154,17.794871794871796,1931.5897435897436,0.17605299487201057,0.1785142865749444,0.09121234867185438,,,,,,,,,,,
0.8717948717948718,0.8690476190476191,0.8837209302325582,0.9708994708994709,0.001144699999713339,wine_binary,forced_full_light_svm_rbf,forced_full_light,svm_rbf,1,4,4,16,2.0,1.1,True,full_light,standard,80,,,,,,,21.56467039999552,0.8461538461538461,0.5128205128205128,0.8205128205128205,0.46153846153846156,0.03751669852325293,0.11434928682827493,0.03142698230649587,4.760538478220413e-12,0.011132936040576398,34.53846153846154,17.794871794871796,1931.5897435897436,0.17605299487201057,0.1785142865749444,0.09121234867185438,,,,,,,,,,,
0.9230769230769231,0.9206349206349206,0.9302325581395349,0.9576719576719577,35.76296330000332,wine_binary,forced_full_light_qnn,forced_full_light,qnn,1,4,4,16,2.0,1.1,True,full_light,standard,80,,,,,,,21.56467039999552,0.8461538461538461,0.5128205128205128,0.8205128205128205,0.46153846153846156,0.03751669852325293,0.11434928682827493,0.03142698230649587,4.760538478220413e-12,0.011132936040576398,34.53846153846154,17.794871794871796,1931.5897435897436,0.17605299487201057,0.1785142865749444,0.09121234867185438,,,,,,,,,,,
0.9743589743589743,0.9722222222222222,0.9767441860465116,0.9920634920634921,0.0025378999998793006,wine_binary,hybrid_standard_full_light_logreg,hybrid_standard_full_light,logreg,1,4,4,16,2.0,1.1,True,full_light,standard,80,,,,,,,4.5914461000065785,,,,,,,,,,,,,,,,0.8461538461538461,0.3076923076923077,0.1794871794871795,0.03151891580372734,4.03147065349169e-12,34.53846153846154,28.333333333333332,0.05762311794835394,0.1785142865749444,0.04477450153578157,"{""none"": 27, ""residual+conditioning+solver_failure"": 6, ""conditioning"": 5, ""conditioning+solver_failure"": 1}"
0.8461538461538461,0.8452380952380952,0.8571428571428571,0.9682539682539683,0.0011245999921811745,wine_binary,hybrid_standard_full_light_svm_rbf,hybrid_standard_full_light,svm_rbf,1,4,4,16,2.0,1.1,True,full_light,standard,80,,,,,,,4.5914461000065785,,,,,,,,,,,,,,,,0.8461538461538461,0.3076923076923077,0.1794871794871795,0.03151891580372734,4.03147065349169e-12,34.53846153846154,28.333333333333332,0.05762311794835394,0.1785142865749444,0.04477450153578157,"{""none"": 27, ""residual+conditioning+solver_failure"": 6, ""conditioning"": 5, ""conditioning+solver_failure"": 1}"
0.9230769230769231,0.9206349206349206,0.9302325581395349,0.9603174603174602,35.69753710000077,wine_binary,hybrid_standard_full_light_qnn,hybrid_standard_full_light,qnn,1,4,4,16,2.0,1.1,True,full_light,standard,80,,,,,,,4.5914461000065785,,,,,,,,,,,,,,,,0.8461538461538461,0.3076923076923077,0.1794871794871795,0.03151891580372734,4.03147065349169e-12,34.53846153846154,28.333333333333332,0.05762311794835394,0.1785142865749444,0.04477450153578157,"{""none"": 27, ""residual+conditioning+solver_failure"": 6, ""conditioning"": 5, ""conditioning+solver_failure"": 1}"
0.9743589743589743,0.9722222222222222,0.9767441860465116,0.9920634920634921,0.002226999989943579,wine_binary,hybrid_aggressive_full_light_logreg,hybrid_aggressive_full_light,logreg,1,4,4,16,2.0,1.1,True,full_light,aggressive,80,,,,,,,10.698400100009167,,,,,,,,,,,,,,,,0.8461538461538461,0.48717948717948717,0.28205128205128205,0.0315186303441141,2.330617171109365e-12,34.53846153846154,26.076923076923077,0.0957016051285721,0.1785142865749444,0.04483239771833648,"{""none"": 20, ""residual+conditioning+solver_failure"": 6, ""conditioning"": 12, ""conditioning+solver_failure"": 1}"
0.8717948717948718,0.8690476190476191,0.8837209302325582,0.9708994708994709,0.0011169999925186858,wine_binary,hybrid_aggressive_full_light_svm_rbf,hybrid_aggressive_full_light,svm_rbf,1,4,4,16,2.0,1.1,True,full_light,aggressive,80,,,,,,,10.698400100009167,,,,,,,,,,,,,,,,0.8461538461538461,0.48717948717948717,0.28205128205128205,0.0315186303441141,2.330617171109365e-12,34.53846153846154,26.076923076923077,0.0957016051285721,0.1785142865749444,0.04483239771833648,"{""none"": 20, ""residual+conditioning+solver_failure"": 6, ""conditioning"": 12, ""conditioning+solver_failure"": 1}"
0.9230769230769231,0.9206349206349206,0.9302325581395349,0.9603174603174602,36.012893199993414,wine_binary,hybrid_aggressive_full_light_qnn,hybrid_aggressive_full_light,qnn,1,4,4,16,2.0,1.1,True,full_light,aggressive,80,,,,,,,10.698400100009167,,,,,,,,,,,,,,,,0.8461538461538461,0.48717948717948717,0.28205128205128205,0.0315186303441141,2.330617171109365e-12,34.53846153846154,26.076923076923077,0.0957016051285721,0.1785142865749444,0.04483239771833648,"{""none"": 20, ""residual+conditioning+solver_failure"": 6, ""conditioning"": 12, ""conditioning+solver_failure"": 1}"
0.9743589743589743,0.9722222222222222,0.9767441860465116,0.9947089947089947,0.0023519999958807603,wine_binary,hybrid_always_trigger_full_light_logreg,hybrid_always_trigger_full_light,logreg,1,4,4,16,2.0,1.1,True,full_light,always_trigger,80,,,,,,,21.580077899998287,,,,,,,,,,,,,,,,0.8461538461538461,1.0,0.48717948717948717,0.03153002710178174,1.5485664176679162e-12,34.53846153846154,21.641025641025642,0.17334586666756643,0.1785142865749444,0.09095491818761318,"{""residual+conditioning"": 32, ""residual+conditioning+solver_failure"": 7}"
0.8974358974358975,0.8928571428571428,0.9090909090909091,0.9761904761904763,0.0011393999884603545,wine_binary,hybrid_always_trigger_full_light_svm_rbf,hybrid_always_trigger_full_light,svm_rbf,1,4,4,16,2.0,1.1,True,full_light,always_trigger,80,,,,,,,21.580077899998287,,,,,,,,,,,,,,,,0.8461538461538461,1.0,0.48717948717948717,0.03153002710178174,1.5485664176679162e-12,34.53846153846154,21.641025641025642,0.17334586666756643,0.1785142865749444,0.09095491818761318,"{""residual+conditioning"": 32, ""residual+conditioning+solver_failure"": 7}"
0.8717948717948718,0.8690476190476191,0.8837209302325582,0.925925925925926,36.71796739999263,wine_binary,hybrid_always_trigger_full_light_qnn,hybrid_always_trigger_full_light,qnn,1,4,4,16,2.0,1.1,True,full_light,always_trigger,80,,,,,,,21.580077899998287,,,,,,,,,,,,,,,,0.8461538461538461,1.0,0.48717948717948717,0.03153002710178174,1.5485664176679162e-12,34.53846153846154,21.641025641025642,0.17334586666756643,0.1785142865749444,0.09095491818761318,"{""residual+conditioning"": 32, ""residual+conditioning+solver_failure"": 7}"
0.9743589743589743,0.9722222222222222,0.9767441860465116,0.9947089947089947,0.0021284000104060397,wine_binary,hybrid_qnn_lenient_full_light_logreg,hybrid_qnn_lenient_full_light,logreg,1,4,4,16,2.0,1.1,True,full_light,qnn_lenient,80,,,,,,,21.512380400003167,,,,,,,,,,,,,,,,0.8461538461538461,1.0,0.5128205128205128,0.033029428580788917,1.5485664176679162e-12,34.53846153846154,21.743589743589745,0.1729251923079107,0.1785142865749444,0.09095491818761318,"{""residual+conditioning"": 32, ""residual+conditioning+solver_failure"": 7}"
0.8974358974358975,0.8928571428571428,0.9090909090909091,0.9761904761904763,0.001188399997772649,wine_binary,hybrid_qnn_lenient_full_light_svm_rbf,hybrid_qnn_lenient_full_light,svm_rbf,1,4,4,16,2.0,1.1,True,full_light,qnn_lenient,80,,,,,,,21.512380400003167,,,,,,,,,,,,,,,,0.8461538461538461,1.0,0.5128205128205128,0.033029428580788917,1.5485664176679162e-12,34.53846153846154,21.743589743589745,0.1729251923079107,0.1785142865749444,0.09095491818761318,"{""residual+conditioning"": 32, ""residual+conditioning+solver_failure"": 7}"
0.8717948717948718,0.8690476190476191,0.8837209302325582,0.9285714285714286,36.838207499997225,wine_binary,hybrid_qnn_lenient_full_light_qnn,hybrid_qnn_lenient_full_light,qnn,1,4,4,16,2.0,1.1,True,full_light,qnn_lenient,80,,,,,,,21.512380400003167,,,,,,,,,,,,,,,,0.8461538461538461,1.0,0.5128205128205128,0.033029428580788917,1.5485664176679162e-12,34.53846153846154,21.743589743589745,0.1729251923079107,0.1785142865749444,0.09095491818761318,"{""residual+conditioning"": 32, ""residual+conditioning+solver_failure"": 7}"
0.9743589743589743,0.9722222222222222,0.9767441860465116,0.9894179894179894,0.0022078000038163736,wine_binary,forced_full_balanced_logreg,forced_full_balanced,logreg,1,4,4,16,2.0,1.1,True,full_balanced,standard,80,,,,,,,28.09516789999907,0.8461538461538461,0.48717948717948717,0.8205128205128205,0.46153846153846156,0.03751669852325293,0.12553235400964352,0.03154185059997578,4.760538478220413e-12,0.010986792079351604,34.53846153846154,19.53846153846154,2214.4871794871797,0.24022103076873838,0.1785142865749444,0.0960212104514559,,,,,,,,,,,
0.9230769230769231,0.9166666666666667,0.9333333333333333,0.9708994708994709,0.0011095999943790957,wine_binary,forced_full_balanced_svm_rbf,forced_full_balanced,svm_rbf,1,4,4,16,2.0,1.1,True,full_balanced,standard,80,,,,,,,28.09516789999907,0.8461538461538461,0.48717948717948717,0.8205128205128205,0.46153846153846156,0.03751669852325293,0.12553235400964352,0.03154185059997578,4.760538478220413e-12,0.010986792079351604,34.53846153846154,19.53846153846154,2214.4871794871797,0.24022103076873838,0.1785142865749444,0.0960212104514559,,,,,,,,,,,
0.8974358974358975,0.8968253968253967,0.9047619047619048,0.9470899470899471,37.75314939999953,wine_binary,forced_full_balanced_qnn,forced_full_balanced,qnn,1,4,4,16,2.0,1.1,True,full_balanced,standard,80,,,,,,,28.09516789999907,0.8461538461538461,0.48717948717948717,0.8205128205128205,0.46153846153846156,0.03751669852325293,0.12553235400964352,0.03154185059997578,4.760538478220413e-12,0.010986792079351604,34.53846153846154,19.53846153846154,2214.4871794871797,0.24022103076873838,0.1785142865749444,0.0960212104514559,,,,,,,,,,,
0.9743589743589743,0.9722222222222222,0.9767441860465116,0.9894179894179894,0.0021560000022873282,wine_binary,hybrid_standard_full_balanced_logreg,hybrid_standard_full_balanced,logreg,1,4,4,16,2.0,1.1,True,full_balanced,standard,80,,,,,,,5.414801200007787,,,,,,,,,,,,,,,,0.8461538461538461,0.3076923076923077,0.20512820512820512,0.03154170954806088,4.03147065349169e-12,34.53846153846154,27.794871794871796,0.07840826153831305,0.1785142865749444,0.04442179650292496,"{""none"": 27, ""residual+conditioning+solver_failure"": 6, ""conditioning"": 5, ""conditioning+solver_failure"": 1}"
0.9230769230769231,0.9166666666666667,0.9333333333333333,0.9656084656084656,0.0011337999894749373,wine_binary,hybrid_standard_full_balanced_svm_rbf,hybrid_standard_full_balanced,svm_rbf,1,4,4,16,2.0,1.1,True,full_balanced,standard,80,,,,,,,5.414801200007787,,,,,,,,,,,,,,,,0.8461538461538461,0.3076923076923077,0.20512820512820512,0.03154170954806088,4.03147065349169e-12,34.53846153846154,27.794871794871796,0.07840826153831305,0.1785142865749444,0.04442179650292496,"{""none"": 27, ""residual+conditioning+solver_failure"": 6, ""conditioning"": 5, ""conditioning+solver_failure"": 1}"
0.8974358974358975,0.8968253968253967,0.9047619047619048,0.9391534391534392,36.70005050000327,wine_binary,hybrid_standard_full_balanced_qnn,hybrid_standard_full_balanced,qnn,1,4,4,16,2.0,1.1,True,full_balanced,standard,80,,,,,,,5.414801200007787,,,,,,,,,,,,,,,,0.8461538461538461,0.3076923076923077,0.20512820512820512,0.03154170954806088,4.03147065349169e-12,34.53846153846154,27.794871794871796,0.07840826153831305,0.1785142865749444,0.04442179650292496,"{""none"": 27, ""residual+conditioning+solver_failure"": 6, ""conditioning"": 5, ""conditioning+solver_failure"": 1}"
0.9743589743589743,0.9722222222222222,0.9767441860465116,0.9894179894179894,0.002047600006335415,wine_binary,hybrid_aggressive_full_balanced_logreg,hybrid_aggressive_full_balanced,logreg,1,4,4,16,2.0,1.1,True,full_balanced,aggressive,80,,,,,,,14.094780500003253,,,,,,,,,,,,,,,,0.8461538461538461,0.48717948717948717,0.28205128205128205,0.03154221874817386,2.9928689269138497e-12,34.53846153846154,26.205128205128204,0.12934684102723482,0.1785142865749444,0.04021801609161374,"{""none"": 20, ""residual+conditioning+solver_failure"": 6, ""conditioning"": 12, ""conditioning+solver_failure"": 1}"
0.9230769230769231,0.9166666666666667,0.9333333333333333,0.9708994708994709,0.0011202000023331493,wine_binary,hybrid_aggressive_full_balanced_svm_rbf,hybrid_aggressive_full_balanced,svm_rbf,1,4,4,16,2.0,1.1,True,full_balanced,aggressive,80,,,,,,,14.094780500003253,,,,,,,,,,,,,,,,0.8461538461538461,0.48717948717948717,0.28205128205128205,0.03154221874817386,2.9928689269138497e-12,34.53846153846154,26.205128205128204,0.12934684102723482,0.1785142865749444,0.04021801609161374,"{""none"": 20, ""residual+conditioning+solver_failure"": 6, ""conditioning"": 12, ""conditioning+solver_failure"": 1}"
0.8717948717948718,0.873015873015873,0.8780487804878049,0.9523809523809524,35.88717880001059,wine_binary,hybrid_aggressive_full_balanced_qnn,hybrid_aggressive_full_balanced,qnn,1,4,4,16,2.0,1.1,True,full_balanced,aggressive,80,,,,,,,14.094780500003253,,,,,,,,,,,,,,,,0.8461538461538461,0.48717948717948717,0.28205128205128205,0.03154221874817386,2.9928689269138497e-12,34.53846153846154,26.205128205128204,0.12934684102723482,0.1785142865749444,0.04021801609161374,"{""none"": 20, ""residual+conditioning+solver_failure"": 6, ""conditioning"": 12, ""conditioning+solver_failure"": 1}"
0.9743589743589743,0.9722222222222222,0.9767441860465116,0.9894179894179894,0.0026036999915959314,wine_binary,hybrid_always_trigger_full_balanced_logreg,hybrid_always_trigger_full_balanced,logreg,1,4,4,16,2.0,1.1,True,full_balanced,always_trigger,80,,,,,,,28.503819100005785,,,,,,,,,,,,,,,,0.8461538461538461,1.0,0.46153846153846156,0.03154076175308054,1.5485664176679162e-12,34.53846153846154,22.153846153846153,0.24089232820477216,0.1785142865749444,0.08737139996329844,"{""residual+conditioning"": 32, ""residual+conditioning+solver_failure"": 7}"
0.9230769230769231,0.9166666666666667,0.9333333333333333,0.9708994708994709,0.0010863000061362982,wine_binary,hybrid_always_trigger_full_balanced_svm_rbf,hybrid_always_trigger_full_balanced,svm_rbf,1,4,4,16,2.0,1.1,True,full_balanced,always_trigger,80,,,,,,,28.503819100005785,,,,,,,,,,,,,,,,0.8461538461538461,1.0,0.46153846153846156,0.03154076175308054,1.5485664176679162e-12,34.53846153846154,22.153846153846153,0.24089232820477216,0.1785142865749444,0.08737139996329844,"{""residual+conditioning"": 32, ""residual+conditioning+solver_failure"": 7}"
0.8974358974358975,0.8968253968253967,0.9047619047619048,0.9470899470899471,36.478112099997816,wine_binary,hybrid_always_trigger_full_balanced_qnn,hybrid_always_trigger_full_balanced,qnn,1,4,4,16,2.0,1.1,True,full_balanced,always_trigger,80,,,,,,,28.503819100005785,,,,,,,,,,,,,,,,0.8461538461538461,1.0,0.46153846153846156,0.03154076175308054,1.5485664176679162e-12,34.53846153846154,22.153846153846153,0.24089232820477216,0.1785142865749444,0.08737139996329844,"{""residual+conditioning"": 32, ""residual+conditioning+solver_failure"": 7}"
0.9743589743589743,0.9722222222222222,0.9767441860465116,0.9894179894179894,0.0022372999956132844,wine_binary,hybrid_qnn_lenient_full_balanced_logreg,hybrid_qnn_lenient_full_balanced,logreg,1,4,4,16,2.0,1.1,True,full_balanced,qnn_lenient,80,,,,,,,28.44167150001158,,,,,,,,,,,,,,,,0.8461538461538461,1.0,0.5128205128205128,0.0363322202190436,1.5485664176679162e-12,34.53846153846154,21.641025641025642,0.23990414358969503,0.1785142865749444,0.08737139996329844,"{""residual+conditioning"": 32, ""residual+conditioning+solver_failure"": 7}"
0.9230769230769231,0.9166666666666667,0.9333333333333333,0.9761904761904762,0.001094599996577017,wine_binary,hybrid_qnn_lenient_full_balanced_svm_rbf,hybrid_qnn_lenient_full_balanced,svm_rbf,1,4,4,16,2.0,1.1,True,full_balanced,qnn_lenient,80,,,,,,,28.44167150001158,,,,,,,,,,,,,,,,0.8461538461538461,1.0,0.5128205128205128,0.0363322202190436,1.5485664176679162e-12,34.53846153846154,21.641025641025642,0.23990414358969503,0.1785142865749444,0.08737139996329844,"{""residual+conditioning"": 32, ""residual+conditioning+solver_failure"": 7}"
0.8461538461538461,0.8452380952380952,0.8571428571428571,0.9206349206349206,37.01396269998804,wine_binary,hybrid_qnn_lenient_full_balanced_qnn,hybrid_qnn_lenient_full_balanced,qnn,1,4,4,16,2.0,1.1,True,full_balanced,qnn_lenient,80,,,,,,,28.44167150001158,,,,,,,,,,,,,,,,0.8461538461538461,1.0,0.5128205128205128,0.0363322202190436,1.5485664176679162e-12,34.53846153846154,21.641025641025642,0.23990414358969503,0.1785142865749444,0.08737139996329844,"{""residual+conditioning"": 32, ""residual+conditioning+solver_failure"": 7}"
0.9743589743589743,0.9722222222222222,0.9767441860465116,0.9894179894179894,0.0026224000030197203,wine_binary,forced_qnn_oriented_logreg,forced_qnn_oriented,logreg,1,4,4,16,2.0,1.1,True,qnn_oriented,standard,80,,,,,,,38.868637000006856,0.8461538461538461,0.48717948717948717,0.8205128205128205,0.4358974358974359,0.03751669852325293,0.12435198827663119,0.03142458936363646,4.760538478220413e-12,0.011408458547787442,34.53846153846154,17.76923076923077,2445.948717948718,0.33213597435865383,0.1785142865749444,0.09205088495769534,,,,,,,,,,,
0.8717948717948718,0.8690476190476191,0.8837209302325582,0.962962962962963,0.0012215000024298206,wine_binary,forced_qnn_oriented_svm_rbf,forced_qnn_oriented,svm_rbf,1,4,4,16,2.0,1.1,True,qnn_oriented,standard,80,,,,,,,38.868637000006856,0.8461538461538461,0.48717948717948717,0.8205128205128205,0.4358974358974359,0.03751669852325293,0.12435198827663119,0.03142458936363646,4.760538478220413e-12,0.011408458547787442,34.53846153846154,17.76923076923077,2445.948717948718,0.33213597435865383,0.1785142865749444,0.09205088495769534,,,,,,,,,,,
0.9487179487179487,0.9444444444444444,0.9545454545454546,0.9576719576719577,37.79274319999968,wine_binary,forced_qnn_oriented_qnn,forced_qnn_oriented,qnn,1,4,4,16,2.0,1.1,True,qnn_oriented,standard,80,,,,,,,38.868637000006856,0.8461538461538461,0.48717948717948717,0.8205128205128205,0.4358974358974359,0.03751669852325293,0.12435198827663119,0.03142458936363646,4.760538478220413e-12,0.011408458547787442,34.53846153846154,17.76923076923077,2445.948717948718,0.33213597435865383,0.1785142865749444,0.09205088495769534,,,,,,,,,,,
0.9743589743589743,0.9722222222222222,0.9767441860465116,0.9894179894179894,0.0027363000117475167,wine_binary,hybrid_standard_qnn_oriented_logreg,hybrid_standard_qnn_oriented,logreg,1,4,4,16,2.0,1.1,True,qnn_oriented,standard,80,,,,,,,6.8584719999926165,,,,,,,,,,,,,,,,0.8461538461538461,0.3076923076923077,0.1794871794871795,0.031543889359860466,4.03147065349169e-12,34.53846153846154,28.71794871794872,0.10142864871849246,0.1785142865749444,0.0435178433919392,"{""none"": 27, ""residual+conditioning+solver_failure"": 6, ""conditioning"": 5, ""conditioning+solver_failure"": 1}"
0.8461538461538461,0.8452380952380952,0.8571428571428571,0.9603174603174603,0.0011414000036893412,wine_binary,hybrid_standard_qnn_oriented_svm_rbf,hybrid_standard_qnn_oriented,svm_rbf,1,4,4,16,2.0,1.1,True,qnn_oriented,standard,80,,,,,,,6.8584719999926165,,,,,,,,,,,,,,,,0.8461538461538461,0.3076923076923077,0.1794871794871795,0.031543889359860466,4.03147065349169e-12,34.53846153846154,28.71794871794872,0.10142864871849246,0.1785142865749444,0.0435178433919392,"{""none"": 27, ""residual+conditioning+solver_failure"": 6, ""conditioning"": 5, ""conditioning+solver_failure"": 1}"
0.9230769230769231,0.9206349206349206,0.9302325581395349,0.9603174603174603,37.39295970000967,wine_binary,hybrid_standard_qnn_oriented_qnn,hybrid_standard_qnn_oriented,qnn,1,4,4,16,2.0,1.1,True,qnn_oriented,standard,80,,,,,,,6.8584719999926165,,,,,,,,,,,,,,,,0.8461538461538461,0.3076923076923077,0.1794871794871795,0.031543889359860466,4.03147065349169e-12,34.53846153846154,28.71794871794872,0.10142864871849246,0.1785142865749444,0.0435178433919392,"{""none"": 27, ""residual+conditioning+solver_failure"": 6, ""conditioning"": 5, ""conditioning+solver_failure"": 1}"
0.9743589743589743,0.9722222222222222,0.9767441860465116,0.9894179894179894,0.002274099999340251,wine_binary,hybrid_aggressive_qnn_oriented_logreg,hybrid_aggressive_qnn_oriented,logreg,1,4,4,16,2.0,1.1,True,qnn_oriented,aggressive,80,,,,,,,17.761941599994316,,,,,,,,,,,,,,,,0.8461538461538461,0.48717948717948717,0.2564102564102564,0.03115516898110237,2.9928689269138497e-12,34.53846153846154,26.82051282051282,0.16353798717878257,0.1785142865749444,0.03496942624598229,"{""none"": 20, ""residual+conditioning+solver_failure"": 6, ""conditioning"": 12, ""conditioning+solver_failure"": 1}"
0.8717948717948718,0.8690476190476191,0.8837209302325582,0.962962962962963,0.0010836000001290813,wine_binary,hybrid_aggressive_qnn_oriented_svm_rbf,hybrid_aggressive_qnn_oriented,svm_rbf,1,4,4,16,2.0,1.1,True,qnn_oriented,aggressive,80,,,,,,,17.761941599994316,,,,,,,,,,,,,,,,0.8461538461538461,0.48717948717948717,0.2564102564102564,0.03115516898110237,2.9928689269138497e-12,34.53846153846154,26.82051282051282,0.16353798717878257,0.1785142865749444,0.03496942624598229,"{""none"": 20, ""residual+conditioning+solver_failure"": 6, ""conditioning"": 12, ""conditioning+solver_failure"": 1}"
0.9487179487179487,0.9484126984126984,0.9523809523809523,0.9629629629629629,37.12257259999751,wine_binary,hybrid_aggressive_qnn_oriented_qnn,hybrid_aggressive_qnn_oriented,qnn,1,4,4,16,2.0,1.1,True,qnn_oriented,aggressive,80,,,,,,,17.761941599994316,,,,,,,,,,,,,,,,0.8461538461538461,0.48717948717948717,0.2564102564102564,0.03115516898110237,2.9928689269138497e-12,34.53846153846154,26.82051282051282,0.16353798717878257,0.1785142865749444,0.03496942624598229,"{""none"": 20, ""residual+conditioning+solver_failure"": 6, ""conditioning"": 12, ""conditioning+solver_failure"": 1}"
0.9743589743589743,0.9722222222222222,0.9767441860465116,0.9894179894179894,0.0024402999988524243,wine_binary,hybrid_always_trigger_qnn_oriented_logreg,hybrid_always_trigger_qnn_oriented,logreg,1,4,4,16,2.0,1.1,True,qnn_oriented,always_trigger,80,,,,,,,37.995604900002945,,,,,,,,,,,,,,,,0.8461538461538461,1.0,0.4358974358974359,0.03115365558301689,1.5485664176679162e-12,34.53846153846154,22.28205128205128,0.323067100000723,0.1785142865749444,0.08620191135015307,"{""residual+conditioning"": 32, ""residual+conditioning+solver_failure"": 7}"
0.8717948717948718,0.8690476190476191,0.8837209302325582,0.962962962962963,0.0010906000097747892,wine_binary,hybrid_always_trigger_qnn_oriented_svm_rbf,hybrid_always_trigger_qnn_oriented,svm_rbf,1,4,4,16,2.0,1.1,True,qnn_oriented,always_trigger,80,,,,,,,37.995604900002945,,,,,,,,,,,,,,,,0.8461538461538461,1.0,0.4358974358974359,0.03115365558301689,1.5485664176679162e-12,34.53846153846154,22.28205128205128,0.323067100000723,0.1785142865749444,0.08620191135015307,"{""residual+conditioning"": 32, ""residual+conditioning+solver_failure"": 7}"
0.9487179487179487,0.9444444444444444,0.9545454545454546,0.9576719576719577,37.344250699999975,wine_binary,hybrid_always_trigger_qnn_oriented_qnn,hybrid_always_trigger_qnn_oriented,qnn,1,4,4,16,2.0,1.1,True,qnn_oriented,always_trigger,80,,,,,,,37.995604900002945,,,,,,,,,,,,,,,,0.8461538461538461,1.0,0.4358974358974359,0.03115365558301689,1.5485664176679162e-12,34.53846153846154,22.28205128205128,0.323067100000723,0.1785142865749444,0.08620191135015307,"{""residual+conditioning"": 32, ""residual+conditioning+solver_failure"": 7}"
0.9743589743589743,0.9722222222222222,0.9767441860465116,0.9894179894179894,0.0023997999960556626,wine_binary,hybrid_qnn_lenient_qnn_oriented_logreg,hybrid_qnn_lenient_qnn_oriented,logreg,1,4,4,16,2.0,1.1,True,qnn_oriented,qnn_lenient,80,,,,,,,38.239718000011635,,,,,,,,,,,,,,,,0.8461538461538461,1.0,0.4358974358974359,0.03115365558301689,1.5485664176679162e-12,34.53846153846154,22.28205128205128,0.32532432563983515,0.1785142865749444,0.08620191135015307,"{""residual+conditioning"": 32, ""residual+conditioning+solver_failure"": 7}"
0.8717948717948718,0.8690476190476191,0.8837209302325582,0.962962962962963,0.0010809000086737797,wine_binary,hybrid_qnn_lenient_qnn_oriented_svm_rbf,hybrid_qnn_lenient_qnn_oriented,svm_rbf,1,4,4,16,2.0,1.1,True,qnn_oriented,qnn_lenient,80,,,,,,,38.239718000011635,,,,,,,,,,,,,,,,0.8461538461538461,1.0,0.4358974358974359,0.03115365558301689,1.5485664176679162e-12,34.53846153846154,22.28205128205128,0.32532432563983515,0.1785142865749444,0.08620191135015307,"{""residual+conditioning"": 32, ""residual+conditioning+solver_failure"": 7}"
0.9487179487179487,0.9444444444444444,0.9545454545454546,0.9576719576719577,36.39623830000346,wine_binary,hybrid_qnn_lenient_qnn_oriented_qnn,hybrid_qnn_lenient_qnn_oriented,qnn,1,4,4,16,2.0,1.1,True,qnn_oriented,qnn_lenient,80,,,,,,,38.239718000011635,,,,,,,,,,,,,,,,0.8461538461538461,1.0,0.4358974358974359,0.03115365558301689,1.5485664176679162e-12,34.53846153846154,22.28205128205128,0.32532432563983515,0.1785142865749444,0.08620191135015307,"{""residual+conditioning"": 32, ""residual+conditioning+solver_failure"": 7}"
0.9743589743589743,0.9722222222222222,0.9767441860465116,0.9894179894179894,0.002252500009490177,wine_binary,forced_qnn_exploratory_logreg,forced_qnn_exploratory,logreg,1,4,4,16,2.0,1.1,True,qnn_exploratory,standard,80,,,,,,,43.900887900003,0.8461538461538461,0.48717948717948717,0.8205128205128205,0.4358974358974359,0.03751669852325293,0.13058202754152318,0.03138008073754302,4.760538478220413e-12,0.01812748412789316,34.53846153846154,16.82051282051282,2448.5641025641025,0.3730998538465848,0.1785142865749444,0.08774171171568161,,,,,,,,,,,
0.8717948717948718,0.8690476190476191,0.8837209302325582,0.962962962962963,0.00111119999201037,wine_binary,forced_qnn_exploratory_svm_rbf,forced_qnn_exploratory,svm_rbf,1,4,4,16,2.0,1.1,True,qnn_exploratory,standard,80,,,,,,,43.900887900003,0.8461538461538461,0.48717948717948717,0.8205128205128205,0.4358974358974359,0.03751669852325293,0.13058202754152318,0.03138008073754302,4.760538478220413e-12,0.01812748412789316,34.53846153846154,16.82051282051282,2448.5641025641025,0.3730998538465848,0.1785142865749444,0.08774171171568161,,,,,,,,,,,
0.9230769230769231,0.9206349206349206,0.9302325581395349,0.9391534391534392,36.69477339999867,wine_binary,forced_qnn_exploratory_qnn,forced_qnn_exploratory,qnn,1,4,4,16,2.0,1.1,True,qnn_exploratory,standard,80,,,,,,,43.900887900003,0.8461538461538461,0.48717948717948717,0.8205128205128205,0.4358974358974359,0.03751669852325293,0.13058202754152318,0.03138008073754302,4.760538478220413e-12,0.01812748412789316,34.53846153846154,16.82051282051282,2448.5641025641025,0.3730998538465848,0.1785142865749444,0.08774171171568161,,,,,,,,,,,
0.9743589743589743,0.9722222222222222,0.9767441860465116,0.9894179894179894,0.002369399997405708,wine_binary,hybrid_standard_qnn_exploratory_logreg,hybrid_standard_qnn_exploratory,logreg,1,4,4,16,2.0,1.1,True,qnn_exploratory,standard,80,,,,,,,8.391452700001537,,,,,,,,,,,,,,,,0.8461538461538461,0.3076923076923077,0.20512820512820512,0.03150899779485023,4.03147065349169e-12,34.53846153846154,27.794871794871796,0.12346685897463407,0.1785142865749444,0.04432670690259915,"{""none"": 27, ""residual+conditioning+solver_failure"": 6, ""conditioning"": 5, ""conditioning+solver_failure"": 1}"
0.8461538461538461,0.8452380952380952,0.8571428571428571,0.9603174603174603,0.0010799000010592863,wine_binary,hybrid_standard_qnn_exploratory_svm_rbf,hybrid_standard_qnn_exploratory,svm_rbf,1,4,4,16,2.0,1.1,True,qnn_exploratory,standard,80,,,,,,,8.391452700001537,,,,,,,,,,,,,,,,0.8461538461538461,0.3076923076923077,0.20512820512820512,0.03150899779485023,4.03147065349169e-12,34.53846153846154,27.794871794871796,0.12346685897463407,0.1785142865749444,0.04432670690259915,"{""none"": 27, ""residual+conditioning+solver_failure"": 6, ""conditioning"": 5, ""conditioning+solver_failure"": 1}"
0.8717948717948718,0.873015873015873,0.8780487804878049,0.9497354497354498,37.266335399996024,wine_binary,hybrid_standard_qnn_exploratory_qnn,hybrid_standard_qnn_exploratory,qnn,1,4,4,16,2.0,1.1,True,qnn_exploratory,standard,80,,,,,,,8.391452700001537,,,,,,,,,,,,,,,,0.8461538461538461,0.3076923076923077,0.20512820512820512,0.03150899779485023,4.03147065349169e-12,34.53846153846154,27.794871794871796,0.12346685897463407,0.1785142865749444,0.04432670690259915,"{""none"": 27, ""residual+conditioning+solver_failure"": 6, ""conditioning"": 5, ""conditioning+solver_failure"": 1}"
0.9743589743589743,0.9722222222222222,0.9767441860465116,0.9894179894179894,0.0022979999921517447,wine_binary,hybrid_aggressive_qnn_exploratory_logreg,hybrid_aggressive_qnn_exploratory,logreg,1,4,4,16,2.0,1.1,True,qnn_exploratory,aggressive,80,,,,,,,21.239228100006585,,,,,,,,,,,,,,,,0.8461538461538461,0.48717948717948717,0.28205128205128205,0.031500262828096336,2.9928689269138497e-12,34.53846153846154,26.128205128205128,0.19192048717993132,0.1785142865749444,0.040045823153430034,"{""none"": 20, ""residual+conditioning+solver_failure"": 6, ""conditioning"": 12, ""conditioning+solver_failure"": 1}"
0.8717948717948718,0.8690476190476191,0.8837209302325582,0.9656084656084656,0.0011144000018248335,wine_binary,hybrid_aggressive_qnn_exploratory_svm_rbf,hybrid_aggressive_qnn_exploratory,svm_rbf,1,4,4,16,2.0,1.1,True,qnn_exploratory,aggressive,80,,,,,,,21.239228100006585,,,,,,,,,,,,,,,,0.8461538461538461,0.48717948717948717,0.28205128205128205,0.031500262828096336,2.9928689269138497e-12,34.53846153846154,26.128205128205128,0.19192048717993132,0.1785142865749444,0.040045823153430034,"{""none"": 20, ""residual+conditioning+solver_failure"": 6, ""conditioning"": 12, ""conditioning+solver_failure"": 1}"
0.9487179487179487,0.9444444444444444,0.9545454545454546,0.9497354497354497,36.386364799996954,wine_binary,hybrid_aggressive_qnn_exploratory_qnn,hybrid_aggressive_qnn_exploratory,qnn,1,4,4,16,2.0,1.1,True,qnn_exploratory,aggressive,80,,,,,,,21.239228100006585,,,,,,,,,,,,,,,,0.8461538461538461,0.48717948717948717,0.28205128205128205,0.031500262828096336,2.9928689269138497e-12,34.53846153846154,26.128205128205128,0.19192048717993132,0.1785142865749444,0.040045823153430034,"{""none"": 20, ""residual+conditioning+solver_failure"": 6, ""conditioning"": 12, ""conditioning+solver_failure"": 1}"
0.9743589743589743,0.9722222222222222,0.9767441860465116,0.9894179894179894,0.00240539999504108,wine_binary,hybrid_always_trigger_qnn_exploratory_logreg,hybrid_always_trigger_qnn_exploratory,logreg,1,4,4,16,2.0,1.1,True,qnn_exploratory,always_trigger,80,,,,,,,44.9825123000046,,,,,,,,,,,,,,,,0.8461538461538461,1.0,0.5128205128205128,0.03150717570611401,2.4921715116648697e-13,34.53846153846154,20.435897435897434,0.4049981205122701,0.1785142865749444,0.10375321726268825,"{""residual+conditioning"": 32, ""residual+conditioning+solver_failure"": 7}"
0.8461538461538461,0.8452380952380952,0.8571428571428571,0.9576719576719577,0.0011397000052966177,wine_binary,hybrid_always_trigger_qnn_exploratory_svm_rbf,hybrid_always_trigger_qnn_exploratory,svm_rbf,1,4,4,16,2.0,1.1,True,qnn_exploratory,always_trigger,80,,,,,,,44.9825123000046,,,,,,,,,,,,,,,,0.8461538461538461,1.0,0.5128205128205128,0.03150717570611401,2.4921715116648697e-13,34.53846153846154,20.435897435897434,0.4049981205122701,0.1785142865749444,0.10375321726268825,"{""residual+conditioning"": 32, ""residual+conditioning+solver_failure"": 7}"
0.9230769230769231,0.9206349206349206,0.9302325581395349,0.9391534391534392,37.17206640000222,wine_binary,hybrid_always_trigger_qnn_exploratory_qnn,hybrid_always_trigger_qnn_exploratory,qnn,1,4,4,16,2.0,1.1,True,qnn_exploratory,always_trigger,80,,,,,,,44.9825123000046,,,,,,,,,,,,,,,,0.8461538461538461,1.0,0.5128205128205128,0.03150717570611401,2.4921715116648697e-13,34.53846153846154,20.435897435897434,0.4049981205122701,0.1785142865749444,0.10375321726268825,"{""residual+conditioning"": 32, ""residual+conditioning+solver_failure"": 7}"
0.9743589743589743,0.9722222222222222,0.9767441860465116,0.9894179894179894,0.0026723999908426777,wine_binary,hybrid_qnn_lenient_qnn_exploratory_logreg,hybrid_qnn_lenient_qnn_exploratory,logreg,1,4,4,16,2.0,1.1,True,qnn_exploratory,qnn_lenient,80,,,,,,,44.62404759999481,,,,,,,,,,,,,,,,0.8461538461538461,1.0,0.5384615384615384,0.03298763460357762,2.4921715116648697e-13,34.53846153846154,19.794871794871796,0.404795687181505,0.1785142865749444,0.10375321726268825,"{""residual+conditioning"": 32, ""residual+conditioning+solver_failure"": 7}"
0.7948717948717948,0.7976190476190477,0.8,0.9444444444444444,0.0011189000069862232,wine_binary,hybrid_qnn_lenient_qnn_exploratory_svm_rbf,hybrid_qnn_lenient_qnn_exploratory,svm_rbf,1,4,4,16,2.0,1.1,True,qnn_exploratory,qnn_lenient,80,,,,,,,44.62404759999481,,,,,,,,,,,,,,,,0.8461538461538461,1.0,0.5384615384615384,0.03298763460357762,2.4921715116648697e-13,34.53846153846154,19.794871794871796,0.404795687181505,0.1785142865749444,0.10375321726268825,"{""residual+conditioning"": 32, ""residual+conditioning+solver_failure"": 7}"
0.8717948717948718,0.873015873015873,0.8780487804878049,0.925925925925926,37.478784200007794,wine_binary,hybrid_qnn_lenient_qnn_exploratory_qnn,hybrid_qnn_lenient_qnn_exploratory,qnn,1,4,4,16,2.0,1.1,True,qnn_exploratory,qnn_lenient,80,,,,,,,44.62404759999481,,,,,,,,,,,,,,,,0.8461538461538461,1.0,0.5384615384615384,0.03298763460357762,2.4921715116648697e-13,34.53846153846154,19.794871794871796,0.404795687181505,0.1785142865749444,0.10375321726268825,"{""residual+conditioning"": 32, ""residual+conditioning+solver_failure"": 7}"
0.9743589743589743,0.9722222222222222,0.9767441860465116,0.9947089947089947,0.002379699988523498,wine_binary,forced_no_detector_logreg,forced_no_detector,logreg,1,4,4,16,2.0,1.1,True,no_detector,standard,80,,,,,,,10.92058880001423,0.8461538461538461,0.46153846153846156,0.8205128205128205,0.4358974358974359,0.03751669852325293,0.1305562786315064,0.0315425858894641,4.760538478220413e-12,0.018139591134201587,34.53846153846154,19.41025641025641,2219.2820512820513,0.09262819743554036,0.1785142865749444,0.0870494036771013,,,,,,,,,,,
0.9230769230769231,0.9166666666666667,0.9333333333333333,0.9761904761904762,0.0011119999981019646,wine_binary,forced_no_detector_svm_rbf,forced_no_detector,svm_rbf,1,4,4,16,2.0,1.1,True,no_detector,standard,80,,,,,,,10.92058880001423,0.8461538461538461,0.46153846153846156,0.8205128205128205,0.4358974358974359,0.03751669852325293,0.1305562786315064,0.0315425858894641,4.760538478220413e-12,0.018139591134201587,34.53846153846154,19.41025641025641,2219.2820512820513,0.09262819743554036,0.1785142865749444,0.0870494036771013,,,,,,,,,,,
0.7435897435897436,0.7420634920634921,0.7619047619047619,0.7883597883597884,38.08216530000209,wine_binary,forced_no_detector_qnn,forced_no_detector,qnn,1,4,4,16,2.0,1.1,True,no_detector,standard,80,,,,,,,10.92058880001423,0.8461538461538461,0.46153846153846156,0.8205128205128205,0.4358974358974359,0.03751669852325293,0.1305562786315064,0.0315425858894641,4.760538478220413e-12,0.018139591134201587,34.53846153846154,19.41025641025641,2219.2820512820513,0.09262819743554036,0.1785142865749444,0.0870494036771013,,,,,,,,,,,
0.9743589743589743,0.9722222222222222,0.9767441860465116,0.9894179894179894,0.002427500003250316,wine_binary,hybrid_standard_no_detector_logreg,hybrid_standard_no_detector,logreg,1,4,4,16,2.0,1.1,True,no_detector,standard,80,,,,,,,2.2491369000053965,,,,,,,,,,,,,,,,0.8461538461538461,0.3076923076923077,0.20512820512820512,0.03154258589111229,4.03147065349169e-12,34.53846153846154,27.666666666666668,0.03126520512980791,0.1785142865749444,0.044245963880863694,"{""none"": 27, ""residual+conditioning+solver_failure"": 6, ""conditioning"": 5, ""conditioning+solver_failure"": 1}"
0.9230769230769231,0.9166666666666667,0.9333333333333333,0.9656084656084656,0.001134599995566532,wine_binary,hybrid_standard_no_detector_svm_rbf,hybrid_standard_no_detector,svm_rbf,1,4,4,16,2.0,1.1,True,no_detector,standard,80,,,,,,,2.2491369000053965,,,,,,,,,,,,,,,,0.8461538461538461,0.3076923076923077,0.20512820512820512,0.03154258589111229,4.03147065349169e-12,34.53846153846154,27.666666666666668,0.03126520512980791,0.1785142865749444,0.044245963880863694,"{""none"": 27, ""residual+conditioning+solver_failure"": 6, ""conditioning"": 5, ""conditioning+solver_failure"": 1}"
0.8974358974358975,0.8968253968253967,0.9047619047619048,0.9312169312169312,37.27100130000326,wine_binary,hybrid_standard_no_detector_qnn,hybrid_standard_no_detector,qnn,1,4,4,16,2.0,1.1,True,no_detector,standard,80,,,,,,,2.2491369000053965,,,,,,,,,,,,,,,,0.8461538461538461,0.3076923076923077,0.20512820512820512,0.03154258589111229,4.03147065349169e-12,34.53846153846154,27.666666666666668,0.03126520512980791,0.1785142865749444,0.044245963880863694,"{""none"": 27, ""residual+conditioning+solver_failure"": 6, ""conditioning"": 5, ""conditioning+solver_failure"": 1}"
0.9743589743589743,0.9722222222222222,0.9767441860465116,0.9947089947089947,0.0024685999960638583,wine_binary,hybrid_aggressive_no_detector_logreg,hybrid_aggressive_no_detector,logreg,1,4,4,16,2.0,1.1,True,no_detector,aggressive,80,,,,,,,5.592075900000054,,,,,,,,,,,,,,,,0.8461538461538461,0.48717948717948717,0.28205128205128205,0.0315425858906262,2.9928689269138497e-12,34.53846153846154,26.076923076923077,0.05081181538377841,0.1785142865749444,0.040180620790247944,"{""none"": 20, ""residual+conditioning+solver_failure"": 6, ""conditioning"": 12, ""conditioning+solver_failure"": 1}"
0.9230769230769231,0.9166666666666667,0.9333333333333333,0.9735449735449735,0.0011924999998882413,wine_binary,hybrid_aggressive_no_detector_svm_rbf,hybrid_aggressive_no_detector,svm_rbf,1,4,4,16,2.0,1.1,True,no_detector,aggressive,80,,,,,,,5.592075900000054,,,,,,,,,,,,,,,,0.8461538461538461,0.48717948717948717,0.28205128205128205,0.0315425858906262,2.9928689269138497e-12,34.53846153846154,26.076923076923077,0.05081181538377841,0.1785142865749444,0.040180620790247944,"{""none"": 20, ""residual+conditioning+solver_failure"": 6, ""conditioning"": 12, ""conditioning+solver_failure"": 1}"
0.7435897435897436,0.7420634920634921,0.7619047619047619,0.8042328042328043,36.935056500005885,wine_binary,hybrid_aggressive_no_detector_qnn,hybrid_aggressive_no_detector,qnn,1,4,4,16,2.0,1.1,True,no_detector,aggressive,80,,,,,,,5.592075900000054,,,,,,,,,,,,,,,,0.8461538461538461,0.48717948717948717,0.28205128205128205,0.0315425858906262,2.9928689269138497e-12,34.53846153846154,26.076923076923077,0.05081181538377841,0.1785142865749444,0.040180620790247944,"{""none"": 20, ""residual+conditioning+solver_failure"": 6, ""conditioning"": 12, ""conditioning+solver_failure"": 1}"
0.9743589743589743,0.9722222222222222,0.9767441860465116,0.9947089947089947,0.0024558000004617497,wine_binary,hybrid_always_trigger_no_detector_logreg,hybrid_always_trigger_no_detector,logreg,1,4,4,16,2.0,1.1,True,no_detector,always_trigger,80,,,,,,,10.986381099995924,,,,,,,,,,,,,,,,0.8461538461538461,1.0,0.46153846153846156,0.0315425858894641,1.5485664176679162e-12,34.53846153846154,22.076923076923077,0.09352992820696762,0.1785142865749444,0.0870494036771013,"{""residual+conditioning"": 32, ""residual+conditioning+solver_failure"": 7}"
0.9230769230769231,0.9166666666666667,0.9333333333333333,0.9761904761904762,0.0010991000017384067,wine_binary,hybrid_always_trigger_no_detector_svm_rbf,hybrid_always_trigger_no_detector,svm_rbf,1,4,4,16,2.0,1.1,True,no_detector,always_trigger,80,,,,,,,10.986381099995924,,,,,,,,,,,,,,,,0.8461538461538461,1.0,0.46153846153846156,0.0315425858894641,1.5485664176679162e-12,34.53846153846154,22.076923076923077,0.09352992820696762,0.1785142865749444,0.0870494036771013,"{""residual+conditioning"": 32, ""residual+conditioning+solver_failure"": 7}"
0.7435897435897436,0.7420634920634921,0.7619047619047619,0.7910052910052909,37.274680100003025,wine_binary,hybrid_always_trigger_no_detector_qnn,hybrid_always_trigger_no_detector,qnn,1,4,4,16,2.0,1.1,True,no_detector,always_trigger,80,,,,,,,10.986381099995924,,,,,,,,,,,,,,,,0.8461538461538461,1.0,0.46153846153846156,0.0315425858894641,1.5485664176679162e-12,34.53846153846154,22.076923076923077,0.09352992820696762,0.1785142865749444,0.0870494036771013,"{""residual+conditioning"": 32, ""residual+conditioning+solver_failure"": 7}"
0.9743589743589743,0.9722222222222222,0.9767441860465116,0.9920634920634921,0.002456599992001429,wine_binary,hybrid_qnn_lenient_no_detector_logreg,hybrid_qnn_lenient_no_detector,logreg,1,4,4,16,2.0,1.1,True,no_detector,qnn_lenient,80,,,,,,,10.95951870000863,,,,,,,,,,,,,,,,0.8461538461538461,1.0,0.48717948717948717,0.033250796196795905,1.5485664176679162e-12,34.53846153846154,21.512820512820515,0.09312618974423131,0.1785142865749444,0.0870494036771013,"{""residual+conditioning"": 32, ""residual+conditioning+solver_failure"": 7}"
0.9487179487179487,0.9444444444444444,0.9545454545454546,0.9761904761904762,0.0011055000068154186,wine_binary,hybrid_qnn_lenient_no_detector_svm_rbf,hybrid_qnn_lenient_no_detector,svm_rbf,1,4,4,16,2.0,1.1,True,no_detector,qnn_lenient,80,,,,,,,10.95951870000863,,,,,,,,,,,,,,,,0.8461538461538461,1.0,0.48717948717948717,0.033250796196795905,1.5485664176679162e-12,34.53846153846154,21.512820512820515,0.09312618974423131,0.1785142865749444,0.0870494036771013,"{""residual+conditioning"": 32, ""residual+conditioning+solver_failure"": 7}"
0.9230769230769231,0.9206349206349206,0.9302325581395349,0.9153439153439153,36.380876700000954,wine_binary,hybrid_qnn_lenient_no_detector_qnn,hybrid_qnn_lenient_no_detector,qnn,1,4,4,16,2.0,1.1,True,no_detector,qnn_lenient,80,,,,,,,10.95951870000863,,,,,,,,,,,,,,,,0.8461538461538461,1.0,0.48717948717948717,0.033250796196795905,1.5485664176679162e-12,34.53846153846154,21.512820512820515,0.09312618974423131,0.1785142865749444,0.0870494036771013,"{""residual+conditioning"": 32, ""residual+conditioning+solver_failure"": 7}"
0.9743589743589743,0.9722222222222222,0.9767441860465116,0.9920634920634921,0.0024447000032523647,wine_binary,forced_residual_only_logreg,forced_residual_only,logreg,1,4,4,16,2.0,1.1,True,residual_only,standard,80,,,,,,,5.7314718999987235,0.8205128205128205,0.5897435897435898,0.8205128205128205,0.4358974358974359,0.03751669852325293,0.11717823059430536,0.035340222773214455,4.760538478220413e-12,0.01812632633583866,34.53846153846154,12.512820512820513,2427.2051282051284,0.044732364102786124,0.1785142865749444,0.08575975651463608,,,,,,,,,,,
0.8717948717948718,0.8690476190476191,0.8837209302325582,0.9603174603174603,0.0011060000106226653,wine_binary,forced_residual_only_svm_rbf,forced_residual_only,svm_rbf,1,4,4,16,2.0,1.1,True,residual_only,standard,80,,,,,,,5.7314718999987235,0.8205128205128205,0.5897435897435898,0.8205128205128205,0.4358974358974359,0.03751669852325293,0.11717823059430536,0.035340222773214455,4.760538478220413e-12,0.01812632633583866,34.53846153846154,12.512820512820513,2427.2051282051284,0.044732364102786124,0.1785142865749444,0.08575975651463608,,,,,,,,,,,
0.8461538461538461,0.8452380952380952,0.8571428571428571,0.917989417989418,36.32792489998974,wine_binary,forced_residual_only_qnn,forced_residual_only,qnn,1,4,4,16,2.0,1.1,True,residual_only,standard,80,,,,,,,5.7314718999987235,0.8205128205128205,0.5897435897435898,0.8205128205128205,0.4358974358974359,0.03751669852325293,0.11717823059430536,0.035340222773214455,4.760538478220413e-12,0.01812632633583866,34.53846153846154,12.512820512820513,2427.2051282051284,0.044732364102786124,0.1785142865749444,0.08575975651463608,,,,,,,,,,,
0.9743589743589743,0.9722222222222222,0.9767441860465116,0.9894179894179894,0.0021634000004269183,wine_binary,hybrid_standard_residual_only_logreg,hybrid_standard_residual_only,logreg,1,4,4,16,2.0,1.1,True,residual_only,standard,80,,,,,,,1.1486366000026464,,,,,,,,,,,,,,,,0.8205128205128205,0.3076923076923077,0.23076923076923078,0.03548610430986516,4.760538478220413e-12,34.53846153846154,26.871794871794872,0.014633515385167602,0.1785142865749444,0.03407326223218734,"{""none"": 27, ""residual+conditioning+solver_failure"": 6, ""conditioning"": 5, ""conditioning+solver_failure"": 1}"
0.8461538461538461,0.8452380952380952,0.8571428571428571,0.9470899470899471,0.0010910000128205866,wine_binary,hybrid_standard_residual_only_svm_rbf,hybrid_standard_residual_only,svm_rbf,1,4,4,16,2.0,1.1,True,residual_only,standard,80,,,,,,,1.1486366000026464,,,,,,,,,,,,,,,,0.8205128205128205,0.3076923076923077,0.23076923076923078,0.03548610430986516,4.760538478220413e-12,34.53846153846154,26.871794871794872,0.014633515385167602,0.1785142865749444,0.03407326223218734,"{""none"": 27, ""residual+conditioning+solver_failure"": 6, ""conditioning"": 5, ""conditioning+solver_failure"": 1}"
0.9230769230769231,0.9206349206349206,0.9302325581395349,0.955026455026455,38.183126300005824,wine_binary,hybrid_standard_residual_only_qnn,hybrid_standard_residual_only,qnn,1,4,4,16,2.0,1.1,True,residual_only,standard,80,,,,,,,1.1486366000026464,,,,,,,,,,,,,,,,0.8205128205128205,0.3076923076923077,0.23076923076923078,0.03548610430986516,4.760538478220413e-12,34.53846153846154,26.871794871794872,0.014633515385167602,0.1785142865749444,0.03407326223218734,"{""none"": 27, ""residual+conditioning+solver_failure"": 6, ""conditioning"": 5, ""conditioning+solver_failure"": 1}"
0.9743589743589743,0.9722222222222222,0.9767441860465116,0.9920634920634921,0.0027359999949112535,wine_binary,hybrid_aggressive_residual_only_logreg,hybrid_aggressive_residual_only,logreg,1,4,4,16,2.0,1.1,True,residual_only,aggressive,80,,,,,,,2.8323513000068488,,,,,,,,,,,,,,,,0.8205128205128205,0.48717948717948717,0.3076923076923077,0.035486104309379075,3.1433621468032003e-12,34.53846153846154,25.28205128205128,0.024126641027695045,0.1785142865749444,0.03289099204840047,"{""none"": 20, ""residual+conditioning+solver_failure"": 6, ""conditioning"": 12, ""conditioning+solver_failure"": 1}"
0.8717948717948718,0.8690476190476191,0.8837209302325582,0.962962962962963,0.0011686999932862818,wine_binary,hybrid_aggressive_residual_only_svm_rbf,hybrid_aggressive_residual_only,svm_rbf,1,4,4,16,2.0,1.1,True,residual_only,aggressive,80,,,,,,,2.8323513000068488,,,,,,,,,,,,,,,,0.8205128205128205,0.48717948717948717,0.3076923076923077,0.035486104309379075,3.1433621468032003e-12,34.53846153846154,25.28205128205128,0.024126641027695045,0.1785142865749444,0.03289099204840047,"{""none"": 20, ""residual+conditioning+solver_failure"": 6, ""conditioning"": 12, ""conditioning+solver_failure"": 1}"
0.8461538461538461,0.8452380952380952,0.8571428571428571,0.9153439153439152,36.4632500000007,wine_binary,hybrid_aggressive_residual_only_qnn,hybrid_aggressive_residual_only,qnn,1,4,4,16,2.0,1.1,True,residual_only,aggressive,80,,,,,,,2.8323513000068488,,,,,,,,,,,,,,,,0.8205128205128205,0.48717948717948717,0.3076923076923077,0.035486104309379075,3.1433621468032003e-12,34.53846153846154,25.28205128205128,0.024126641027695045,0.1785142865749444,0.03289099204840047,"{""none"": 20, ""residual+conditioning+solver_failure"": 6, ""conditioning"": 12, ""conditioning+solver_failure"": 1}"
0.9743589743589743,0.9722222222222222,0.9767441860465116,0.9920634920634921,0.0023970000038389117,wine_binary,hybrid_always_trigger_residual_only_logreg,hybrid_always_trigger_residual_only,logreg,1,4,4,16,2.0,1.1,True,residual_only,always_trigger,80,,,,,,,5.859844599995995,,,,,,,,,,,,,,,,0.8205128205128205,1.0,0.5384615384615384,0.03548610430800812,1.5044810258345617e-12,34.53846153846154,19.846153846153847,0.04470666410223856,0.1785142865749444,0.08575975651463608,"{""residual+conditioning"": 32, ""residual+conditioning+solver_failure"": 7}"
0.8717948717948718,0.8690476190476191,0.8837209302325582,0.962962962962963,0.0011064999998779967,wine_binary,hybrid_always_trigger_residual_only_svm_rbf,hybrid_always_trigger_residual_only,svm_rbf,1,4,4,16,2.0,1.1,True,residual_only,always_trigger,80,,,,,,,5.859844599995995,,,,,,,,,,,,,,,,0.8205128205128205,1.0,0.5384615384615384,0.03548610430800812,1.5044810258345617e-12,34.53846153846154,19.846153846153847,0.04470666410223856,0.1785142865749444,0.08575975651463608,"{""residual+conditioning"": 32, ""residual+conditioning+solver_failure"": 7}"
0.8461538461538461,0.8452380952380952,0.8571428571428571,0.9153439153439152,36.30139259999851,wine_binary,hybrid_always_trigger_residual_only_qnn,hybrid_always_trigger_residual_only,qnn,1,4,4,16,2.0,1.1,True,residual_only,always_trigger,80,,,,,,,5.859844599995995,,,,,,,,,,,,,,,,0.8205128205128205,1.0,0.5384615384615384,0.03548610430800812,1.5044810258345617e-12,34.53846153846154,19.846153846153847,0.04470666410223856,0.1785142865749444,0.08575975651463608,"{""residual+conditioning"": 32, ""residual+conditioning+solver_failure"": 7}"
0.9743589743589743,0.9722222222222222,0.9767441860465116,0.9920634920634921,0.0021259000059217215,wine_binary,hybrid_qnn_lenient_residual_only_logreg,hybrid_qnn_lenient_residual_only,logreg,1,4,4,16,2.0,1.1,True,residual_only,qnn_lenient,80,,,,,,,5.750737299997127,,,,,,,,,,,,,,,,0.8205128205128205,1.0,0.5384615384615384,0.03548610430800812,1.5044810258345617e-12,34.53846153846154,19.846153846153847,0.04487819487239437,0.1785142865749444,0.08575975651463608,"{""residual+conditioning"": 32, ""residual+conditioning+solver_failure"": 7}"
0.8717948717948718,0.8690476190476191,0.8837209302325582,0.962962962962963,0.0012226999970152974,wine_binary,hybrid_qnn_lenient_residual_only_svm_rbf,hybrid_qnn_lenient_residual_only,svm_rbf,1,4,4,16,2.0,1.1,True,residual_only,qnn_lenient,80,,,,,,,5.750737299997127,,,,,,,,,,,,,,,,0.8205128205128205,1.0,0.5384615384615384,0.03548610430800812,1.5044810258345617e-12,34.53846153846154,19.846153846153847,0.04487819487239437,0.1785142865749444,0.08575975651463608,"{""residual+conditioning"": 32, ""residual+conditioning+solver_failure"": 7}"
0.9230769230769231,0.9206349206349206,0.9302325581395349,0.9497354497354497,36.13004610000644,wine_binary,hybrid_qnn_lenient_residual_only_qnn,hybrid_qnn_lenient_residual_only,qnn,1,4,4,16,2.0,1.1,True,residual_only,qnn_lenient,80,,,,,,,5.750737299997127,,,,,,,,,,,,,,,,0.8205128205128205,1.0,0.5384615384615384,0.03548610430800812,1.5044810258345617e-12,34.53846153846154,19.846153846153847,0.04487819487239437,0.1785142865749444,0.08575975651463608,"{""residual+conditioning"": 32, ""residual+conditioning+solver_failure"": 7}"
0.9743589743589743,0.9722222222222222,0.9767441860465116,0.9947089947089947,0.0015958000003593042,wine_binary,pca_logreg,pca,logreg,2,4,4,16,2.0,1.1,True,full_balanced,standard,80,,,,,,,,,,,,,,,,,,,,,,,,,,,,,,,,,
0.9743589743589743,0.9722222222222222,0.9767441860465116,0.9973544973544973,0.06482379999943078,wine_binary,pca_mlp,pca,mlp,2,4,4,16,2.0,1.1,True,full_balanced,standard,80,,,,,,,,,,,,,,,,,,,,,,,,,,,,,,,,,
0.9487179487179487,0.9444444444444444,0.9545454545454546,0.9973544973544973,0.0010887999960687011,wine_binary,pca_svm_rbf,pca,svm_rbf,2,4,4,16,2.0,1.1,True,full_balanced,standard,80,,,,,,,,,,,,,,,,,,,,,,,,,,,,,,,,,
0.9230769230769231,0.9166666666666667,0.9333333333333333,1.0,34.93119019998994,wine_binary,pca_qnn,pca,qnn,2,4,4,16,2.0,1.1,True,full_balanced,standard,80,,,,,,,,,,,,,,,,,,,,,,,,,,,,,,,,,
0.9743589743589743,0.9722222222222222,0.9767441860465116,1.0,0.0027759000076912344,wine_binary,implicit_zero_logreg,implicit_zero,logreg,2,4,4,16,2.0,1.1,True,full_balanced,standard,80,0.717948717948718,0.05180487858650192,6.560615477883351e-12,35.8974358974359,0.0003027179504547698,0.16757867048300754,0.043233199990936555,,,,,,,,,,,,,,,,,,,,,,,,,,
0.8461538461538461,0.8333333333333333,0.875,1.0,0.0013327000051504,wine_binary,implicit_zero_svm_rbf,implicit_zero,svm_rbf,2,4,4,16,2.0,1.1,True,full_balanced,standard,80,0.717948717948718,0.05180487858650192,6.560615477883351e-12,35.8974358974359,0.0003027179504547698,0.16757867048300754,0.043233199990936555,,,,,,,,,,,,,,,,,,,,,,,,,,
0.6923076923076923,0.6984126984126984,0.6842105263157895,0.8333333333333334,36.26772699999856,wine_binary,implicit_zero_qnn,implicit_zero,qnn,2,4,4,16,2.0,1.1,True,full_balanced,standard,80,0.717948717948718,0.05180487858650192,6.560615477883351e-12,35.8974358974359,0.0003027179504547698,0.16757867048300754,0.043233199990936555,,,,,,,,,,,,,,,,,,,,,,,,,,
0.9743589743589743,0.9722222222222222,0.9767441860465116,1.0,0.0025065000081667677,wine_binary,forced_full_light_logreg,forced_full_light,logreg,2,4,4,16,2.0,1.1,True,full_light,standard,80,,,,,,,22.57257030000619,0.8974358974358975,0.7948717948717948,0.717948717948718,0.7692307692307693,0.05180487858650192,0.03531485445011294,0.008660712974667844,6.560615477883351e-12,4.980559976921029e-16,35.8974358974359,15.897435897435898,2183.974358974359,0.19645609743467782,0.16757867048300754,0.16674977307260042,,,,,,,,,,,
0.8974358974358975,0.8888888888888888,0.9130434782608695,0.9973544973544973,0.0012590000114869326,wine_binary,forced_full_light_svm_rbf,forced_full_light,svm_rbf,2,4,4,16,2.0,1.1,True,full_light,standard,80,,,,,,,22.57257030000619,0.8974358974358975,0.7948717948717948,0.717948717948718,0.7692307692307693,0.05180487858650192,0.03531485445011294,0.008660712974667844,6.560615477883351e-12,4.980559976921029e-16,35.8974358974359,15.897435897435898,2183.974358974359,0.19645609743467782,0.16757867048300754,0.16674977307260042,,,,,,,,,,,
0.7692307692307693,0.7658730158730158,0.7906976744186046,0.888888888888889,36.342985499999486,wine_binary,forced_full_light_qnn,forced_full_light,qnn,2,4,4,16,2.0,1.1,True,full_light,standard,80,,,,,,,22.57257030000619,0.8974358974358975,0.7948717948717948,0.717948717948718,0.7692307692307693,0.05180487858650192,0.03531485445011294,0.008660712974667844,6.560615477883351e-12,4.980559976921029e-16,35.8974358974359,15.897435897435898,2183.974358974359,0.19645609743467782,0.16757867048300754,0.16674977307260042,,,,,,,,,,,
0.9743589743589743,0.9722222222222222,0.9767441860465116,1.0,0.0023927999864099547,wine_binary,hybrid_standard_full_light_logreg,hybrid_standard_full_light,logreg,2,4,4,16,2.0,1.1,True,full_light,standard,80,,,,,,,6.469028100007563,,,,,,,,,,,,,,,,0.8974358974358975,0.3076923076923077,0.28205128205128205,0.008660930743946683,2.6389830911301034e-12,35.8974358974359,25.897435897435898,0.05284854615307174,0.16757867048300754,0.12198782063047187,"{""none"": 27, ""conditioning+solver_failure"": 3, ""residual+conditioning+solver_failure"": 8, ""conditioning"": 1}"
0.8974358974358975,0.8888888888888888,0.9130434782608695,0.9973544973544973,0.0012642999936360866,wine_binary,hybrid_standard_full_light_svm_rbf,hybrid_standard_full_light,svm_rbf,2,4,4,16,2.0,1.1,True,full_light,standard,80,,,,,,,6.469028100007563,,,,,,,,,,,,,,,,0.8974358974358975,0.3076923076923077,0.28205128205128205,0.008660930743946683,2.6389830911301034e-12,35.8974358974359,25.897435897435898,0.05284854615307174,0.16757867048300754,0.12198782063047187,"{""none"": 27, ""conditioning+solver_failure"": 3, ""residual+conditioning+solver_failure"": 8, ""conditioning"": 1}"
0.8461538461538461,0.8492063492063492,0.85,0.873015873015873,37.551470899998094,wine_binary,hybrid_standard_full_light_qnn,hybrid_standard_full_light,qnn,2,4,4,16,2.0,1.1,True,full_light,standard,80,,,,,,,6.469028100007563,,,,,,,,,,,,,,,,0.8974358974358975,0.3076923076923077,0.28205128205128205,0.008660930743946683,2.6389830911301034e-12,35.8974358974359,25.897435897435898,0.05284854615307174,0.16757867048300754,0.12198782063047187,"{""none"": 27, ""conditioning+solver_failure"": 3, ""residual+conditioning+solver_failure"": 8, ""conditioning"": 1}"
0.9743589743589743,0.9722222222222222,0.9767441860465116,1.0,0.0024597000010544434,wine_binary,hybrid_aggressive_full_light_logreg,hybrid_aggressive_full_light,logreg,2,4,4,16,2.0,1.1,True,full_light,aggressive,80,,,,,,,12.821785100008128,,,,,,,,,,,,,,,,0.8974358974358975,0.5384615384615384,0.46153846153846156,0.00866081446682046,1.6128225689101758e-12,35.8974358974359,21.58974358974359,0.10572386410188837,0.16757867048300754,0.11093507735063826,"{""none"": 18, ""residual+conditioning+solver_failure"": 11, ""conditioning"": 10}"
0.8974358974358975,0.8888888888888888,0.9130434782608695,0.9973544973544973,0.0012343999987933785,wine_binary,hybrid_aggressive_full_light_svm_rbf,hybrid_aggressive_full_light,svm_rbf,2,4,4,16,2.0,1.1,True,full_light,aggressive,80,,,,,,,12.821785100008128,,,,,,,,,,,,,,,,0.8974358974358975,0.5384615384615384,0.46153846153846156,0.00866081446682046,1.6128225689101758e-12,35.8974358974359,21.58974358974359,0.10572386410188837,0.16757867048300754,0.11093507735063826,"{""none"": 18, ""residual+conditioning+solver_failure"": 11, ""conditioning"": 10}"
0.717948717948718,0.7142857142857142,0.7441860465116279,0.7671957671957672,36.3089786000055,wine_binary,hybrid_aggressive_full_light_qnn,hybrid_aggressive_full_light,qnn,2,4,4,16,2.0,1.1,True,full_light,aggressive,80,,,,,,,12.821785100008128,,,,,,,,,,,,,,,,0.8974358974358975,0.5384615384615384,0.46153846153846156,0.00866081446682046,1.6128225689101758e-12,35.8974358974359,21.58974358974359,0.10572386410188837,0.16757867048300754,0.11093507735063826,"{""none"": 18, ""residual+conditioning+solver_failure"": 11, ""conditioning"": 10}"
0.9743589743589743,0.9722222222222222,0.9767441860465116,1.0,0.002039300001342781,wine_binary,hybrid_always_trigger_full_light_logreg,hybrid_always_trigger_full_light,logreg,2,4,4,16,2.0,1.1,True,full_light,always_trigger,80,,,,,,,23.096985299998778,,,,,,,,,,,,,,,,0.8974358974358975,1.0,0.7948717948717948,0.00866075845445214,5.144149826344545e-16,35.8974358974359,15.487179487179487,0.20248393333279707,0.16757867048300754,0.16676307144457486,"{""residual+conditioning"": 28, ""residual+conditioning+solver_failure"": 11}"
0.8974358974358975,0.8888888888888888,0.9130434782608695,0.9973544973544973,0.001262899997527711,wine_binary,hybrid_always_trigger_full_light_svm_rbf,hybrid_always_trigger_full_light,svm_rbf,2,4,4,16,2.0,1.1,True,full_light,always_trigger,80,,,,,,,23.096985299998778,,,,,,,,,,,,,,,,0.8974358974358975,1.0,0.7948717948717948,0.00866075845445214,5.144149826344545e-16,35.8974358974359,15.487179487179487,0.20248393333279707,0.16757867048300754,0.16676307144457486,"{""residual+conditioning"": 28, ""residual+conditioning+solver_failure"": 11}"
0.7692307692307693,0.7619047619047619,0.8,0.8783068783068784,37.07036680000601,wine_binary,hybrid_always_trigger_full_light_qnn,hybrid_always_trigger_full_light,qnn,2,4,4,16,2.0,1.1,True,full_light,always_trigger,80,,,,,,,23.096985299998778,,,,,,,,,,,,,,,,0.8974358974358975,1.0,0.7948717948717948,0.00866075845445214,5.144149826344545e-16,35.8974358974359,15.487179487179487,0.20248393333279707,0.16757867048300754,0.16676307144457486,"{""residual+conditioning"": 28, ""residual+conditioning+solver_failure"": 11}"
0.9743589743589743,0.9722222222222222,0.9767441860465116,1.0,0.002430399996228516,wine_binary,hybrid_qnn_lenient_full_light_logreg,hybrid_qnn_lenient_full_light,logreg,2,4,4,16,2.0,1.1,True,full_light,qnn_lenient,80,,,,,,,22.854212199992617,,,,,,,,,,,,,,,,0.8974358974358975,1.0,0.7948717948717948,0.00866075845445214,5.144149826344545e-16,35.8974358974359,15.487179487179487,0.20091346154050627,0.16757867048300754,0.16676307144457486,"{""residual+conditioning"": 28, ""residual+conditioning+solver_failure"": 11}"
0.8974358974358975,0.8888888888888888,0.9130434782608695,0.9973544973544973,0.0012684999965131283,wine_binary,hybrid_qnn_lenient_full_light_svm_rbf,hybrid_qnn_lenient_full_light,svm_rbf,2,4,4,16,2.0,1.1,True,full_light,qnn_lenient,80,,,,,,,22.854212199992617,,,,,,,,,,,,,,,,0.8974358974358975,1.0,0.7948717948717948,0.00866075845445214,5.144149826344545e-16,35.8974358974359,15.487179487179487,0.20091346154050627,0.16757867048300754,0.16676307144457486,"{""residual+conditioning"": 28, ""residual+conditioning+solver_failure"": 11}"
0.7692307692307693,0.7619047619047619,0.8,0.8783068783068784,36.30645370000275,wine_binary,hybrid_qnn_lenient_full_light_qnn,hybrid_qnn_lenient_full_light,qnn,2,4,4,16,2.0,1.1,True,full_light,qnn_lenient,80,,,,,,,22.854212199992617,,,,,,,,,,,,,,,,0.8974358974358975,1.0,0.7948717948717948,0.00866075845445214,5.144149826344545e-16,35.8974358974359,15.487179487179487,0.20091346154050627,0.16757867048300754,0.16676307144457486,"{""residual+conditioning"": 28, ""residual+conditioning+solver_failure"": 11}"
0.9743589743589743,0.9722222222222222,0.9767441860465116,1.0,0.0022994000028120354,wine_binary,forced_full_balanced_logreg,forced_full_balanced,logreg,2,4,4,16,2.0,1.1,True,full_balanced,standard,80,,,,,,,29.254377899997053,0.8717948717948718,0.7692307692307693,0.717948717948718,0.6923076923076923,0.05180487858650192,0.06161906654907582,0.010562131296165653,6.560615477883351e-12,6.017265405022454e-16,35.8974358974359,17.692307692307693,2309.5128205128203,0.24864948205037926,0.16757867048300754,0.1503428014719202,,,,,,,,,,,
0.8974358974358975,0.8888888888888888,0.9130434782608695,0.9973544973544973,0.0012415999954100698,wine_binary,forced_full_balanced_svm_rbf,forced_full_balanced,svm_rbf,2,4,4,16,2.0,1.1,True,full_balanced,standard,80,,,,,,,29.254377899997053,0.8717948717948718,0.7692307692307693,0.717948717948718,0.6923076923076923,0.05180487858650192,0.06161906654907582,0.010562131296165653,6.560615477883351e-12,6.017265405022454e-16,35.8974358974359,17.692307692307693,2309.5128205128203,0.24864948205037926,0.16757867048300754,0.1503428014719202,,,,,,,,,,,
0.6410256410256411,0.6349206349206349,0.6818181818181818,0.7433862433862434,35.88402009999845,wine_binary,forced_full_balanced_qnn,forced_full_balanced,qnn,2,4,4,16,2.0,1.1,True,full_balanced,standard,80,,,,,,,29.254377899997053,0.8717948717948718,0.7692307692307693,0.717948717948718,0.6923076923076923,0.05180487858650192,0.06161906654907582,0.010562131296165653,6.560615477883351e-12,6.017265405022454e-16,35.8974358974359,17.692307692307693,2309.5128205128203,0.24864948205037926,0.16757867048300754,0.1503428014719202,,,,,,,,,,,
0.9743589743589743,0.9722222222222222,0.9767441860465116,1.0,0.0022006999934092164,wine_binary,hybrid_standard_full_balanced_logreg,hybrid_standard_full_balanced,logreg,2,4,4,16,2.0,1.1,True,full_balanced,standard,80,,,,,,,7.665907900009188,,,,,,,,,,,,,,,,0.8717948717948718,0.3076923076923077,0.2564102564102564,0.010586581644768075,3.93186705568235e-12,35.8974358974359,26.897435897435898,0.0615467205143665,0.16757867048300754,0.11603494126758719,"{""none"": 27, ""conditioning+solver_failure"": 3, ""residual+conditioning+solver_failure"": 8, ""conditioning"": 1}"
0.8974358974358975,0.8888888888888888,0.9130434782608695,0.9947089947089947,0.0012519000010797754,wine_binary,hybrid_standard_full_balanced_svm_rbf,hybrid_standard_full_balanced,svm_rbf,2,4,4,16,2.0,1.1,True,full_balanced,standard,80,,,,,,,7.665907900009188,,,,,,,,,,,,,,,,0.8717948717948718,0.3076923076923077,0.2564102564102564,0.010586581644768075,3.93186705568235e-12,35.8974358974359,26.897435897435898,0.0615467205143665,0.16757867048300754,0.11603494126758719,"{""none"": 27, ""conditioning+solver_failure"": 3, ""residual+conditioning+solver_failure"": 8, ""conditioning"": 1}"
0.8205128205128205,0.8253968253968254,0.8205128205128205,0.8465608465608466,37.44319260001066,wine_binary,hybrid_standard_full_balanced_qnn,hybrid_standard_full_balanced,qnn,2,4,4,16,2.0,1.1,True,full_balanced,standard,80,,,,,,,7.665907900009188,,,,,,,,,,,,,,,,0.8717948717948718,0.3076923076923077,0.2564102564102564,0.010586581644768075,3.93186705568235e-12,35.8974358974359,26.897435897435898,0.0615467205143665,0.16757867048300754,0.11603494126758719,"{""none"": 27, ""conditioning+solver_failure"": 3, ""residual+conditioning+solver_failure"": 8, ""conditioning"": 1}"
0.9743589743589743,0.9722222222222222,0.9767441860465116,1.0,0.0021766999998362735,wine_binary,hybrid_aggressive_full_balanced_logreg,hybrid_aggressive_full_balanced,logreg,2,4,4,16,2.0,1.1,True,full_balanced,aggressive,80,,,,,,,16.598090900006355,,,,,,,,,,,,,,,,0.8717948717948718,0.5384615384615384,0.41025641025641024,0.010586792181754111,2.0841938762511305e-12,35.8974358974359,23.564102564102566,0.13233373333432843,0.16757867048300754,0.10730971765395428,"{""none"": 18, ""residual+conditioning+solver_failure"": 11, ""conditioning"": 10}"
0.8974358974358975,0.8888888888888888,0.9130434782608695,0.9973544973544973,0.001236700001754798,wine_binary,hybrid_aggressive_full_balanced_svm_rbf,hybrid_aggressive_full_balanced,svm_rbf,2,4,4,16,2.0,1.1,True,full_balanced,aggressive,80,,,,,,,16.598090900006355,,,,,,,,,,,,,,,,0.8717948717948718,0.5384615384615384,0.41025641025641024,0.010586792181754111,2.0841938762511305e-12,35.8974358974359,23.564102564102566,0.13233373333432843,0.16757867048300754,0.10730971765395428,"{""none"": 18, ""residual+conditioning+solver_failure"": 11, ""conditioning"": 10}"
0.7435897435897436,0.746031746031746,0.75,0.8095238095238095,37.04396570000972,wine_binary,hybrid_aggressive_full_balanced_qnn,hybrid_aggressive_full_balanced,qnn,2,4,4,16,2.0,1.1,True,full_balanced,aggressive,80,,,,,,,16.598090900006355,,,,,,,,,,,,,,,,0.8717948717948718,0.5384615384615384,0.41025641025641024,0.010586792181754111,2.0841938762511305e-12,35.8974358974359,23.564102564102566,0.13233373333432843,0.16757867048300754,0.10730971765395428,"{""none"": 18, ""residual+conditioning+solver_failure"": 11, ""conditioning"": 10}"
0.9743589743589743,0.9722222222222222,0.9767441860465116,1.0,0.002354099997319281,wine_binary,hybrid_always_trigger_full_balanced_logreg,hybrid_always_trigger_full_balanced,logreg,2,4,4,16,2.0,1.1,True,full_balanced,always_trigger,80,,,,,,,28.81286550000368,,,,,,,,,,,,,,,,0.8717948717948718,1.0,0.717948717948718,0.010586930219137088,5.47963972713647e-16,35.8974358974359,18.794871794871796,0.24143342307704585,0.16757867048300754,0.15037847611035352,"{""residual+conditioning"": 28, ""residual+conditioning+solver_failure"": 11}"
0.8974358974358975,0.8888888888888888,0.9130434782608695,0.9973544973544973,0.0013249000039650127,wine_binary,hybrid_always_trigger_full_balanced_svm_rbf,hybrid_always_trigger_full_balanced,svm_rbf,2,4,4,16,2.0,1.1,True,full_balanced,always_trigger,80,,,,,,,28.81286550000368,,,,,,,,,,,,,,,,0.8717948717948718,1.0,0.717948717948718,0.010586930219137088,5.47963972713647e-16,35.8974358974359,18.794871794871796,0.24143342307704585,0.16757867048300754,0.15037847611035352,"{""residual+conditioning"": 28, ""residual+conditioning+solver_failure"": 11}"
0.6666666666666666,0.6666666666666666,0.6829268292682927,0.7619047619047619,36.884086999998544,wine_binary,hybrid_always_trigger_full_balanced_qnn,hybrid_always_trigger_full_balanced,qnn,2,4,4,16,2.0,1.1,True,full_balanced,always_trigger,80,,,,,,,28.81286550000368,,,,,,,,,,,,,,,,0.8717948717948718,1.0,0.717948717948718,0.010586930219137088,5.47963972713647e-16,35.8974358974359,18.794871794871796,0.24143342307704585,0.16757867048300754,0.15037847611035352,"{""residual+conditioning"": 28, ""residual+conditioning+solver_failure"": 11}"
0.9743589743589743,0.9722222222222222,0.9767441860465116,1.0,0.0024021999997785315,wine_binary,hybrid_qnn_lenient_full_balanced_logreg,hybrid_qnn_lenient_full_balanced,logreg,2,4,4,16,2.0,1.1,True,full_balanced,qnn_lenient,80,,,,,,,28.8367586999957,,,,,,,,,,,,,,,,0.8717948717948718,1.0,0.717948717948718,0.010586930219137088,5.47963972713647e-16,35.8974358974359,18.794871794871796,0.24217281025537374,0.16757867048300754,0.15037847611035352,"{""residual+conditioning"": 28, ""residual+conditioning+solver_failure"": 11}"
0.8974358974358975,0.8888888888888888,0.9130434782608695,0.9973544973544973,0.0012566000077640638,wine_binary,hybrid_qnn_lenient_full_balanced_svm_rbf,hybrid_qnn_lenient_full_balanced,svm_rbf,2,4,4,16,2.0,1.1,True,full_balanced,qnn_lenient,80,,,,,,,28.8367586999957,,,,,,,,,,,,,,,,0.8717948717948718,1.0,0.717948717948718,0.010586930219137088,5.47963972713647e-16,35.8974358974359,18.794871794871796,0.24217281025537374,0.16757867048300754,0.15037847611035352,"{""residual+conditioning"": 28, ""residual+conditioning+solver_failure"": 11}"
0.6666666666666666,0.6666666666666666,0.6829268292682927,0.7619047619047619,35.53833660000237,wine_binary,hybrid_qnn_lenient_full_balanced_qnn,hybrid_qnn_lenient_full_balanced,qnn,2,4,4,16,2.0,1.1,True,full_balanced,qnn_lenient,80,,,,,,,28.8367586999957,,,,,,,,,,,,,,,,0.8717948717948718,1.0,0.717948717948718,0.010586930219137088,5.47963972713647e-16,35.8974358974359,18.794871794871796,0.24217281025537374,0.16757867048300754,0.15037847611035352,"{""residual+conditioning"": 28, ""residual+conditioning+solver_failure"": 11}"
0.9743589743589743,0.9722222222222222,0.9767441860465116,1.0,0.003158899999107234,wine_binary,forced_qnn_oriented_logreg,forced_qnn_oriented,logreg,2,4,4,16,2.0,1.1,True,qnn_oriented,standard,80,,,,,,,42.44808590000321,0.8717948717948718,0.7692307692307693,0.717948717948718,0.7692307692307693,0.05180487858650192,0.030691750076219514,0.010551476611529621,6.560615477883351e-12,5.027496796041326e-16,35.8974358974359,15.692307692307692,2660.846153846154,0.35766924871840716,0.16757867048300754,0.17426807690799806,,,,,,,,,,,
0.8974358974358975,0.8888888888888888,0.9130434782608695,0.9973544973544973,0.001273900008527562,wine_binary,forced_qnn_oriented_svm_rbf,forced_qnn_oriented,svm_rbf,2,4,4,16,2.0,1.1,True,qnn_oriented,standard,80,,,,,,,42.44808590000321,0.8717948717948718,0.7692307692307693,0.717948717948718,0.7692307692307693,0.05180487858650192,0.030691750076219514,0.010551476611529621,6.560615477883351e-12,5.027496796041326e-16,35.8974358974359,15.692307692307692,2660.846153846154,0.35766924871840716,0.16757867048300754,0.17426807690799806,,,,,,,,,,,
0.6923076923076923,0.6904761904761905,0.7142857142857143,0.753968253968254,37.01406689999567,wine_binary,forced_qnn_oriented_qnn,forced_qnn_oriented,qnn,2,4,4,16,2.0,1.1,True,qnn_oriented,standard,80,,,,,,,42.44808590000321,0.8717948717948718,0.7692307692307693,0.717948717948718,0.7692307692307693,0.05180487858650192,0.030691750076219514,0.010551476611529621,6.560615477883351e-12,5.027496796041326e-16,35.8974358974359,15.692307692307692,2660.846153846154,0.35766924871840716,0.16757867048300754,0.17426807690799806,,,,,,,,,,,
0.9743589743589743,0.9722222222222222,0.9767441860465116,1.0,0.0023472000029869378,wine_binary,hybrid_standard_qnn_oriented_logreg,hybrid_standard_qnn_oriented,logreg,2,4,4,16,2.0,1.1,True,qnn_oriented,standard,80,,,,,,,11.260204800011707,,,,,,,,,,,,,,,,0.8974358974358975,0.3076923076923077,0.28205128205128205,0.008660398583311668,2.6389830911301034e-12,35.8974358974359,24.666666666666668,0.1053459025648548,0.16757867048300754,0.12176531073964748,"{""none"": 27, ""conditioning+solver_failure"": 3, ""residual+conditioning+solver_failure"": 8, ""conditioning"": 1}"
0.8974358974358975,0.8888888888888888,0.9130434782608695,0.9973544973544973,0.001338800007943064,wine_binary,hybrid_standard_qnn_oriented_svm_rbf,hybrid_standard_qnn_oriented,svm_rbf,2,4,4,16,2.0,1.1,True,qnn_oriented,standard,80,,,,,,,11.260204800011707,,,,,,,,,,,,,,,,0.8974358974358975,0.3076923076923077,0.28205128205128205,0.008660398583311668,2.6389830911301034e-12,35.8974358974359,24.666666666666668,0.1053459025648548,0.16757867048300754,0.12176531073964748,"{""none"": 27, ""conditioning+solver_failure"": 3, ""residual+conditioning+solver_failure"": 8, ""conditioning"": 1}"
0.7435897435897436,0.7420634920634921,0.7619047619047619,0.8862433862433863,37.25905410000996,wine_binary,hybrid_standard_qnn_oriented_qnn,hybrid_standard_qnn_oriented,qnn,2,4,4,16,2.0,1.1,True,qnn_oriented,standard,80,,,,,,,11.260204800011707,,,,,,,,,,,,,,,,0.8974358974358975,0.3076923076923077,0.28205128205128205,0.008660398583311668,2.6389830911301034e-12,35.8974358974359,24.666666666666668,0.1053459025648548,0.16757867048300754,0.12176531073964748,"{""none"": 27, ""conditioning+solver_failure"": 3, ""residual+conditioning+solver_failure"": 8, ""conditioning"": 1}"
0.9743589743589743,0.9722222222222222,0.9767441860465116,1.0,0.0022142000088933855,wine_binary,hybrid_aggressive_qnn_oriented_logreg,hybrid_aggressive_qnn_oriented,logreg,2,4,4,16,2.0,1.1,True,qnn_oriented,aggressive,80,,,,,,,24.001086399992346,,,,,,,,,,,,,,,,0.8974358974358975,0.5384615384615384,0.48717948717948717,0.008660507363077724,1.6128225689101758e-12,35.8974358974359,20.82051282051282,0.2127791282061177,0.16757867048300754,0.11911076633540496,"{""none"": 18, ""residual+conditioning+solver_failure"": 11, ""conditioning"": 10}"
0.8974358974358975,0.8888888888888888,0.9130434782608695,0.9973544973544973,0.001407100004144013,wine_binary,hybrid_aggressive_qnn_oriented_svm_rbf,hybrid_aggressive_qnn_oriented,svm_rbf,2,4,4,16,2.0,1.1,True,qnn_oriented,aggressive,80,,,,,,,24.001086399992346,,,,,,,,,,,,,,,,0.8974358974358975,0.5384615384615384,0.48717948717948717,0.008660507363077724,1.6128225689101758e-12,35.8974358974359,20.82051282051282,0.2127791282061177,0.16757867048300754,0.11911076633540496,"{""none"": 18, ""residual+conditioning+solver_failure"": 11, ""conditioning"": 10}"
0.7435897435897436,0.7420634920634921,0.7619047619047619,0.8968253968253969,36.939416399996844,wine_binary,hybrid_aggressive_qnn_oriented_qnn,hybrid_aggressive_qnn_oriented,qnn,2,4,4,16,2.0,1.1,True,qnn_oriented,aggressive,80,,,,,,,24.001086399992346,,,,,,,,,,,,,,,,0.8974358974358975,0.5384615384615384,0.48717948717948717,0.008660507363077724,1.6128225689101758e-12,35.8974358974359,20.82051282051282,0.2127791282061177,0.16757867048300754,0.11911076633540496,"{""none"": 18, ""residual+conditioning+solver_failure"": 11, ""conditioning"": 10}"
0.9743589743589743,0.9722222222222222,0.9767441860465116,1.0,0.0024261999933514744,wine_binary,hybrid_always_trigger_qnn_oriented_logreg,hybrid_always_trigger_qnn_oriented,logreg,2,4,4,16,2.0,1.1,True,qnn_oriented,always_trigger,80,,,,,,,42.80428630000097,,,,,,,,,,,,,,,,0.8717948717948718,1.0,0.7692307692307693,0.01057614705236558,5.057306561942087e-16,35.8974358974359,17.256410256410255,0.3736018897437204,0.16757867048300754,0.1785903241552909,"{""residual+conditioning"": 28, ""residual+conditioning+solver_failure"": 11}"
0.8974358974358975,0.8888888888888888,0.9130434782608695,0.9973544973544973,0.001264099992113188,wine_binary,hybrid_always_trigger_qnn_oriented_svm_rbf,hybrid_always_trigger_qnn_oriented,svm_rbf,2,4,4,16,2.0,1.1,True,qnn_oriented,always_trigger,80,,,,,,,42.80428630000097,,,,,,,,,,,,,,,,0.8717948717948718,1.0,0.7692307692307693,0.01057614705236558,5.057306561942087e-16,35.8974358974359,17.256410256410255,0.3736018897437204,0.16757867048300754,0.1785903241552909,"{""residual+conditioning"": 28, ""residual+conditioning+solver_failure"": 11}"
0.7948717948717948,0.7896825396825397,0.8181818181818182,0.8809523809523809,36.19131449999986,wine_binary,hybrid_always_trigger_qnn_oriented_qnn,hybrid_always_trigger_qnn_oriented,qnn,2,4,4,16,2.0,1.1,True,qnn_oriented,always_trigger,80,,,,,,,42.80428630000097,,,,,,,,,,,,,,,,0.8717948717948718,1.0,0.7692307692307693,0.01057614705236558,5.057306561942087e-16,35.8974358974359,17.256410256410255,0.3736018897437204,0.16757867048300754,0.1785903241552909,"{""residual+conditioning"": 28, ""residual+conditioning+solver_failure"": 11}"
0.9743589743589743,0.9722222222222222,0.9767441860465116,1.0,0.0018689999997150153,wine_binary,hybrid_qnn_lenient_qnn_oriented_logreg,hybrid_qnn_lenient_qnn_oriented,logreg,2,4,4,16,2.0,1.1,True,qnn_oriented,qnn_lenient,80,,,,,,,42.63333189999685,,,,,,,,,,,,,,,,0.8717948717948718,1.0,0.7948717948717948,0.010576147052453766,5.057306561942087e-16,35.8974358974359,17.102564102564102,0.373906623077346,0.16757867048300754,0.1785903241552909,"{""residual+conditioning"": 28, ""residual+conditioning+solver_failure"": 11}"
0.8974358974358975,0.8888888888888888,0.9130434782608695,0.9973544973544973,0.0012747000000672415,wine_binary,hybrid_qnn_lenient_qnn_oriented_svm_rbf,hybrid_qnn_lenient_qnn_oriented,svm_rbf,2,4,4,16,2.0,1.1,True,qnn_oriented,qnn_lenient,80,,,,,,,42.63333189999685,,,,,,,,,,,,,,,,0.8717948717948718,1.0,0.7948717948717948,0.010576147052453766,5.057306561942087e-16,35.8974358974359,17.102564102564102,0.373906623077346,0.16757867048300754,0.1785903241552909,"{""residual+conditioning"": 28, ""residual+conditioning+solver_failure"": 11}"
0.7948717948717948,0.7896825396825397,0.8181818181818182,0.8809523809523809,37.04031519999262,wine_binary,hybrid_qnn_lenient_qnn_oriented_qnn,hybrid_qnn_lenient_qnn_oriented,qnn,2,4,4,16,2.0,1.1,True,qnn_oriented,qnn_lenient,80,,,,,,,42.63333189999685,,,,,,,,,,,,,,,,0.8717948717948718,1.0,0.7948717948717948,0.010576147052453766,5.057306561942087e-16,35.8974358974359,17.102564102564102,0.373906623077346,0.16757867048300754,0.1785903241552909,"{""residual+conditioning"": 28, ""residual+conditioning+solver_failure"": 11}"
0.9743589743589743,0.9722222222222222,0.9767441860465116,1.0,0.0022541999933309853,wine_binary,forced_qnn_exploratory_logreg,forced_qnn_exploratory,logreg,2,4,4,16,2.0,1.1,True,qnn_exploratory,standard,80,,,,,,,48.45097189999069,0.8974358974358975,0.7948717948717948,0.717948717948718,0.717948717948718,0.05180487858650192,0.053433076628650045,0.008654264307698528,6.560615477883351e-12,3.964289135040461e-16,35.8974358974359,14.615384615384615,2856.128205128205,0.4249699512830165,0.16757867048300754,0.15185674005647348,,,,,,,,,,,
0.8974358974358975,0.8888888888888888,0.9130434782608695,0.9973544973544973,0.001237600008607842,wine_binary,forced_qnn_exploratory_svm_rbf,forced_qnn_exploratory,svm_rbf,2,4,4,16,2.0,1.1,True,qnn_exploratory,standard,80,,,,,,,48.45097189999069,0.8974358974358975,0.7948717948717948,0.717948717948718,0.717948717948718,0.05180487858650192,0.053433076628650045,0.008654264307698528,6.560615477883351e-12,3.964289135040461e-16,35.8974358974359,14.615384615384615,2856.128205128205,0.4249699512830165,0.16757867048300754,0.15185674005647348,,,,,,,,,,,
0.7948717948717948,0.7976190476190477,0.8,0.9047619047619048,37.9396115999989,wine_binary,forced_qnn_exploratory_qnn,forced_qnn_exploratory,qnn,2,4,4,16,2.0,1.1,True,qnn_exploratory,standard,80,,,,,,,48.45097189999069,0.8974358974358975,0.7948717948717948,0.717948717948718,0.717948717948718,0.05180487858650192,0.053433076628650045,0.008654264307698528,6.560615477883351e-12,3.964289135040461e-16,35.8974358974359,14.615384615384615,2856.128205128205,0.4249699512830165,0.16757867048300754,0.15185674005647348,,,,,,,,,,,
0.9743589743589743,0.9722222222222222,0.9767441860465116,1.0,0.002473400003509596,wine_binary,hybrid_standard_qnn_exploratory_logreg,hybrid_standard_qnn_exploratory,logreg,2,4,4,16,2.0,1.1,True,qnn_exploratory,standard,80,,,,,,,12.37838219999685,,,,,,,,,,,,,,,,0.8974358974358975,0.3076923076923077,0.28205128205128205,0.008654683327378785,2.6389830911301034e-12,35.8974358974359,24.333333333333332,0.1208091948717946,0.16757867048300754,0.12178991223544244,"{""none"": 27, ""conditioning+solver_failure"": 3, ""residual+conditioning+solver_failure"": 8, ""conditioning"": 1}"
0.8974358974358975,0.8888888888888888,0.9130434782608695,0.9947089947089947,0.00128680000489112,wine_binary,hybrid_standard_qnn_exploratory_svm_rbf,hybrid_standard_qnn_exploratory,svm_rbf,2,4,4,16,2.0,1.1,True,qnn_exploratory,standard,80,,,,,,,12.37838219999685,,,,,,,,,,,,,,,,0.8974358974358975,0.3076923076923077,0.28205128205128205,0.008654683327378785,2.6389830911301034e-12,35.8974358974359,24.333333333333332,0.1208091948717946,0.16757867048300754,0.12178991223544244,"{""none"": 27, ""conditioning+solver_failure"": 3, ""residual+conditioning+solver_failure"": 8, ""conditioning"": 1}"
0.7435897435897436,0.7380952380952381,0.7727272727272727,0.9021164021164021,36.71281199999794,wine_binary,hybrid_standard_qnn_exploratory_qnn,hybrid_standard_qnn_exploratory,qnn,2,4,4,16,2.0,1.1,True,qnn_exploratory,standard,80,,,,,,,12.37838219999685,,,,,,,,,,,,,,,,0.8974358974358975,0.3076923076923077,0.28205128205128205,0.008654683327378785,2.6389830911301034e-12,35.8974358974359,24.333333333333332,0.1208091948717946,0.16757867048300754,0.12178991223544244,"{""none"": 27, ""conditioning+solver_failure"": 3, ""residual+conditioning+solver_failure"": 8, ""conditioning"": 1}"
0.9743589743589743,0.9722222222222222,0.9767441860465116,1.0,0.0025581999943824485,wine_binary,hybrid_aggressive_qnn_exploratory_logreg,hybrid_aggressive_qnn_exploratory,logreg,2,4,4,16,2.0,1.1,True,qnn_exploratory,aggressive,80,,,,,,,28.70939190000354,,,,,,,,,,,,,,,,0.8974358974358975,0.5384615384615384,0.46153846153846156,0.008654316296805421,1.7273624480666386e-12,35.8974358974359,21.512820512820515,0.23402465128105504,0.16757867048300754,0.11052139909971505,"{""none"": 18, ""residual+conditioning+solver_failure"": 11, ""conditioning"": 10}"
0.8974358974358975,0.8888888888888888,0.9130434782608695,0.9947089947089947,0.0012306999997235835,wine_binary,hybrid_aggressive_qnn_exploratory_svm_rbf,hybrid_aggressive_qnn_exploratory,svm_rbf,2,4,4,16,2.0,1.1,True,qnn_exploratory,aggressive,80,,,,,,,28.70939190000354,,,,,,,,,,,,,,,,0.8974358974358975,0.5384615384615384,0.46153846153846156,0.008654316296805421,1.7273624480666386e-12,35.8974358974359,21.512820512820515,0.23402465128105504,0.16757867048300754,0.11052139909971505,"{""none"": 18, ""residual+conditioning+solver_failure"": 11, ""conditioning"": 10}"
0.7435897435897436,0.7380952380952381,0.7727272727272727,0.7407407407407407,36.71970530001272,wine_binary,hybrid_aggressive_qnn_exploratory_qnn,hybrid_aggressive_qnn_exploratory,qnn,2,4,4,16,2.0,1.1,True,qnn_exploratory,aggressive,80,,,,,,,28.70939190000354,,,,,,,,,,,,,,,,0.8974358974358975,0.5384615384615384,0.46153846153846156,0.008654316296805421,1.7273624480666386e-12,35.8974358974359,21.512820512820515,0.23402465128105504,0.16757867048300754,0.11052139909971505,"{""none"": 18, ""residual+conditioning+solver_failure"": 11, ""conditioning"": 10}"
0.9743589743589743,0.9722222222222222,0.9767441860465116,1.0,0.002551900004618801,wine_binary,hybrid_always_trigger_qnn_exploratory_logreg,hybrid_always_trigger_qnn_exploratory,logreg,2,4,4,16,2.0,1.1,True,qnn_exploratory,always_trigger,80,,,,,,,48.461974099991494,,,,,,,,,,,,,,,,0.8974358974358975,1.0,0.7692307692307693,0.008654370870386839,5.080104453137648e-16,35.8974358974359,16.256410256410255,0.42103888205243634,0.16757867048300754,0.1518693755914629,"{""residual+conditioning"": 28, ""residual+conditioning+solver_failure"": 11}"
0.8974358974358975,0.8888888888888888,0.9130434782608695,0.9973544973544973,0.0012424000015016645,wine_binary,hybrid_always_trigger_qnn_exploratory_svm_rbf,hybrid_always_trigger_qnn_exploratory,svm_rbf,2,4,4,16,2.0,1.1,True,qnn_exploratory,always_trigger,80,,,,,,,48.461974099991494,,,,,,,,,,,,,,,,0.8974358974358975,1.0,0.7692307692307693,0.008654370870386839,5.080104453137648e-16,35.8974358974359,16.256410256410255,0.42103888205243634,0.16757867048300754,0.1518693755914629,"{""residual+conditioning"": 28, ""residual+conditioning+solver_failure"": 11}"
0.8205128205128205,0.8214285714285714,0.8292682926829268,0.8994708994708995,36.02630139999383,wine_binary,hybrid_always_trigger_qnn_exploratory_qnn,hybrid_always_trigger_qnn_exploratory,qnn,2,4,4,16,2.0,1.1,True,qnn_exploratory,always_trigger,80,,,,,,,48.461974099991494,,,,,,,,,,,,,,,,0.8974358974358975,1.0,0.7692307692307693,0.008654370870386839,5.080104453137648e-16,35.8974358974359,16.256410256410255,0.42103888205243634,0.16757867048300754,0.1518693755914629,"{""residual+conditioning"": 28, ""residual+conditioning+solver_failure"": 11}"
0.9743589743589743,0.9722222222222222,0.9767441860465116,1.0,0.002367299995967187,wine_binary,hybrid_qnn_lenient_qnn_exploratory_logreg,hybrid_qnn_lenient_qnn_exploratory,logreg,2,4,4,16,2.0,1.1,True,qnn_exploratory,qnn_lenient,80,,,,,,,48.545687800011365,,,,,,,,,,,,,,,,0.8974358974358975,1.0,0.7692307692307693,0.008654370870386839,5.080104453137648e-16,35.8974358974359,16.256410256410255,0.4197454461544298,0.16757867048300754,0.1518693755914629,"{""residual+conditioning"": 28, ""residual+conditioning+solver_failure"": 11}"
0.8974358974358975,0.8888888888888888,0.9130434782608695,0.9973544973544973,0.001245000006747432,wine_binary,hybrid_qnn_lenient_qnn_exploratory_svm_rbf,hybrid_qnn_lenient_qnn_exploratory,svm_rbf,2,4,4,16,2.0,1.1,True,qnn_exploratory,qnn_lenient,80,,,,,,,48.545687800011365,,,,,,,,,,,,,,,,0.8974358974358975,1.0,0.7692307692307693,0.008654370870386839,5.080104453137648e-16,35.8974358974359,16.256410256410255,0.4197454461544298,0.16757867048300754,0.1518693755914629,"{""residual+conditioning"": 28, ""residual+conditioning+solver_failure"": 11}"
0.8205128205128205,0.8214285714285714,0.8292682926829268,0.8994708994708995,37.34253160000662,wine_binary,hybrid_qnn_lenient_qnn_exploratory_qnn,hybrid_qnn_lenient_qnn_exploratory,qnn,2,4,4,16,2.0,1.1,True,qnn_exploratory,qnn_lenient,80,,,,,,,48.545687800011365,,,,,,,,,,,,,,,,0.8974358974358975,1.0,0.7692307692307693,0.008654370870386839,5.080104453137648e-16,35.8974358974359,16.256410256410255,0.4197454461544298,0.16757867048300754,0.1518693755914629,"{""residual+conditioning"": 28, ""residual+conditioning+solver_failure"": 11}"
0.9743589743589743,0.9722222222222222,0.9767441860465116,1.0,0.003093000006629154,wine_binary,forced_no_detector_logreg,forced_no_detector,logreg,2,4,4,16,2.0,1.1,True,no_detector,standard,80,,,,,,,11.184485999998287,0.8717948717948718,0.7692307692307693,0.717948717948718,0.6923076923076923,0.05180487858650192,0.06159258289216185,0.01055820763241202,6.560615477883351e-12,2.9011966237682015e-13,35.8974358974359,17.923076923076923,2220.5897435897436,0.09450231795012652,0.16757867048300754,0.1506282729701411,,,,,,,,,,,
0.8974358974358975,0.8888888888888888,0.9130434782608695,0.9973544973544973,0.0013980999938212335,wine_binary,forced_no_detector_svm_rbf,forced_no_detector,svm_rbf,2,4,4,16,2.0,1.1,True,no_detector,standard,80,,,,,,,11.184485999998287,0.8717948717948718,0.7692307692307693,0.717948717948718,0.6923076923076923,0.05180487858650192,0.06159258289216185,0.01055820763241202,6.560615477883351e-12,2.9011966237682015e-13,35.8974358974359,17.923076923076923,2220.5897435897436,0.09450231795012652,0.16757867048300754,0.1506282729701411,,,,,,,,,,,
0.6153846153846154,0.6071428571428572,0.6666666666666666,0.7380952380952381,36.09944080001151,wine_binary,forced_no_detector_qnn,forced_no_detector,qnn,2,4,4,16,2.0,1.1,True,no_detector,standard,80,,,,,,,11.184485999998287,0.8717948717948718,0.7692307692307693,0.717948717948718,0.6923076923076923,0.05180487858650192,0.06159258289216185,0.01055820763241202,6.560615477883351e-12,2.9011966237682015e-13,35.8974358974359,17.923076923076923,2220.5897435897436,0.09450231795012652,0.16757867048300754,0.1506282729701411,,,,,,,,,,,
0.9743589743589743,0.9722222222222222,0.9767441860465116,1.0,0.0020035000052303076,wine_binary,hybrid_standard_no_detector_logreg,hybrid_standard_no_detector,logreg,2,4,4,16,2.0,1.1,True,no_detector,standard,80,,,,,,,3.029680100007681,,,,,,,,,,,,,,,,0.8717948717948718,0.3076923076923077,0.2564102564102564,0.010582927451329329,3.93186705568235e-12,35.8974358974359,26.846153846153847,0.024102092307144538,0.16757867048300754,0.11591084227205718,"{""none"": 27, ""conditioning+solver_failure"": 3, ""residual+conditioning+solver_failure"": 8, ""conditioning"": 1}"
0.8974358974358975,0.8888888888888888,0.9130434782608695,0.9947089947089947,0.0012587999954121187,wine_binary,hybrid_standard_no_detector_svm_rbf,hybrid_standard_no_detector,svm_rbf,2,4,4,16,2.0,1.1,True,no_detector,standard,80,,,,,,,3.029680100007681,,,,,,,,,,,,,,,,0.8717948717948718,0.3076923076923077,0.2564102564102564,0.010582927451329329,3.93186705568235e-12,35.8974358974359,26.846153846153847,0.024102092307144538,0.16757867048300754,0.11591084227205718,"{""none"": 27, ""conditioning+solver_failure"": 3, ""residual+conditioning+solver_failure"": 8, ""conditioning"": 1}"
0.8205128205128205,0.8253968253968254,0.8205128205128205,0.8439153439153438,36.36846179999702,wine_binary,hybrid_standard_no_detector_qnn,hybrid_standard_no_detector,qnn,2,4,4,16,2.0,1.1,True,no_detector,standard,80,,,,,,,3.029680100007681,,,,,,,,,,,,,,,,0.8717948717948718,0.3076923076923077,0.2564102564102564,0.010582927451329329,3.93186705568235e-12,35.8974358974359,26.846153846153847,0.024102092307144538,0.16757867048300754,0.11591084227205718,"{""none"": 27, ""conditioning+solver_failure"": 3, ""residual+conditioning+solver_failure"": 8, ""conditioning"": 1}"
0.9743589743589743,0.9722222222222222,0.9767441860465116,1.0,0.0024107000062940642,wine_binary,hybrid_aggressive_no_detector_logreg,hybrid_aggressive_no_detector,logreg,2,4,4,16,2.0,1.1,True,no_detector,aggressive,80,,,,,,,6.302082399997744,,,,,,,,,,,,,,,,0.8717948717948718,0.5384615384615384,0.41025641025641024,0.01058292745084749,2.0841938762511305e-12,35.8974358974359,24.0,0.050749923078677595,0.16757867048300754,0.10730508582020795,"{""none"": 18, ""residual+conditioning+solver_failure"": 11, ""conditioning"": 10}"
0.8974358974358975,0.8888888888888888,0.9130434782608695,0.9973544973544973,0.0012346000003162771,wine_binary,hybrid_aggressive_no_detector_svm_rbf,hybrid_aggressive_no_detector,svm_rbf,2,4,4,16,2.0,1.1,True,no_detector,aggressive,80,,,,,,,6.302082399997744,,,,,,,,,,,,,,,,0.8717948717948718,0.5384615384615384,0.41025641025641024,0.01058292745084749,2.0841938762511305e-12,35.8974358974359,24.0,0.050749923078677595,0.16757867048300754,0.10730508582020795,"{""none"": 18, ""residual+conditioning+solver_failure"": 11, ""conditioning"": 10}"
0.7435897435897436,0.746031746031746,0.75,0.8095238095238095,36.32757039999706,wine_binary,hybrid_aggressive_no_detector_qnn,hybrid_aggressive_no_detector,qnn,2,4,4,16,2.0,1.1,True,no_detector,aggressive,80,,,,,,,6.302082399997744,,,,,,,,,,,,,,,,0.8717948717948718,0.5384615384615384,0.41025641025641024,0.01058292745084749,2.0841938762511305e-12,35.8974358974359,24.0,0.050749923078677595,0.16757867048300754,0.10730508582020795,"{""none"": 18, ""residual+conditioning+solver_failure"": 11, ""conditioning"": 10}"
0.9743589743589743,0.9722222222222222,0.9767441860465116,1.0,0.002517100001568906,wine_binary,hybrid_always_trigger_no_detector_logreg,hybrid_always_trigger_no_detector,logreg,2,4,4,16,2.0,1.1,True,no_detector,always_trigger,80,,,,,,,11.142654899987974,,,,,,,,,,,,,,,,0.8717948717948718,1.0,0.717948717948718,0.010582927449683708,1.7224041128785927e-13,35.8974358974359,19.923076923076923,0.09374714102625895,0.16757867048300754,0.1506282729701411,"{""residual+conditioning"": 28, ""residual+conditioning+solver_failure"": 11}"
0.8974358974358975,0.8888888888888888,0.9130434782608695,0.9973544973544973,0.001328700003796257,wine_binary,hybrid_always_trigger_no_detector_svm_rbf,hybrid_always_trigger_no_detector,svm_rbf,2,4,4,16,2.0,1.1,True,no_detector,always_trigger,80,,,,,,,11.142654899987974,,,,,,,,,,,,,,,,0.8717948717948718,1.0,0.717948717948718,0.010582927449683708,1.7224041128785927e-13,35.8974358974359,19.923076923076923,0.09374714102625895,0.16757867048300754,0.1506282729701411,"{""residual+conditioning"": 28, ""residual+conditioning+solver_failure"": 11}"
0.6410256410256411,0.6349206349206349,0.6818181818181818,0.7328042328042328,36.99021530000027,wine_binary,hybrid_always_trigger_no_detector_qnn,hybrid_always_trigger_no_detector,qnn,2,4,4,16,2.0,1.1,True,no_detector,always_trigger,80,,,,,,,11.142654899987974,,,,,,,,,,,,,,,,0.8717948717948718,1.0,0.717948717948718,0.010582927449683708,1.7224041128785927e-13,35.8974358974359,19.923076923076923,0.09374714102625895,0.16757867048300754,0.1506282729701411,"{""residual+conditioning"": 28, ""residual+conditioning+solver_failure"": 11}"
0.9743589743589743,0.9722222222222222,0.9767441860465116,1.0,0.0019920999911846593,wine_binary,hybrid_qnn_lenient_no_detector_logreg,hybrid_qnn_lenient_no_detector,logreg,2,4,4,16,2.0,1.1,True,no_detector,qnn_lenient,80,,,,,,,11.030594199997722,,,,,,,,,,,,,,,,0.8717948717948718,1.0,0.717948717948718,0.010582927449683708,1.7224041128785927e-13,35.8974358974359,19.923076923076923,0.09199704359007928,0.16757867048300754,0.1506282729701411,"{""residual+conditioning"": 28, ""residual+conditioning+solver_failure"": 11}"
0.8974358974358975,0.8888888888888888,0.9130434782608695,0.9973544973544973,0.0012638000043807551,wine_binary,hybrid_qnn_lenient_no_detector_svm_rbf,hybrid_qnn_lenient_no_detector,svm_rbf,2,4,4,16,2.0,1.1,True,no_detector,qnn_lenient,80,,,,,,,11.030594199997722,,,,,,,,,,,,,,,,0.8717948717948718,1.0,0.717948717948718,0.010582927449683708,1.7224041128785927e-13,35.8974358974359,19.923076923076923,0.09199704359007928,0.16757867048300754,0.1506282729701411,"{""residual+conditioning"": 28, ""residual+conditioning+solver_failure"": 11}"
0.6410256410256411,0.6349206349206349,0.6818181818181818,0.7328042328042328,37.106912300005206,wine_binary,hybrid_qnn_lenient_no_detector_qnn,hybrid_qnn_lenient_no_detector,qnn,2,4,4,16,2.0,1.1,True,no_detector,qnn_lenient,80,,,,,,,11.030594199997722,,,,,,,,,,,,,,,,0.8717948717948718,1.0,0.717948717948718,0.010582927449683708,1.7224041128785927e-13,35.8974358974359,19.923076923076923,0.09199704359007928,0.16757867048300754,0.1506282729701411,"{""residual+conditioning"": 28, ""residual+conditioning+solver_failure"": 11}"
1.0,1.0,1.0,1.0,0.002810900012264028,wine_binary,forced_residual_only_logreg,forced_residual_only,logreg,2,4,4,16,2.0,1.1,True,residual_only,standard,80,,,,,,,5.881532500003232,0.8717948717948718,0.7948717948717948,0.717948717948718,0.6666666666666666,0.05180487858650192,0.06193836171657312,0.015387940056215802,6.560615477883351e-12,3.9939347471368736e-16,35.8974358974359,10.435897435897436,2745.846153846154,0.04912843589875429,0.16757867048300754,0.1364513800698082,,,,,,,,,,,
0.9230769230769231,0.9166666666666667,0.9333333333333333,1.0,0.0013491999998223037,wine_binary,forced_residual_only_svm_rbf,forced_residual_only,svm_rbf,2,4,4,16,2.0,1.1,True,residual_only,standard,80,,,,,,,5.881532500003232,0.8717948717948718,0.7948717948717948,0.717948717948718,0.6666666666666666,0.05180487858650192,0.06193836171657312,0.015387940056215802,6.560615477883351e-12,3.9939347471368736e-16,35.8974358974359,10.435897435897436,2745.846153846154,0.04912843589875429,0.16757867048300754,0.1364513800698082,,,,,,,,,,,
0.7948717948717948,0.8015873015873016,0.7894736842105263,0.8544973544973545,36.73678910000308,wine_binary,forced_residual_only_qnn,forced_residual_only,qnn,2,4,4,16,2.0,1.1,True,residual_only,standard,80,,,,,,,5.881532500003232,0.8717948717948718,0.7948717948717948,0.717948717948718,0.6666666666666666,0.05180487858650192,0.06193836171657312,0.015387940056215802,6.560615477883351e-12,3.9939347471368736e-16,35.8974358974359,10.435897435897436,2745.846153846154,0.04912843589875429,0.16757867048300754,0.1364513800698082,,,,,,,,,,,
1.0,1.0,1.0,1.0,0.0021025000023655593,wine_binary,hybrid_standard_residual_only_logreg,hybrid_standard_residual_only,logreg,2,4,4,16,2.0,1.1,True,residual_only,standard,80,,,,,,,1.657488299999386,,,,,,,,,,,,,,,,0.8717948717948718,0.3076923076923077,0.28205128205128205,0.01538802804904187,2.6389830911301034e-12,35.8974358974359,23.384615384615383,0.014731012819818435,0.16757867048300754,0.09112013228928555,"{""none"": 27, ""conditioning+solver_failure"": 3, ""residual+conditioning+solver_failure"": 8, ""conditioning"": 1}"
0.9230769230769231,0.9166666666666667,0.9333333333333333,1.0,0.0012342999980319291,wine_binary,hybrid_standard_residual_only_svm_rbf,hybrid_standard_residual_only,svm_rbf,2,4,4,16,2.0,1.1,True,residual_only,standard,80,,,,,,,1.657488299999386,,,,,,,,,,,,,,,,0.8717948717948718,0.3076923076923077,0.28205128205128205,0.01538802804904187,2.6389830911301034e-12,35.8974358974359,23.384615384615383,0.014731012819818435,0.16757867048300754,0.09112013228928555,"{""none"": 27, ""conditioning+solver_failure"": 3, ""residual+conditioning+solver_failure"": 8, ""conditioning"": 1}"
0.9230769230769231,0.9206349206349206,0.9302325581395349,0.9761904761904762,37.69702700000198,wine_binary,hybrid_standard_residual_only_qnn,hybrid_standard_residual_only,qnn,2,4,4,16,2.0,1.1,True,residual_only,standard,80,,,,,,,1.657488299999386,,,,,,,,,,,,,,,,0.8717948717948718,0.3076923076923077,0.28205128205128205,0.01538802804904187,2.6389830911301034e-12,35.8974358974359,23.384615384615383,0.014731012819818435,0.16757867048300754,0.09112013228928555,"{""none"": 27, ""conditioning+solver_failure"": 3, ""residual+conditioning+solver_failure"": 8, ""conditioning"": 1}"
1.0,1.0,1.0,1.0,0.0022376999986590818,wine_binary,hybrid_aggressive_residual_only_logreg,hybrid_aggressive_residual_only,logreg,2,4,4,16,2.0,1.1,True,residual_only,aggressive,80,,,,,,,3.5160787999921013,,,,,,,,,,,,,,,,0.8717948717948718,0.5384615384615384,0.46153846153846156,0.01538802804855563,1.6128225689101758e-12,35.8974358974359,19.71794871794872,0.027463151283415917,0.16757867048300754,0.09327325302579544,"{""none"": 18, ""residual+conditioning+solver_failure"": 11, ""conditioning"": 10}"
0.9230769230769231,0.9166666666666667,0.9333333333333333,1.0,0.001240400000824593,wine_binary,hybrid_aggressive_residual_only_svm_rbf,hybrid_aggressive_residual_only,svm_rbf,2,4,4,16,2.0,1.1,True,residual_only,aggressive,80,,,,,,,3.5160787999921013,,,,,,,,,,,,,,,,0.8717948717948718,0.5384615384615384,0.46153846153846156,0.01538802804855563,1.6128225689101758e-12,35.8974358974359,19.71794871794872,0.027463151283415917,0.16757867048300754,0.09327325302579544,"{""none"": 18, ""residual+conditioning+solver_failure"": 11, ""conditioning"": 10}"
0.8461538461538461,0.8492063492063492,0.85,0.9682539682539683,37.2546791999921,wine_binary,hybrid_aggressive_residual_only_qnn,hybrid_aggressive_residual_only,qnn,2,4,4,16,2.0,1.1,True,residual_only,aggressive,80,,,,,,,3.5160787999921013,,,,,,,,,,,,,,,,0.8717948717948718,0.5384615384615384,0.46153846153846156,0.01538802804855563,1.6128225689101758e-12,35.8974358974359,19.71794871794872,0.027463151283415917,0.16757867048300754,0.09327325302579544,"{""none"": 18, ""residual+conditioning+solver_failure"": 11, ""conditioning"": 10}"
1.0,1.0,1.0,1.0,0.0022455999860540032,wine_binary,hybrid_always_trigger_residual_only_logreg,hybrid_always_trigger_residual_only,logreg,2,4,4,16,2.0,1.1,True,residual_only,always_trigger,80,,,,,,,5.9226408999966225,,,,,,,,,,,,,,,,0.8717948717948718,1.0,0.7692307692307693,0.015388028047186588,3.9939347471368736e-16,35.8974358974359,14.41025641025641,0.04942706153908661,0.16757867048300754,0.1364513800698082,"{""residual+conditioning"": 28, ""residual+conditioning+solver_failure"": 11}"
0.9230769230769231,0.9166666666666667,0.9333333333333333,1.0,0.0012541999894892797,wine_binary,hybrid_always_trigger_residual_only_svm_rbf,hybrid_always_trigger_residual_only,svm_rbf,2,4,4,16,2.0,1.1,True,residual_only,always_trigger,80,,,,,,,5.9226408999966225,,,,,,,,,,,,,,,,0.8717948717948718,1.0,0.7692307692307693,0.015388028047186588,3.9939347471368736e-16,35.8974358974359,14.41025641025641,0.04942706153908661,0.16757867048300754,0.1364513800698082,"{""residual+conditioning"": 28, ""residual+conditioning+solver_failure"": 11}"
0.7948717948717948,0.8015873015873016,0.7894736842105263,0.8492063492063492,36.88529120000021,wine_binary,hybrid_always_trigger_residual_only_qnn,hybrid_always_trigger_residual_only,qnn,2,4,4,16,2.0,1.1,True,residual_only,always_trigger,80,,,,,,,5.9226408999966225,,,,,,,,,,,,,,,,0.8717948717948718,1.0,0.7692307692307693,0.015388028047186588,3.9939347471368736e-16,35.8974358974359,14.41025641025641,0.04942706153908661,0.16757867048300754,0.1364513800698082,"{""residual+conditioning"": 28, ""residual+conditioning+solver_failure"": 11}"
1.0,1.0,1.0,1.0,0.002889399998821318,wine_binary,hybrid_qnn_lenient_residual_only_logreg,hybrid_qnn_lenient_residual_only,logreg,2,4,4,16,2.0,1.1,True,residual_only,qnn_lenient,80,,,,,,,5.922385599988047,,,,,,,,,,,,,,,,0.8717948717948718,1.0,0.7692307692307693,0.015388028047186588,3.9939347471368736e-16,35.8974358974359,14.41025641025641,0.049532220512330055,0.16757867048300754,0.1364513800698082,"{""residual+conditioning"": 28, ""residual+conditioning+solver_failure"": 11}"
0.9230769230769231,0.9166666666666667,0.9333333333333333,1.0,0.0012852999934693798,wine_binary,hybrid_qnn_lenient_residual_only_svm_rbf,hybrid_qnn_lenient_residual_only,svm_rbf,2,4,4,16,2.0,1.1,True,residual_only,qnn_lenient,80,,,,,,,5.922385599988047,,,,,,,,,,,,,,,,0.8717948717948718,1.0,0.7692307692307693,0.015388028047186588,3.9939347471368736e-16,35.8974358974359,14.41025641025641,0.049532220512330055,0.16757867048300754,0.1364513800698082,"{""residual+conditioning"": 28, ""residual+conditioning+solver_failure"": 11}"
0.7948717948717948,0.8015873015873016,0.7894736842105263,0.8492063492063492,36.235416700001224,wine_binary,hybrid_qnn_lenient_residual_only_qnn,hybrid_qnn_lenient_residual_only,qnn,2,4,4,16,2.0,1.1,True,residual_only,qnn_lenient,80,,,,,,,5.922385599988047,,,,,,,,,,,,,,,,0.8717948717948718,1.0,0.7692307692307693,0.015388028047186588,3.9939347471368736e-16,35.8974358974359,14.41025641025641,0.049532220512330055,0.16757867048300754,0.1364513800698082,"{""residual+conditioning"": 28, ""residual+conditioning+solver_failure"": 11}"
0.9230769230769231,0.9246031746031746,0.926829268292683,0.9894179894179894,0.0015552999975625426,wine_binary,pca_logreg,pca,logreg,3,4,4,16,2.0,1.1,True,full_balanced,standard,80,,,,,,,,,,,,,,,,,,,,,,,,,,,,,,,,,
0.9230769230769231,0.9206349206349206,0.9302325581395349,0.9841269841269842,0.06605710000440013,wine_binary,pca_mlp,pca,mlp,3,4,4,16,2.0,1.1,True,full_balanced,standard,80,,,,,,,,,,,,,,,,,,,,,,,,,,,,,,,,,
0.9487179487179487,0.9484126984126984,0.9523809523809523,0.9894179894179893,0.001068700003088452,wine_binary,pca_svm_rbf,pca,svm_rbf,3,4,4,16,2.0,1.1,True,full_balanced,standard,80,,,,,,,,,,,,,,,,,,,,,,,,,,,,,,,,,
0.9230769230769231,0.9246031746031746,0.926829268292683,0.9894179894179893,35.50531919999048,wine_binary,pca_qnn,pca,qnn,3,4,4,16,2.0,1.1,True,full_balanced,standard,80,,,,,,,,,,,,,,,,,,,,,,,,,,,,,,,,,
0.9230769230769231,0.9285714285714286,0.9230769230769231,0.9947089947089947,0.002545099996495992,wine_binary,implicit_zero_logreg,implicit_zero,logreg,3,4,4,16,2.0,1.1,True,full_balanced,standard,80,0.6153846153846154,0.06523150598326996,4.033724022678386e-12,32.15384615384615,0.00019839230756191775,0.13831124870972994,0.03471700000227429,,,,,,,,,,,,,,,,,,,,,,,,,,
0.9487179487179487,0.9523809523809523,0.95,0.992063492063492,0.001110299999709241,wine_binary,implicit_zero_svm_rbf,implicit_zero,svm_rbf,3,4,4,16,2.0,1.1,True,full_balanced,standard,80,0.6153846153846154,0.06523150598326996,4.033724022678386e-12,32.15384615384615,0.00019839230756191775,0.13831124870972994,0.03471700000227429,,,,,,,,,,,,,,,,,,,,,,,,,,
0.9230769230769231,0.9285714285714286,0.9230769230769231,0.9920634920634921,36.22599359999003,wine_binary,implicit_zero_qnn,implicit_zero,qnn,3,4,4,16,2.0,1.1,True,full_balanced,standard,80,0.6153846153846154,0.06523150598326996,4.033724022678386e-12,32.15384615384615,0.00019839230756191775,0.13831124870972994,0.03471700000227429,,,,,,,,,,,,,,,,,,,,,,,,,,
0.9230769230769231,0.9285714285714286,0.9230769230769231,0.9735449735449736,0.0025624999980209395,wine_binary,forced_full_light_logreg,forced_full_light,logreg,3,4,4,16,2.0,1.1,True,full_light,standard,80,,,,,,,23.052602199997636,0.5897435897435898,0.9230769230769231,0.6153846153846154,0.5641025641025641,0.06523150598326996,0.07947183362608742,0.06427123157838725,4.033724022678386e-12,3.547710968092581e-16,32.15384615384615,14.512820512820513,2004.820512820513,0.1810675307679981,0.13831124870972994,0.12924536883378535,,,,,,,,,,,
0.9230769230769231,0.9285714285714286,0.9230769230769231,0.9894179894179893,0.0010495999886188656,wine_binary,forced_full_light_svm_rbf,forced_full_light,svm_rbf,3,4,4,16,2.0,1.1,True,full_light,standard,80,,,,,,,23.052602199997636,0.5897435897435898,0.9230769230769231,0.6153846153846154,0.5641025641025641,0.06523150598326996,0.07947183362608742,0.06427123157838725,4.033724022678386e-12,3.547710968092581e-16,32.15384615384615,14.512820512820513,2004.820512820513,0.1810675307679981,0.13831124870972994,0.12924536883378535,,,,,,,,,,,
0.9743589743589743,0.9722222222222222,0.9767441860465116,0.9788359788359788,36.01142539999273,wine_binary,forced_full_light_qnn,forced_full_light,qnn,3,4,4,16,2.0,1.1,True,full_light,standard,80,,,,,,,23.052602199997636,0.5897435897435898,0.9230769230769231,0.6153846153846154,0.5641025641025641,0.06523150598326996,0.07947183362608742,0.06427123157838725,4.033724022678386e-12,3.547710968092581e-16,32.15384615384615,14.512820512820513,2004.820512820513,0.1810675307679981,0.13831124870972994,0.12924536883378535,,,,,,,,,,,
0.9230769230769231,0.9285714285714286,0.9230769230769231,0.9947089947089947,0.002234699990367517,wine_binary,hybrid_standard_full_light_logreg,hybrid_standard_full_light,logreg,3,4,4,16,2.0,1.1,True,full_light,standard,80,,,,,,,6.060236400007852,,,,,,,,,,,,,,,,0.6153846153846154,0.38461538461538464,0.15384615384615385,0.06455664181468647,4.033724022678386e-12,32.15384615384615,27.692307692307693,0.039968084614464224,0.13831124870972994,0.001410673113901384,"{""none"": 24, ""residual+conditioning+solver_failure"": 12, ""conditioning+solver_failure"": 3}"
0.9487179487179487,0.9523809523809523,0.95,0.9947089947089947,0.0010940000065602362,wine_binary,hybrid_standard_full_light_svm_rbf,hybrid_standard_full_light,svm_rbf,3,4,4,16,2.0,1.1,True,full_light,standard,80,,,,,,,6.060236400007852,,,,,,,,,,,,,,,,0.6153846153846154,0.38461538461538464,0.15384615384615385,0.06455664181468647,4.033724022678386e-12,32.15384615384615,27.692307692307693,0.039968084614464224,0.13831124870972994,0.001410673113901384,"{""none"": 24, ""residual+conditioning+solver_failure"": 12, ""conditioning+solver_failure"": 3}"
0.9230769230769231,0.9246031746031746,0.926829268292683,0.9761904761904762,38.040663199994015,wine_binary,hybrid_standard_full_light_qnn,hybrid_standard_full_light,qnn,3,4,4,16,2.0,1.1,True,full_light,standard,80,,,,,,,6.060236400007852,,,,,,,,,,,,,,,,0.6153846153846154,0.38461538461538464,0.15384615384615385,0.06455664181468647,4.033724022678386e-12,32.15384615384615,27.692307692307693,0.039968084614464224,0.13831124870972994,0.001410673113901384,"{""none"": 24, ""residual+conditioning+solver_failure"": 12, ""conditioning+solver_failure"": 3}"
0.9230769230769231,0.9285714285714286,0.9230769230769231,0.9867724867724867,0.0022687000018777326,wine_binary,hybrid_aggressive_full_light_logreg,hybrid_aggressive_full_light,logreg,3,4,4,16,2.0,1.1,True,full_light,aggressive,80,,,,,,,9.928363400002127,,,,,,,,,,,,,,,,0.6153846153846154,0.5128205128205128,0.28205128205128205,0.06456071019914078,3.253761498206418e-12,32.15384615384615,25.82051282051282,0.07051238461579674,0.13831124870972994,0.037904452121008785,"{""none"": 19, ""residual+conditioning+solver_failure"": 15, ""conditioning"": 5}"
0.9487179487179487,0.9523809523809523,0.95,0.9947089947089947,0.0010780000011436641,wine_binary,hybrid_aggressive_full_light_svm_rbf,hybrid_aggressive_full_light,svm_rbf,3,4,4,16,2.0,1.1,True,full_light,aggressive,80,,,,,,,9.928363400002127,,,,,,,,,,,,,,,,0.6153846153846154,0.5128205128205128,0.28205128205128205,0.06456071019914078,3.253761498206418e-12,32.15384615384615,25.82051282051282,0.07051238461579674,0.13831124870972994,0.037904452121008785,"{""none"": 19, ""residual+conditioning+solver_failure"": 15, ""conditioning"": 5}"
0.9230769230769231,0.9246031746031746,0.926829268292683,0.9867724867724867,36.03290589999233,wine_binary,hybrid_aggressive_full_light_qnn,hybrid_aggressive_full_light,qnn,3,4,4,16,2.0,1.1,True,full_light,aggressive,80,,,,,,,9.928363400002127,,,,,,,,,,,,,,,,0.6153846153846154,0.5128205128205128,0.28205128205128205,0.06456071019914078,3.253761498206418e-12,32.15384615384615,25.82051282051282,0.07051238461579674,0.13831124870972994,0.037904452121008785,"{""none"": 19, ""residual+conditioning+solver_failure"": 15, ""conditioning"": 5}"
0.9230769230769231,0.9285714285714286,0.9230769230769231,0.9761904761904763,0.002506699995137751,wine_binary,hybrid_always_trigger_full_light_logreg,hybrid_always_trigger_full_light,logreg,3,4,4,16,2.0,1.1,True,full_light,always_trigger,80,,,,,,,23.103727100009564,,,,,,,,,,,,,,,,0.6153846153846154,1.0,0.7435897435897436,0.06455679842072233,3.7070456212392373e-16,32.15384615384615,20.333333333333332,0.17951537692361177,0.13831124870972994,0.1292333851659114,"{""residual+conditioning"": 24, ""residual+conditioning+solver_failure"": 15}"
0.9230769230769231,0.9285714285714286,0.9230769230769231,0.9894179894179893,0.0010374999983469024,wine_binary,hybrid_always_trigger_full_light_svm_rbf,hybrid_always_trigger_full_light,svm_rbf,3,4,4,16,2.0,1.1,True,full_light,always_trigger,80,,,,,,,23.103727100009564,,,,,,,,,,,,,,,,0.6153846153846154,1.0,0.7435897435897436,0.06455679842072233,3.7070456212392373e-16,32.15384615384615,20.333333333333332,0.17951537692361177,0.13831124870972994,0.1292333851659114,"{""residual+conditioning"": 24, ""residual+conditioning+solver_failure"": 15}"
0.8974358974358975,0.9007936507936507,0.9,0.9682539682539683,36.72817190000205,wine_binary,hybrid_always_trigger_full_light_qnn,hybrid_always_trigger_full_light,qnn,3,4,4,16,2.0,1.1,True,full_light,always_trigger,80,,,,,,,23.103727100009564,,,,,,,,,,,,,,,,0.6153846153846154,1.0,0.7435897435897436,0.06455679842072233,3.7070456212392373e-16,32.15384615384615,20.333333333333332,0.17951537692361177,0.13831124870972994,0.1292333851659114,"{""residual+conditioning"": 24, ""residual+conditioning+solver_failure"": 15}"
0.9230769230769231,0.9285714285714286,0.9230769230769231,0.9735449735449736,0.002478399997926317,wine_binary,hybrid_qnn_lenient_full_light_logreg,hybrid_qnn_lenient_full_light,logreg,3,4,4,16,2.0,1.1,True,full_light,qnn_lenient,80,,,,,,,23.08642529998906,,,,,,,,,,,,,,,,0.6153846153846154,1.0,0.7435897435897436,0.06455679842072233,3.7070456212392373e-16,32.15384615384615,20.333333333333332,0.1822619076921957,0.13831124870972994,0.1292333851659114,"{""residual+conditioning"": 24, ""residual+conditioning+solver_failure"": 15}"
0.9230769230769231,0.9285714285714286,0.9230769230769231,0.992063492063492,0.001032499989378266,wine_binary,hybrid_qnn_lenient_full_light_svm_rbf,hybrid_qnn_lenient_full_light,svm_rbf,3,4,4,16,2.0,1.1,True,full_light,qnn_lenient,80,,,,,,,23.08642529998906,,,,,,,,,,,,,,,,0.6153846153846154,1.0,0.7435897435897436,0.06455679842072233,3.7070456212392373e-16,32.15384615384615,20.333333333333332,0.1822619076921957,0.13831124870972994,0.1292333851659114,"{""residual+conditioning"": 24, ""residual+conditioning+solver_failure"": 15}"
0.9230769230769231,0.9246031746031746,0.926829268292683,0.9708994708994709,36.89787799998885,wine_binary,hybrid_qnn_lenient_full_light_qnn,hybrid_qnn_lenient_full_light,qnn,3,4,4,16,2.0,1.1,True,full_light,qnn_lenient,80,,,,,,,23.08642529998906,,,,,,,,,,,,,,,,0.6153846153846154,1.0,0.7435897435897436,0.06455679842072233,3.7070456212392373e-16,32.15384615384615,20.333333333333332,0.1822619076921957,0.13831124870972994,0.1292333851659114,"{""residual+conditioning"": 24, ""residual+conditioning+solver_failure"": 15}"
0.9230769230769231,0.9285714285714286,0.9230769230769231,0.9735449735449736,0.002052900003036484,wine_binary,forced_full_balanced_logreg,forced_full_balanced,logreg,3,4,4,16,2.0,1.1,True,full_balanced,standard,80,,,,,,,32.653502000001026,0.6153846153846154,0.9487179487179487,0.6153846153846154,0.5897435897435898,0.06523150598326996,0.07202697709766503,0.06428291041816979,4.033724022678386e-12,3.6148906861297195e-16,32.15384615384615,13.58974358974359,2394.5128205128203,0.25849818461462676,0.13831124870972994,0.1292645141960148,,,,,,,,,,,
0.9230769230769231,0.9285714285714286,0.9230769230769231,0.9894179894179893,0.001023200005874969,wine_binary,forced_full_balanced_svm_rbf,forced_full_balanced,svm_rbf,3,4,4,16,2.0,1.1,True,full_balanced,standard,80,,,,,,,32.653502000001026,0.6153846153846154,0.9487179487179487,0.6153846153846154,0.5897435897435898,0.06523150598326996,0.07202697709766503,0.06428291041816979,4.033724022678386e-12,3.6148906861297195e-16,32.15384615384615,13.58974358974359,2394.5128205128203,0.25849818461462676,0.13831124870972994,0.1292645141960148,,,,,,,,,,,
0.9487179487179487,0.9523809523809523,0.95,0.978835978835979,36.24167810000654,wine_binary,forced_full_balanced_qnn,forced_full_balanced,qnn,3,4,4,16,2.0,1.1,True,full_balanced,standard,80,,,,,,,32.653502000001026,0.6153846153846154,0.9487179487179487,0.6153846153846154,0.5897435897435898,0.06523150598326996,0.07202697709766503,0.06428291041816979,4.033724022678386e-12,3.6148906861297195e-16,32.15384615384615,13.58974358974359,2394.5128205128203,0.25849818461462676,0.13831124870972994,0.1292645141960148,,,,,,,,,,,
0.9230769230769231,0.9285714285714286,0.9230769230769231,0.9947089947089947,0.0025947999965865165,wine_binary,hybrid_standard_full_balanced_logreg,hybrid_standard_full_balanced,logreg,3,4,4,16,2.0,1.1,True,full_balanced,standard,80,,,,,,,6.7294028000032995,,,,,,,,,,,,,,,,0.6153846153846154,0.38461538461538464,0.20512820512820512,0.06453534347142871,4.033724022678386e-12,32.15384615384615,26.58974358974359,0.042071128205115646,0.13831124870972994,0.0012876659273355453,"{""none"": 24, ""residual+conditioning+solver_failure"": 12, ""conditioning+solver_failure"": 3}"
0.9487179487179487,0.9523809523809523,0.95,0.9947089947089947,0.0010350999946240336,wine_binary,hybrid_standard_full_balanced_svm_rbf,hybrid_standard_full_balanced,svm_rbf,3,4,4,16,2.0,1.1,True,full_balanced,standard,80,,,,,,,6.7294028000032995,,,,,,,,,,,,,,,,0.6153846153846154,0.38461538461538464,0.20512820512820512,0.06453534347142871,4.033724022678386e-12,32.15384615384615,26.58974358974359,0.042071128205115646,0.13831124870972994,0.0012876659273355453,"{""none"": 24, ""residual+conditioning+solver_failure"": 12, ""conditioning+solver_failure"": 3}"
0.9230769230769231,0.9206349206349206,0.9302325581395349,0.9867724867724867,37.239980500002275,wine_binary,hybrid_standard_full_balanced_qnn,hybrid_standard_full_balanced,qnn,3,4,4,16,2.0,1.1,True,full_balanced,standard,80,,,,,,,6.7294028000032995,,,,,,,,,,,,,,,,0.6153846153846154,0.38461538461538464,0.20512820512820512,0.06453534347142871,4.033724022678386e-12,32.15384615384615,26.58974358974359,0.042071128205115646,0.13831124870972994,0.0012876659273355453,"{""none"": 24, ""residual+conditioning+solver_failure"": 12, ""conditioning+solver_failure"": 3}"
0.9230769230769231,0.9285714285714286,0.9230769230769231,0.9841269841269841,0.00232980000146199,wine_binary,hybrid_aggressive_full_balanced_logreg,hybrid_aggressive_full_balanced,logreg,3,4,4,16,2.0,1.1,True,full_balanced,aggressive,80,,,,,,,12.692180300000473,,,,,,,,,,,,,,,,0.6153846153846154,0.5128205128205128,0.3333333333333333,0.06453410840214288,3.253761498206418e-12,32.15384615384615,25.025641025641026,0.08778067179492866,0.13831124870972994,0.03794896034877963,"{""none"": 19, ""residual+conditioning+solver_failure"": 15, ""conditioning"": 5}"
0.9487179487179487,0.9523809523809523,0.95,0.9947089947089947,0.0010470999986864626,wine_binary,hybrid_aggressive_full_balanced_svm_rbf,hybrid_aggressive_full_balanced,svm_rbf,3,4,4,16,2.0,1.1,True,full_balanced,aggressive,80,,,,,,,12.692180300000473,,,,,,,,,,,,,,,,0.6153846153846154,0.5128205128205128,0.3333333333333333,0.06453410840214288,3.253761498206418e-12,32.15384615384615,25.025641025641026,0.08778067179492866,0.13831124870972994,0.03794896034877963,"{""none"": 19, ""residual+conditioning+solver_failure"": 15, ""conditioning"": 5}"
0.9230769230769231,0.9246031746031746,0.926829268292683,0.9894179894179893,37.53036180000345,wine_binary,hybrid_aggressive_full_balanced_qnn,hybrid_aggressive_full_balanced,qnn,3,4,4,16,2.0,1.1,True,full_balanced,aggressive,80,,,,,,,12.692180300000473,,,,,,,,,,,,,,,,0.6153846153846154,0.5128205128205128,0.3333333333333333,0.06453410840214288,3.253761498206418e-12,32.15384615384615,25.025641025641026,0.08778067179492866,0.13831124870972994,0.03794896034877963,"{""none"": 19, ""residual+conditioning+solver_failure"": 15, ""conditioning"": 5}"
0.9230769230769231,0.9285714285714286,0.9230769230769231,0.9735449735449736,0.0022373999963747337,wine_binary,hybrid_always_trigger_full_balanced_logreg,hybrid_always_trigger_full_balanced,logreg,3,4,4,16,2.0,1.1,True,full_balanced,always_trigger,80,,,,,,,32.23129660000268,,,,,,,,,,,,,,,,0.6153846153846154,1.0,0.7692307692307693,0.06453377488933892,4.050792900924367e-16,32.15384615384615,19.53846153846154,0.25528276153953555,0.13831124870972994,0.12923734602812495,"{""residual+conditioning"": 24, ""residual+conditioning+solver_failure"": 15}"
0.9230769230769231,0.9285714285714286,0.9230769230769231,0.9894179894179893,0.0010206000006292015,wine_binary,hybrid_always_trigger_full_balanced_svm_rbf,hybrid_always_trigger_full_balanced,svm_rbf,3,4,4,16,2.0,1.1,True,full_balanced,always_trigger,80,,,,,,,32.23129660000268,,,,,,,,,,,,,,,,0.6153846153846154,1.0,0.7692307692307693,0.06453377488933892,4.050792900924367e-16,32.15384615384615,19.53846153846154,0.25528276153953555,0.13831124870972994,0.12923734602812495,"{""residual+conditioning"": 24, ""residual+conditioning+solver_failure"": 15}"
0.9230769230769231,0.9206349206349206,0.9302325581395349,0.9788359788359788,37.01483620000363,wine_binary,hybrid_always_trigger_full_balanced_qnn,hybrid_always_trigger_full_balanced,qnn,3,4,4,16,2.0,1.1,True,full_balanced,always_trigger,80,,,,,,,32.23129660000268,,,,,,,,,,,,,,,,0.6153846153846154,1.0,0.7692307692307693,0.06453377488933892,4.050792900924367e-16,32.15384615384615,19.53846153846154,0.25528276153953555,0.13831124870972994,0.12923734602812495,"{""residual+conditioning"": 24, ""residual+conditioning+solver_failure"": 15}"
0.9230769230769231,0.9285714285714286,0.9230769230769231,0.9735449735449736,0.002450100000714883,wine_binary,hybrid_qnn_lenient_full_balanced_logreg,hybrid_qnn_lenient_full_balanced,logreg,3,4,4,16,2.0,1.1,True,full_balanced,qnn_lenient,80,,,,,,,32.42023049999261,,,,,,,,,,,,,,,,0.6153846153846154,1.0,0.7692307692307693,0.06453377488933892,4.050792900924367e-16,32.15384615384615,19.53846153846154,0.25528775128231457,0.13831124870972994,0.12923734602812495,"{""residual+conditioning"": 24, ""residual+conditioning+solver_failure"": 15}"
0.9230769230769231,0.9285714285714286,0.9230769230769231,0.992063492063492,0.0010260999988531694,wine_binary,hybrid_qnn_lenient_full_balanced_svm_rbf,hybrid_qnn_lenient_full_balanced,svm_rbf,3,4,4,16,2.0,1.1,True,full_balanced,qnn_lenient,80,,,,,,,32.42023049999261,,,,,,,,,,,,,,,,0.6153846153846154,1.0,0.7692307692307693,0.06453377488933892,4.050792900924367e-16,32.15384615384615,19.53846153846154,0.25528775128231457,0.13831124870972994,0.12923734602812495,"{""residual+conditioning"": 24, ""residual+conditioning+solver_failure"": 15}"
0.9230769230769231,0.9206349206349206,0.9302325581395349,0.9814814814814815,36.13667079999868,wine_binary,hybrid_qnn_lenient_full_balanced_qnn,hybrid_qnn_lenient_full_balanced,qnn,3,4,4,16,2.0,1.1,True,full_balanced,qnn_lenient,80,,,,,,,32.42023049999261,,,,,,,,,,,,,,,,0.6153846153846154,1.0,0.7692307692307693,0.06453377488933892,4.050792900924367e-16,32.15384615384615,19.53846153846154,0.25528775128231457,0.13831124870972994,0.12923734602812495,"{""residual+conditioning"": 24, ""residual+conditioning+solver_failure"": 15}"
0.9230769230769231,0.9285714285714286,0.9230769230769231,0.9735449735449736,0.00251649999700021,wine_binary,forced_qnn_oriented_logreg,forced_qnn_oriented,logreg,3,4,4,16,2.0,1.1,True,qnn_oriented,standard,80,,,,,,,45.7494779000117,0.6153846153846154,0.9487179487179487,0.6153846153846154,0.5897435897435898,0.06523150598326996,0.07943449869752268,0.06423968790701229,4.033724022678386e-12,4.1228067460690656e-16,32.15384615384615,13.666666666666666,2799.897435897436,0.3686889538456363,0.13831124870972994,0.12926711669622465,,,,,,,,,,,
0.9230769230769231,0.9285714285714286,0.9230769230769231,0.9894179894179893,0.0010612000041874126,wine_binary,forced_qnn_oriented_svm_rbf,forced_qnn_oriented,svm_rbf,3,4,4,16,2.0,1.1,True,qnn_oriented,standard,80,,,,,,,45.7494779000117,0.6153846153846154,0.9487179487179487,0.6153846153846154,0.5897435897435898,0.06523150598326996,0.07943449869752268,0.06423968790701229,4.033724022678386e-12,4.1228067460690656e-16,32.15384615384615,13.666666666666666,2799.897435897436,0.3686889538456363,0.13831124870972994,0.12926711669622465,,,,,,,,,,,
0.9487179487179487,0.9523809523809523,0.95,0.9814814814814815,36.09971249999944,wine_binary,forced_qnn_oriented_qnn,forced_qnn_oriented,qnn,3,4,4,16,2.0,1.1,True,qnn_oriented,standard,80,,,,,,,45.7494779000117,0.6153846153846154,0.9487179487179487,0.6153846153846154,0.5897435897435898,0.06523150598326996,0.07943449869752268,0.06423968790701229,4.033724022678386e-12,4.1228067460690656e-16,32.15384615384615,13.666666666666666,2799.897435897436,0.3686889538456363,0.13831124870972994,0.12926711669622465,,,,,,,,,,,
0.9230769230769231,0.9285714285714286,0.9230769230769231,0.9947089947089947,0.00190610000572633,wine_binary,hybrid_standard_qnn_oriented_logreg,hybrid_standard_qnn_oriented,logreg,3,4,4,16,2.0,1.1,True,qnn_oriented,standard,80,,,,,,,8.576364699998521,,,,,,,,,,,,,,,,0.6153846153846154,0.38461538461538464,0.1794871794871795,0.06446862549684684,4.033724022678386e-12,32.15384615384615,26.666666666666668,0.05382300512895036,0.13831124870972994,0.0016673355566790375,"{""none"": 24, ""residual+conditioning+solver_failure"": 12, ""conditioning+solver_failure"": 3}"
0.9487179487179487,0.9523809523809523,0.95,0.9947089947089947,0.0010482999932719395,wine_binary,hybrid_standard_qnn_oriented_svm_rbf,hybrid_standard_qnn_oriented,svm_rbf,3,4,4,16,2.0,1.1,True,qnn_oriented,standard,80,,,,,,,8.576364699998521,,,,,,,,,,,,,,,,0.6153846153846154,0.38461538461538464,0.1794871794871795,0.06446862549684684,4.033724022678386e-12,32.15384615384615,26.666666666666668,0.05382300512895036,0.13831124870972994,0.0016673355566790375,"{""none"": 24, ""residual+conditioning+solver_failure"": 12, ""conditioning+solver_failure"": 3}"
0.9230769230769231,0.9206349206349206,0.9302325581395349,0.978835978835979,37.711167799992836,wine_binary,hybrid_standard_qnn_oriented_qnn,hybrid_standard_qnn_oriented,qnn,3,4,4,16,2.0,1.1,True,qnn_oriented,standard,80,,,,,,,8.576364699998521,,,,,,,,,,,,,,,,0.6153846153846154,0.38461538461538464,0.1794871794871795,0.06446862549684684,4.033724022678386e-12,32.15384615384615,26.666666666666668,0.05382300512895036,0.13831124870972994,0.0016673355566790375,"{""none"": 24, ""residual+conditioning+solver_failure"": 12, ""conditioning+solver_failure"": 3}"
0.9230769230769231,0.9285714285714286,0.9230769230769231,0.9841269841269841,0.0019436000002315268,wine_binary,hybrid_aggressive_qnn_oriented_logreg,hybrid_aggressive_qnn_oriented,logreg,3,4,4,16,2.0,1.1,True,qnn_oriented,aggressive,80,,,,,,,17.2398436999938,,,,,,,,,,,,,,,,0.6153846153846154,0.5128205128205128,0.3076923076923077,0.06446895602013197,3.253761498206418e-12,32.15384615384615,24.743589743589745,0.12285250512724862,0.13831124870972994,0.03825569717157366,"{""none"": 19, ""residual+conditioning+solver_failure"": 15, ""conditioning"": 5}"
0.9487179487179487,0.9523809523809523,0.95,0.9947089947089947,0.001065399992512539,wine_binary,hybrid_aggressive_qnn_oriented_svm_rbf,hybrid_aggressive_qnn_oriented,svm_rbf,3,4,4,16,2.0,1.1,True,qnn_oriented,aggressive,80,,,,,,,17.2398436999938,,,,,,,,,,,,,,,,0.6153846153846154,0.5128205128205128,0.3076923076923077,0.06446895602013197,3.253761498206418e-12,32.15384615384615,24.743589743589745,0.12285250512724862,0.13831124870972994,0.03825569717157366,"{""none"": 19, ""residual+conditioning+solver_failure"": 15, ""conditioning"": 5}"
0.9487179487179487,0.9484126984126984,0.9523809523809523,0.9894179894179893,37.639638199994806,wine_binary,hybrid_aggressive_qnn_oriented_qnn,hybrid_aggressive_qnn_oriented,qnn,3,4,4,16,2.0,1.1,True,qnn_oriented,aggressive,80,,,,,,,17.2398436999938,,,,,,,,,,,,,,,,0.6153846153846154,0.5128205128205128,0.3076923076923077,0.06446895602013197,3.253761498206418e-12,32.15384615384615,24.743589743589745,0.12285250512724862,0.13831124870972994,0.03825569717157366,"{""none"": 19, ""residual+conditioning+solver_failure"": 15, ""conditioning"": 5}"
0.9230769230769231,0.9285714285714286,0.9230769230769231,0.9761904761904763,0.0023398000048473477,wine_binary,hybrid_always_trigger_qnn_oriented_logreg,hybrid_always_trigger_qnn_oriented,logreg,3,4,4,16,2.0,1.1,True,qnn_oriented,always_trigger,80,,,,,,,45.092691199999535,,,,,,,,,,,,,,,,0.6153846153846154,1.0,0.7692307692307693,0.06446850476239543,3.632164660233972e-16,32.15384615384615,18.846153846153847,0.373357174359859,0.13831124870972994,0.12925664559465588,"{""residual+conditioning"": 24, ""residual+conditioning+solver_failure"": 15}"
0.9230769230769231,0.9285714285714286,0.9230769230769231,0.9894179894179893,0.0010443000064697117,wine_binary,hybrid_always_trigger_qnn_oriented_svm_rbf,hybrid_always_trigger_qnn_oriented,svm_rbf,3,4,4,16,2.0,1.1,True,qnn_oriented,always_trigger,80,,,,,,,45.092691199999535,,,,,,,,,,,,,,,,0.6153846153846154,1.0,0.7692307692307693,0.06446850476239543,3.632164660233972e-16,32.15384615384615,18.846153846153847,0.373357174359859,0.13831124870972994,0.12925664559465588,"{""residual+conditioning"": 24, ""residual+conditioning+solver_failure"": 15}"
0.9487179487179487,0.9523809523809523,0.95,0.9841269841269842,36.77309260000766,wine_binary,hybrid_always_trigger_qnn_oriented_qnn,hybrid_always_trigger_qnn_oriented,qnn,3,4,4,16,2.0,1.1,True,qnn_oriented,always_trigger,80,,,,,,,45.092691199999535,,,,,,,,,,,,,,,,0.6153846153846154,1.0,0.7692307692307693,0.06446850476239543,3.632164660233972e-16,32.15384615384615,18.846153846153847,0.373357174359859,0.13831124870972994,0.12925664559465588,"{""residual+conditioning"": 24, ""residual+conditioning+solver_failure"": 15}"
0.9230769230769231,0.9285714285714286,0.9230769230769231,0.9735449735449736,0.0021563000045716763,wine_binary,hybrid_qnn_lenient_qnn_oriented_logreg,hybrid_qnn_lenient_qnn_oriented,logreg,3,4,4,16,2.0,1.1,True,qnn_oriented,qnn_lenient,80,,,,,,,45.013919800010626,,,,,,,,,,,,,,,,0.6153846153846154,1.0,0.7692307692307693,0.06446850476239543,3.632164660233972e-16,32.15384615384615,18.846153846153847,0.37402951281975944,0.13831124870972994,0.12925664559465588,"{""residual+conditioning"": 24, ""residual+conditioning+solver_failure"": 15}"
0.9230769230769231,0.9285714285714286,0.9230769230769231,0.992063492063492,0.0010758999997051433,wine_binary,hybrid_qnn_lenient_qnn_oriented_svm_rbf,hybrid_qnn_lenient_qnn_oriented,svm_rbf,3,4,4,16,2.0,1.1,True,qnn_oriented,qnn_lenient,80,,,,,,,45.013919800010626,,,,,,,,,,,,,,,,0.6153846153846154,1.0,0.7692307692307693,0.06446850476239543,3.632164660233972e-16,32.15384615384615,18.846153846153847,0.37402951281975944,0.13831124870972994,0.12925664559465588,"{""residual+conditioning"": 24, ""residual+conditioning+solver_failure"": 15}"
0.9230769230769231,0.9206349206349206,0.9302325581395349,0.9788359788359788,37.39856590000272,wine_binary,hybrid_qnn_lenient_qnn_oriented_qnn,hybrid_qnn_lenient_qnn_oriented,qnn,3,4,4,16,2.0,1.1,True,qnn_oriented,qnn_lenient,80,,,,,,,45.013919800010626,,,,,,,,,,,,,,,,0.6153846153846154,1.0,0.7692307692307693,0.06446850476239543,3.632164660233972e-16,32.15384615384615,18.846153846153847,0.37402951281975944,0.13831124870972994,0.12925664559465588,"{""residual+conditioning"": 24, ""residual+conditioning+solver_failure"": 15}"
0.9230769230769231,0.9285714285714286,0.9230769230769231,0.9735449735449736,0.0022403000039048493,wine_binary,forced_qnn_exploratory_logreg,forced_qnn_exploratory,logreg,3,4,4,16,2.0,1.1,True,qnn_exploratory,standard,80,,,,,,,51.66412940000009,0.6153846153846154,0.9230769230769231,0.6153846153846154,0.5641025641025641,0.06523150598326996,0.08327099006236535,0.06421675619007704,4.033724022678386e-12,3.821378183508551e-16,32.15384615384615,14.333333333333334,2635.5641025641025,0.3930146974371149,0.13831124870972994,0.12363531060390802,,,,,,,,,,,
0.9230769230769231,0.9285714285714286,0.9230769230769231,0.9894179894179893,0.001029699997161515,wine_binary,forced_qnn_exploratory_svm_rbf,forced_qnn_exploratory,svm_rbf,3,4,4,16,2.0,1.1,True,qnn_exploratory,standard,80,,,,,,,51.66412940000009,0.6153846153846154,0.9230769230769231,0.6153846153846154,0.5641025641025641,0.06523150598326996,0.08327099006236535,0.06421675619007704,4.033724022678386e-12,3.821378183508551e-16,32.15384615384615,14.333333333333334,2635.5641025641025,0.3930146974371149,0.13831124870972994,0.12363531060390802,,,,,,,,,,,
0.9487179487179487,0.9484126984126984,0.9523809523809523,0.9814814814814815,38.459285099990666,wine_binary,forced_qnn_exploratory_qnn,forced_qnn_exploratory,qnn,3,4,4,16,2.0,1.1,True,qnn_exploratory,standard,80,,,,,,,51.66412940000009,0.6153846153846154,0.9230769230769231,0.6153846153846154,0.5641025641025641,0.06523150598326996,0.08327099006236535,0.06421675619007704,4.033724022678386e-12,3.821378183508551e-16,32.15384615384615,14.333333333333334,2635.5641025641025,0.3930146974371149,0.13831124870972994,0.12363531060390802,,,,,,,,,,,
0.9230769230769231,0.9285714285714286,0.9230769230769231,0.9947089947089947,0.002046699999482371,wine_binary,hybrid_standard_qnn_exploratory_logreg,hybrid_standard_qnn_exploratory,logreg,3,4,4,16,2.0,1.1,True,qnn_exploratory,standard,80,,,,,,,9.96668710000813,,,,,,,,,,,,,,,,0.6153846153846154,0.38461538461538464,0.1794871794871795,0.06450777366964439,4.033724022678386e-12,32.15384615384615,27.41025641025641,0.06161937692451876,0.13831124870972994,0.0015828173908291796,"{""none"": 24, ""residual+conditioning+solver_failure"": 12, ""conditioning+solver_failure"": 3}"
0.9487179487179487,0.9523809523809523,0.95,0.9947089947089947,0.0010439000034239143,wine_binary,hybrid_standard_qnn_exploratory_svm_rbf,hybrid_standard_qnn_exploratory,svm_rbf,3,4,4,16,2.0,1.1,True,qnn_exploratory,standard,80,,,,,,,9.96668710000813,,,,,,,,,,,,,,,,0.6153846153846154,0.38461538461538464,0.1794871794871795,0.06450777366964439,4.033724022678386e-12,32.15384615384615,27.41025641025641,0.06161937692451876,0.13831124870972994,0.0015828173908291796,"{""none"": 24, ""residual+conditioning+solver_failure"": 12, ""conditioning+solver_failure"": 3}"
0.9487179487179487,0.9484126984126984,0.9523809523809523,0.9761904761904762,37.17626420001034,wine_binary,hybrid_standard_qnn_exploratory_qnn,hybrid_standard_qnn_exploratory,qnn,3,4,4,16,2.0,1.1,True,qnn_exploratory,standard,80,,,,,,,9.96668710000813,,,,,,,,,,,,,,,,0.6153846153846154,0.38461538461538464,0.1794871794871795,0.06450777366964439,4.033724022678386e-12,32.15384615384615,27.41025641025641,0.06161937692451876,0.13831124870972994,0.0015828173908291796,"{""none"": 24, ""residual+conditioning+solver_failure"": 12, ""conditioning+solver_failure"": 3}"
0.9230769230769231,0.9285714285714286,0.9230769230769231,0.9841269841269841,0.0023160999990068376,wine_binary,hybrid_aggressive_qnn_exploratory_logreg,hybrid_aggressive_qnn_exploratory,logreg,3,4,4,16,2.0,1.1,True,qnn_exploratory,aggressive,80,,,,,,,19.78401920000033,,,,,,,,,,,,,,,,0.6153846153846154,0.5128205128205128,0.3076923076923077,0.06450793018131226,3.253761498206418e-12,32.15384615384615,25.512820512820515,0.1349592230768534,0.13831124870972994,0.038211363199111135,"{""none"": 19, ""residual+conditioning+solver_failure"": 15, ""conditioning"": 5}"
0.9487179487179487,0.9523809523809523,0.95,0.9947089947089947,0.0010965000110445544,wine_binary,hybrid_aggressive_qnn_exploratory_svm_rbf,hybrid_aggressive_qnn_exploratory,svm_rbf,3,4,4,16,2.0,1.1,True,qnn_exploratory,aggressive,80,,,,,,,19.78401920000033,,,,,,,,,,,,,,,,0.6153846153846154,0.5128205128205128,0.3076923076923077,0.06450793018131226,3.253761498206418e-12,32.15384615384615,25.512820512820515,0.1349592230768534,0.13831124870972994,0.038211363199111135,"{""none"": 19, ""residual+conditioning+solver_failure"": 15, ""conditioning"": 5}"
0.9230769230769231,0.9246031746031746,0.926829268292683,0.9894179894179893,35.84342010000546,wine_binary,hybrid_aggressive_qnn_exploratory_qnn,hybrid_aggressive_qnn_exploratory,qnn,3,4,4,16,2.0,1.1,True,qnn_exploratory,aggressive,80,,,,,,,19.78401920000033,,,,,,,,,,,,,,,,0.6153846153846154,0.5128205128205128,0.3076923076923077,0.06450793018131226,3.253761498206418e-12,32.15384615384615,25.512820512820515,0.1349592230768534,0.13831124870972994,0.038211363199111135,"{""none"": 19, ""residual+conditioning+solver_failure"": 15, ""conditioning"": 5}"
0.9230769230769231,0.9285714285714286,0.9230769230769231,0.9761904761904763,0.0020074000058230013,wine_binary,hybrid_always_trigger_qnn_exploratory_logreg,hybrid_always_trigger_qnn_exploratory,logreg,3,4,4,16,2.0,1.1,True,qnn_exploratory,always_trigger,80,,,,,,,52.35971309999877,,,,,,,,,,,,,,,,0.6153846153846154,1.0,0.7435897435897436,0.06450794890194363,4.459420408754197e-16,32.15384615384615,19.435897435897434,0.4130749615384654,0.13831124870972994,0.123548000894993,"{""residual+conditioning"": 24, ""residual+conditioning+solver_failure"": 15}"
0.9230769230769231,0.9285714285714286,0.9230769230769231,0.9894179894179893,0.001403400005074218,wine_binary,hybrid_always_trigger_qnn_exploratory_svm_rbf,hybrid_always_trigger_qnn_exploratory,svm_rbf,3,4,4,16,2.0,1.1,True,qnn_exploratory,always_trigger,80,,,,,,,52.35971309999877,,,,,,,,,,,,,,,,0.6153846153846154,1.0,0.7435897435897436,0.06450794890194363,4.459420408754197e-16,32.15384615384615,19.435897435897434,0.4130749615384654,0.13831124870972994,0.123548000894993,"{""residual+conditioning"": 24, ""residual+conditioning+solver_failure"": 15}"
0.8717948717948718,0.873015873015873,0.8780487804878049,0.9761904761904762,36.59213410000666,wine_binary,hybrid_always_trigger_qnn_exploratory_qnn,hybrid_always_trigger_qnn_exploratory,qnn,3,4,4,16,2.0,1.1,True,qnn_exploratory,always_trigger,80,,,,,,,52.35971309999877,,,,,,,,,,,,,,,,0.6153846153846154,1.0,0.7435897435897436,0.06450794890194363,4.459420408754197e-16,32.15384615384615,19.435897435897434,0.4130749615384654,0.13831124870972994,0.123548000894993,"{""residual+conditioning"": 24, ""residual+conditioning+solver_failure"": 15}"
0.9230769230769231,0.9285714285714286,0.9230769230769231,0.9735449735449736,0.002255599989439361,wine_binary,hybrid_qnn_lenient_qnn_exploratory_logreg,hybrid_qnn_lenient_qnn_exploratory,logreg,3,4,4,16,2.0,1.1,True,qnn_exploratory,qnn_lenient,80,,,,,,,52.336864299999434,,,,,,,,,,,,,,,,0.6153846153846154,1.0,0.7435897435897436,0.06450794890194363,4.459420408754197e-16,32.15384615384615,19.435897435897434,0.4093137948735742,0.13831124870972994,0.123548000894993,"{""residual+conditioning"": 24, ""residual+conditioning+solver_failure"": 15}"
0.9230769230769231,0.9285714285714286,0.9230769230769231,0.992063492063492,0.001025600009597838,wine_binary,hybrid_qnn_lenient_qnn_exploratory_svm_rbf,hybrid_qnn_lenient_qnn_exploratory,svm_rbf,3,4,4,16,2.0,1.1,True,qnn_exploratory,qnn_lenient,80,,,,,,,52.336864299999434,,,,,,,,,,,,,,,,0.6153846153846154,1.0,0.7435897435897436,0.06450794890194363,4.459420408754197e-16,32.15384615384615,19.435897435897434,0.4093137948735742,0.13831124870972994,0.123548000894993,"{""residual+conditioning"": 24, ""residual+conditioning+solver_failure"": 15}"
0.9230769230769231,0.9206349206349206,0.9302325581395349,0.9735449735449735,37.291916600006516,wine_binary,hybrid_qnn_lenient_qnn_exploratory_qnn,hybrid_qnn_lenient_qnn_exploratory,qnn,3,4,4,16,2.0,1.1,True,qnn_exploratory,qnn_lenient,80,,,,,,,52.336864299999434,,,,,,,,,,,,,,,,0.6153846153846154,1.0,0.7435897435897436,0.06450794890194363,4.459420408754197e-16,32.15384615384615,19.435897435897434,0.4093137948735742,0.13831124870972994,0.123548000894993,"{""residual+conditioning"": 24, ""residual+conditioning+solver_failure"": 15}"
0.9230769230769231,0.9285714285714286,0.9230769230769231,0.9735449735449736,0.0022379000001819804,wine_binary,forced_no_detector_logreg,forced_no_detector,logreg,3,4,4,16,2.0,1.1,True,no_detector,standard,80,,,,,,,12.80266849999316,0.6153846153846154,0.9230769230769231,0.6153846153846154,0.5897435897435898,0.06523150598326996,0.07202778627998005,0.0642599206492371,4.033724022678386e-12,4.0164093510503154e-16,32.15384615384615,14.41025641025641,2426.3333333333335,0.10038768205058893,0.13831124870972994,0.12938491981245473,,,,,,,,,,,
0.9230769230769231,0.9285714285714286,0.9230769230769231,0.9894179894179893,0.0011942999990424141,wine_binary,forced_no_detector_svm_rbf,forced_no_detector,svm_rbf,3,4,4,16,2.0,1.1,True,no_detector,standard,80,,,,,,,12.80266849999316,0.6153846153846154,0.9230769230769231,0.6153846153846154,0.5897435897435898,0.06523150598326996,0.07202778627998005,0.0642599206492371,4.033724022678386e-12,4.0164093510503154e-16,32.15384615384615,14.41025641025641,2426.3333333333335,0.10038768205058893,0.13831124870972994,0.12938491981245473,,,,,,,,,,,
0.9487179487179487,0.9523809523809523,0.95,0.978835978835979,36.27970769999956,wine_binary,forced_no_detector_qnn,forced_no_detector,qnn,3,4,4,16,2.0,1.1,True,no_detector,standard,80,,,,,,,12.80266849999316,0.6153846153846154,0.9230769230769231,0.6153846153846154,0.5897435897435898,0.06523150598326996,0.07202778627998005,0.0642599206492371,4.033724022678386e-12,4.0164093510503154e-16,32.15384615384615,14.41025641025641,2426.3333333333335,0.10038768205058893,0.13831124870972994,0.12938491981245473,,,,,,,,,,,
0.9230769230769231,0.9285714285714286,0.9230769230769231,0.9947089947089947,0.0020957000087946653,wine_binary,hybrid_standard_no_detector_logreg,hybrid_standard_no_detector,logreg,3,4,4,16,2.0,1.1,True,no_detector,standard,80,,,,,,,2.638240799991763,,,,,,,,,,,,,,,,0.6153846153846154,0.38461538461538464,0.1794871794871795,0.06451087686362086,4.033724022678386e-12,32.15384615384615,27.307692307692307,0.016396387179459754,0.13831124870972994,0.0016155294278108023,"{""none"": 24, ""residual+conditioning+solver_failure"": 12, ""conditioning+solver_failure"": 3}"
0.9487179487179487,0.9523809523809523,0.95,0.9947089947089947,0.00106969999615103,wine_binary,hybrid_standard_no_detector_svm_rbf,hybrid_standard_no_detector,svm_rbf,3,4,4,16,2.0,1.1,True,no_detector,standard,80,,,,,,,2.638240799991763,,,,,,,,,,,,,,,,0.6153846153846154,0.38461538461538464,0.1794871794871795,0.06451087686362086,4.033724022678386e-12,32.15384615384615,27.307692307692307,0.016396387179459754,0.13831124870972994,0.0016155294278108023,"{""none"": 24, ""residual+conditioning+solver_failure"": 12, ""conditioning+solver_failure"": 3}"
0.9230769230769231,0.9246031746031746,0.926829268292683,0.9814814814814815,36.58611170000222,wine_binary,hybrid_standard_no_detector_qnn,hybrid_standard_no_detector,qnn,3,4,4,16,2.0,1.1,True,no_detector,standard,80,,,,,,,2.638240799991763,,,,,,,,,,,,,,,,0.6153846153846154,0.38461538461538464,0.1794871794871795,0.06451087686362086,4.033724022678386e-12,32.15384615384615,27.307692307692307,0.016396387179459754,0.13831124870972994,0.0016155294278108023,"{""none"": 24, ""residual+conditioning+solver_failure"": 12, ""conditioning+solver_failure"": 3}"
0.9230769230769231,0.9285714285714286,0.9230769230769231,0.9841269841269841,0.0020374000014271587,wine_binary,hybrid_aggressive_no_detector_logreg,hybrid_aggressive_no_detector,logreg,3,4,4,16,2.0,1.1,True,no_detector,aggressive,80,,,,,,,4.924335000003339,,,,,,,,,,,,,,,,0.6153846153846154,0.5128205128205128,0.3076923076923077,0.06451087686315307,3.253761498206418e-12,32.15384615384615,25.76923076923077,0.03496480513011846,0.13831124870972994,0.03824383539384882,"{""none"": 19, ""residual+conditioning+solver_failure"": 15, ""conditioning"": 5}"
0.9487179487179487,0.9523809523809523,0.95,0.9947089947089947,0.0010406000073999166,wine_binary,hybrid_aggressive_no_detector_svm_rbf,hybrid_aggressive_no_detector,svm_rbf,3,4,4,16,2.0,1.1,True,no_detector,aggressive,80,,,,,,,4.924335000003339,,,,,,,,,,,,,,,,0.6153846153846154,0.5128205128205128,0.3076923076923077,0.06451087686315307,3.253761498206418e-12,32.15384615384615,25.76923076923077,0.03496480513011846,0.13831124870972994,0.03824383539384882,"{""none"": 19, ""residual+conditioning+solver_failure"": 15, ""conditioning"": 5}"
0.9230769230769231,0.9246031746031746,0.926829268292683,0.9894179894179893,35.91779039999528,wine_binary,hybrid_aggressive_no_detector_qnn,hybrid_aggressive_no_detector,qnn,3,4,4,16,2.0,1.1,True,no_detector,aggressive,80,,,,,,,4.924335000003339,,,,,,,,,,,,,,,,0.6153846153846154,0.5128205128205128,0.3076923076923077,0.06451087686315307,3.253761498206418e-12,32.15384615384615,25.76923076923077,0.03496480513011846,0.13831124870972994,0.03824383539384882,"{""none"": 19, ""residual+conditioning+solver_failure"": 15, ""conditioning"": 5}"
0.9230769230769231,0.9285714285714286,0.9230769230769231,0.9761904761904763,0.0024211999989347532,wine_binary,hybrid_always_trigger_no_detector_logreg,hybrid_always_trigger_no_detector,logreg,3,4,4,16,2.0,1.1,True,no_detector,always_trigger,80,,,,,,,12.778570800001035,,,,,,,,,,,,,,,,0.6153846153846154,1.0,0.7692307692307693,0.06451087686179144,4.0164093510503154e-16,32.15384615384615,20.102564102564102,0.1005218179485289,0.13831124870972994,0.12938491981245473,"{""residual+conditioning"": 24, ""residual+conditioning+solver_failure"": 15}"
0.9230769230769231,0.9285714285714286,0.9230769230769231,0.9894179894179893,0.001134500009356998,wine_binary,hybrid_always_trigger_no_detector_svm_rbf,hybrid_always_trigger_no_detector,svm_rbf,3,4,4,16,2.0,1.1,True,no_detector,always_trigger,80,,,,,,,12.778570800001035,,,,,,,,,,,,,,,,0.6153846153846154,1.0,0.7692307692307693,0.06451087686179144,4.0164093510503154e-16,32.15384615384615,20.102564102564102,0.1005218179485289,0.13831124870972994,0.12938491981245473,"{""residual+conditioning"": 24, ""residual+conditioning+solver_failure"": 15}"
0.9487179487179487,0.9523809523809523,0.95,0.9867724867724867,36.889966300004744,wine_binary,hybrid_always_trigger_no_detector_qnn,hybrid_always_trigger_no_detector,qnn,3,4,4,16,2.0,1.1,True,no_detector,always_trigger,80,,,,,,,12.778570800001035,,,,,,,,,,,,,,,,0.6153846153846154,1.0,0.7692307692307693,0.06451087686179144,4.0164093510503154e-16,32.15384615384615,20.102564102564102,0.1005218179485289,0.13831124870972994,0.12938491981245473,"{""residual+conditioning"": 24, ""residual+conditioning+solver_failure"": 15}"
0.9230769230769231,0.9285714285714286,0.9230769230769231,0.9761904761904763,0.0021000999986426905,wine_binary,hybrid_qnn_lenient_no_detector_logreg,hybrid_qnn_lenient_no_detector,logreg,3,4,4,16,2.0,1.1,True,no_detector,qnn_lenient,80,,,,,,,12.571501800004626,,,,,,,,,,,,,,,,0.6153846153846154,1.0,0.7692307692307693,0.06451087686179144,4.0164093510503154e-16,32.15384615384615,20.102564102564102,0.10226713846145102,0.13831124870972994,0.12938491981245473,"{""residual+conditioning"": 24, ""residual+conditioning+solver_failure"": 15}"
0.9230769230769231,0.9285714285714286,0.9230769230769231,0.9894179894179893,0.0010563999967416748,wine_binary,hybrid_qnn_lenient_no_detector_svm_rbf,hybrid_qnn_lenient_no_detector,svm_rbf,3,4,4,16,2.0,1.1,True,no_detector,qnn_lenient,80,,,,,,,12.571501800004626,,,,,,,,,,,,,,,,0.6153846153846154,1.0,0.7692307692307693,0.06451087686179144,4.0164093510503154e-16,32.15384615384615,20.102564102564102,0.10226713846145102,0.13831124870972994,0.12938491981245473,"{""residual+conditioning"": 24, ""residual+conditioning+solver_failure"": 15}"
0.9487179487179487,0.9523809523809523,0.95,0.9867724867724867,36.26091139999335,wine_binary,hybrid_qnn_lenient_no_detector_qnn,hybrid_qnn_lenient_no_detector,qnn,3,4,4,16,2.0,1.1,True,no_detector,qnn_lenient,80,,,,,,,12.571501800004626,,,,,,,,,,,,,,,,0.6153846153846154,1.0,0.7692307692307693,0.06451087686179144,4.0164093510503154e-16,32.15384615384615,20.102564102564102,0.10226713846145102,0.13831124870972994,0.12938491981245473,"{""residual+conditioning"": 24, ""residual+conditioning+solver_failure"": 15}"
0.9230769230769231,0.9285714285714286,0.9230769230769231,0.9735449735449736,0.0025999000063166022,wine_binary,forced_residual_only_logreg,forced_residual_only,logreg,3,4,4,16,2.0,1.1,True,residual_only,standard,80,,,,,,,5.622170800008462,0.6153846153846154,0.9230769230769231,0.6153846153846154,0.5897435897435898,0.06523150598326996,0.07841096623343137,0.061282275639407045,4.033724022678386e-12,4.0223988270451374e-16,32.15384615384615,10.794871794871796,2510.4615384615386,0.04497582564064755,0.13831124870972994,0.12964950248330057,,,,,,,,,,,
0.9230769230769231,0.9285714285714286,0.9230769230769231,0.9894179894179894,0.0011481999972602352,wine_binary,forced_residual_only_svm_rbf,forced_residual_only,svm_rbf,3,4,4,16,2.0,1.1,True,residual_only,standard,80,,,,,,,5.622170800008462,0.6153846153846154,0.9230769230769231,0.6153846153846154,0.5897435897435898,0.06523150598326996,0.07841096623343137,0.061282275639407045,4.033724022678386e-12,4.0223988270451374e-16,32.15384615384615,10.794871794871796,2510.4615384615386,0.04497582564064755,0.13831124870972994,0.12964950248330057,,,,,,,,,,,
0.9230769230769231,0.9246031746031746,0.926829268292683,0.9735449735449736,36.82636459999776,wine_binary,forced_residual_only_qnn,forced_residual_only,qnn,3,4,4,16,2.0,1.1,True,residual_only,standard,80,,,,,,,5.622170800008462,0.6153846153846154,0.9230769230769231,0.6153846153846154,0.5897435897435898,0.06523150598326996,0.07841096623343137,0.061282275639407045,4.033724022678386e-12,4.0223988270451374e-16,32.15384615384615,10.794871794871796,2510.4615384615386,0.04497582564064755,0.13831124870972994,0.12964950248330057,,,,,,,,,,,
0.9230769230769231,0.9285714285714286,0.9230769230769231,0.9947089947089947,0.0023865999974077567,wine_binary,hybrid_standard_residual_only_logreg,hybrid_standard_residual_only,logreg,3,4,4,16,2.0,1.1,True,residual_only,standard,80,,,,,,,1.2890481000067666,,,,,,,,,,,,,,,,0.6153846153846154,0.38461538461538464,0.15384615384615385,0.06141274525165704,4.033724022678386e-12,32.15384615384615,26.17948717948718,0.007889376922274748,0.13831124870972994,0.0025285535792239416,"{""none"": 24, ""residual+conditioning+solver_failure"": 12, ""conditioning+solver_failure"": 3}"
0.9487179487179487,0.9523809523809523,0.95,0.9973544973544973,0.0011208999931113794,wine_binary,hybrid_standard_residual_only_svm_rbf,hybrid_standard_residual_only,svm_rbf,3,4,4,16,2.0,1.1,True,residual_only,standard,80,,,,,,,1.2890481000067666,,,,,,,,,,,,,,,,0.6153846153846154,0.38461538461538464,0.15384615384615385,0.06141274525165704,4.033724022678386e-12,32.15384615384615,26.17948717948718,0.007889376922274748,0.13831124870972994,0.0025285535792239416,"{""none"": 24, ""residual+conditioning+solver_failure"": 12, ""conditioning+solver_failure"": 3}"
0.8974358974358975,0.8928571428571428,0.9090909090909091,0.9576719576719577,36.620956200000364,wine_binary,hybrid_standard_residual_only_qnn,hybrid_standard_residual_only,qnn,3,4,4,16,2.0,1.1,True,residual_only,standard,80,,,,,,,1.2890481000067666,,,,,,,,,,,,,,,,0.6153846153846154,0.38461538461538464,0.15384615384615385,0.06141274525165704,4.033724022678386e-12,32.15384615384615,26.17948717948718,0.007889376922274748,0.13831124870972994,0.0025285535792239416,"{""none"": 24, ""residual+conditioning+solver_failure"": 12, ""conditioning+solver_failure"": 3}"
0.9230769230769231,0.9285714285714286,0.9230769230769231,0.9841269841269841,0.002516200009267777,wine_binary,hybrid_aggressive_residual_only_logreg,hybrid_aggressive_residual_only,logreg,3,4,4,16,2.0,1.1,True,residual_only,aggressive,80,,,,,,,2.353829300001962,,,,,,,,,,,,,,,,0.6153846153846154,0.5128205128205128,0.28205128205128205,0.061412745251189255,3.253761498206418e-12,32.15384615384615,24.28205128205128,0.016022287178202532,0.13831124870972994,0.038928603507408614,"{""none"": 19, ""residual+conditioning+solver_failure"": 15, ""conditioning"": 5}"
0.9487179487179487,0.9523809523809523,0.95,0.9973544973544973,0.00109859999793116,wine_binary,hybrid_aggressive_residual_only_svm_rbf,hybrid_aggressive_residual_only,svm_rbf,3,4,4,16,2.0,1.1,True,residual_only,aggressive,80,,,,,,,2.353829300001962,,,,,,,,,,,,,,,,0.6153846153846154,0.5128205128205128,0.28205128205128205,0.061412745251189255,3.253761498206418e-12,32.15384615384615,24.28205128205128,0.016022287178202532,0.13831124870972994,0.038928603507408614,"{""none"": 19, ""residual+conditioning+solver_failure"": 15, ""conditioning"": 5}"
0.9230769230769231,0.9246031746031746,0.926829268292683,0.9814814814814815,37.32544629999029,wine_binary,hybrid_aggressive_residual_only_qnn,hybrid_aggressive_residual_only,qnn,3,4,4,16,2.0,1.1,True,residual_only,aggressive,80,,,,,,,2.353829300001962,,,,,,,,,,,,,,,,0.6153846153846154,0.5128205128205128,0.28205128205128205,0.061412745251189255,3.253761498206418e-12,32.15384615384615,24.28205128205128,0.016022287178202532,0.13831124870972994,0.038928603507408614,"{""none"": 19, ""residual+conditioning+solver_failure"": 15, ""conditioning"": 5}"
0.9230769230769231,0.9285714285714286,0.9230769230769231,0.9761904761904763,0.0023717000003671274,wine_binary,hybrid_always_trigger_residual_only_logreg,hybrid_always_trigger_residual_only,logreg,3,4,4,16,2.0,1.1,True,residual_only,always_trigger,80,,,,,,,5.666527399996994,,,,,,,,,,,,,,,,0.6153846153846154,1.0,0.7435897435897436,0.061412745249827635,4.0223988270451374e-16,32.15384615384615,18.384615384615383,0.045457200000573024,0.13831124870972994,0.12964950248330057,"{""residual+conditioning"": 24, ""residual+conditioning+solver_failure"": 15}"
0.9230769230769231,0.9285714285714286,0.9230769230769231,0.9920634920634921,0.0011015000054612756,wine_binary,hybrid_always_trigger_residual_only_svm_rbf,hybrid_always_trigger_residual_only,svm_rbf,3,4,4,16,2.0,1.1,True,residual_only,always_trigger,80,,,,,,,5.666527399996994,,,,,,,,,,,,,,,,0.6153846153846154,1.0,0.7435897435897436,0.061412745249827635,4.0223988270451374e-16,32.15384615384615,18.384615384615383,0.045457200000573024,0.13831124870972994,0.12964950248330057,"{""residual+conditioning"": 24, ""residual+conditioning+solver_failure"": 15}"
0.9487179487179487,0.9484126984126984,0.9523809523809523,0.9708994708994709,35.57349219999742,wine_binary,hybrid_always_trigger_residual_only_qnn,hybrid_always_trigger_residual_only,qnn,3,4,4,16,2.0,1.1,True,residual_only,always_trigger,80,,,,,,,5.666527399996994,,,,,,,,,,,,,,,,0.6153846153846154,1.0,0.7435897435897436,0.061412745249827635,4.0223988270451374e-16,32.15384615384615,18.384615384615383,0.045457200000573024,0.13831124870972994,0.12964950248330057,"{""residual+conditioning"": 24, ""residual+conditioning+solver_failure"": 15}"
0.9230769230769231,0.9285714285714286,0.9230769230769231,0.9735449735449736,0.002207399986218661,wine_binary,hybrid_qnn_lenient_residual_only_logreg,hybrid_qnn_lenient_residual_only,logreg,3,4,4,16,2.0,1.1,True,residual_only,qnn_lenient,80,,,,,,,5.689606800006004,,,,,,,,,,,,,,,,0.6153846153846154,1.0,0.7435897435897436,0.061412745249827635,4.0223988270451374e-16,32.15384615384615,18.384615384615383,0.04483133846205862,0.13831124870972994,0.12964950248330057,"{""residual+conditioning"": 24, ""residual+conditioning+solver_failure"": 15}"
0.9230769230769231,0.9285714285714286,0.9230769230769231,0.9920634920634921,0.0015927999920677394,wine_binary,hybrid_qnn_lenient_residual_only_svm_rbf,hybrid_qnn_lenient_residual_only,svm_rbf,3,4,4,16,2.0,1.1,True,residual_only,qnn_lenient,80,,,,,,,5.689606800006004,,,,,,,,,,,,,,,,0.6153846153846154,1.0,0.7435897435897436,0.061412745249827635,4.0223988270451374e-16,32.15384615384615,18.384615384615383,0.04483133846205862,0.13831124870972994,0.12964950248330057,"{""residual+conditioning"": 24, ""residual+conditioning+solver_failure"": 15}"
0.8974358974358975,0.8968253968253967,0.9047619047619048,0.9708994708994708,36.86012019999907,wine_binary,hybrid_qnn_lenient_residual_only_qnn,hybrid_qnn_lenient_residual_only,qnn,3,4,4,16,2.0,1.1,True,residual_only,qnn_lenient,80,,,,,,,5.689606800006004,,,,,,,,,,,,,,,,0.6153846153846154,1.0,0.7435897435897436,0.061412745249827635,4.0223988270451374e-16,32.15384615384615,18.384615384615383,0.04483133846205862,0.13831124870972994,0.12964950248330057,"{""residual+conditioning"": 24, ""residual+conditioning+solver_failure"": 15}"
0.9743589743589743,0.9761904761904762,0.975609756097561,1.0,0.0015876000106800348,wine_binary,pca_logreg,pca,logreg,4,4,4,16,2.0,1.1,True,full_balanced,standard,80,,,,,,,,,,,,,,,,,,,,,,,,,,,,,,,,,
0.9743589743589743,0.9761904761904762,0.975609756097561,1.0,0.06181020000076387,wine_binary,pca_mlp,pca,mlp,4,4,4,16,2.0,1.1,True,full_balanced,standard,80,,,,,,,,,,,,,,,,,,,,,,,,,,,,,,,,,
1.0,1.0,1.0,1.0,0.001396600011503324,wine_binary,pca_svm_rbf,pca,svm_rbf,4,4,4,16,2.0,1.1,True,full_balanced,standard,80,,,,,,,,,,,,,,,,,,,,,,,,,,,,,,,,,
0.9743589743589743,0.9761904761904762,0.975609756097561,1.0,35.904717500001425,wine_binary,pca_qnn,pca,qnn,4,4,4,16,2.0,1.1,True,full_balanced,standard,80,,,,,,,,,,,,,,,,,,,,,,,,,,,,,,,,,
0.9230769230769231,0.9246031746031746,0.926829268292683,0.9947089947089947,0.0018521000019973144,wine_binary,implicit_zero_logreg,implicit_zero,logreg,4,4,4,16,2.0,1.1,True,full_balanced,standard,80,0.717948717948718,0.03961802668995167,4.664601028895795e-12,37.07692307692308,0.00022247179451649293,0.153920717150397,0.03375469999446068,,,,,,,,,,,,,,,,,,,,,,,,,,
0.9230769230769231,0.9246031746031746,0.926829268292683,0.9867724867724867,0.0014534000074490905,wine_binary,implicit_zero_svm_rbf,implicit_zero,svm_rbf,4,4,4,16,2.0,1.1,True,full_balanced,standard,80,0.717948717948718,0.03961802668995167,4.664601028895795e-12,37.07692307692308,0.00022247179451649293,0.153920717150397,0.03375469999446068,,,,,,,,,,,,,,,,,,,,,,,,,,
0.8205128205128205,0.8214285714285714,0.8292682926829268,0.9206349206349206,37.212410099993576,wine_binary,implicit_zero_qnn,implicit_zero,qnn,4,4,4,16,2.0,1.1,True,full_balanced,standard,80,0.717948717948718,0.03961802668995167,4.664601028895795e-12,37.07692307692308,0.00022247179451649293,0.153920717150397,0.03375469999446068,,,,,,,,,,,,,,,,,,,,,,,,,,
0.9743589743589743,0.9761904761904762,0.975609756097561,1.0,0.002132900001015514,wine_binary,forced_full_light_logreg,forced_full_light,logreg,4,4,4,16,2.0,1.1,True,full_light,standard,80,,,,,,,24.95539909999934,0.7692307692307693,0.8461538461538461,0.717948717948718,0.6410256410256411,0.03961802668995167,0.05842654711585141,0.0281235568862434,4.664601028895795e-12,4.515748774280419e-16,37.07692307692308,13.948717948717949,2194.0,0.1984180051281911,0.153920717150397,0.12732924104000734,,,,,,,,,,,
0.9487179487179487,0.9523809523809523,0.95,1.0,0.00102599999809172,wine_binary,forced_full_light_svm_rbf,forced_full_light,svm_rbf,4,4,4,16,2.0,1.1,True,full_light,standard,80,,,,,,,24.95539909999934,0.7692307692307693,0.8461538461538461,0.717948717948718,0.6410256410256411,0.03961802668995167,0.05842654711585141,0.0281235568862434,4.664601028895795e-12,4.515748774280419e-16,37.07692307692308,13.948717948717949,2194.0,0.1984180051281911,0.153920717150397,0.12732924104000734,,,,,,,,,,,
0.9487179487179487,0.9484126984126984,0.9523809523809523,0.992063492063492,35.946718999999575,wine_binary,forced_full_light_qnn,forced_full_light,qnn,4,4,4,16,2.0,1.1,True,full_light,standard,80,,,,,,,24.95539909999934,0.7692307692307693,0.8461538461538461,0.717948717948718,0.6410256410256411,0.03961802668995167,0.05842654711585141,0.0281235568862434,4.664601028895795e-12,4.515748774280419e-16,37.07692307692308,13.948717948717949,2194.0,0.1984180051281911,0.153920717150397,0.12732924104000734,,,,,,,,,,,
0.9487179487179487,0.9523809523809523,0.95,1.0,0.0017426000122213736,wine_binary,hybrid_standard_full_light_logreg,hybrid_standard_full_light,logreg,4,4,4,16,2.0,1.1,True,full_light,standard,80,,,,,,,6.897586499995668,,,,,,,,,,,,,,,,0.7435897435897436,0.3333333333333333,0.2564102564102564,0.030572437143962263,3.9155676381054e-12,37.07692307692308,28.05128205128205,0.048057661538060084,0.153920717150397,0.03813644254322748,"{""none"": 26, ""residual+conditioning+solver_failure"": 9, ""conditioning+solver_failure"": 2, ""conditioning"": 2}"
0.9487179487179487,0.9523809523809523,0.95,1.0,0.0010772999958135188,wine_binary,hybrid_standard_full_light_svm_rbf,hybrid_standard_full_light,svm_rbf,4,4,4,16,2.0,1.1,True,full_light,standard,80,,,,,,,6.897586499995668,,,,,,,,,,,,,,,,0.7435897435897436,0.3333333333333333,0.2564102564102564,0.030572437143962263,3.9155676381054e-12,37.07692307692308,28.05128205128205,0.048057661538060084,0.153920717150397,0.03813644254322748,"{""none"": 26, ""residual+conditioning+solver_failure"": 9, ""conditioning+solver_failure"": 2, ""conditioning"": 2}"
0.9230769230769231,0.9285714285714286,0.9230769230769231,0.9656084656084656,37.44539719999011,wine_binary,hybrid_standard_full_light_qnn,hybrid_standard_full_light,qnn,4,4,4,16,2.0,1.1,True,full_light,standard,80,,,,,,,6.897586499995668,,,,,,,,,,,,,,,,0.7435897435897436,0.3333333333333333,0.2564102564102564,0.030572437143962263,3.9155676381054e-12,37.07692307692308,28.05128205128205,0.048057661538060084,0.153920717150397,0.03813644254322748,"{""none"": 26, ""residual+conditioning+solver_failure"": 9, ""conditioning+solver_failure"": 2, ""conditioning"": 2}"
0.9487179487179487,0.9523809523809523,0.95,1.0,0.002485799996065907,wine_binary,hybrid_aggressive_full_light_logreg,hybrid_aggressive_full_light,logreg,4,4,4,16,2.0,1.1,True,full_light,aggressive,80,,,,,,,13.719956200002343,,,,,,,,,,,,,,,,0.7692307692307693,0.5128205128205128,0.41025641025641024,0.028137810477511842,1.7190255286676684e-12,37.07692307692308,24.846153846153847,0.08880591538558619,0.153920717150397,0.07467106286476093,"{""conditioning"": 9, ""none"": 19, ""residual+conditioning+solver_failure"": 11}"
0.9487179487179487,0.9523809523809523,0.95,1.0,0.0010861000046133995,wine_binary,hybrid_aggressive_full_light_svm_rbf,hybrid_aggressive_full_light,svm_rbf,4,4,4,16,2.0,1.1,True,full_light,aggressive,80,,,,,,,13.719956200002343,,,,,,,,,,,,,,,,0.7692307692307693,0.5128205128205128,0.41025641025641024,0.028137810477511842,1.7190255286676684e-12,37.07692307692308,24.846153846153847,0.08880591538558619,0.153920717150397,0.07467106286476093,"{""conditioning"": 9, ""none"": 19, ""residual+conditioning+solver_failure"": 11}"
0.9487179487179487,0.9523809523809523,0.95,0.962962962962963,35.918666500001564,wine_binary,hybrid_aggressive_full_light_qnn,hybrid_aggressive_full_light,qnn,4,4,4,16,2.0,1.1,True,full_light,aggressive,80,,,,,,,13.719956200002343,,,,,,,,,,,,,,,,0.7692307692307693,0.5128205128205128,0.41025641025641024,0.028137810477511842,1.7190255286676684e-12,37.07692307692308,24.846153846153847,0.08880591538558619,0.153920717150397,0.07467106286476093,"{""conditioning"": 9, ""none"": 19, ""residual+conditioning+solver_failure"": 11}"
0.9743589743589743,0.9761904761904762,0.975609756097561,1.0,0.001788599998690188,wine_binary,hybrid_always_trigger_full_light_logreg,hybrid_always_trigger_full_light,logreg,4,4,4,16,2.0,1.1,True,full_light,always_trigger,80,,,,,,,24.906293599997298,,,,,,,,,,,,,,,,0.7692307692307693,1.0,0.7948717948717948,0.028109588764217007,4.718447854656915e-16,37.07692307692308,17.025641025641026,0.19496628461601154,0.153920717150397,0.1275006605048014,"{""residual+conditioning"": 28, ""residual+conditioning+solver_failure"": 11}"
0.9487179487179487,0.9523809523809523,0.95,1.0,0.0015141999901970848,wine_binary,hybrid_always_trigger_full_light_svm_rbf,hybrid_always_trigger_full_light,svm_rbf,4,4,4,16,2.0,1.1,True,full_light,always_trigger,80,,,,,,,24.906293599997298,,,,,,,,,,,,,,,,0.7692307692307693,1.0,0.7948717948717948,0.028109588764217007,4.718447854656915e-16,37.07692307692308,17.025641025641026,0.19496628461601154,0.153920717150397,0.1275006605048014,"{""residual+conditioning"": 28, ""residual+conditioning+solver_failure"": 11}"
0.9743589743589743,0.9761904761904762,0.975609756097561,0.9973544973544973,36.276568799992674,wine_binary,hybrid_always_trigger_full_light_qnn,hybrid_always_trigger_full_light,qnn,4,4,4,16,2.0,1.1,True,full_light,always_trigger,80,,,,,,,24.906293599997298,,,,,,,,,,,,,,,,0.7692307692307693,1.0,0.7948717948717948,0.028109588764217007,4.718447854656915e-16,37.07692307692308,17.025641025641026,0.19496628461601154,0.153920717150397,0.1275006605048014,"{""residual+conditioning"": 28, ""residual+conditioning+solver_failure"": 11}"
0.9743589743589743,0.9761904761904762,0.975609756097561,1.0,0.002519300003768876,wine_binary,hybrid_qnn_lenient_full_light_logreg,hybrid_qnn_lenient_full_light,logreg,4,4,4,16,2.0,1.1,True,full_light,qnn_lenient,80,,,,,,,24.817443699997966,,,,,,,,,,,,,,,,0.7692307692307693,1.0,0.7948717948717948,0.028109588764217007,4.718447854656915e-16,37.07692307692308,17.025641025641026,0.19419247179459304,0.153920717150397,0.1275006605048014,"{""residual+conditioning"": 28, ""residual+conditioning+solver_failure"": 11}"
0.9487179487179487,0.9523809523809523,0.95,1.0,0.0010255000088363886,wine_binary,hybrid_qnn_lenient_full_light_svm_rbf,hybrid_qnn_lenient_full_light,svm_rbf,4,4,4,16,2.0,1.1,True,full_light,qnn_lenient,80,,,,,,,24.817443699997966,,,,,,,,,,,,,,,,0.7692307692307693,1.0,0.7948717948717948,0.028109588764217007,4.718447854656915e-16,37.07692307692308,17.025641025641026,0.19419247179459304,0.153920717150397,0.1275006605048014,"{""residual+conditioning"": 28, ""residual+conditioning+solver_failure"": 11}"
0.9743589743589743,0.9761904761904762,0.975609756097561,0.9973544973544973,36.300933400008944,wine_binary,hybrid_qnn_lenient_full_light_qnn,hybrid_qnn_lenient_full_light,qnn,4,4,4,16,2.0,1.1,True,full_light,qnn_lenient,80,,,,,,,24.817443699997966,,,,,,,,,,,,,,,,0.7692307692307693,1.0,0.7948717948717948,0.028109588764217007,4.718447854656915e-16,37.07692307692308,17.025641025641026,0.19419247179459304,0.153920717150397,0.1275006605048014,"{""residual+conditioning"": 28, ""residual+conditioning+solver_failure"": 11}"
0.9743589743589743,0.9761904761904762,0.975609756097561,1.0,0.0025104999949689955,wine_binary,forced_full_balanced_logreg,forced_full_balanced,logreg,4,4,4,16,2.0,1.1,True,full_balanced,standard,80,,,,,,,35.90396320000582,0.7435897435897436,0.8974358974358975,0.717948717948718,0.6410256410256411,0.03961802668995167,0.05026849152568474,0.030490074471226637,4.664601028895795e-12,4.1817991217938843e-16,37.07692307692308,14.76923076923077,2708.7948717948716,0.28968586410225655,0.153920717150397,0.1281780940858251,,,,,,,,,,,
0.9487179487179487,0.9523809523809523,0.95,1.0,0.0010315000108676031,wine_binary,forced_full_balanced_svm_rbf,forced_full_balanced,svm_rbf,4,4,4,16,2.0,1.1,True,full_balanced,standard,80,,,,,,,35.90396320000582,0.7435897435897436,0.8974358974358975,0.717948717948718,0.6410256410256411,0.03961802668995167,0.05026849152568474,0.030490074471226637,4.664601028895795e-12,4.1817991217938843e-16,37.07692307692308,14.76923076923077,2708.7948717948716,0.28968586410225655,0.153920717150397,0.1281780940858251,,,,,,,,,,,
0.9743589743589743,0.9761904761904762,0.975609756097561,0.9973544973544973,36.100096000009216,wine_binary,forced_full_balanced_qnn,forced_full_balanced,qnn,4,4,4,16,2.0,1.1,True,full_balanced,standard,80,,,,,,,35.90396320000582,0.7435897435897436,0.8974358974358975,0.717948717948718,0.6410256410256411,0.03961802668995167,0.05026849152568474,0.030490074471226637,4.664601028895795e-12,4.1817991217938843e-16,37.07692307692308,14.76923076923077,2708.7948717948716,0.28968586410225655,0.153920717150397,0.1281780940858251,,,,,,,,,,,
0.9487179487179487,0.9523809523809523,0.95,1.0,0.002285099995788187,wine_binary,hybrid_standard_full_balanced_logreg,hybrid_standard_full_balanced,logreg,4,4,4,16,2.0,1.1,True,full_balanced,standard,80,,,,,,,9.214281099993968,,,,,,,,,,,,,,,,0.7435897435897436,0.3333333333333333,0.2564102564102564,0.030552702123386705,3.9155676381054e-12,37.07692307692308,27.923076923076923,0.06248509999997436,0.153920717150397,0.036209537692340435,"{""none"": 26, ""residual+conditioning+solver_failure"": 9, ""conditioning+solver_failure"": 2, ""conditioning"": 2}"
0.9487179487179487,0.9523809523809523,0.95,1.0,0.001058900001225993,wine_binary,hybrid_standard_full_balanced_svm_rbf,hybrid_standard_full_balanced,svm_rbf,4,4,4,16,2.0,1.1,True,full_balanced,standard,80,,,,,,,9.214281099993968,,,,,,,,,,,,,,,,0.7435897435897436,0.3333333333333333,0.2564102564102564,0.030552702123386705,3.9155676381054e-12,37.07692307692308,27.923076923076923,0.06248509999997436,0.153920717150397,0.036209537692340435,"{""none"": 26, ""residual+conditioning+solver_failure"": 9, ""conditioning+solver_failure"": 2, ""conditioning"": 2}"
0.9230769230769231,0.9285714285714286,0.9230769230769231,1.0,36.87009409999882,wine_binary,hybrid_standard_full_balanced_qnn,hybrid_standard_full_balanced,qnn,4,4,4,16,2.0,1.1,True,full_balanced,standard,80,,,,,,,9.214281099993968,,,,,,,,,,,,,,,,0.7435897435897436,0.3333333333333333,0.2564102564102564,0.030552702123386705,3.9155676381054e-12,37.07692307692308,27.923076923076923,0.06248509999997436,0.153920717150397,0.036209537692340435,"{""none"": 26, ""residual+conditioning+solver_failure"": 9, ""conditioning+solver_failure"": 2, ""conditioning"": 2}"
0.9487179487179487,0.9523809523809523,0.95,1.0,0.0019765000033658,wine_binary,hybrid_aggressive_full_balanced_logreg,hybrid_aggressive_full_balanced,logreg,4,4,4,16,2.0,1.1,True,full_balanced,aggressive,80,,,,,,,20.003350799990585,,,,,,,,,,,,,,,,0.7435897435897436,0.5128205128205128,0.41025641025641024,0.030536572999778213,2.528204148586593e-12,37.07692307692308,25.128205128205128,0.12301033333269282,0.153920717150397,0.06665252782764174,"{""conditioning"": 9, ""none"": 19, ""residual+conditioning+solver_failure"": 11}"
0.9487179487179487,0.9523809523809523,0.95,1.0,0.0010600999958114699,wine_binary,hybrid_aggressive_full_balanced_svm_rbf,hybrid_aggressive_full_balanced,svm_rbf,4,4,4,16,2.0,1.1,True,full_balanced,aggressive,80,,,,,,,20.003350799990585,,,,,,,,,,,,,,,,0.7435897435897436,0.5128205128205128,0.41025641025641024,0.030536572999778213,2.528204148586593e-12,37.07692307692308,25.128205128205128,0.12301033333269282,0.153920717150397,0.06665252782764174,"{""conditioning"": 9, ""none"": 19, ""residual+conditioning+solver_failure"": 11}"
0.9487179487179487,0.9523809523809523,0.95,1.0,36.75714080000762,wine_binary,hybrid_aggressive_full_balanced_qnn,hybrid_aggressive_full_balanced,qnn,4,4,4,16,2.0,1.1,True,full_balanced,aggressive,80,,,,,,,20.003350799990585,,,,,,,,,,,,,,,,0.7435897435897436,0.5128205128205128,0.41025641025641024,0.030536572999778213,2.528204148586593e-12,37.07692307692308,25.128205128205128,0.12301033333269282,0.153920717150397,0.06665252782764174,"{""conditioning"": 9, ""none"": 19, ""residual+conditioning+solver_failure"": 11}"
0.9743589743589743,0.9761904761904762,0.975609756097561,1.0,0.0019327000045450404,wine_binary,hybrid_always_trigger_full_balanced_logreg,hybrid_always_trigger_full_balanced,logreg,4,4,4,16,2.0,1.1,True,full_balanced,always_trigger,80,,,,,,,36.1334760000027,,,,,,,,,,,,,,,,0.7435897435897436,1.0,0.8205128205128205,0.03055529295476595,4.471146701097998e-16,37.07692307692308,16.692307692307693,0.2874913974362873,0.153920717150397,0.1282759378019989,"{""residual+conditioning"": 28, ""residual+conditioning+solver_failure"": 11}"
0.9487179487179487,0.9523809523809523,0.95,1.0,0.0010289999918313697,wine_binary,hybrid_always_trigger_full_balanced_svm_rbf,hybrid_always_trigger_full_balanced,svm_rbf,4,4,4,16,2.0,1.1,True,full_balanced,always_trigger,80,,,,,,,36.1334760000027,,,,,,,,,,,,,,,,0.7435897435897436,1.0,0.8205128205128205,0.03055529295476595,4.471146701097998e-16,37.07692307692308,16.692307692307693,0.2874913974362873,0.153920717150397,0.1282759378019989,"{""residual+conditioning"": 28, ""residual+conditioning+solver_failure"": 11}"
0.9743589743589743,0.9761904761904762,0.975609756097561,0.9973544973544973,36.18821700000262,wine_binary,hybrid_always_trigger_full_balanced_qnn,hybrid_always_trigger_full_balanced,qnn,4,4,4,16,2.0,1.1,True,full_balanced,always_trigger,80,,,,,,,36.1334760000027,,,,,,,,,,,,,,,,0.7435897435897436,1.0,0.8205128205128205,0.03055529295476595,4.471146701097998e-16,37.07692307692308,16.692307692307693,0.2874913974362873,0.153920717150397,0.1282759378019989,"{""residual+conditioning"": 28, ""residual+conditioning+solver_failure"": 11}"
0.9743589743589743,0.9761904761904762,0.975609756097561,1.0,0.0019561000081012025,wine_binary,hybrid_qnn_lenient_full_balanced_logreg,hybrid_qnn_lenient_full_balanced,logreg,4,4,4,16,2.0,1.1,True,full_balanced,qnn_lenient,80,,,,,,,36.212189099998795,,,,,,,,,,,,,,,,0.7435897435897436,1.0,0.8205128205128205,0.03055529295476595,4.471146701097998e-16,37.07692307692308,16.692307692307693,0.2872353871800722,0.153920717150397,0.1282759378019989,"{""residual+conditioning"": 28, ""residual+conditioning+solver_failure"": 11}"
0.9487179487179487,0.9523809523809523,0.95,1.0,0.0010199999960605055,wine_binary,hybrid_qnn_lenient_full_balanced_svm_rbf,hybrid_qnn_lenient_full_balanced,svm_rbf,4,4,4,16,2.0,1.1,True,full_balanced,qnn_lenient,80,,,,,,,36.212189099998795,,,,,,,,,,,,,,,,0.7435897435897436,1.0,0.8205128205128205,0.03055529295476595,4.471146701097998e-16,37.07692307692308,16.692307692307693,0.2872353871800722,0.153920717150397,0.1282759378019989,"{""residual+conditioning"": 28, ""residual+conditioning+solver_failure"": 11}"
0.9743589743589743,0.9761904761904762,0.975609756097561,0.9973544973544973,36.384191500008455,wine_binary,hybrid_qnn_lenient_full_balanced_qnn,hybrid_qnn_lenient_full_balanced,qnn,4,4,4,16,2.0,1.1,True,full_balanced,qnn_lenient,80,,,,,,,36.212189099998795,,,,,,,,,,,,,,,,0.7435897435897436,1.0,0.8205128205128205,0.03055529295476595,4.471146701097998e-16,37.07692307692308,16.692307692307693,0.2872353871800722,0.153920717150397,0.1282759378019989,"{""residual+conditioning"": 28, ""residual+conditioning+solver_failure"": 11}"
0.9487179487179487,0.9523809523809523,0.95,1.0,0.0020305999933043495,wine_binary,forced_qnn_oriented_logreg,forced_qnn_oriented,logreg,4,4,4,16,2.0,1.1,True,qnn_oriented,standard,80,,,,,,,47.8337726000027,0.7435897435897436,0.8717948717948718,0.717948717948718,0.6666666666666666,0.03961802668995167,0.051809288239842106,0.030603852704041066,4.664601028895795e-12,4.644396126208125e-16,37.07692307692308,16.641025641025642,2880.5384615384614,0.3802629923067378,0.153920717150397,0.13716044839483046,,,,,,,,,,,
0.9487179487179487,0.9523809523809523,0.95,1.0,0.0010063999943668023,wine_binary,forced_qnn_oriented_svm_rbf,forced_qnn_oriented,svm_rbf,4,4,4,16,2.0,1.1,True,qnn_oriented,standard,80,,,,,,,47.8337726000027,0.7435897435897436,0.8717948717948718,0.717948717948718,0.6666666666666666,0.03961802668995167,0.051809288239842106,0.030603852704041066,4.664601028895795e-12,4.644396126208125e-16,37.07692307692308,16.641025641025642,2880.5384615384614,0.3802629923067378,0.153920717150397,0.13716044839483046,,,,,,,,,,,
0.9230769230769231,0.9246031746031746,0.926829268292683,0.9417989417989417,36.948362900002394,wine_binary,forced_qnn_oriented_qnn,forced_qnn_oriented,qnn,4,4,4,16,2.0,1.1,True,qnn_oriented,standard,80,,,,,,,47.8337726000027,0.7435897435897436,0.8717948717948718,0.717948717948718,0.6666666666666666,0.03961802668995167,0.051809288239842106,0.030603852704041066,4.664601028895795e-12,4.644396126208125e-16,37.07692307692308,16.641025641025642,2880.5384615384614,0.3802629923067378,0.153920717150397,0.13716044839483046,,,,,,,,,,,
0.9487179487179487,0.9523809523809523,0.95,1.0,0.0024476999969920143,wine_binary,hybrid_standard_qnn_oriented_logreg,hybrid_standard_qnn_oriented,logreg,4,4,4,16,2.0,1.1,True,qnn_oriented,standard,80,,,,,,,11.433554200004437,,,,,,,,,,,,,,,,0.7435897435897436,0.3333333333333333,0.28205128205128205,0.030696900819105137,3.9155676381054e-12,37.07692307692308,27.358974358974358,0.08111727948879632,0.153920717150397,0.036567904570507626,"{""none"": 26, ""residual+conditioning+solver_failure"": 9, ""conditioning+solver_failure"": 2, ""conditioning"": 2}"
0.9487179487179487,0.9523809523809523,0.95,1.0,0.001062900002580136,wine_binary,hybrid_standard_qnn_oriented_svm_rbf,hybrid_standard_qnn_oriented,svm_rbf,4,4,4,16,2.0,1.1,True,qnn_oriented,standard,80,,,,,,,11.433554200004437,,,,,,,,,,,,,,,,0.7435897435897436,0.3333333333333333,0.28205128205128205,0.030696900819105137,3.9155676381054e-12,37.07692307692308,27.358974358974358,0.08111727948879632,0.153920717150397,0.036567904570507626,"{""none"": 26, ""residual+conditioning+solver_failure"": 9, ""conditioning+solver_failure"": 2, ""conditioning"": 2}"
0.9230769230769231,0.9285714285714286,0.9230769230769231,0.9682539682539683,37.05009689999861,wine_binary,hybrid_standard_qnn_oriented_qnn,hybrid_standard_qnn_oriented,qnn,4,4,4,16,2.0,1.1,True,qnn_oriented,standard,80,,,,,,,11.433554200004437,,,,,,,,,,,,,,,,0.7435897435897436,0.3333333333333333,0.28205128205128205,0.030696900819105137,3.9155676381054e-12,37.07692307692308,27.358974358974358,0.08111727948879632,0.153920717150397,0.036567904570507626,"{""none"": 26, ""residual+conditioning+solver_failure"": 9, ""conditioning+solver_failure"": 2, ""conditioning"": 2}"
0.9487179487179487,0.9523809523809523,0.95,1.0,0.0021056999976281077,wine_binary,hybrid_aggressive_qnn_oriented_logreg,hybrid_aggressive_qnn_oriented,logreg,4,4,4,16,2.0,1.1,True,qnn_oriented,aggressive,80,,,,,,,25.284027800007607,,,,,,,,,,,,,,,,0.7692307692307693,0.5128205128205128,0.4358974358974359,0.028166059515220655,1.7190255286676684e-12,37.07692307692308,24.58974358974359,0.16092460512934337,0.153920717150397,0.07457241151962496,"{""conditioning"": 9, ""none"": 19, ""residual+conditioning+solver_failure"": 11}"
0.9487179487179487,0.9523809523809523,0.95,1.0,0.0010938999912468717,wine_binary,hybrid_aggressive_qnn_oriented_svm_rbf,hybrid_aggressive_qnn_oriented,svm_rbf,4,4,4,16,2.0,1.1,True,qnn_oriented,aggressive,80,,,,,,,25.284027800007607,,,,,,,,,,,,,,,,0.7692307692307693,0.5128205128205128,0.4358974358974359,0.028166059515220655,1.7190255286676684e-12,37.07692307692308,24.58974358974359,0.16092460512934337,0.153920717150397,0.07457241151962496,"{""conditioning"": 9, ""none"": 19, ""residual+conditioning+solver_failure"": 11}"
0.9487179487179487,0.9523809523809523,0.95,0.9761904761904763,36.833341900011874,wine_binary,hybrid_aggressive_qnn_oriented_qnn,hybrid_aggressive_qnn_oriented,qnn,4,4,4,16,2.0,1.1,True,qnn_oriented,aggressive,80,,,,,,,25.284027800007607,,,,,,,,,,,,,,,,0.7692307692307693,0.5128205128205128,0.4358974358974359,0.028166059515220655,1.7190255286676684e-12,37.07692307692308,24.58974358974359,0.16092460512934337,0.153920717150397,0.07457241151962496,"{""conditioning"": 9, ""none"": 19, ""residual+conditioning+solver_failure"": 11}"
0.9487179487179487,0.9523809523809523,0.95,1.0,0.0018895999965025112,wine_binary,hybrid_always_trigger_qnn_oriented_logreg,hybrid_always_trigger_qnn_oriented,logreg,4,4,4,16,2.0,1.1,True,qnn_oriented,always_trigger,80,,,,,,,49.78629329999967,,,,,,,,,,,,,,,,0.7692307692307693,1.0,0.8461538461538461,0.028135882926954396,4.759121460159186e-16,37.07692307692308,17.23076923076923,0.3927827564124854,0.153920717150397,0.13956941404345327,"{""residual+conditioning"": 28, ""residual+conditioning+solver_failure"": 11}"
0.9487179487179487,0.9523809523809523,0.95,1.0,0.0010167000000365078,wine_binary,hybrid_always_trigger_qnn_oriented_svm_rbf,hybrid_always_trigger_qnn_oriented,svm_rbf,4,4,4,16,2.0,1.1,True,qnn_oriented,always_trigger,80,,,,,,,49.78629329999967,,,,,,,,,,,,,,,,0.7692307692307693,1.0,0.8461538461538461,0.028135882926954396,4.759121460159186e-16,37.07692307692308,17.23076923076923,0.3927827564124854,0.153920717150397,0.13956941404345327,"{""residual+conditioning"": 28, ""residual+conditioning+solver_failure"": 11}"
0.9743589743589743,0.9761904761904762,0.975609756097561,0.9920634920634921,36.346527199988486,wine_binary,hybrid_always_trigger_qnn_oriented_qnn,hybrid_always_trigger_qnn_oriented,qnn,4,4,4,16,2.0,1.1,True,qnn_oriented,always_trigger,80,,,,,,,49.78629329999967,,,,,,,,,,,,,,,,0.7692307692307693,1.0,0.8461538461538461,0.028135882926954396,4.759121460159186e-16,37.07692307692308,17.23076923076923,0.3927827564124854,0.153920717150397,0.13956941404345327,"{""residual+conditioning"": 28, ""residual+conditioning+solver_failure"": 11}"
0.9487179487179487,0.9523809523809523,0.95,1.0,0.0022666000004392117,wine_binary,hybrid_qnn_lenient_qnn_oriented_logreg,hybrid_qnn_lenient_qnn_oriented,logreg,4,4,4,16,2.0,1.1,True,qnn_oriented,qnn_lenient,80,,,,,,,49.801720799994655,,,,,,,,,,,,,,,,0.7692307692307693,1.0,0.8461538461538461,0.028135882926954396,4.759121460159186e-16,37.07692307692308,17.23076923076923,0.3930049794879055,0.153920717150397,0.13956941404345327,"{""residual+conditioning"": 28, ""residual+conditioning+solver_failure"": 11}"
0.9487179487179487,0.9523809523809523,0.95,1.0,0.0010437000019010156,wine_binary,hybrid_qnn_lenient_qnn_oriented_svm_rbf,hybrid_qnn_lenient_qnn_oriented,svm_rbf,4,4,4,16,2.0,1.1,True,qnn_oriented,qnn_lenient,80,,,,,,,49.801720799994655,,,,,,,,,,,,,,,,0.7692307692307693,1.0,0.8461538461538461,0.028135882926954396,4.759121460159186e-16,37.07692307692308,17.23076923076923,0.3930049794879055,0.153920717150397,0.13956941404345327,"{""residual+conditioning"": 28, ""residual+conditioning+solver_failure"": 11}"
0.9743589743589743,0.9761904761904762,0.975609756097561,0.9920634920634921,37.09559509999235,wine_binary,hybrid_qnn_lenient_qnn_oriented_qnn,hybrid_qnn_lenient_qnn_oriented,qnn,4,4,4,16,2.0,1.1,True,qnn_oriented,qnn_lenient,80,,,,,,,49.801720799994655,,,,,,,,,,,,,,,,0.7692307692307693,1.0,0.8461538461538461,0.028135882926954396,4.759121460159186e-16,37.07692307692308,17.23076923076923,0.3930049794879055,0.153920717150397,0.13956941404345327,"{""residual+conditioning"": 28, ""residual+conditioning+solver_failure"": 11}"
0.9487179487179487,0.9523809523809523,0.95,1.0,0.002175599991460331,wine_binary,forced_qnn_exploratory_logreg,forced_qnn_exploratory,logreg,4,4,4,16,2.0,1.1,True,qnn_exploratory,standard,80,,,,,,,53.1220037000021,0.7692307692307693,0.7692307692307693,0.717948717948718,0.6153846153846154,0.03961802668995167,0.07078121939582986,0.028127616517557942,4.664601028895795e-12,4.83698642810368e-16,37.07692307692308,16.384615384615383,2652.128205128205,0.39639611281894854,0.153920717150397,0.12243955561773219,,,,,,,,,,,
0.9230769230769231,0.9246031746031746,0.926829268292683,0.9894179894179893,0.0011108000035164878,wine_binary,forced_qnn_exploratory_svm_rbf,forced_qnn_exploratory,svm_rbf,4,4,4,16,2.0,1.1,True,qnn_exploratory,standard,80,,,,,,,53.1220037000021,0.7692307692307693,0.7692307692307693,0.717948717948718,0.6153846153846154,0.03961802668995167,0.07078121939582986,0.028127616517557942,4.664601028895795e-12,4.83698642810368e-16,37.07692307692308,16.384615384615383,2652.128205128205,0.39639611281894854,0.153920717150397,0.12243955561773219,,,,,,,,,,,
0.9230769230769231,0.9246031746031746,0.926829268292683,0.9894179894179894,36.44270349999715,wine_binary,forced_qnn_exploratory_qnn,forced_qnn_exploratory,qnn,4,4,4,16,2.0,1.1,True,qnn_exploratory,standard,80,,,,,,,53.1220037000021,0.7692307692307693,0.7692307692307693,0.717948717948718,0.6153846153846154,0.03961802668995167,0.07078121939582986,0.028127616517557942,4.664601028895795e-12,4.83698642810368e-16,37.07692307692308,16.384615384615383,2652.128205128205,0.39639611281894854,0.153920717150397,0.12243955561773219,,,,,,,,,,,
0.9487179487179487,0.9523809523809523,0.95,1.0,0.002199900001869537,wine_binary,hybrid_standard_qnn_exploratory_logreg,hybrid_standard_qnn_exploratory,logreg,4,4,4,16,2.0,1.1,True,qnn_exploratory,standard,80,,,,,,,13.567241900003864,,,,,,,,,,,,,,,,0.7692307692307693,0.3333333333333333,0.23076923076923078,0.02810582382043181,3.563071840573524e-12,37.07692307692308,28.102564102564102,0.10405553333335914,0.153920717150397,0.04874477460054591,"{""none"": 26, ""residual+conditioning+solver_failure"": 9, ""conditioning+solver_failure"": 2, ""conditioning"": 2}"
0.9487179487179487,0.9523809523809523,0.95,1.0,0.0010781000019051135,wine_binary,hybrid_standard_qnn_exploratory_svm_rbf,hybrid_standard_qnn_exploratory,svm_rbf,4,4,4,16,2.0,1.1,True,qnn_exploratory,standard,80,,,,,,,13.567241900003864,,,,,,,,,,,,,,,,0.7692307692307693,0.3333333333333333,0.23076923076923078,0.02810582382043181,3.563071840573524e-12,37.07692307692308,28.102564102564102,0.10405553333335914,0.153920717150397,0.04874477460054591,"{""none"": 26, ""residual+conditioning+solver_failure"": 9, ""conditioning+solver_failure"": 2, ""conditioning"": 2}"
0.9230769230769231,0.9285714285714286,0.9230769230769231,0.9814814814814815,37.09324399998877,wine_binary,hybrid_standard_qnn_exploratory_qnn,hybrid_standard_qnn_exploratory,qnn,4,4,4,16,2.0,1.1,True,qnn_exploratory,standard,80,,,,,,,13.567241900003864,,,,,,,,,,,,,,,,0.7692307692307693,0.3333333333333333,0.23076923076923078,0.02810582382043181,3.563071840573524e-12,37.07692307692308,28.102564102564102,0.10405553333335914,0.153920717150397,0.04874477460054591,"{""none"": 26, ""residual+conditioning+solver_failure"": 9, ""conditioning+solver_failure"": 2, ""conditioning"": 2}"
0.9487179487179487,0.9523809523809523,0.95,1.0,0.0020496999932220206,wine_binary,hybrid_aggressive_qnn_exploratory_logreg,hybrid_aggressive_qnn_exploratory,logreg,4,4,4,16,2.0,1.1,True,qnn_exploratory,aggressive,80,,,,,,,28.272515899996506,,,,,,,,,,,,,,,,0.7435897435897436,0.5128205128205128,0.3333333333333333,0.030607306047782928,2.528204148586593e-12,37.07692307692308,25.307692307692307,0.16671374102737993,0.153920717150397,0.06625595460714978,"{""conditioning"": 9, ""none"": 19, ""residual+conditioning+solver_failure"": 11}"
0.9487179487179487,0.9523809523809523,0.95,1.0,0.00114900000335183,wine_binary,hybrid_aggressive_qnn_exploratory_svm_rbf,hybrid_aggressive_qnn_exploratory,svm_rbf,4,4,4,16,2.0,1.1,True,qnn_exploratory,aggressive,80,,,,,,,28.272515899996506,,,,,,,,,,,,,,,,0.7435897435897436,0.5128205128205128,0.3333333333333333,0.030607306047782928,2.528204148586593e-12,37.07692307692308,25.307692307692307,0.16671374102737993,0.153920717150397,0.06625595460714978,"{""conditioning"": 9, ""none"": 19, ""residual+conditioning+solver_failure"": 11}"
0.9743589743589743,0.9761904761904762,0.975609756097561,0.9761904761904762,35.71681880000688,wine_binary,hybrid_aggressive_qnn_exploratory_qnn,hybrid_aggressive_qnn_exploratory,qnn,4,4,4,16,2.0,1.1,True,qnn_exploratory,aggressive,80,,,,,,,28.272515899996506,,,,,,,,,,,,,,,,0.7435897435897436,0.5128205128205128,0.3333333333333333,0.030607306047782928,2.528204148586593e-12,37.07692307692308,25.307692307692307,0.16671374102737993,0.153920717150397,0.06625595460714978,"{""conditioning"": 9, ""none"": 19, ""residual+conditioning+solver_failure"": 11}"
0.9487179487179487,0.9523809523809523,0.95,1.0,0.0025622000102885067,wine_binary,hybrid_always_trigger_qnn_exploratory_logreg,hybrid_always_trigger_qnn_exploratory,logreg,4,4,4,16,2.0,1.1,True,qnn_exploratory,always_trigger,80,,,,,,,52.15164310000546,,,,,,,,,,,,,,,,0.7692307692307693,1.0,0.717948717948718,0.028276783754164543,4.469531110548018e-16,37.07692307692308,18.333333333333332,0.3907964333353821,0.153920717150397,0.12258233612004243,"{""residual+conditioning"": 28, ""residual+conditioning+solver_failure"": 11}"
0.9230769230769231,0.9246031746031746,0.926829268292683,0.9894179894179893,0.0010168000007979572,wine_binary,hybrid_always_trigger_qnn_exploratory_svm_rbf,hybrid_always_trigger_qnn_exploratory,svm_rbf,4,4,4,16,2.0,1.1,True,qnn_exploratory,always_trigger,80,,,,,,,52.15164310000546,,,,,,,,,,,,,,,,0.7692307692307693,1.0,0.717948717948718,0.028276783754164543,4.469531110548018e-16,37.07692307692308,18.333333333333332,0.3907964333353821,0.153920717150397,0.12258233612004243,"{""residual+conditioning"": 28, ""residual+conditioning+solver_failure"": 11}"
0.9230769230769231,0.9246031746031746,0.926829268292683,0.9523809523809524,36.59035440000298,wine_binary,hybrid_always_trigger_qnn_exploratory_qnn,hybrid_always_trigger_qnn_exploratory,qnn,4,4,4,16,2.0,1.1,True,qnn_exploratory,always_trigger,80,,,,,,,52.15164310000546,,,,,,,,,,,,,,,,0.7692307692307693,1.0,0.717948717948718,0.028276783754164543,4.469531110548018e-16,37.07692307692308,18.333333333333332,0.3907964333353821,0.153920717150397,0.12258233612004243,"{""residual+conditioning"": 28, ""residual+conditioning+solver_failure"": 11}"
0.9487179487179487,0.9523809523809523,0.95,1.0,0.002002499997615814,wine_binary,hybrid_qnn_lenient_qnn_exploratory_logreg,hybrid_qnn_lenient_qnn_exploratory,logreg,4,4,4,16,2.0,1.1,True,qnn_exploratory,qnn_lenient,80,,,,,,,52.35271459999785,,,,,,,,,,,,,,,,0.7692307692307693,1.0,0.717948717948718,0.028276783754164543,4.469531110548018e-16,37.07692307692308,18.333333333333332,0.3914677435886682,0.153920717150397,0.12258233612004243,"{""residual+conditioning"": 28, ""residual+conditioning+solver_failure"": 11}"
0.9230769230769231,0.9246031746031746,0.926829268292683,0.9894179894179893,0.0010144999978365377,wine_binary,hybrid_qnn_lenient_qnn_exploratory_svm_rbf,hybrid_qnn_lenient_qnn_exploratory,svm_rbf,4,4,4,16,2.0,1.1,True,qnn_exploratory,qnn_lenient,80,,,,,,,52.35271459999785,,,,,,,,,,,,,,,,0.7692307692307693,1.0,0.717948717948718,0.028276783754164543,4.469531110548018e-16,37.07692307692308,18.333333333333332,0.3914677435886682,0.153920717150397,0.12258233612004243,"{""residual+conditioning"": 28, ""residual+conditioning+solver_failure"": 11}"
0.9230769230769231,0.9246031746031746,0.926829268292683,0.9523809523809524,37.14555200000177,wine_binary,hybrid_qnn_lenient_qnn_exploratory_qnn,hybrid_qnn_lenient_qnn_exploratory,qnn,4,4,4,16,2.0,1.1,True,qnn_exploratory,qnn_lenient,80,,,,,,,52.35271459999785,,,,,,,,,,,,,,,,0.7692307692307693,1.0,0.717948717948718,0.028276783754164543,4.469531110548018e-16,37.07692307692308,18.333333333333332,0.3914677435886682,0.153920717150397,0.12258233612004243,"{""residual+conditioning"": 28, ""residual+conditioning+solver_failure"": 11}"
0.9743589743589743,0.9761904761904762,0.975609756097561,1.0,0.002388799999607727,wine_binary,forced_no_detector_logreg,forced_no_detector,logreg,4,4,4,16,2.0,1.1,True,no_detector,standard,80,,,,,,,13.689972199994372,0.7692307692307693,0.8974358974358975,0.717948717948718,0.6666666666666666,0.03961802668995167,0.04786838671705191,0.02809492777754393,4.664601028895795e-12,4.3405540753420105e-16,37.07692307692308,15.23076923076923,2658.230769230769,0.10947568974389026,0.153920717150397,0.13249512302210426,,,,,,,,,,,
0.9487179487179487,0.9523809523809523,0.95,1.0,0.0010941000073216856,wine_binary,forced_no_detector_svm_rbf,forced_no_detector,svm_rbf,4,4,4,16,2.0,1.1,True,no_detector,standard,80,,,,,,,13.689972199994372,0.7692307692307693,0.8974358974358975,0.717948717948718,0.6666666666666666,0.03961802668995167,0.04786838671705191,0.02809492777754393,4.664601028895795e-12,4.3405540753420105e-16,37.07692307692308,15.23076923076923,2658.230769230769,0.10947568974389026,0.153920717150397,0.13249512302210426,,,,,,,,,,,
0.9743589743589743,0.9761904761904762,0.975609756097561,0.9947089947089947,36.563804200006416,wine_binary,forced_no_detector_qnn,forced_no_detector,qnn,4,4,4,16,2.0,1.1,True,no_detector,standard,80,,,,,,,13.689972199994372,0.7692307692307693,0.8974358974358975,0.717948717948718,0.6666666666666666,0.03961802668995167,0.04786838671705191,0.02809492777754393,4.664601028895795e-12,4.3405540753420105e-16,37.07692307692308,15.23076923076923,2658.230769230769,0.10947568974389026,0.153920717150397,0.13249512302210426,,,,,,,,,,,
0.9487179487179487,0.9523809523809523,0.95,1.0,0.00222090000170283,wine_binary,hybrid_standard_no_detector_logreg,hybrid_standard_no_detector,logreg,4,4,4,16,2.0,1.1,True,no_detector,standard,80,,,,,,,3.6197795000043698,,,,,,,,,,,,,,,,0.7692307692307693,0.3333333333333333,0.28205128205128205,0.028093520817488723,3.563071840573524e-12,37.07692307692308,27.333333333333332,0.0244231000016533,0.153920717150397,0.04897875151300165,"{""none"": 26, ""residual+conditioning+solver_failure"": 9, ""conditioning+solver_failure"": 2, ""conditioning"": 2}"
0.9487179487179487,0.9523809523809523,0.95,1.0,0.0010679000115487725,wine_binary,hybrid_standard_no_detector_svm_rbf,hybrid_standard_no_detector,svm_rbf,4,4,4,16,2.0,1.1,True,no_detector,standard,80,,,,,,,3.6197795000043698,,,,,,,,,,,,,,,,0.7692307692307693,0.3333333333333333,0.28205128205128205,0.028093520817488723,3.563071840573524e-12,37.07692307692308,27.333333333333332,0.0244231000016533,0.153920717150397,0.04897875151300165,"{""none"": 26, ""residual+conditioning+solver_failure"": 9, ""conditioning+solver_failure"": 2, ""conditioning"": 2}"
0.9230769230769231,0.9285714285714286,0.9230769230769231,1.0,36.99491389999457,wine_binary,hybrid_standard_no_detector_qnn,hybrid_standard_no_detector,qnn,4,4,4,16,2.0,1.1,True,no_detector,standard,80,,,,,,,3.6197795000043698,,,,,,,,,,,,,,,,0.7692307692307693,0.3333333333333333,0.28205128205128205,0.028093520817488723,3.563071840573524e-12,37.07692307692308,27.333333333333332,0.0244231000016533,0.153920717150397,0.04897875151300165,"{""none"": 26, ""residual+conditioning+solver_failure"": 9, ""conditioning+solver_failure"": 2, ""conditioning"": 2}"
0.9487179487179487,0.9523809523809523,0.95,1.0,0.002163900004234165,wine_binary,hybrid_aggressive_no_detector_logreg,hybrid_aggressive_no_detector,logreg,4,4,4,16,2.0,1.1,True,no_detector,aggressive,80,,,,,,,7.397719999993569,,,,,,,,,,,,,,,,0.7692307692307693,0.5128205128205128,0.46153846153846156,0.028120232140011272,2.528204148586593e-12,37.07692307692308,24.28205128205128,0.048757571794946365,0.153920717150397,0.07462701562765174,"{""conditioning"": 9, ""none"": 19, ""residual+conditioning+solver_failure"": 11}"
0.9487179487179487,0.9523809523809523,0.95,1.0,0.0010851999977603555,wine_binary,hybrid_aggressive_no_detector_svm_rbf,hybrid_aggressive_no_detector,svm_rbf,4,4,4,16,2.0,1.1,True,no_detector,aggressive,80,,,,,,,7.397719999993569,,,,,,,,,,,,,,,,0.7692307692307693,0.5128205128205128,0.46153846153846156,0.028120232140011272,2.528204148586593e-12,37.07692307692308,24.28205128205128,0.048757571794946365,0.153920717150397,0.07462701562765174,"{""conditioning"": 9, ""none"": 19, ""residual+conditioning+solver_failure"": 11}"
0.9743589743589743,0.9761904761904762,0.975609756097561,0.9761904761904762,35.9737896000006,wine_binary,hybrid_aggressive_no_detector_qnn,hybrid_aggressive_no_detector,qnn,4,4,4,16,2.0,1.1,True,no_detector,aggressive,80,,,,,,,7.397719999993569,,,,,,,,,,,,,,,,0.7692307692307693,0.5128205128205128,0.46153846153846156,0.028120232140011272,2.528204148586593e-12,37.07692307692308,24.28205128205128,0.048757571794946365,0.153920717150397,0.07462701562765174,"{""conditioning"": 9, ""none"": 19, ""residual+conditioning+solver_failure"": 11}"
0.9743589743589743,0.9761904761904762,0.975609756097561,1.0,0.0019469999970169738,wine_binary,hybrid_always_trigger_no_detector_logreg,hybrid_always_trigger_no_detector,logreg,4,4,4,16,2.0,1.1,True,no_detector,always_trigger,80,,,,,,,13.750430100000813,,,,,,,,,,,,,,,,0.7692307692307693,1.0,0.8717948717948718,0.028120232138165894,4.3405540753420105e-16,37.07692307692308,15.692307692307692,0.11001475897389285,0.153920717150397,0.13249512302210426,"{""residual+conditioning"": 28, ""residual+conditioning+solver_failure"": 11}"
0.9487179487179487,0.9523809523809523,0.95,1.0,0.0016264000005321577,wine_binary,hybrid_always_trigger_no_detector_svm_rbf,hybrid_always_trigger_no_detector,svm_rbf,4,4,4,16,2.0,1.1,True,no_detector,always_trigger,80,,,,,,,13.750430100000813,,,,,,,,,,,,,,,,0.7692307692307693,1.0,0.8717948717948718,0.028120232138165894,4.3405540753420105e-16,37.07692307692308,15.692307692307692,0.11001475897389285,0.153920717150397,0.13249512302210426,"{""residual+conditioning"": 28, ""residual+conditioning+solver_failure"": 11}"
0.9743589743589743,0.9761904761904762,0.975609756097561,0.9973544973544973,37.08363069999905,wine_binary,hybrid_always_trigger_no_detector_qnn,hybrid_always_trigger_no_detector,qnn,4,4,4,16,2.0,1.1,True,no_detector,always_trigger,80,,,,,,,13.750430100000813,,,,,,,,,,,,,,,,0.7692307692307693,1.0,0.8717948717948718,0.028120232138165894,4.3405540753420105e-16,37.07692307692308,15.692307692307692,0.11001475897389285,0.153920717150397,0.13249512302210426,"{""residual+conditioning"": 28, ""residual+conditioning+solver_failure"": 11}"
0.9743589743589743,0.9761904761904762,0.975609756097561,1.0,0.002106700005242601,wine_binary,hybrid_qnn_lenient_no_detector_logreg,hybrid_qnn_lenient_no_detector,logreg,4,4,4,16,2.0,1.1,True,no_detector,qnn_lenient,80,,,,,,,13.77515780000249,,,,,,,,,,,,,,,,0.7692307692307693,1.0,0.8717948717948718,0.028120232138165894,4.3405540753420105e-16,37.07692307692308,15.692307692307692,0.11072508205147759,0.153920717150397,0.13249512302210426,"{""residual+conditioning"": 28, ""residual+conditioning+solver_failure"": 11}"
0.9487179487179487,0.9523809523809523,0.95,1.0,0.0010245000012218952,wine_binary,hybrid_qnn_lenient_no_detector_svm_rbf,hybrid_qnn_lenient_no_detector,svm_rbf,4,4,4,16,2.0,1.1,True,no_detector,qnn_lenient,80,,,,,,,13.77515780000249,,,,,,,,,,,,,,,,0.7692307692307693,1.0,0.8717948717948718,0.028120232138165894,4.3405540753420105e-16,37.07692307692308,15.692307692307692,0.11072508205147759,0.153920717150397,0.13249512302210426,"{""residual+conditioning"": 28, ""residual+conditioning+solver_failure"": 11}"
0.9743589743589743,0.9761904761904762,0.975609756097561,0.9973544973544973,36.40902490000008,wine_binary,hybrid_qnn_lenient_no_detector_qnn,hybrid_qnn_lenient_no_detector,qnn,4,4,4,16,2.0,1.1,True,no_detector,qnn_lenient,80,,,,,,,13.77515780000249,,,,,,,,,,,,,,,,0.7692307692307693,1.0,0.8717948717948718,0.028120232138165894,4.3405540753420105e-16,37.07692307692308,15.692307692307692,0.11072508205147759,0.153920717150397,0.13249512302210426,"{""residual+conditioning"": 28, ""residual+conditioning+solver_failure"": 11}"
0.9487179487179487,0.9523809523809523,0.95,1.0,0.002277799998410046,wine_binary,forced_residual_only_logreg,forced_residual_only,logreg,4,4,4,16,2.0,1.1,True,residual_only,standard,80,,,,,,,6.3106211999984225,0.7948717948717948,0.8205128205128205,0.717948717948718,0.6410256410256411,0.03961802668995167,0.05300765362605193,0.022943006915478775,4.664601028895795e-12,4.336114745031592e-16,37.07692307692308,9.076923076923077,2675.6666666666665,0.04855331794831914,0.153920717150397,0.12403235569213693,,,,,,,,,,,
0.9487179487179487,0.9523809523809523,0.95,0.9973544973544973,0.001139200001489371,wine_binary,forced_residual_only_svm_rbf,forced_residual_only,svm_rbf,4,4,4,16,2.0,1.1,True,residual_only,standard,80,,,,,,,6.3106211999984225,0.7948717948717948,0.8205128205128205,0.717948717948718,0.6410256410256411,0.03961802668995167,0.05300765362605193,0.022943006915478775,4.664601028895795e-12,4.336114745031592e-16,37.07692307692308,9.076923076923077,2675.6666666666665,0.04855331794831914,0.153920717150397,0.12403235569213693,,,,,,,,,,,
0.9230769230769231,0.9246031746031746,0.926829268292683,0.9894179894179894,38.38758219999727,wine_binary,forced_residual_only_qnn,forced_residual_only,qnn,4,4,4,16,2.0,1.1,True,residual_only,standard,80,,,,,,,6.3106211999984225,0.7948717948717948,0.8205128205128205,0.717948717948718,0.6410256410256411,0.03961802668995167,0.05300765362605193,0.022943006915478775,4.664601028895795e-12,4.336114745031592e-16,37.07692307692308,9.076923076923077,2675.6666666666665,0.04855331794831914,0.153920717150397,0.12403235569213693,,,,,,,,,,,
0.9487179487179487,0.9523809523809523,0.95,1.0,0.0019329999922774732,wine_binary,hybrid_standard_residual_only_logreg,hybrid_standard_residual_only,logreg,4,4,4,16,2.0,1.1,True,residual_only,standard,80,,,,,,,1.7762275999994017,,,,,,,,,,,,,,,,0.7948717948717948,0.3333333333333333,0.28205128205128205,0.02294551307072819,2.63854110375919e-12,37.07692307692308,24.0,0.013570220513382735,0.153920717150397,0.041148739968467095,"{""none"": 26, ""residual+conditioning+solver_failure"": 9, ""conditioning+solver_failure"": 2, ""conditioning"": 2}"
0.9487179487179487,0.9523809523809523,0.95,1.0,0.0011058000090997666,wine_binary,hybrid_standard_residual_only_svm_rbf,hybrid_standard_residual_only,svm_rbf,4,4,4,16,2.0,1.1,True,residual_only,standard,80,,,,,,,1.7762275999994017,,,,,,,,,,,,,,,,0.7948717948717948,0.3333333333333333,0.28205128205128205,0.02294551307072819,2.63854110375919e-12,37.07692307692308,24.0,0.013570220513382735,0.153920717150397,0.041148739968467095,"{""none"": 26, ""residual+conditioning+solver_failure"": 9, ""conditioning+solver_failure"": 2, ""conditioning"": 2}"
0.9487179487179487,0.9523809523809523,0.95,0.9973544973544973,36.46529069999815,wine_binary,hybrid_standard_residual_only_qnn,hybrid_standard_residual_only,qnn,4,4,4,16,2.0,1.1,True,residual_only,standard,80,,,,,,,1.7762275999994017,,,,,,,,,,,,,,,,0.7948717948717948,0.3333333333333333,0.28205128205128205,0.02294551307072819,2.63854110375919e-12,37.07692307692308,24.0,0.013570220513382735,0.153920717150397,0.041148739968467095,"{""none"": 26, ""residual+conditioning+solver_failure"": 9, ""conditioning+solver_failure"": 2, ""conditioning"": 2}"
0.9487179487179487,0.9523809523809523,0.95,1.0,0.002044500011834316,wine_binary,hybrid_aggressive_residual_only_logreg,hybrid_aggressive_residual_only,logreg,4,4,4,16,2.0,1.1,True,residual_only,aggressive,80,,,,,,,3.5950387999910163,,,,,,,,,,,,,,,,0.7948717948717948,0.5128205128205128,0.4358974358974359,0.02294551307038429,1.5736495021774703e-12,37.07692307692308,21.102564102564102,0.024029943589061402,0.153920717150397,0.06978025864690776,"{""conditioning"": 9, ""none"": 19, ""residual+conditioning+solver_failure"": 11}"
0.9487179487179487,0.9523809523809523,0.95,1.0,0.0011060999968321994,wine_binary,hybrid_aggressive_residual_only_svm_rbf,hybrid_aggressive_residual_only,svm_rbf,4,4,4,16,2.0,1.1,True,residual_only,aggressive,80,,,,,,,3.5950387999910163,,,,,,,,,,,,,,,,0.7948717948717948,0.5128205128205128,0.4358974358974359,0.02294551307038429,1.5736495021774703e-12,37.07692307692308,21.102564102564102,0.024029943589061402,0.153920717150397,0.06978025864690776,"{""conditioning"": 9, ""none"": 19, ""residual+conditioning+solver_failure"": 11}"
0.9487179487179487,0.9523809523809523,0.95,0.9973544973544973,35.52718370000366,wine_binary,hybrid_aggressive_residual_only_qnn,hybrid_aggressive_residual_only,qnn,4,4,4,16,2.0,1.1,True,residual_only,aggressive,80,,,,,,,3.5950387999910163,,,,,,,,,,,,,,,,0.7948717948717948,0.5128205128205128,0.4358974358974359,0.02294551307038429,1.5736495021774703e-12,37.07692307692308,21.102564102564102,0.024029943589061402,0.153920717150397,0.06978025864690776,"{""conditioning"": 9, ""none"": 19, ""residual+conditioning+solver_failure"": 11}"
0.9487179487179487,0.9523809523809523,0.95,1.0,0.0018643000075826421,wine_binary,hybrid_always_trigger_residual_only_logreg,hybrid_always_trigger_residual_only,logreg,4,4,4,16,2.0,1.1,True,residual_only,always_trigger,80,,,,,,,6.345075200006249,,,,,,,,,,,,,,,,0.7948717948717948,1.0,0.7948717948717948,0.022945513068558257,4.336114745031592e-16,37.07692307692308,13.128205128205128,0.048622753846874006,0.153920717150397,0.12403235569213693,"{""residual+conditioning"": 28, ""residual+conditioning+solver_failure"": 11}"
0.9487179487179487,0.9523809523809523,0.95,0.9973544973544973,0.0010093000018969178,wine_binary,hybrid_always_trigger_residual_only_svm_rbf,hybrid_always_trigger_residual_only,svm_rbf,4,4,4,16,2.0,1.1,True,residual_only,always_trigger,80,,,,,,,6.345075200006249,,,,,,,,,,,,,,,,0.7948717948717948,1.0,0.7948717948717948,0.022945513068558257,4.336114745031592e-16,37.07692307692308,13.128205128205128,0.048622753846874006,0.153920717150397,0.12403235569213693,"{""residual+conditioning"": 28, ""residual+conditioning+solver_failure"": 11}"
0.9487179487179487,0.9484126984126984,0.9523809523809523,0.9894179894179894,36.22599979999359,wine_binary,hybrid_always_trigger_residual_only_qnn,hybrid_always_trigger_residual_only,qnn,4,4,4,16,2.0,1.1,True,residual_only,always_trigger,80,,,,,,,6.345075200006249,,,,,,,,,,,,,,,,0.7948717948717948,1.0,0.7948717948717948,0.022945513068558257,4.336114745031592e-16,37.07692307692308,13.128205128205128,0.048622753846874006,0.153920717150397,0.12403235569213693,"{""residual+conditioning"": 28, ""residual+conditioning+solver_failure"": 11}"
0.9487179487179487,0.9523809523809523,0.95,1.0,0.00220459999400191,wine_binary,hybrid_qnn_lenient_residual_only_logreg,hybrid_qnn_lenient_residual_only,logreg,4,4,4,16,2.0,1.1,True,residual_only,qnn_lenient,80,,,,,,,6.336278200004017,,,,,,,,,,,,,,,,0.7948717948717948,1.0,0.7948717948717948,0.022945513068558257,4.336114745031592e-16,37.07692307692308,13.128205128205128,0.04875556923052033,0.153920717150397,0.12403235569213693,"{""residual+conditioning"": 28, ""residual+conditioning+solver_failure"": 11}"
0.9487179487179487,0.9523809523809523,0.95,0.9973544973544973,0.0010171000030823052,wine_binary,hybrid_qnn_lenient_residual_only_svm_rbf,hybrid_qnn_lenient_residual_only,svm_rbf,4,4,4,16,2.0,1.1,True,residual_only,qnn_lenient,80,,,,,,,6.336278200004017,,,,,,,,,,,,,,,,0.7948717948717948,1.0,0.7948717948717948,0.022945513068558257,4.336114745031592e-16,37.07692307692308,13.128205128205128,0.04875556923052033,0.153920717150397,0.12403235569213693,"{""residual+conditioning"": 28, ""residual+conditioning+solver_failure"": 11}"
0.9487179487179487,0.9484126984126984,0.9523809523809523,0.9894179894179894,37.22010500000033,wine_binary,hybrid_qnn_lenient_residual_only_qnn,hybrid_qnn_lenient_residual_only,qnn,4,4,4,16,2.0,1.1,True,residual_only,qnn_lenient,80,,,,,,,6.336278200004017,,,,,,,,,,,,,,,,0.7948717948717948,1.0,0.7948717948717948,0.022945513068558257,4.336114745031592e-16,37.07692307692308,13.128205128205128,0.04875556923052033,0.153920717150397,0.12403235569213693,"{""residual+conditioning"": 28, ""residual+conditioning+solver_failure"": 11}"
1.0,1.0,1.0,1.0,0.0014432999887503684,wine_0_vs_2,pca_logreg,pca,logreg,0,4,4,16,2.0,1.1,True,full_balanced,standard,80,,,,,,,,,,,,,,,,,,,,,,,,,,,,,,,,,
1.0,1.0,1.0,1.0,0.03889119999075774,wine_0_vs_2,pca_mlp,pca,mlp,0,4,4,16,2.0,1.1,True,full_balanced,standard,80,,,,,,,,,,,,,,,,,,,,,,,,,,,,,,,,,
1.0,1.0,1.0,1.0,0.0012852000072598457,wine_0_vs_2,pca_svm_rbf,pca,svm_rbf,0,4,4,16,2.0,1.1,True,full_balanced,standard,80,,,,,,,,,,,,,,,,,,,,,,,,,,,,,,,,,
1.0,1.0,1.0,1.0,28.856086400002823,wine_0_vs_2,pca_qnn,pca,qnn,0,4,4,16,2.0,1.1,True,full_balanced,standard,80,,,,,,,,,,,,,,,,,,,,,,,,,,,,,,,,,
0.9696969696969697,0.9666666666666667,0.9655172413793104,1.0,0.0022649999882560223,wine_0_vs_2,implicit_zero_logreg,implicit_zero,logreg,0,4,4,16,2.0,1.1,True,full_balanced,standard,80,0.5454545454545454,0.09966671843696859,2.6410706277858753e-11,35.96969696969697,0.00031729999913791704,0.12364588389160262,0.12875889999850187,,,,,,,,,,,,,,,,,,,,,,,,,,
1.0,1.0,1.0,1.0,0.0011617999989539385,wine_0_vs_2,implicit_zero_svm_rbf,implicit_zero,svm_rbf,0,4,4,16,2.0,1.1,True,full_balanced,standard,80,0.5454545454545454,0.09966671843696859,2.6410706277858753e-11,35.96969696969697,0.00031729999913791704,0.12364588389160262,0.12875889999850187,,,,,,,,,,,,,,,,,,,,,,,,,,
1.0,1.0,1.0,1.0,29.95018749999872,wine_0_vs_2,implicit_zero_qnn,implicit_zero,qnn,0,4,4,16,2.0,1.1,True,full_balanced,standard,80,0.5454545454545454,0.09966671843696859,2.6410706277858753e-11,35.96969696969697,0.00031729999913791704,0.12364588389160262,0.12875889999850187,,,,,,,,,,,,,,,,,,,,,,,,,,
1.0,1.0,1.0,1.0,0.0017726999940350652,wine_0_vs_2,forced_full_light_logreg,forced_full_light,logreg,0,4,4,16,2.0,1.1,True,full_light,standard,80,,,,,,,16.957701599996653,0.5454545454545454,0.9393939393939394,0.5454545454545454,0.48484848484848486,0.09966671843696859,0.11673934565469478,0.09880659696098378,2.6410706277858753e-11,0.05826080860518271,35.96969696969697,16.03030303030303,1889.5454545454545,0.170519787877724,0.12364588389160262,0.09926696328419135,,,,,,,,,,,
1.0,1.0,1.0,1.0,0.0009548999951221049,wine_0_vs_2,forced_full_light_svm_rbf,forced_full_light,svm_rbf,0,4,4,16,2.0,1.1,True,full_light,standard,80,,,,,,,16.957701599996653,0.5454545454545454,0.9393939393939394,0.5454545454545454,0.48484848484848486,0.09966671843696859,0.11673934565469478,0.09880659696098378,2.6410706277858753e-11,0.05826080860518271,35.96969696969697,16.03030303030303,1889.5454545454545,0.170519787877724,0.12364588389160262,0.09926696328419135,,,,,,,,,,,
1.0,1.0,1.0,1.0,30.44168420000642,wine_0_vs_2,forced_full_light_qnn,forced_full_light,qnn,0,4,4,16,2.0,1.1,True,full_light,standard,80,,,,,,,16.957701599996653,0.5454545454545454,0.9393939393939394,0.5454545454545454,0.48484848484848486,0.09966671843696859,0.11673934565469478,0.09880659696098378,2.6410706277858753e-11,0.05826080860518271,35.96969696969697,16.03030303030303,1889.5454545454545,0.170519787877724,0.12364588389160262,0.09926696328419135,,,,,,,,,,,
1.0,1.0,1.0,1.0,0.0015181999915512279,wine_0_vs_2,hybrid_standard_full_light_logreg,hybrid_standard_full_light,logreg,0,4,4,16,2.0,1.1,True,full_light,standard,80,,,,,,,6.967300399992382,,,,,,,,,,,,,,,,0.5454545454545454,0.48484848484848486,0.2727272727272727,0.09911399678294275,2.6410706277858753e-11,35.96969696969697,29.333333333333332,0.05235456060671078,0.12364588389160262,0.0025078918435454513,"{""residual+conditioning+solver_failure"": 15, ""none"": 17, ""conditioning"": 1}"
1.0,1.0,1.0,1.0,0.0009910999942803755,wine_0_vs_2,hybrid_standard_full_light_svm_rbf,hybrid_standard_full_light,svm_rbf,0,4,4,16,2.0,1.1,True,full_light,standard,80,,,,,,,6.967300399992382,,,,,,,,,,,,,,,,0.5454545454545454,0.48484848484848486,0.2727272727272727,0.09911399678294275,2.6410706277858753e-11,35.96969696969697,29.333333333333332,0.05235456060671078,0.12364588389160262,0.0025078918435454513,"{""residual+conditioning+solver_failure"": 15, ""none"": 17, ""conditioning"": 1}"
1.0,1.0,1.0,1.0,30.41953430000285,wine_0_vs_2,hybrid_standard_full_light_qnn,hybrid_standard_full_light,qnn,0,4,4,16,2.0,1.1,True,full_light,standard,80,,,,,,,6.967300399992382,,,,,,,,,,,,,,,,0.5454545454545454,0.48484848484848486,0.2727272727272727,0.09911399678294275,2.6410706277858753e-11,35.96969696969697,29.333333333333332,0.05235456060671078,0.12364588389160262,0.0025078918435454513,"{""residual+conditioning+solver_failure"": 15, ""none"": 17, ""conditioning"": 1}"
1.0,1.0,1.0,1.0,0.0015016999968793243,wine_0_vs_2,hybrid_aggressive_full_light_logreg,hybrid_aggressive_full_light,logreg,0,4,4,16,2.0,1.1,True,full_light,aggressive,80,,,,,,,10.606108100007987,,,,,,,,,,,,,,,,0.5454545454545454,0.6666666666666666,0.3939393939393939,0.09922075081252445,2.6410706277858753e-11,35.96969696969697,26.454545454545453,0.09688637272770531,0.12364588389160262,0.05007487989328561,"{""residual+conditioning+solver_failure"": 15, ""none"": 11, ""conditioning"": 7}"
1.0,1.0,1.0,1.0,0.0009611999994376674,wine_0_vs_2,hybrid_aggressive_full_light_svm_rbf,hybrid_aggressive_full_light,svm_rbf,0,4,4,16,2.0,1.1,True,full_light,aggressive,80,,,,,,,10.606108100007987,,,,,,,,,,,,,,,,0.5454545454545454,0.6666666666666666,0.3939393939393939,0.09922075081252445,2.6410706277858753e-11,35.96969696969697,26.454545454545453,0.09688637272770531,0.12364588389160262,0.05007487989328561,"{""residual+conditioning+solver_failure"": 15, ""none"": 11, ""conditioning"": 7}"
0.9696969696969697,0.9666666666666667,0.9655172413793104,0.9925925925925926,29.71074700000463,wine_0_vs_2,hybrid_aggressive_full_light_qnn,hybrid_aggressive_full_light,qnn,0,4,4,16,2.0,1.1,True,full_light,aggressive,80,,,,,,,10.606108100007987,,,,,,,,,,,,,,,,0.5454545454545454,0.6666666666666666,0.3939393939393939,0.09922075081252445,2.6410706277858753e-11,35.96969696969697,26.454545454545453,0.09688637272770531,0.12364588389160262,0.05007487989328561,"{""residual+conditioning+solver_failure"": 15, ""none"": 11, ""conditioning"": 7}"
1.0,1.0,1.0,1.0,0.0017578999977558851,wine_0_vs_2,hybrid_always_trigger_full_light_logreg,hybrid_always_trigger_full_light,logreg,0,4,4,16,2.0,1.1,True,full_light,always_trigger,80,,,,,,,16.64174049999565,,,,,,,,,,,,,,,,0.5454545454545454,1.0,0.7272727272727273,0.09911417111837532,4.6142579096252075e-12,35.96969696969697,19.939393939393938,0.1737727545449602,0.12364588389160262,0.09929023569909613,"{""residual+conditioning+solver_failure"": 15, ""residual+conditioning"": 18}"
1.0,1.0,1.0,1.0,0.0009699999936856329,wine_0_vs_2,hybrid_always_trigger_full_light_svm_rbf,hybrid_always_trigger_full_light,svm_rbf,0,4,4,16,2.0,1.1,True,full_light,always_trigger,80,,,,,,,16.64174049999565,,,,,,,,,,,,,,,,0.5454545454545454,1.0,0.7272727272727273,0.09911417111837532,4.6142579096252075e-12,35.96969696969697,19.939393939393938,0.1737727545449602,0.12364588389160262,0.09929023569909613,"{""residual+conditioning+solver_failure"": 15, ""residual+conditioning"": 18}"
1.0,1.0,1.0,1.0,30.264158599995426,wine_0_vs_2,hybrid_always_trigger_full_light_qnn,hybrid_always_trigger_full_light,qnn,0,4,4,16,2.0,1.1,True,full_light,always_trigger,80,,,,,,,16.64174049999565,,,,,,,,,,,,,,,,0.5454545454545454,1.0,0.7272727272727273,0.09911417111837532,4.6142579096252075e-12,35.96969696969697,19.939393939393938,0.1737727545449602,0.12364588389160262,0.09929023569909613,"{""residual+conditioning+solver_failure"": 15, ""residual+conditioning"": 18}"
1.0,1.0,1.0,1.0,0.001779700003680773,wine_0_vs_2,hybrid_qnn_lenient_full_light_logreg,hybrid_qnn_lenient_full_light,logreg,0,4,4,16,2.0,1.1,True,full_light,qnn_lenient,80,,,,,,,16.530187500000466,,,,,,,,,,,,,,,,0.5454545454545454,1.0,0.7272727272727273,0.09911417111837532,4.6142579096252075e-12,35.96969696969697,19.939393939393938,0.17026892424187143,0.12364588389160262,0.09929023569909613,"{""residual+conditioning+solver_failure"": 15, ""residual+conditioning"": 18}"
1.0,1.0,1.0,1.0,0.0009629999985918403,wine_0_vs_2,hybrid_qnn_lenient_full_light_svm_rbf,hybrid_qnn_lenient_full_light,svm_rbf,0,4,4,16,2.0,1.1,True,full_light,qnn_lenient,80,,,,,,,16.530187500000466,,,,,,,,,,,,,,,,0.5454545454545454,1.0,0.7272727272727273,0.09911417111837532,4.6142579096252075e-12,35.96969696969697,19.939393939393938,0.17026892424187143,0.12364588389160262,0.09929023569909613,"{""residual+conditioning+solver_failure"": 15, ""residual+conditioning"": 18}"
1.0,1.0,1.0,1.0,29.141161100007594,wine_0_vs_2,hybrid_qnn_lenient_full_light_qnn,hybrid_qnn_lenient_full_light,qnn,0,4,4,16,2.0,1.1,True,full_light,qnn_lenient,80,,,,,,,16.530187500000466,,,,,,,,,,,,,,,,0.5454545454545454,1.0,0.7272727272727273,0.09911417111837532,4.6142579096252075e-12,35.96969696969697,19.939393939393938,0.17026892424187143,0.12364588389160262,0.09929023569909613,"{""residual+conditioning+solver_failure"": 15, ""residual+conditioning"": 18}"
1.0,1.0,1.0,1.0,0.002014100013184361,wine_0_vs_2,forced_full_balanced_logreg,forced_full_balanced,logreg,0,4,4,16,2.0,1.1,True,full_balanced,standard,80,,,,,,,21.87516600001254,0.5454545454545454,0.9090909090909091,0.5454545454545454,0.45454545454545453,0.09966671843696859,0.12179637848826667,0.09882087630394312,2.6410706277858753e-11,0.07324477724935105,35.96969696969697,17.21212121212121,2122.3939393939395,0.22819921212265565,0.12364588389160262,0.09182791435042188,,,,,,,,,,,
1.0,1.0,1.0,1.0,0.0009599000040907413,wine_0_vs_2,forced_full_balanced_svm_rbf,forced_full_balanced,svm_rbf,0,4,4,16,2.0,1.1,True,full_balanced,standard,80,,,,,,,21.87516600001254,0.5454545454545454,0.9090909090909091,0.5454545454545454,0.45454545454545453,0.09966671843696859,0.12179637848826667,0.09882087630394312,2.6410706277858753e-11,0.07324477724935105,35.96969696969697,17.21212121212121,2122.3939393939395,0.22819921212265565,0.12364588389160262,0.09182791435042188,,,,,,,,,,,
1.0,1.0,1.0,1.0,29.200488999995287,wine_0_vs_2,forced_full_balanced_qnn,forced_full_balanced,qnn,0,4,4,16,2.0,1.1,True,full_balanced,standard,80,,,,,,,21.87516600001254,0.5454545454545454,0.9090909090909091,0.5454545454545454,0.45454545454545453,0.09966671843696859,0.12179637848826667,0.09882087630394312,2.6410706277858753e-11,0.07324477724935105,35.96969696969697,17.21212121212121,2122.3939393939395,0.22819921212265565,0.12364588389160262,0.09182791435042188,,,,,,,,,,,
1.0,1.0,1.0,1.0,0.0019441000040387735,wine_0_vs_2,hybrid_standard_full_balanced_logreg,hybrid_standard_full_balanced,logreg,0,4,4,16,2.0,1.1,True,full_balanced,standard,80,,,,,,,8.454117200002656,,,,,,,,,,,,,,,,0.5454545454545454,0.48484848484848486,0.24242424242424243,0.09919044467181418,2.6410706277858753e-11,35.96969696969697,30.454545454545453,0.0630146484847611,0.12364588389160262,0.00400480607375267,"{""residual+conditioning+solver_failure"": 15, ""none"": 17, ""conditioning"": 1}"
1.0,1.0,1.0,1.0,0.0009825000015553087,wine_0_vs_2,hybrid_standard_full_balanced_svm_rbf,hybrid_standard_full_balanced,svm_rbf,0,4,4,16,2.0,1.1,True,full_balanced,standard,80,,,,,,,8.454117200002656,,,,,,,,,,,,,,,,0.5454545454545454,0.48484848484848486,0.24242424242424243,0.09919044467181418,2.6410706277858753e-11,35.96969696969697,30.454545454545453,0.0630146484847611,0.12364588389160262,0.00400480607375267,"{""residual+conditioning+solver_failure"": 15, ""none"": 17, ""conditioning"": 1}"
1.0,1.0,1.0,1.0,28.664548500004457,wine_0_vs_2,hybrid_standard_full_balanced_qnn,hybrid_standard_full_balanced,qnn,0,4,4,16,2.0,1.1,True,full_balanced,standard,80,,,,,,,8.454117200002656,,,,,,,,,,,,,,,,0.5454545454545454,0.48484848484848486,0.24242424242424243,0.09919044467181418,2.6410706277858753e-11,35.96969696969697,30.454545454545453,0.0630146484847611,0.12364588389160262,0.00400480607375267,"{""residual+conditioning+solver_failure"": 15, ""none"": 17, ""conditioning"": 1}"
1.0,1.0,1.0,1.0,0.0014767999964533374,wine_0_vs_2,hybrid_aggressive_full_balanced_logreg,hybrid_aggressive_full_balanced,logreg,0,4,4,16,2.0,1.1,True,full_balanced,aggressive,80,,,,,,,14.23050800000783,,,,,,,,,,,,,,,,0.5454545454545454,0.6666666666666666,0.42424242424242425,0.09918217979669028,2.6410706277858753e-11,35.96969696969697,26.151515151515152,0.13151563030436536,0.12364588389160262,0.05099338442455219,"{""residual+conditioning+solver_failure"": 15, ""none"": 11, ""conditioning"": 7}"
1.0,1.0,1.0,1.0,0.0009432999941054732,wine_0_vs_2,hybrid_aggressive_full_balanced_svm_rbf,hybrid_aggressive_full_balanced,svm_rbf,0,4,4,16,2.0,1.1,True,full_balanced,aggressive,80,,,,,,,14.23050800000783,,,,,,,,,,,,,,,,0.5454545454545454,0.6666666666666666,0.42424242424242425,0.09918217979669028,2.6410706277858753e-11,35.96969696969697,26.151515151515152,0.13151563030436536,0.12364588389160262,0.05099338442455219,"{""residual+conditioning+solver_failure"": 15, ""none"": 11, ""conditioning"": 7}"
0.9696969696969697,0.9666666666666667,0.9655172413793104,1.0,31.191808999996283,wine_0_vs_2,hybrid_aggressive_full_balanced_qnn,hybrid_aggressive_full_balanced,qnn,0,4,4,16,2.0,1.1,True,full_balanced,aggressive,80,,,,,,,14.23050800000783,,,,,,,,,,,,,,,,0.5454545454545454,0.6666666666666666,0.42424242424242425,0.09918217979669028,2.6410706277858753e-11,35.96969696969697,26.151515151515152,0.13151563030436536,0.12364588389160262,0.05099338442455219,"{""residual+conditioning+solver_failure"": 15, ""none"": 11, ""conditioning"": 7}"
1.0,1.0,1.0,1.0,0.0019413000118220225,wine_0_vs_2,hybrid_always_trigger_full_balanced_logreg,hybrid_always_trigger_full_balanced,logreg,0,4,4,16,2.0,1.1,True,full_balanced,always_trigger,80,,,,,,,22.68762969999807,,,,,,,,,,,,,,,,0.5454545454545454,1.0,0.696969696969697,0.09918299727468038,4.6142579096252075e-12,35.96969696969697,21.575757575757574,0.24087254848431752,0.12364588389160262,0.09998953307266227,"{""residual+conditioning+solver_failure"": 15, ""residual+conditioning"": 18}"
1.0,1.0,1.0,1.0,0.000934600000618957,wine_0_vs_2,hybrid_always_trigger_full_balanced_svm_rbf,hybrid_always_trigger_full_balanced,svm_rbf,0,4,4,16,2.0,1.1,True,full_balanced,always_trigger,80,,,,,,,22.68762969999807,,,,,,,,,,,,,,,,0.5454545454545454,1.0,0.696969696969697,0.09918299727468038,4.6142579096252075e-12,35.96969696969697,21.575757575757574,0.24087254848431752,0.12364588389160262,0.09998953307266227,"{""residual+conditioning+solver_failure"": 15, ""residual+conditioning"": 18}"
1.0,1.0,1.0,1.0,29.32453229998646,wine_0_vs_2,hybrid_always_trigger_full_balanced_qnn,hybrid_always_trigger_full_balanced,qnn,0,4,4,16,2.0,1.1,True,full_balanced,always_trigger,80,,,,,,,22.68762969999807,,,,,,,,,,,,,,,,0.5454545454545454,1.0,0.696969696969697,0.09918299727468038,4.6142579096252075e-12,35.96969696969697,21.575757575757574,0.24087254848431752,0.12364588389160262,0.09998953307266227,"{""residual+conditioning+solver_failure"": 15, ""residual+conditioning"": 18}"
1.0,1.0,1.0,1.0,0.0019514999876264483,wine_0_vs_2,hybrid_qnn_lenient_full_balanced_logreg,hybrid_qnn_lenient_full_balanced,logreg,0,4,4,16,2.0,1.1,True,full_balanced,qnn_lenient,80,,,,,,,22.990847799999756,,,,,,,,,,,,,,,,0.5454545454545454,1.0,0.696969696969697,0.09918299727468038,4.6142579096252075e-12,35.96969696969697,21.575757575757574,0.2455615757609132,0.12364588389160262,0.09998953307266227,"{""residual+conditioning+solver_failure"": 15, ""residual+conditioning"": 18}"
1.0,1.0,1.0,1.0,0.0009312999900430441,wine_0_vs_2,hybrid_qnn_lenient_full_balanced_svm_rbf,hybrid_qnn_lenient_full_balanced,svm_rbf,0,4,4,16,2.0,1.1,True,full_balanced,qnn_lenient,80,,,,,,,22.990847799999756,,,,,,,,,,,,,,,,0.5454545454545454,1.0,0.696969696969697,0.09918299727468038,4.6142579096252075e-12,35.96969696969697,21.575757575757574,0.2455615757609132,0.12364588389160262,0.09998953307266227,"{""residual+conditioning+solver_failure"": 15, ""residual+conditioning"": 18}"
1.0,1.0,1.0,1.0,29.24060879999888,wine_0_vs_2,hybrid_qnn_lenient_full_balanced_qnn,hybrid_qnn_lenient_full_balanced,qnn,0,4,4,16,2.0,1.1,True,full_balanced,qnn_lenient,80,,,,,,,22.990847799999756,,,,,,,,,,,,,,,,0.5454545454545454,1.0,0.696969696969697,0.09918299727468038,4.6142579096252075e-12,35.96969696969697,21.575757575757574,0.2455615757609132,0.12364588389160262,0.09998953307266227,"{""residual+conditioning+solver_failure"": 15, ""residual+conditioning"": 18}"
1.0,1.0,1.0,1.0,0.0019395999988773838,wine_0_vs_2,forced_qnn_oriented_logreg,forced_qnn_oriented,logreg,0,4,4,16,2.0,1.1,True,qnn_oriented,standard,80,,,,,,,31.679945800002315,0.5454545454545454,0.9393939393939394,0.5454545454545454,0.48484848484848486,0.09966671843696859,0.116666268640548,0.09874088361011896,2.6410706277858753e-11,0.058229383764729116,35.96969696969697,15.303030303030303,2571.6060606060605,0.33686213939411874,0.12364588389160262,0.09908670425056902,,,,,,,,,,,
1.0,1.0,1.0,1.0,0.0009335999930044636,wine_0_vs_2,forced_qnn_oriented_svm_rbf,forced_qnn_oriented,svm_rbf,0,4,4,16,2.0,1.1,True,qnn_oriented,standard,80,,,,,,,31.679945800002315,0.5454545454545454,0.9393939393939394,0.5454545454545454,0.48484848484848486,0.09966671843696859,0.116666268640548,0.09874088361011896,2.6410706277858753e-11,0.058229383764729116,35.96969696969697,15.303030303030303,2571.6060606060605,0.33686213939411874,0.12364588389160262,0.09908670425056902,,,,,,,,,,,
1.0,1.0,1.0,1.0,30.018092099999194,wine_0_vs_2,forced_qnn_oriented_qnn,forced_qnn_oriented,qnn,0,4,4,16,2.0,1.1,True,qnn_oriented,standard,80,,,,,,,31.679945800002315,0.5454545454545454,0.9393939393939394,0.5454545454545454,0.48484848484848486,0.09966671843696859,0.116666268640548,0.09874088361011896,2.6410706277858753e-11,0.058229383764729116,35.96969696969697,15.303030303030303,2571.6060606060605,0.33686213939411874,0.12364588389160262,0.09908670425056902,,,,,,,,,,,
1.0,1.0,1.0,1.0,0.0014878000074531883,wine_0_vs_2,hybrid_standard_qnn_oriented_logreg,hybrid_standard_qnn_oriented,logreg,0,4,4,16,2.0,1.1,True,qnn_oriented,standard,80,,,,,,,11.257033300003968,,,,,,,,,,,,,,,,0.5454545454545454,0.48484848484848486,0.21212121212121213,0.09913045267057043,2.6410706277858753e-11,35.96969696969697,30.363636363636363,0.07933178484822609,0.12364588389160262,0.0021011635430433486,"{""residual+conditioning+solver_failure"": 15, ""none"": 17, ""conditioning"": 1}"
1.0,1.0,1.0,1.0,0.0009694000036688522,wine_0_vs_2,hybrid_standard_qnn_oriented_svm_rbf,hybrid_standard_qnn_oriented,svm_rbf,0,4,4,16,2.0,1.1,True,qnn_oriented,standard,80,,,,,,,11.257033300003968,,,,,,,,,,,,,,,,0.5454545454545454,0.48484848484848486,0.21212121212121213,0.09913045267057043,2.6410706277858753e-11,35.96969696969697,30.363636363636363,0.07933178484822609,0.12364588389160262,0.0021011635430433486,"{""residual+conditioning+solver_failure"": 15, ""none"": 17, ""conditioning"": 1}"
1.0,1.0,1.0,1.0,29.92573460000858,wine_0_vs_2,hybrid_standard_qnn_oriented_qnn,hybrid_standard_qnn_oriented,qnn,0,4,4,16,2.0,1.1,True,qnn_oriented,standard,80,,,,,,,11.257033300003968,,,,,,,,,,,,,,,,0.5454545454545454,0.48484848484848486,0.21212121212121213,0.09913045267057043,2.6410706277858753e-11,35.96969696969697,30.363636363636363,0.07933178484822609,0.12364588389160262,0.0021011635430433486,"{""residual+conditioning+solver_failure"": 15, ""none"": 17, ""conditioning"": 1}"
1.0,1.0,1.0,1.0,0.0017551000055391341,wine_0_vs_2,hybrid_aggressive_qnn_oriented_logreg,hybrid_aggressive_qnn_oriented,logreg,0,4,4,16,2.0,1.1,True,qnn_oriented,aggressive,80,,,,,,,19.290230099999462,,,,,,,,,,,,,,,,0.5454545454545454,0.6666666666666666,0.3939393939393939,0.0991299063572802,2.6410706277858753e-11,35.96969696969697,26.393939393939394,0.1802090575744814,0.12364588389160262,0.049839242166327895,"{""residual+conditioning+solver_failure"": 15, ""none"": 11, ""conditioning"": 7}"
1.0,1.0,1.0,1.0,0.0010011000122176483,wine_0_vs_2,hybrid_aggressive_qnn_oriented_svm_rbf,hybrid_aggressive_qnn_oriented,svm_rbf,0,4,4,16,2.0,1.1,True,qnn_oriented,aggressive,80,,,,,,,19.290230099999462,,,,,,,,,,,,,,,,0.5454545454545454,0.6666666666666666,0.3939393939393939,0.0991299063572802,2.6410706277858753e-11,35.96969696969697,26.393939393939394,0.1802090575744814,0.12364588389160262,0.049839242166327895,"{""residual+conditioning+solver_failure"": 15, ""none"": 11, ""conditioning"": 7}"
0.9696969696969697,0.9666666666666667,0.9655172413793104,1.0,29.865611800007173,wine_0_vs_2,hybrid_aggressive_qnn_oriented_qnn,hybrid_aggressive_qnn_oriented,qnn,0,4,4,16,2.0,1.1,True,qnn_oriented,aggressive,80,,,,,,,19.290230099999462,,,,,,,,,,,,,,,,0.5454545454545454,0.6666666666666666,0.3939393939393939,0.0991299063572802,2.6410706277858753e-11,35.96969696969697,26.393939393939394,0.1802090575744814,0.12364588389160262,0.049839242166327895,"{""residual+conditioning+solver_failure"": 15, ""none"": 11, ""conditioning"": 7}"
1.0,1.0,1.0,1.0,0.001415499995346181,wine_0_vs_2,hybrid_always_trigger_qnn_oriented_logreg,hybrid_always_trigger_qnn_oriented,logreg,0,4,4,16,2.0,1.1,True,qnn_oriented,always_trigger,80,,,,,,,31.035004899997148,,,,,,,,,,,,,,,,0.5454545454545454,1.0,0.6666666666666666,0.09913037602842467,4.6142579096252075e-12,35.96969696969697,21.484848484848484,0.33128324848472734,0.12364588389160262,0.09906533495907145,"{""residual+conditioning+solver_failure"": 15, ""residual+conditioning"": 18}"
1.0,1.0,1.0,1.0,0.0009367000020574778,wine_0_vs_2,hybrid_always_trigger_qnn_oriented_svm_rbf,hybrid_always_trigger_qnn_oriented,svm_rbf,0,4,4,16,2.0,1.1,True,qnn_oriented,always_trigger,80,,,,,,,31.035004899997148,,,,,,,,,,,,,,,,0.5454545454545454,1.0,0.6666666666666666,0.09913037602842467,4.6142579096252075e-12,35.96969696969697,21.484848484848484,0.33128324848472734,0.12364588389160262,0.09906533495907145,"{""residual+conditioning+solver_failure"": 15, ""residual+conditioning"": 18}"
1.0,1.0,1.0,1.0,31.216983300007996,wine_0_vs_2,hybrid_always_trigger_qnn_oriented_qnn,hybrid_always_trigger_qnn_oriented,qnn,0,4,4,16,2.0,1.1,True,qnn_oriented,always_trigger,80,,,,,,,31.035004899997148,,,,,,,,,,,,,,,,0.5454545454545454,1.0,0.6666666666666666,0.09913037602842467,4.6142579096252075e-12,35.96969696969697,21.484848484848484,0.33128324848472734,0.12364588389160262,0.09906533495907145,"{""residual+conditioning+solver_failure"": 15, ""residual+conditioning"": 18}"
1.0,1.0,1.0,1.0,0.001517900003818795,wine_0_vs_2,hybrid_qnn_lenient_qnn_oriented_logreg,hybrid_qnn_lenient_qnn_oriented,logreg,0,4,4,16,2.0,1.1,True,qnn_oriented,qnn_lenient,80,,,,,,,30.849216299990076,,,,,,,,,,,,,,,,0.5454545454545454,1.0,0.6666666666666666,0.09913037602842467,4.6142579096252075e-12,35.96969696969697,21.484848484848484,0.3310086333349869,0.12364588389160262,0.09906533495907145,"{""residual+conditioning+solver_failure"": 15, ""residual+conditioning"": 18}"
1.0,1.0,1.0,1.0,0.0009299999946961179,wine_0_vs_2,hybrid_qnn_lenient_qnn_oriented_svm_rbf,hybrid_qnn_lenient_qnn_oriented,svm_rbf,0,4,4,16,2.0,1.1,True,qnn_oriented,qnn_lenient,80,,,,,,,30.849216299990076,,,,,,,,,,,,,,,,0.5454545454545454,1.0,0.6666666666666666,0.09913037602842467,4.6142579096252075e-12,35.96969696969697,21.484848484848484,0.3310086333349869,0.12364588389160262,0.09906533495907145,"{""residual+conditioning+solver_failure"": 15, ""residual+conditioning"": 18}"
1.0,1.0,1.0,1.0,29.040188800005126,wine_0_vs_2,hybrid_qnn_lenient_qnn_oriented_qnn,hybrid_qnn_lenient_qnn_oriented,qnn,0,4,4,16,2.0,1.1,True,qnn_oriented,qnn_lenient,80,,,,,,,30.849216299990076,,,,,,,,,,,,,,,,0.5454545454545454,1.0,0.6666666666666666,0.09913037602842467,4.6142579096252075e-12,35.96969696969697,21.484848484848484,0.3310086333349869,0.12364588389160262,0.09906533495907145,"{""residual+conditioning+solver_failure"": 15, ""residual+conditioning"": 18}"
0.9696969696969697,0.9666666666666667,0.9655172413793104,1.0,0.00204309998662211,wine_0_vs_2,forced_qnn_exploratory_logreg,forced_qnn_exploratory,logreg,0,4,4,16,2.0,1.1,True,qnn_exploratory,standard,80,,,,,,,35.546921499990276,0.5454545454545454,0.9393939393939394,0.5454545454545454,0.48484848484848486,0.09966671843696859,0.11661850985008053,0.09870399803162984,2.6410706277858753e-11,0.05824281507442307,35.96969696969697,14.909090909090908,2467.030303030303,0.3684684727279201,0.12364588389160262,0.09939897527524387,,,,,,,,,,,
1.0,1.0,1.0,1.0,0.0009748000011313707,wine_0_vs_2,forced_qnn_exploratory_svm_rbf,forced_qnn_exploratory,svm_rbf,0,4,4,16,2.0,1.1,True,qnn_exploratory,standard,80,,,,,,,35.546921499990276,0.5454545454545454,0.9393939393939394,0.5454545454545454,0.48484848484848486,0.09966671843696859,0.11661850985008053,0.09870399803162984,2.6410706277858753e-11,0.05824281507442307,35.96969696969697,14.909090909090908,2467.030303030303,0.3684684727279201,0.12364588389160262,0.09939897527524387,,,,,,,,,,,
1.0,1.0,1.0,1.0,29.515622399994754,wine_0_vs_2,forced_qnn_exploratory_qnn,forced_qnn_exploratory,qnn,0,4,4,16,2.0,1.1,True,qnn_exploratory,standard,80,,,,,,,35.546921499990276,0.5454545454545454,0.9393939393939394,0.5454545454545454,0.48484848484848486,0.09966671843696859,0.11661850985008053,0.09870399803162984,2.6410706277858753e-11,0.05824281507442307,35.96969696969697,14.909090909090908,2467.030303030303,0.3684684727279201,0.12364588389160262,0.09939897527524387,,,,,,,,,,,
0.9696969696969697,0.9666666666666667,0.9655172413793104,1.0,0.0019600999949034303,wine_0_vs_2,hybrid_standard_qnn_exploratory_logreg,hybrid_standard_qnn_exploratory,logreg,0,4,4,16,2.0,1.1,True,qnn_exploratory,standard,80,,,,,,,13.016448900001706,,,,,,,,,,,,,,,,0.5454545454545454,0.48484848484848486,0.30303030303030304,0.09904633310260288,2.6410706277858753e-11,35.96969696969697,27.424242424242426,0.0893662242420815,0.12364588389160262,0.0031302426374123704,"{""residual+conditioning+solver_failure"": 15, ""none"": 17, ""conditioning"": 1}"
1.0,1.0,1.0,1.0,0.0009579999896232039,wine_0_vs_2,hybrid_standard_qnn_exploratory_svm_rbf,hybrid_standard_qnn_exploratory,svm_rbf,0,4,4,16,2.0,1.1,True,qnn_exploratory,standard,80,,,,,,,13.016448900001706,,,,,,,,,,,,,,,,0.5454545454545454,0.48484848484848486,0.30303030303030304,0.09904633310260288,2.6410706277858753e-11,35.96969696969697,27.424242424242426,0.0893662242420815,0.12364588389160262,0.0031302426374123704,"{""residual+conditioning+solver_failure"": 15, ""none"": 17, ""conditioning"": 1}"
1.0,1.0,1.0,1.0,29.100135300002876,wine_0_vs_2,hybrid_standard_qnn_exploratory_qnn,hybrid_standard_qnn_exploratory,qnn,0,4,4,16,2.0,1.1,True,qnn_exploratory,standard,80,,,,,,,13.016448900001706,,,,,,,,,,,,,,,,0.5454545454545454,0.48484848484848486,0.30303030303030304,0.09904633310260288,2.6410706277858753e-11,35.96969696969697,27.424242424242426,0.0893662242420815,0.12364588389160262,0.0031302426374123704,"{""residual+conditioning+solver_failure"": 15, ""none"": 17, ""conditioning"": 1}"
0.9696969696969697,0.9666666666666667,0.9655172413793104,1.0,0.001872599998023361,wine_0_vs_2,hybrid_aggressive_qnn_exploratory_logreg,hybrid_aggressive_qnn_exploratory,logreg,0,4,4,16,2.0,1.1,True,qnn_exploratory,aggressive,80,,,,,,,22.216751300002215,,,,,,,,,,,,,,,,0.5454545454545454,0.6666666666666666,0.45454545454545453,0.0991596812147868,2.6410706277858753e-11,35.96969696969697,25.21212121212121,0.19984938484919962,0.12364588389160262,0.05050578349857355,"{""residual+conditioning+solver_failure"": 15, ""none"": 11, ""conditioning"": 7}"
1.0,1.0,1.0,1.0,0.0010029999975813553,wine_0_vs_2,hybrid_aggressive_qnn_exploratory_svm_rbf,hybrid_aggressive_qnn_exploratory,svm_rbf,0,4,4,16,2.0,1.1,True,qnn_exploratory,aggressive,80,,,,,,,22.216751300002215,,,,,,,,,,,,,,,,0.5454545454545454,0.6666666666666666,0.45454545454545453,0.0991596812147868,2.6410706277858753e-11,35.96969696969697,25.21212121212121,0.19984938484919962,0.12364588389160262,0.05050578349857355,"{""residual+conditioning+solver_failure"": 15, ""none"": 11, ""conditioning"": 7}"
0.9393939393939394,0.9388888888888889,0.9333333333333333,0.9888888888888889,29.783202800012077,wine_0_vs_2,hybrid_aggressive_qnn_exploratory_qnn,hybrid_aggressive_qnn_exploratory,qnn,0,4,4,16,2.0,1.1,True,qnn_exploratory,aggressive,80,,,,,,,22.216751300002215,,,,,,,,,,,,,,,,0.5454545454545454,0.6666666666666666,0.45454545454545453,0.0991596812147868,2.6410706277858753e-11,35.96969696969697,25.21212121212121,0.19984938484919962,0.12364588389160262,0.05050578349857355,"{""residual+conditioning+solver_failure"": 15, ""none"": 11, ""conditioning"": 7}"
1.0,1.0,1.0,1.0,0.0020650000078603625,wine_0_vs_2,hybrid_always_trigger_qnn_exploratory_logreg,hybrid_always_trigger_qnn_exploratory,logreg,0,4,4,16,2.0,1.1,True,qnn_exploratory,always_trigger,80,,,,,,,35.46158329999889,,,,,,,,,,,,,,,,0.5454545454545454,1.0,0.696969696969697,0.09909406942844359,4.6142579096252075e-12,35.96969696969697,19.96969696969697,0.3737535242416374,0.12364588389160262,0.09916333179659309,"{""residual+conditioning+solver_failure"": 15, ""residual+conditioning"": 18}"
1.0,1.0,1.0,1.0,0.0009260000078938901,wine_0_vs_2,hybrid_always_trigger_qnn_exploratory_svm_rbf,hybrid_always_trigger_qnn_exploratory,svm_rbf,0,4,4,16,2.0,1.1,True,qnn_exploratory,always_trigger,80,,,,,,,35.46158329999889,,,,,,,,,,,,,,,,0.5454545454545454,1.0,0.696969696969697,0.09909406942844359,4.6142579096252075e-12,35.96969696969697,19.96969696969697,0.3737535242416374,0.12364588389160262,0.09916333179659309,"{""residual+conditioning+solver_failure"": 15, ""residual+conditioning"": 18}"
1.0,1.0,1.0,1.0,30.035274499998195,wine_0_vs_2,hybrid_always_trigger_qnn_exploratory_qnn,hybrid_always_trigger_qnn_exploratory,qnn,0,4,4,16,2.0,1.1,True,qnn_exploratory,always_trigger,80,,,,,,,35.46158329999889,,,,,,,,,,,,,,,,0.5454545454545454,1.0,0.696969696969697,0.09909406942844359,4.6142579096252075e-12,35.96969696969697,19.96969696969697,0.3737535242416374,0.12364588389160262,0.09916333179659309,"{""residual+conditioning+solver_failure"": 15, ""residual+conditioning"": 18}"
1.0,1.0,1.0,1.0,0.0017321000050287694,wine_0_vs_2,hybrid_qnn_lenient_qnn_exploratory_logreg,hybrid_qnn_lenient_qnn_exploratory,logreg,0,4,4,16,2.0,1.1,True,qnn_exploratory,qnn_lenient,80,,,,,,,35.03534909999871,,,,,,,,,,,,,,,,0.5454545454545454,1.0,0.696969696969697,0.09909406942844359,4.6142579096252075e-12,35.96969696969697,19.96969696969697,0.371652036364222,0.12364588389160262,0.09916333179659309,"{""residual+conditioning+solver_failure"": 15, ""residual+conditioning"": 18}"
1.0,1.0,1.0,1.0,0.000930599999264814,wine_0_vs_2,hybrid_qnn_lenient_qnn_exploratory_svm_rbf,hybrid_qnn_lenient_qnn_exploratory,svm_rbf,0,4,4,16,2.0,1.1,True,qnn_exploratory,qnn_lenient,80,,,,,,,35.03534909999871,,,,,,,,,,,,,,,,0.5454545454545454,1.0,0.696969696969697,0.09909406942844359,4.6142579096252075e-12,35.96969696969697,19.96969696969697,0.371652036364222,0.12364588389160262,0.09916333179659309,"{""residual+conditioning+solver_failure"": 15, ""residual+conditioning"": 18}"
1.0,1.0,1.0,1.0,29.62893960000656,wine_0_vs_2,hybrid_qnn_lenient_qnn_exploratory_qnn,hybrid_qnn_lenient_qnn_exploratory,qnn,0,4,4,16,2.0,1.1,True,qnn_exploratory,qnn_lenient,80,,,,,,,35.03534909999871,,,,,,,,,,,,,,,,0.5454545454545454,1.0,0.696969696969697,0.09909406942844359,4.6142579096252075e-12,35.96969696969697,19.96969696969697,0.371652036364222,0.12364588389160262,0.09916333179659309,"{""residual+conditioning+solver_failure"": 15, ""residual+conditioning"": 18}"
1.0,1.0,1.0,1.0,0.0017940999969141558,wine_0_vs_2,forced_no_detector_logreg,forced_no_detector,logreg,0,4,4,16,2.0,1.1,True,no_detector,standard,80,,,,,,,8.658415199999581,0.5454545454545454,0.8787878787878788,0.5454545454545454,0.45454545454545453,0.09966671843696859,0.12179426388514412,0.09884450754058574,2.6410706277858753e-11,0.07323979906697334,35.96969696969697,16.515151515151516,2172.3636363636365,0.08987182424320825,0.12364588389160262,0.09139109242113252,,,,,,,,,,,
1.0,1.0,1.0,1.0,0.0016071999998530373,wine_0_vs_2,forced_no_detector_svm_rbf,forced_no_detector,svm_rbf,0,4,4,16,2.0,1.1,True,no_detector,standard,80,,,,,,,8.658415199999581,0.5454545454545454,0.8787878787878788,0.5454545454545454,0.45454545454545453,0.09966671843696859,0.12179426388514412,0.09884450754058574,2.6410706277858753e-11,0.07323979906697334,35.96969696969697,16.515151515151516,2172.3636363636365,0.08987182424320825,0.12364588389160262,0.09139109242113252,,,,,,,,,,,
1.0,1.0,1.0,1.0,29.376277699993807,wine_0_vs_2,forced_no_detector_qnn,forced_no_detector,qnn,0,4,4,16,2.0,1.1,True,no_detector,standard,80,,,,,,,8.658415199999581,0.5454545454545454,0.8787878787878788,0.5454545454545454,0.45454545454545453,0.09966671843696859,0.12179426388514412,0.09884450754058574,2.6410706277858753e-11,0.07323979906697334,35.96969696969697,16.515151515151516,2172.3636363636365,0.08987182424320825,0.12364588389160262,0.09139109242113252,,,,,,,,,,,
1.0,1.0,1.0,1.0,0.001984200003789738,wine_0_vs_2,hybrid_standard_no_detector_logreg,hybrid_standard_no_detector,logreg,0,4,4,16,2.0,1.1,True,no_detector,standard,80,,,,,,,3.3330762999976287,,,,,,,,,,,,,,,,0.5454545454545454,0.48484848484848486,0.21212121212121213,0.09920658308816561,2.6410706277858753e-11,35.96969696969697,31.060606060606062,0.025134951514756365,0.12364588389160262,0.0033361005164431502,"{""residual+conditioning+solver_failure"": 15, ""none"": 17, ""conditioning"": 1}"
1.0,1.0,1.0,1.0,0.0009711999882711098,wine_0_vs_2,hybrid_standard_no_detector_svm_rbf,hybrid_standard_no_detector,svm_rbf,0,4,4,16,2.0,1.1,True,no_detector,standard,80,,,,,,,3.3330762999976287,,,,,,,,,,,,,,,,0.5454545454545454,0.48484848484848486,0.21212121212121213,0.09920658308816561,2.6410706277858753e-11,35.96969696969697,31.060606060606062,0.025134951514756365,0.12364588389160262,0.0033361005164431502,"{""residual+conditioning+solver_failure"": 15, ""none"": 17, ""conditioning"": 1}"
1.0,1.0,1.0,1.0,29.05390090000583,wine_0_vs_2,hybrid_standard_no_detector_qnn,hybrid_standard_no_detector,qnn,0,4,4,16,2.0,1.1,True,no_detector,standard,80,,,,,,,3.3330762999976287,,,,,,,,,,,,,,,,0.5454545454545454,0.48484848484848486,0.21212121212121213,0.09920658308816561,2.6410706277858753e-11,35.96969696969697,31.060606060606062,0.025134951514756365,0.12364588389160262,0.0033361005164431502,"{""residual+conditioning+solver_failure"": 15, ""none"": 17, ""conditioning"": 1}"
1.0,1.0,1.0,1.0,0.0015964999911375344,wine_0_vs_2,hybrid_aggressive_no_detector_logreg,hybrid_aggressive_no_detector,logreg,0,4,4,16,2.0,1.1,True,no_detector,aggressive,80,,,,,,,5.347997399992892,,,,,,,,,,,,,,,,0.5454545454545454,0.6666666666666666,0.3939393939393939,0.09920658308783745,2.6410706277858753e-11,35.96969696969697,26.727272727272727,0.05003231818299162,0.12364588389160262,0.050612425251118,"{""residual+conditioning+solver_failure"": 15, ""none"": 11, ""conditioning"": 7}"
1.0,1.0,1.0,1.0,0.0009307000000262633,wine_0_vs_2,hybrid_aggressive_no_detector_svm_rbf,hybrid_aggressive_no_detector,svm_rbf,0,4,4,16,2.0,1.1,True,no_detector,aggressive,80,,,,,,,5.347997399992892,,,,,,,,,,,,,,,,0.5454545454545454,0.6666666666666666,0.3939393939393939,0.09920658308783745,2.6410706277858753e-11,35.96969696969697,26.727272727272727,0.05003231818299162,0.12364588389160262,0.050612425251118,"{""residual+conditioning+solver_failure"": 15, ""none"": 11, ""conditioning"": 7}"
0.9696969696969697,0.9666666666666667,0.9655172413793104,0.9888888888888889,29.099340000000666,wine_0_vs_2,hybrid_aggressive_no_detector_qnn,hybrid_aggressive_no_detector,qnn,0,4,4,16,2.0,1.1,True,no_detector,aggressive,80,,,,,,,5.347997399992892,,,,,,,,,,,,,,,,0.5454545454545454,0.6666666666666666,0.3939393939393939,0.09920658308783745,2.6410706277858753e-11,35.96969696969697,26.727272727272727,0.05003231818299162,0.12364588389160262,0.050612425251118,"{""residual+conditioning+solver_failure"": 15, ""none"": 11, ""conditioning"": 7}"
1.0,1.0,1.0,1.0,0.0015440999995917082,wine_0_vs_2,hybrid_always_trigger_no_detector_logreg,hybrid_always_trigger_no_detector,logreg,0,4,4,16,2.0,1.1,True,no_detector,always_trigger,80,,,,,,,8.814715200001956,,,,,,,,,,,,,,,,0.5454545454545454,1.0,0.6363636363636364,0.099206583086516,2.6410706277858753e-11,35.96969696969697,22.696969696969695,0.09013323333144371,0.12364588389160262,0.09139109242113252,"{""residual+conditioning+solver_failure"": 15, ""residual+conditioning"": 18}"
1.0,1.0,1.0,1.0,0.0009199000051012263,wine_0_vs_2,hybrid_always_trigger_no_detector_svm_rbf,hybrid_always_trigger_no_detector,svm_rbf,0,4,4,16,2.0,1.1,True,no_detector,always_trigger,80,,,,,,,8.814715200001956,,,,,,,,,,,,,,,,0.5454545454545454,1.0,0.6363636363636364,0.099206583086516,2.6410706277858753e-11,35.96969696969697,22.696969696969695,0.09013323333144371,0.12364588389160262,0.09139109242113252,"{""residual+conditioning+solver_failure"": 15, ""residual+conditioning"": 18}"
1.0,1.0,1.0,1.0,28.981013999989955,wine_0_vs_2,hybrid_always_trigger_no_detector_qnn,hybrid_always_trigger_no_detector,qnn,0,4,4,16,2.0,1.1,True,no_detector,always_trigger,80,,,,,,,8.814715200001956,,,,,,,,,,,,,,,,0.5454545454545454,1.0,0.6363636363636364,0.099206583086516,2.6410706277858753e-11,35.96969696969697,22.696969696969695,0.09013323333144371,0.12364588389160262,0.09139109242113252,"{""residual+conditioning+solver_failure"": 15, ""residual+conditioning"": 18}"
1.0,1.0,1.0,1.0,0.0016864000062923878,wine_0_vs_2,hybrid_qnn_lenient_no_detector_logreg,hybrid_qnn_lenient_no_detector,logreg,0,4,4,16,2.0,1.1,True,no_detector,qnn_lenient,80,,,,,,,8.646632899995893,,,,,,,,,,,,,,,,0.5454545454545454,1.0,0.6363636363636364,0.099206583086516,2.6410706277858753e-11,35.96969696969697,22.696969696969695,0.08988096666959763,0.12364588389160262,0.09139109242113252,"{""residual+conditioning+solver_failure"": 15, ""residual+conditioning"": 18}"
1.0,1.0,1.0,1.0,0.0009216999897034839,wine_0_vs_2,hybrid_qnn_lenient_no_detector_svm_rbf,hybrid_qnn_lenient_no_detector,svm_rbf,0,4,4,16,2.0,1.1,True,no_detector,qnn_lenient,80,,,,,,,8.646632899995893,,,,,,,,,,,,,,,,0.5454545454545454,1.0,0.6363636363636364,0.099206583086516,2.6410706277858753e-11,35.96969696969697,22.696969696969695,0.08988096666959763,0.12364588389160262,0.09139109242113252,"{""residual+conditioning+solver_failure"": 15, ""residual+conditioning"": 18}"
1.0,1.0,1.0,1.0,29.692803900004947,wine_0_vs_2,hybrid_qnn_lenient_no_detector_qnn,hybrid_qnn_lenient_no_detector,qnn,0,4,4,16,2.0,1.1,True,no_detector,qnn_lenient,80,,,,,,,8.646632899995893,,,,,,,,,,,,,,,,0.5454545454545454,1.0,0.6363636363636364,0.099206583086516,2.6410706277858753e-11,35.96969696969697,22.696969696969695,0.08988096666959763,0.12364588389160262,0.09139109242113252,"{""residual+conditioning+solver_failure"": 15, ""residual+conditioning"": 18}"
0.9696969696969697,0.9666666666666667,0.9655172413793104,1.0,0.0018675000028451905,wine_0_vs_2,forced_residual_only_logreg,forced_residual_only,logreg,0,4,4,16,2.0,1.1,True,residual_only,standard,80,,,,,,,4.060443700000178,0.5757575757575758,0.9090909090909091,0.5454545454545454,0.48484848484848486,0.09966671843696859,0.11185902375997464,0.08905066727357425,2.6410706277858753e-11,0.05823096982502522,35.96969696969697,13.606060606060606,2252.7272727272725,0.04103145151616032,0.12364588389160262,0.1001879526134977,,,,,,,,,,,
1.0,1.0,1.0,1.0,0.0009636000031605363,wine_0_vs_2,forced_residual_only_svm_rbf,forced_residual_only,svm_rbf,0,4,4,16,2.0,1.1,True,residual_only,standard,80,,,,,,,4.060443700000178,0.5757575757575758,0.9090909090909091,0.5454545454545454,0.48484848484848486,0.09966671843696859,0.11185902375997464,0.08905066727357425,2.6410706277858753e-11,0.05823096982502522,35.96969696969697,13.606060606060606,2252.7272727272725,0.04103145151616032,0.12364588389160262,0.1001879526134977,,,,,,,,,,,
1.0,1.0,1.0,1.0,28.30274840000493,wine_0_vs_2,forced_residual_only_qnn,forced_residual_only,qnn,0,4,4,16,2.0,1.1,True,residual_only,standard,80,,,,,,,4.060443700000178,0.5757575757575758,0.9090909090909091,0.5454545454545454,0.48484848484848486,0.09966671843696859,0.11185902375997464,0.08905066727357425,2.6410706277858753e-11,0.05823096982502522,35.96969696969697,13.606060606060606,2252.7272727272725,0.04103145151616032,0.12364588389160262,0.1001879526134977,,,,,,,,,,,
0.9696969696969697,0.9666666666666667,0.9655172413793104,1.0,0.0016859000024851412,wine_0_vs_2,hybrid_standard_residual_only_logreg,hybrid_standard_residual_only,logreg,0,4,4,16,2.0,1.1,True,residual_only,standard,80,,,,,,,1.670769799995469,,,,,,,,,,,,,,,,0.5757575757575758,0.48484848484848486,0.30303030303030304,0.08936869597395043,1.06698716924251e-11,35.96969696969697,26.939393939393938,0.012635575758229772,0.12364588389160262,0.021701438286812785,"{""residual+conditioning+solver_failure"": 15, ""none"": 17, ""conditioning"": 1}"
1.0,1.0,1.0,1.0,0.0010002000053646043,wine_0_vs_2,hybrid_standard_residual_only_svm_rbf,hybrid_standard_residual_only,svm_rbf,0,4,4,16,2.0,1.1,True,residual_only,standard,80,,,,,,,1.670769799995469,,,,,,,,,,,,,,,,0.5757575757575758,0.48484848484848486,0.30303030303030304,0.08936869597395043,1.06698716924251e-11,35.96969696969697,26.939393939393938,0.012635575758229772,0.12364588389160262,0.021701438286812785,"{""residual+conditioning+solver_failure"": 15, ""none"": 17, ""conditioning"": 1}"
1.0,1.0,1.0,1.0,28.864327400006005,wine_0_vs_2,hybrid_standard_residual_only_qnn,hybrid_standard_residual_only,qnn,0,4,4,16,2.0,1.1,True,residual_only,standard,80,,,,,,,1.670769799995469,,,,,,,,,,,,,,,,0.5757575757575758,0.48484848484848486,0.30303030303030304,0.08936869597395043,1.06698716924251e-11,35.96969696969697,26.939393939393938,0.012635575758229772,0.12364588389160262,0.021701438286812785,"{""residual+conditioning+solver_failure"": 15, ""none"": 17, ""conditioning"": 1}"
0.9696969696969697,0.9666666666666667,0.9655172413793104,1.0,0.0015638000040780753,wine_0_vs_2,hybrid_aggressive_residual_only_logreg,hybrid_aggressive_residual_only,logreg,0,4,4,16,2.0,1.1,True,residual_only,aggressive,80,,,,,,,2.5886040999903344,,,,,,,,,,,,,,,,0.5757575757575758,0.6666666666666666,0.48484848484848486,0.08936869597362228,1.06698716924251e-11,35.96969696969697,22.606060606060606,0.02399446060537064,0.12364588389160262,0.06396903453865954,"{""residual+conditioning+solver_failure"": 15, ""none"": 11, ""conditioning"": 7}"
1.0,1.0,1.0,1.0,0.0009805000008782372,wine_0_vs_2,hybrid_aggressive_residual_only_svm_rbf,hybrid_aggressive_residual_only,svm_rbf,0,4,4,16,2.0,1.1,True,residual_only,aggressive,80,,,,,,,2.5886040999903344,,,,,,,,,,,,,,,,0.5757575757575758,0.6666666666666666,0.48484848484848486,0.08936869597362228,1.06698716924251e-11,35.96969696969697,22.606060606060606,0.02399446060537064,0.12364588389160262,0.06396903453865954,"{""residual+conditioning+solver_failure"": 15, ""none"": 11, ""conditioning"": 7}"
0.9696969696969697,0.9666666666666667,0.9655172413793104,0.9962962962962962,29.38364420000289,wine_0_vs_2,hybrid_aggressive_residual_only_qnn,hybrid_aggressive_residual_only,qnn,0,4,4,16,2.0,1.1,True,residual_only,aggressive,80,,,,,,,2.5886040999903344,,,,,,,,,,,,,,,,0.5757575757575758,0.6666666666666666,0.48484848484848486,0.08936869597362228,1.06698716924251e-11,35.96969696969697,22.606060606060606,0.02399446060537064,0.12364588389160262,0.06396903453865954,"{""residual+conditioning+solver_failure"": 15, ""none"": 11, ""conditioning"": 7}"
0.9696969696969697,0.9666666666666667,0.9655172413793104,1.0,0.0014682000037282705,wine_0_vs_2,hybrid_always_trigger_residual_only_logreg,hybrid_always_trigger_residual_only,logreg,0,4,4,16,2.0,1.1,True,residual_only,always_trigger,80,,,,,,,4.3497140999970725,,,,,,,,,,,,,,,,0.5757575757575758,1.0,0.7272727272727273,0.08936869597230084,4.6142579096252075e-12,35.96969696969697,19.272727272727273,0.04268596666886217,0.12364588389160262,0.1001879526134977,"{""residual+conditioning+solver_failure"": 15, ""residual+conditioning"": 18}"
1.0,1.0,1.0,1.0,0.0009726999996928498,wine_0_vs_2,hybrid_always_trigger_residual_only_svm_rbf,hybrid_always_trigger_residual_only,svm_rbf,0,4,4,16,2.0,1.1,True,residual_only,always_trigger,80,,,,,,,4.3497140999970725,,,,,,,,,,,,,,,,0.5757575757575758,1.0,0.7272727272727273,0.08936869597230084,4.6142579096252075e-12,35.96969696969697,19.272727272727273,0.04268596666886217,0.12364588389160262,0.1001879526134977,"{""residual+conditioning+solver_failure"": 15, ""residual+conditioning"": 18}"
1.0,1.0,1.0,1.0,29.90930379999918,wine_0_vs_2,hybrid_always_trigger_residual_only_qnn,hybrid_always_trigger_residual_only,qnn,0,4,4,16,2.0,1.1,True,residual_only,always_trigger,80,,,,,,,4.3497140999970725,,,,,,,,,,,,,,,,0.5757575757575758,1.0,0.7272727272727273,0.08936869597230084,4.6142579096252075e-12,35.96969696969697,19.272727272727273,0.04268596666886217,0.12364588389160262,0.1001879526134977,"{""residual+conditioning+solver_failure"": 15, ""residual+conditioning"": 18}"
0.9696969696969697,0.9666666666666667,0.9655172413793104,1.0,0.0016577000060351565,wine_0_vs_2,hybrid_qnn_lenient_residual_only_logreg,hybrid_qnn_lenient_residual_only,logreg,0,4,4,16,2.0,1.1,True,residual_only,qnn_lenient,80,,,,,,,4.078417299999273,,,,,,,,,,,,,,,,0.5757575757575758,1.0,0.7272727272727273,0.08936869597230084,4.6142579096252075e-12,35.96969696969697,19.272727272727273,0.040981142424932455,0.12364588389160262,0.1001879526134977,"{""residual+conditioning+solver_failure"": 15, ""residual+conditioning"": 18}"
1.0,1.0,1.0,1.0,0.0009792999917408451,wine_0_vs_2,hybrid_qnn_lenient_residual_only_svm_rbf,hybrid_qnn_lenient_residual_only,svm_rbf,0,4,4,16,2.0,1.1,True,residual_only,qnn_lenient,80,,,,,,,4.078417299999273,,,,,,,,,,,,,,,,0.5757575757575758,1.0,0.7272727272727273,0.08936869597230084,4.6142579096252075e-12,35.96969696969697,19.272727272727273,0.040981142424932455,0.12364588389160262,0.1001879526134977,"{""residual+conditioning+solver_failure"": 15, ""residual+conditioning"": 18}"
1.0,1.0,1.0,1.0,29.384705800010124,wine_0_vs_2,hybrid_qnn_lenient_residual_only_qnn,hybrid_qnn_lenient_residual_only,qnn,0,4,4,16,2.0,1.1,True,residual_only,qnn_lenient,80,,,,,,,4.078417299999273,,,,,,,,,,,,,,,,0.5757575757575758,1.0,0.7272727272727273,0.08936869597230084,4.6142579096252075e-12,35.96969696969697,19.272727272727273,0.040981142424932455,0.12364588389160262,0.1001879526134977,"{""residual+conditioning+solver_failure"": 15, ""residual+conditioning"": 18}"
